// auto-generated by tools/encode_voice.py — 音效钥匙扣素材索引
#pragma once
#include <stdint.h>

// 目录名(中文, UTF-8 嵌入, 供 UI 显示)
static const char *const VOICE_DIR_NAMES[] = {
    "jojo",
    "M\x43",
    "m\x65m\x65\xe7\x8c\xab",
    "\xe5\x88\x98\xe5\x8d\x8e\xe5\xbc\xba",
    "\xe5\x88\x98\xe6\xb5\xb7\xe6\x9f\xb1",
    "\xe5\x8d\xa1\xe4\xb8\x98\xe7\xb1\xb3\xe9\x9b\xaa\xe5\x84\xbf",
    "\xe5\x8d\xa2\xe9\x9f\xb3",
    "\xe5\x8d\xb0\xe5\xba\xa6\xe9\x98\xbf\xe4\xb8\x89",
    "\xe5\x90\x89\xe4\xbc\x8a\xe5\x8d\xa1\xe5\x93\x87",
    "\xe5\x93\x88\xe5\x9f\xba\xe7\xb1\xb3",
    "\xe5\xa5\xb6\xe9\xbe\x99",
    "\xe5\xae\x9d\xe5\xae\x9d\xe8\x82\x9a\xe8\x82\x9a\xe6\x89\x93\xe9\x9b\xb7",
    "\xe5\xb0\x8f\xe5\x9b\xa2\xe5\x9b\xa2",
    "\xe5\xb0\x8f\xe6\x98\x8e\xe5\x89\x91\xe9\xad\x94",
    "\xe5\xba\x93\xe9\x87\x8c",
    "\xe6\x88\x91\xe8\xa6\x81\xe9\xaa\x8c\xe7\x89\x8c\xe6\xb3\x95\xe5\x9b\xbd\xe8\xb5\x8c\xe7\xa5\x9e",
    "\xe6\x9f\x9a\xe5\xad\x90\xe5\x8e\xa8",
    "\xe7\x89\x9b\xe6\x9d\xa5",
    "\xe7\x8e\x8b\xe4\xb8\x96\xe5\x9d\x9a",
    "\xe7\xa7\x91\xe6\xaf\x94",
    "\xe7\xba\xb8\xe7\x89\x87\xe4\xba\xba\xe6\x8d\xb7\xe9\xa3\x8e",
    "\xe9\x87\x91\xe5\x9d\xb7\xe5\x9e\x83",
    "\xe9\xab\x98\xe6\x9d\xbe\xe7\x81\xaf",
    "\xe9\xb8\xa1\xe4\xb9\x90",
};

#define VOICE_DIR_COUNT 24

typedef struct { const char *path; const char *name; uint32_t opus_bytes; uint32_t samples; } voice_file_t;

// 每个目录: 文件表(路径/中文名/字节/采样)。类型只定义一次(见上)。
// --- dir00: jojo ---
static const voice_file_t VOICE_DIR_00_FILES[] = {
    { "\x64ir\x30\x30/\x63lip\x30\x30.opus", "\x41\x43T\x33", 6635u, 52480u },
    { "\x64ir\x30\x30/\x63lip\x30\x31.opus", "\xe4\xb8\x8d\xe4\xb8\x8d\xe4\xb8\x8d", 6334u, 50720u },
    { "\x64ir\x30\x30/\x63lip\x30\x32.opus", "\xe4\xb8\x96\xe7\x95\x8c", 3822u, 30560u },
    { "\x64ir\x30\x30/\x63lip\x30\x33.opus", "\xe4\xb8\x96\xe7\x95\x8c\xe5\x8d\xab\xe7\x94\x9f\xe5\xa4\xa7\xe4\xbc\x9a", 13506u, 136480u },
    { "\x64ir\x30\x30/\x63lip\x30\x34.opus", "\xe4\xb8\x9c\xe4\xba\xac\xe6\x89\x98\xe9\xa9\xac\xe9\x9b\xb7", 3680u, 29440u },
    { "\x64ir\x30\x30/\x63lip\x30\x35.opus", "\xe4\xbb\x80\xe6\x89\x8e\xe9\x98\xbf", 5873u, 46720u },
    { "\x64ir\x30\x30/\x63lip\x30\x36.opus", "\xe4\xbb\xa4\xe4\xba\xba\xe6\xb2\xae\xe4\xb8\xa7\xe7\x9a\x84\xe4\xb8\x80\xe5\xa4\xa9", 7598u, 84160u },
    { "\x64ir\x30\x30/\x63lip\x30\x37.opus", "\xe4\xbd\x8f\xe5\x8f\xa3", 2335u, 18400u },
    { "\x64ir\x30\x30/\x63lip\x30\x38.opus", "\xe4\xbd\xa0\xe6\x98\x8e\xe7\x99\xbd\xe5\x90\x97", 5752u, 58240u },
    { "\x64ir\x30\x30/\x63lip\x30\x39.opus", "\xe4\xbd\xa9\xe8\xa5\xbf", 5695u, 58240u },
    { "\x64ir\x30\x30/\x63lip\x31\x30.opus", "\xe5\x85\x86\xe4\xb8\xb0", 6437u, 66240u },
    { "\x64ir\x30\x30/\x63lip\x31\x31.opus", "\xe5\x86\x8d\xe8\xa7\x81", 3437u, 27680u },
    { "\x64ir\x30\x30/\x63lip\x31\x32.opus", "\xe5\x86\x8d\xe8\xa7\x81jojo", 3865u, 31680u },
    { "\x64ir\x30\x30/\x63lip\x31\x33.opus", "\xe5\x88\x86\xe8\xa7\xa3", 6010u, 48320u },
    { "\x64ir\x30\x30/\x63lip\x31\x34.opus", "\xe5\x89\xb2\xe7\xa4\xbc", 2164u, 19040u },
    { "\x64ir\x30\x30/\x63lip\x31\x35.opus", "\xe5\x8d\xa1\xe5\xb0\x94\xe6\x96\xaf\xe7\xac\x91", 4781u, 38080u },
    { "\x64ir\x30\x30/\x63lip\x31\x36.opus", "\xe5\x8e\x8b\xe8\xb7\xaf\xe6\x9c\xba", 4899u, 38560u },
    { "\x64ir\x30\x30/\x63lip\x31\x37.opus", "\xe5\x92\xac\xe6\x89\x8e\xe6\x9d\x9c\xe6\x96\xaf\xe6\x89\x98", 2600u, 20800u },
    { "\x64ir\x30\x30/\x63lip\x31\x38.opus", "\xe5\x93\xa6\xe4\xb8\x8d", 3550u, 28160u },
    { "\x64ir\x30\x30/\x63lip\x31\x39.opus", "\xe5\x93\xa6\xef\xbc\x8c\xe4\xb8\x8d\xe6\x97\xa7", 4925u, 38560u },
    { "\x64ir\x30\x30/\x63lip\x32\x30.opus", "\xe5\x98\xbf\xe5\xae\x9d\xe8\xb4\x9d", 2643u, 21280u },
    { "\x64ir\x30\x30/\x63lip\x32\x31.opus", "\xe5\x9b\x9e\xe9\x9f\xb3\x41\x43T\x33", 3525u, 27040u },
    { "\x64ir\x30\x30/\x63lip\x32\x32.opus", "\xe5\x9c\xb0\xe7\x8b\xb1\x32\xe4\xbd\xa0", 5724u, 45440u },
    { "\x64ir\x30\x30/\x63lip\x32\x33.opus", "\xe5\x9f\xba\xe6\x8b\x89\xe4\xb8\xbb\xe9\xa2\x98 \x31", 18438u, 186080u },
    { "\x64ir\x30\x30/\x63lip\x32\x34.opus", "\xe5\x9f\xba\xe6\x8b\x89\xe4\xb8\xbb\xe9\xa2\x98 \x32", 23836u, 242560u },
    { "\x64ir\x30\x30/\x63lip\x32\x35.opus", "\xe5\xa3\xae\xe7\x83\x88\xe6\x88\x90\xe4\xbb\x81", 4296u, 33440u },
    { "\x64ir\x30\x30/\x63lip\x32\x36.opus", "\xe5\xa4\x9a\xe6\x8b\x89\xe6\x8b\x89\xe6\x8b\x89", 3455u, 27680u },
    { "\x64ir\x30\x30/\x63lip\x32\x37.opus", "\xe5\xa4\xa7\xe9\x87\x8f", 2984u, 23680u },
    { "\x64ir\x30\x30/\x63lip\x32\x38.opus", "\xe5\xa4\xa9\xe5\xa0\x82\xe4\xb9\x8b\xe9\x97\xa8", 5020u, 40320u },
    { "\x64ir\x30\x30/\x63lip\x32\x39.opus", "\xe5\xb0\x8f\xe8\x84\x9a", 3897u, 30560u },
    { "\x64ir\x30\x30/\x63lip\x33\x30.opus", "\xe5\xb0\xbc\xe5\x9f\x83\xe6\x96\xaf", 3213u, 25920u },
    { "\x64ir\x30\x30/\x63lip\x33\x31.opus", "\xe5\xb0\xbc\xe6\xa0\xbc\xe4\xbc\xa6\xe8\xbe\xbe\xe7\xba\xa6", 4631u, 35680u },
    { "\x64ir\x30\x30/\x63lip\x33\x32.opus", "\xe5\xb1\xb1\xe6\xaf\x9b\xe6\xa6\x89", 3174u, 25280u },
    { "\x64ir\x30\x30/\x63lip\x33\x33.opus", "\xe5\xb8\x83\xe6\x8b\x89\xe5\x8d\xa1\xe8\x8e\xab\xe8\xaf\xba\xe5\x8a\xa0", 4500u, 34560u },
    { "\x64ir\x30\x30/\x63lip\x33\x34.opus", "\xe5\xb9\xb4\xe8\xbd\xbb\xe7\x9a\x84\xe5\xb9\xb4\xe8\xbd\xbb\xe8\xbf\xaa\xe5\xa5\xa5", 2082u, 15520u },
    { "\x64ir\x30\x30/\x63lip\x33\x35.opus", "\xe5\xbf\xa7\xe9\x83\x81\xe8\x93\x9d\xe8\xb0\x83", 7916u, 80640u },
    { "\x64ir\x30\x30/\x63lip\x33\x36.opus", "\xe5\xbf\xab\xe4\xb9\x90\xe7\x9a\x84\xe5\xb0\xa4\xe9\x9b\xb7\xe7\x9a\xae\xe7\xba\xa6\xe6\x8b\x89\xe7\x9a\xae\xe5\xba\x93\xe5\x86\x85", 4778u, 36800u },
    { "\x64ir\x30\x30/\x63lip\x33\x37.opus", "\xe6\x80\xa7\xe6\x84\x9f\xe6\x89\x8b\xe6\x9e\xaa", 7357u, 76000u },
    { "\x64ir\x30\x30/\x63lip\x33\x38.opus", "\xe6\x88\x91\xe5\xbe\x88\xe9\xa5\xa5\xe6\xb8\xb4", 5705u, 58240u },
    { "\x64ir\x30\x30/\x63lip\x33\x39.opus", "\xe6\x88\x91\xe6\x8b\x92\xe7\xbb\x9d", 5639u, 47840u },
    { "\x64ir\x30\x30/\x63lip\x34\x30.opus", "\xe6\x88\x91\xe6\x98\xaf", 5127u, 40320u },
    { "\x64ir\x30\x30/\x63lip\x34\x31.opus", "\xe6\x88\x91\xe6\x98\xaf\xe4\xb8\x80\xe4\xb8\xaa\xe4\xb8\x8d\xe6\x82\xb2\xe4\xbc\xa4\xe7\x9a\x84\xe4\xba\xba", 6741u, 52480u },
    { "\x64ir\x30\x30/\x63lip\x34\x32.opus", "\xe6\x88\x91\xe7\x9a\x84\xe5\xa4\xa9\xe5\x95\x8a", 6063u, 47200u },
    { "\x64ir\x30\x30/\x63lip\x34\x33.opus", "\xe6\x88\x92\xe6\x8c\x87", 9521u, 95040u },
    { "\x64ir\x30\x30/\x63lip\x34\x34.opus", "\xe6\x89\x8b\xe6\x95\x88\xe5\xba\x94", 3449u, 29440u },
    { "\x64ir\x30\x30/\x63lip\x34\x35.opus", "\xe6\x89\x98\xe6\xaf\x94\xe6\xac\xa7\xe5\x98\x9f\xe5\x98\x9f\xe5\x98\x9f", 16763u, 169280u },
    { "\x64ir\x30\x30/\x63lip\x34\x36.opus", "\xe6\x97\xa5\xe4\xb8\xbb\xe9\xa2\x98", 36654u, 372640u },
    { "\x64ir\x30\x30/\x63lip\x34\x37.opus", "\xe6\x97\xb6\xe9\x97\xb4\xe5\x81\x9c\xe6\xad\xa2", 4651u, 37440u },
    { "\x64ir\x30\x30/\x63lip\x34\x38.opus", "\xe6\x97\xb6\xe9\x97\xb4\xe5\x8f\x88\xe4\xbc\x9a\xe6\xb5\x81\xe5\x8a\xa8", 3635u, 28800u },
    { "\x64ir\x30\x30/\x63lip\x34\x39.opus", "\xe6\x98\x8e\xe6\x98\x9f\xe7\x99\xbd\xe9\x87\x91\xe4\xb8\x96\xe7\x95\x8c", 8417u, 89280u },
    { "\x64ir\x30\x30/\x63lip\x35\x30.opus", "\xe6\x98\xaf_\xe6\x98\xaf_\xe6\x98\xaf", 6543u, 68480u },
    { "\x64ir\x30\x30/\x63lip\x35\x31.opus", "\xe6\x98\xaf_\xe6\x98\xaf_\xe6\x98\xaf_\xe5\x93\xa6_\xe6\x88\x91\xe7\x9a\x84\xe4\xb8\x8a\xe5\xb8\x9d", 7263u, 74880u },
    { "\x64ir\x30\x30/\x63lip\x35\x32.opus", "\xe6\x9d\x80\xe6\x89\x8b\xe7\x9a\x87\xe5\x90\x8e", 3024u, 23680u },
    { "\x64ir\x30\x30/\x63lip\x35\x33.opus", "\xe6\xac\xa3\xe5\x8a\xa0\xe5\xba\x93\xe6\xac\xa3\xe5\x8a\xa0\xe5\xba\x93", 3712u, 28800u },
    { "\x64ir\x30\x30/\x63lip\x35\x34.opus", "\xe6\xad\xaa\xe6\xad\xaa\xe6\x89\xad\xe6\x89\xad", 3576u, 28800u },
    { "\x64ir\x30\x30/\x63lip\x35\x35.opus", "\xe6\xad\xbb\xe4\xba\xa1\xe7\x94\xb5\xe5\x8f\xb0", 6206u, 48320u },
    { "\x64ir\x30\x30/\x63lip\x35\x36.opus", "\xe6\xb2\xb3\xe9\x87\x8e\xe4\xb9\x94\xe9\xb2\x81\xe8\xaf\xba\xe4\xb9\x94\xe7\x93\xa6\xe5\xa8\x9c\xe4\xb8\xb9\xe7\xbe\xbd\xe6\xa2\xa6\xe6\x88\x91\xe9\x98\xbf\xe9\xb2\x81", 5129u, 40960u },
    { "\x64ir\x30\x30/\x63lip\x35\x37.opus", "\xe6\xb7\xb1\xe7\xba\xa2\xe4\xb9\x8b\xe7\x8e\x8b", 2475u, 19040u },
    { "\x64ir\x30\x30/\x63lip\x35\x38.opus", "\xe7\x8e\xb0\xe5\x9c\xa8\xe7\x8e\xb0\xe5\x9c\xa8\xe7\x8e\xb0\xe5\x9c\xa8", 3120u, 24800u },
    { "\x64ir\x30\x30/\x63lip\x35\x39.opus", "\xe7\x96\xaf\xe7\x8b\x82\xe9\x92\xbb\xe7\x9f\xb3", 4125u, 31680u },
    { "\x64ir\x30\x30/\x63lip\x36\x30.opus", "\xe7\x99\xbd\xe9\x87\x91\xe4\xb9\x8b\xe6\x98\x9f\xe4\xb8\x96\xe7\x95\x8c", 1875u, 15040u },
    { "\x64ir\x30\x30/\x63lip\x36\x31.opus", "\xe7\x9b\x96\xe5\xb0\x94\xe6\x89\x98\xc2\xb7\xe5\xbe\xb7\xe8\x8b\x8f\xe5\x93\x9f", 2788u, 21920u },
    { "\x64ir\x30\x30/\x63lip\x36\x32.opus", "\xe7\x9f\xa2\xe7\x94\xb0\xe8\x97\x8f", 5914u, 44960u },
    { "\x64ir\x30\x30/\x63lip\x36\x33.opus", "\xe7\xa7\x91\xe8\xaf\xba\xe6\x81\xb6\xe9\xad\x94\xe8\xbe\xbe", 2875u, 21920u },
    { "\x64ir\x30\x30/\x63lip\x36\x34.opus", "\xe7\xa7\x91\xe8\xaf\xba\xe8\xbf\xaa\xe5\xa5\xa5\xe5\x8a\xa0", 6507u, 50720u },
    { "\x64ir\x30\x30/\x63lip\x36\x35.opus", "\xe7\xa7\x91\xe8\xaf\xba\xe8\xbf\xaa\xe5\xa5\xa5\xe8\xbe\xbe", 2099u, 16640u },
    { "\x64ir\x30\x30/\x63lip\x36\x36.opus", "\xe7\xa7\x92\xe6\x95\xb0", 21984u, 224000u },
    { "\x64ir\x30\x30/\x63lip\x36\x37.opus", "\xe7\xa9\x86\xe8\xbe\xbe\xe7\xa9\x86\xe8\xbe\xbe\xe6\x97\xa5", 6886u, 54720u },
    { "\x64ir\x30\x30/\x63lip\x36\x38.opus", "\xe7\xac\xac\xe4\xb8\x89\xe7\x88\x86\xe5\xbc\xb9", 5168u, 41440u },
    { "\x64ir\x30\x30/\x63lip\x36\x39.opus", "\xe7\xb4\xab\xe7\x83\x9f", 3160u, 25920u },
    { "\x64ir\x30\x30/\x63lip\x37\x30.opus", "\xe7\xb4\xab\xe8\x89\xb2\xe9\x9a\x90\xe8\x80\x85", 3774u, 29920u },
    { "\x64ir\x30\x30/\x63lip\x37\x31.opus", "\xe7\xba\xa2\xe8\x89\xb2\xe9\xad\x94\xe6\x9c\xaf\xe5\xb8\x88", 3951u, 31680u },
    { "\x64ir\x30\x30/\x63lip\x37\x32.opus", "\xe7\xba\xa2\xe9\xbe\x99", 5471u, 42560u },
    { "\x64ir\x30\x30/\x63lip\x37\x33.opus", "\xe7\xbb\xa7\xe7\xbb\xad\xe5\x90\xa7\xef\xbc\x8c\xe4\xb9\x94\xe6\x96\xaf\xe5\xa1\x94\xe5\xb0\x94\xe5\x85\x88\xe7\x94\x9f", 5032u, 39200u },
    { "\x64ir\x30\x30/\x63lip\x37\x34.opus", "\xe7\xbb\xaf\xe7\xba\xa2\xe4\xb9\x8b\xe7\x8e\x8b", 5406u, 58240u },
    { "\x64ir\x30\x30/\x63lip\x37\x35.opus", "\xe7\xbb\xbf\xe8\x89\xb2\xe6\xb3\x95\xe7\x9a\x87", 2395u, 19040u },
    { "\x64ir\x30\x30/\x63lip\x37\x36.opus", "\xe7\xbe\x8e\xe6\xb4\xb2\xe8\x99\x8e", 6921u, 52960u },
    { "\x64ir\x30\x30/\x63lip\x37\x37.opus", "\xe7\xbf\xa1\xe7\xbf\xa0\xe9\xa3\x9e\xe6\xba\x85", 2796u, 22400u },
    { "\x64ir\x30\x30/\x63lip\x37\x38.opus", "\xe8\x80\x80\xe8\xa5\xbf", 17508u, 177920u },
    { "\x64ir\x30\x30/\x63lip\x37\x39.opus", "\xe8\x88\xaa\xe7\xa9\xba\xe5\x8f\xb2\xe5\xaf\x86\xe6\x96\xaf", 5255u, 55840u },
    { "\x64ir\x30\x30/\x63lip\x38\x30.opus", "\xe8\x8d\xaf\xe4\xb8\xb8\xe4\xba\xba", 8840u, 99680u },
    { "\x64ir\x30\x30/\x63lip\x38\x31.opus", "\xe8\xa1\x80\xe6\xb5\x81", 3720u, 29920u },
    { "\x64ir\x30\x30/\x63lip\x38\x32.opus", "\xe8\xae\xa9\xe6\x88\x91\xe4\xbb\xac\xe6\x9d\x80\xe4\xba\x86\xe5\xa4\xa7\xe9\x94\x84", 5363u, 42080u },
    { "\x64ir\x30\x30/\x63lip\x38\x33.opus", "\xe8\xaf\xad\xe8\xa8\x80\xe9\x9d\x9e\xe5\xb8\xb8\xe8\xaf\xad\xe8\xa8\x80", 3493u, 27680u },
    { "\x64ir\x30\x30/\x63lip\x38\x34.opus", "\xe8\xb4\xb5\xe5\xa6\x87\xe4\xba\xba", 5372u, 55360u },
    { "\x64ir\x30\x30/\x63lip\x38\x35.opus", "\xe8\xbe\xa3\xe5\xa6\xb9", 3829u, 31040u },
    { "\x64ir\x30\x30/\x63lip\x38\x36.opus", "\xe8\xbf\x99\xe6\x98\xaf\xe5\xae\x89\xe9\xad\x82\xe6\x9b\xb2", 4213u, 33920u },
    { "\x64ir\x30\x30/\x63lip\x38\x37.opus", "\xe8\xbf\x99\xe6\x98\xaf\xe6\x9c\x80\xe5\xa5\xbd\xe7\x9a\x84\xe9\xab\x98\xe7\x82\xb9", 6112u, 62240u },
    { "\x64ir\x30\x30/\x63lip\x38\x38.opus", "\xe8\xbf\xaa\xe5\xa5\xa5", 3778u, 30560u },
    { "\x64ir\x30\x30/\x63lip\x38\x39.opus", "\xe9\x80\x89\xe6\x8b\xa9\xe4\xbd\xa0\xe7\x9a\x84\xe5\xbd\x93\xe5\x89\x8d", 3084u, 24160u },
    { "\x64ir\x30\x30/\x63lip\x39\x30.opus", "\xe9\x87\x91\xe5\xb1\x9e\xe5\x88\xb6\xe5\x93\x81", 6062u, 48960u },
    { "\x64ir\x30\x30/\x63lip\x39\x31.opus", "\xe9\x92\xa2\xe9\x93\xbe\xe6\x89\x8b\xe6\x8c\x87", 6343u, 65120u },
    { "\x64ir\x30\x30/\x63lip\x39\x32.opus", "\xe9\x93\xb6\xe8\x89\xb2\xe6\x88\x98\xe8\xbd\xa6", 5680u, 45440u },
    { "\x64ir\x30\x30/\x63lip\x39\x33.opus", "\xe9\x95\x9c\xe4\xb8\xad\xe4\xba\xba", 4040u, 31680u },
    { "\x64ir\x30\x30/\x63lip\x39\x34.opus", "\xe9\x9b\xb7\xe7\xbd\x97\xe9\x9b\xb7\xe7\xbd\x97\xe5\x88\xa9\xe5\xa5\xa5", 3260u, 25920u },
    { "\x64ir\x30\x30/\x63lip\x39\x35.opus", "\xe9\x9d\x9e\xe5\xb8\xb8_\xe5\xb0\xbc\xe5\xba\x93", 5756u, 46080u },
    { "\x64ir\x30\x30/\x63lip\x39\x36.opus", "\xe9\xaa\x97\xe5\xad\x90\xe7\x9a\x84\xe5\x91\xb3\xe9\x81\x93", 11175u, 114560u },
    { "\x64ir\x30\x30/\x63lip\x39\x37.opus", "\xe9\xbb\x84\xe9\x87\x91\xe4\xbd\x93\xe9\xaa\x8c", 5742u, 59840u },
};
static const voice_file_t *const VOICE_DIR_00 = VOICE_DIR_00_FILES;
#define VOICE_DIR_00_COUNT (sizeof(VOICE_DIR_00_FILES)/sizeof(VOICE_DIR_00_FILES[0]))

// --- dir01: MC ---
static const voice_file_t VOICE_DIR_01_FILES[] = {
    { "\x64ir\x30\x31/\x63lip\x30\x30.opus", "(\xe6\x89\x93\xe5\x87\xbb\x31)", 742u, 8640u },
    { "\x64ir\x30\x31/\x63lip\x30\x31.opus", "(\xe6\x89\x93\xe5\x87\xbb\x32)", 832u, 8640u },
    { "\x64ir\x30\x31/\x63lip\x30\x32.opus", "(\xe6\x89\x93\xe5\x87\xbb\x33)", 724u, 8640u },
    { "\x64ir\x30\x31/\x63lip\x30\x33.opus", "(\xe6\xb7\x98\xe6\xb1\xb0)", 971u, 8640u },
    { "\x64ir\x30\x31/\x63lip\x30\x34.opus", "\xe5\x91\xb5(\xe7\x9f\xad\xe6\x9a\x82)", 886u, 8640u },
    { "\x64ir\x30\x31/\x63lip\x30\x35.opus", "\xe5\x93\x8e(\xe7\x94\x9f\xe6\xb0\x94)", 1269u, 11520u },
    { "\x64ir\x30\x31/\x63lip\x30\x36.opus", "\xe5\x93\xbc(\xe5\x90\x83\xe6\x83\x8a)", 1485u, 12640u },
    { "\x64ir\x30\x31/\x63lip\x30\x37.opus", "\xe5\x97\xaf(\xe6\x92\x92\xe5\xa8\x87)", 1099u, 9760u },
    { "\x64ir\x30\x31/\x63lip\x30\x38.opus", "\xe5\x97\xaf\xe5\x93\xbc", 1940u, 16160u },
    { "\x64ir\x30\x31/\x63lip\x30\x39.opus", "\xe8\xb1\x81(\xe6\x97\xa0\xe8\xaf\xad)", 1381u, 11520u },
    { "\x64ir\x30\x31/\x63lip\x31\x30.opus", "\xe8\xb4\xba(\xe5\xbc\x80\xe5\xbf\x83)", 1544u, 14400u },
    { "\x64ir\x30\x31/\x63lip\x31\x31.opus", "\xe8\xb4\xba(\xe6\x97\xa0\xe5\xa5\x88)", 1974u, 16640u },
    { "\x64ir\x30\x31/\x63lip\x31\x32.opus", "\xe9\xa2\x9d(\xe5\x91\x86\xe5\x91\x86)", 1110u, 11520u },
    { "\x64ir\x30\x31/\x63lip\x31\x33.opus", "\xef\xbc\x88\xe6\x89\x93\xe5\x87\xbb\x34)", 771u, 8640u },
};
static const voice_file_t *const VOICE_DIR_01 = VOICE_DIR_01_FILES;
#define VOICE_DIR_01_COUNT (sizeof(VOICE_DIR_01_FILES)/sizeof(VOICE_DIR_01_FILES[0]))

// --- dir02: meme猫 ---
static const voice_file_t VOICE_DIR_02_FILES[] = {
    { "\x64ir\x30\x32/\x63lip\x30\x30.opus", "\x43HIP\xe7\x8c\xab", 9545u, 97920u },
    { "\x64ir\x30\x32/\x63lip\x30\x31.opus", "H\x41PPY\xe7\x8c\xab", 10587u, 105920u },
    { "\x64ir\x30\x32/\x63lip\x30\x32.opus", "huh\xe7\x8c\xab", 952u, 8640u },
    { "\x64ir\x30\x32/\x63lip\x30\x33.opus", "oi\xe7\x8c\xab", 901u, 7520u },
    { "\x64ir\x30\x32/\x63lip\x30\x34.opus", "\xe5\x85\xab\xe6\xa0\xbc\xe7\x89\x99\xe8\xb7\xaf", 2935u, 22560u },
    { "\x64ir\x30\x32/\x63lip\x30\x35.opus", "\xe5\x90\x90\xe8\x88\x8c\xe7\xbe\x8a_\x31_\x31", 3764u, 29440u },
    { "\x64ir\x30\x32/\x63lip\x30\x36.opus", "\xe5\x90\x90\xe8\x88\x8c\xe7\xbe\x8a_\x31_\x32", 11017u, 112960u },
    { "\x64ir\x30\x32/\x63lip\x30\x37.opus", "\xe5\x92\x95\xe5\x92\x95\xe5\x98\x8e\xe5\x98\x8e", 2089u, 16640u },
    { "\x64ir\x30\x32/\x63lip\x30\x38.opus", "\xe5\x93\x87\xe5\x93\x87\xe7\x8c\xab", 7114u, 54720u },
    { "\x64ir\x30\x32/\x63lip\x30\x39.opus", "\xe5\x93\xad\xe6\xb3\xa3\xe7\x8c\xab", 5356u, 41440u },
    { "\x64ir\x30\x32/\x63lip\x31\x30.opus", "\xe5\x95\x8a\xe5\x96\x94\xe7\x8c\xab", 6454u, 66240u },
    { "\x64ir\x30\x32/\x63lip\x31\x31.opus", "\xe5\x95\x8a\xe5\x98\xbf\xe7\x8c\xab_\x31", 6477u, 71360u },
    { "\x64ir\x30\x32/\x63lip\x31\x32.opus", "\xe5\x9d\x8f\xe7\xac\x91\xe7\x8b\x97_\x31", 7055u, 75520u },
    { "\x64ir\x30\x32/\x63lip\x31\x33.opus", "\xe5\x9d\x8f\xe7\xac\x91\xe9\xbc\xa0", 5212u, 40960u },
    { "\x64ir\x30\x32/\x63lip\x31\x34.opus", "\xe5\xa4\x96\xe5\xa9\x86\xe7\x8c\xab_\x31", 2034u, 15520u },
    { "\x64ir\x30\x32/\x63lip\x31\x35.opus", "\xe5\xa4\xa7\xe5\x8f\xb8\xe9\xa9\xac\xe7\x8c\xab", 5514u, 56480u },
    { "\x64ir\x30\x32/\x63lip\x31\x36.opus", "\xe5\xa4\xa7\xe7\xac\x91\xe7\x8b\x97", 3950u, 31040u },
    { "\x64ir\x30\x32/\x63lip\x31\x37.opus", "\xe5\xa6\x88\xe5\xa6\x88\xe9\xbc\xa0", 4256u, 33440u },
    { "\x64ir\x30\x32/\x63lip\x31\x38.opus", "\xe5\xa6\xb2\xe5\xb7\xb1\xe7\x8c\xab", 5885u, 44960u },
    { "\x64ir\x30\x32/\x63lip\x31\x39.opus", "\xe5\xa7\x94\xe5\xb1\x88\xe7\x8c\xab", 1272u, 10400u },
    { "\x64ir\x30\x32/\x63lip\x32\x30.opus", "\xe5\xae\xb3\xe7\xbe\x9e\xe7\x8c\xab", 6512u, 50720u },
    { "\x64ir\x30\x32/\x63lip\x32\x31.opus", "\xe5\xb7\xb4\xe5\xb7\xb4\xe5\x8d\x9a\xe4\xb8\x80", 1898u, 15520u },
    { "\x64ir\x30\x32/\x63lip\x32\x32.opus", "\xe5\xb8\x8c\xe7\x89\xb9\xe5\x8b\x92\xe7\x8c\xab", 8054u, 81280u },
    { "\x64ir\x30\x32/\x63lip\x32\x33.opus", "\xe5\xbe\xb7\xe8\xaf\xad\xe7\x8c\xab", 5891u, 44960u },
    { "\x64ir\x30\x32/\x63lip\x32\x34.opus", "\xe6\x88\x91\xe7\x9a\x84\xe5\x88\x80\xe7\x9b\xbe", 2399u, 18400u },
    { "\x64ir\x30\x32/\x63lip\x32\x35.opus", "\xe6\x8b\x9b\xe5\x91\xbc\xe7\x8c\xab", 3354u, 31040u },
    { "\x64ir\x30\x32/\x63lip\x32\x36.opus", "\xe6\xad\xaa\xe6\xaf\x94\xe5\xb7\xb4\xe5\x8d\x9c", 2145u, 16320u },
    { "\x64ir\x30\x32/\x63lip\x32\x37.opus", "\xe6\xaf\x94\xe6\xaf\x94\xe6\x8b\x89\xe5\xb8\x83", 1843u, 14240u },
    { "\x64ir\x30\x32/\x63lip\x32\x38.opus", "\xe7\x89\xb9\xe8\xbe\xa3\xe6\xb5\xb7\xe8\x97\xbb", 7780u, 78880u },
    { "\x64ir\x30\x32/\x63lip\x32\x39.opus", "\xe7\x97\x9e\xe8\x80\x81\xe6\x9d\xbf_\x31", 6324u, 67360u },
    { "\x64ir\x30\x32/\x63lip\x33\x30.opus", "\xe7\x99\xab\xe7\xac\x91\xe7\x8c\xab", 6633u, 51200u },
    { "\x64ir\x30\x32/\x63lip\x33\x31.opus", "\xe7\x9e\x8c\xe7\x9d\xa1\xe7\x8c\xab", 5333u, 44320u },
    { "\x64ir\x30\x32/\x63lip\x33\x32.opus", "\xe7\xb4\xab\xe6\xbb\x8b\xe7\x8c\xab", 4936u, 39200u },
    { "\x64ir\x30\x32/\x63lip\x33\x33.opus", "\xe8\x80\x81\xe5\x90\xb4\xe7\x8c\xab_\x31_\x31", 6854u, 69760u },
    { "\x64ir\x30\x32/\x63lip\x33\x34.opus", "\xe8\xb4\xa8\xe9\x97\xae\xe7\x8c\xab", 5132u, 40320u },
    { "\x64ir\x30\x32/\x63lip\x33\x35.opus", "\xe8\xb7\xba\xe8\x84\x9a\xe7\x8c\xab", 6508u, 52960u },
    { "\x64ir\x30\x32/\x63lip\x33\x36.opus", "\xe9\x80\x86\xe8\xbd\xac\xe7\x8c\xab_\x31", 5038u, 39200u },
    { "\x64ir\x30\x32/\x63lip\x33\x37.opus", "\xe9\xa6\x99\xe8\x95\x89\xe7\x8c\xab", 6923u, 53600u },
    { "\x64ir\x30\x32/\x63lip\x33\x38.opus", "\xe9\xad\x94\xe6\x80\xa7\xe7\xac\x91\x31", 3502u, 27520u },
    { "\x64ir\x30\x32/\x63lip\x33\x39.opus", "\xe9\xad\x94\xe6\x80\xa7\xe7\xac\x91\x32", 3418u, 27200u },
    { "\x64ir\x30\x32/\x63lip\x34\x30.opus", "\xe9\xad\x94\xe6\x80\xa7\xe7\xac\x91\x33", 3090u, 25120u },
};
static const voice_file_t *const VOICE_DIR_02 = VOICE_DIR_02_FILES;
#define VOICE_DIR_02_COUNT (sizeof(VOICE_DIR_02_FILES)/sizeof(VOICE_DIR_02_FILES[0]))

// --- dir03: 刘华强 ---
static const voice_file_t VOICE_DIR_03_FILES[] = {
    { "\x64ir\x30\x33/\x63lip\x30\x30.opus", "\xe6\x9c\x89\xe4\xb8\x80\xe4\xb8\xaa\xe4\xba\xba\xe5\x89\x8d\xe6\x9d\xa5\xe4\xb9\xb0\xe7\x93\x9c", 4810u, 24320u },
    { "\x64ir\x30\x33/\x63lip\x30\x31.opus", "\xe5\xa4\xa7\xe8\xb1\xa1\xe5\x8f\xab", 3296u, 15520u },
    { "\x64ir\x30\x33/\x63lip\x30\x32.opus", "\xe8\x90\xa8\xe6\x97\xa5\xe6\x9c\x97", 2953u, 12960u },
    { "\x64ir\x30\x33/\x63lip\x30\x33.opus", "\xe5\x8d\x8e\xe5\xbc\xba\xef\xbc\x81\xe8\xaf\xb6\xef\xbc\x81\xe5\x8d\x8e\xe5\xbc\xba", 5814u, 28800u },
    { "\x64ir\x30\x33/\x63lip\x30\x34.opus", "\xe7\x94\x9f\xe6\x84\x8f\xe8\xa1\x8c\xe5\x95\x8a\xe4\xbd\xa0\xe4\xbb\xac\xe5\x93\xa5\xe4\xbf\xa9", 5503u, 29280u },
    { "\x64ir\x30\x33/\x63lip\x30\x35.opus", "\xe5\x93\xa5\xe4\xbb\xac", 519u, 9280u },
    { "\x64ir\x30\x33/\x63lip\x30\x36.opus", "\xe8\xbf\x99\xe7\x93\x9c\xe5\xa4\x9a\xe5\xb0\x91\xe9\x92\xb1\xe4\xb8\x80\xe6\x96\xa4\xef\xbc\x9f", 1229u, 20160u },
    { "\x64ir\x30\x33/\x63lip\x30\x37.opus", "\xe4\xb8\xa4\xe5\x9d\x97\xe9\x92\xb1\xe4\xb8\x80\xe6\x96\xa4", 1029u, 17920u },
    { "\x64ir\x30\x33/\x63lip\x30\x38.opus", "\xe8\xbf\x99\xe7\x93\x9c\xe7\x9a\xae\xe6\x98\xaf\xe9\x87\x91\xe5\xad\x90\xe5\x81\x9a\xe7\x9a\x84\xef\xbc\x9f", 2583u, 39680u },
    { "\x64ir\x30\x33/\x63lip\x30\x39.opus", "\xe4\xbd\xa0\xe7\x9e\xa7\xe7\x9e\xa7\xe7\x8e\xb0\xe5\x9c\xa8\xe9\x82\xa3\xe6\x9c\x89\xe7\x93\x9c\xe5\x91\x80", 1756u, 27040u },
    { "\x64ir\x30\x33/\x63lip\x31\x30.opus", "\xe8\xbf\x99\xe9\x83\xbd\xe6\x98\xaf\xe5\xa4\xa7\xe6\xa3\x9a\xe7\x9a\x84\xe7\x93\x9c", 1355u, 21920u },
    { "\x64ir\x30\x33/\x63lip\x31\x31.opus", "\xe4\xbd\xa0\xe5\xab\x8c\xe8\xb4\xb5\xe6\x88\x91\xe8\xbf\x98\xe5\xab\x8c\xe8\xb4\xb5\xe5\x91\xa2", 1766u, 28160u },
    { "\x64ir\x30\x33/\x63lip\x31\x32.opus", "\xe7\xbb\x99\xe6\x88\x91\xe6\x8c\x91\xe4\xb8\x80\xe4\xb8\xaa", 772u, 14400u },
    { "\x64ir\x30\x33/\x63lip\x31\x33.opus", "\xe8\xbf\x99\xe4\xb8\xaa\xe6\x80\x8e\xe4\xb9\x88\xe6\xa0\xb7", 750u, 12640u },
    { "\x64ir\x30\x33/\x63lip\x31\x34.opus", "\xe8\xbf\x99\xe7\x93\x9c\xe4\xbf\x9d\xe7\x86\x9f\xe5\x90\x97", 1020u, 16640u },
    { "\x64ir\x30\x33/\x63lip\x31\x35.opus", "\xe6\x88\x91\xe5\xbc\x80\xe6\xb0\xb4\xe6\x9e\x9c\xe6\x91\x8a\xe7\x9a\x84\xe8\x83\xbd\xe5\x8d\x96\xe4\xbd\xa0\xe7\x94\x9f\xe7\x93\x9c\xe8\x9b\x8b\xe5\xad\x90\xef\xbc\x9f", 2973u, 45440u },
    { "\x64ir\x30\x33/\x63lip\x31\x36.opus", "\xe6\x88\x91\xe9\x97\xae\xe4\xbd\xa0\xe8\xbf\x99\xe7\x93\x9c\xe4\xbf\x9d\xe7\x86\x9f\xe5\x90\x97\xef\xbc\x9f", 2105u, 32800u },
    { "\x64ir\x30\x33/\x63lip\x31\x37.opus", "\xe4\xbd\xa0\xe6\x95\x85\xe6\x84\x8f\xe6\x89\xbe\xe8\x8c\xac\xe6\x98\xaf\xe4\xb8\x8d\xe6\x98\xaf\xef\xbc\x9f", 1825u, 28160u },
    { "\x64ir\x30\x33/\x63lip\x31\x38.opus", "\xe4\xbd\xa0\xe8\xa6\x81\xe4\xb8\x8d\xe8\xa6\x81\xe5\x90\xa7\xef\xbc\x9f", 1260u, 20160u },
    { "\x64ir\x30\x33/\x63lip\x31\x39.opus", "\xe4\xbd\xa0\xe8\xbf\x99\xe7\x93\x9c\xe8\xa6\x81\xe6\x98\xaf\xe7\x86\x9f\xe6\x88\x91\xe8\x82\xaf\xe5\xae\x9a\xe8\xa6\x81\xe5\x95\x8a", 1917u, 30560u },
    { "\x64ir\x30\x33/\x63lip\x32\x30.opus", "\xe9\x82\xa3\xe5\xae\x83\xe8\xa6\x81\xe6\x98\xaf\xe4\xb8\x8d\xe7\x86\x9f\xe6\x80\x8e\xe4\xb9\x88\xe5\x8a\x9e\xe5\x95\x8a", 1640u, 26560u },
    { "\x64ir\x30\x33/\x63lip\x32\x31.opus", "\xe8\xa6\x81\xe6\x98\xaf\xe4\xb8\x8d\xe7\x86\x9f\xe6\x88\x91\xe8\x87\xaa\xe5\xb7\xb1\xe5\x90\x83\xe4\xba\x86\xe5\xae\x83", 2914u, 44320u },
    { "\x64ir\x30\x33/\x63lip\x32\x32.opus", "\xe4\xbd\xa0\xe8\xbf\x99\xe5\x93\xaa\xe5\xa4\x9f\x31\x35\xe6\x96\xa4\xe4\xbd\xa0\xe7\x9a\x84\xe7\xa7\xa4\xe6\x9c\x89\xe9\x97\xae\xe9\xa2\x98\xe5\x95\x8a", 2530u, 38560u },
    { "\x64ir\x30\x33/\x63lip\x32\x33.opus", "\xe4\xbd\xa0TM\xe6\x95\x85\xe6\x84\x8f\xe6\x89\xbe\xe8\x8c\xac\xe6\x98\xaf\xe4\xb8\x8d\xe6\x98\xaf\xef\xbc\x9f", 1784u, 28160u },
    { "\x64ir\x30\x33/\x63lip\x32\x34.opus", "\xe4\xbd\xa0\xe8\xa6\x81\xe4\xb8\x8d\xe8\xa6\x81\xe5\x90\xa7\xef\xbc\x81", 1040u, 16160u },
    { "\x64ir\x30\x33/\x63lip\x32\x35.opus", "\xe4\xbd\xa0\xe8\xa6\x81\xe4\xb8\x8d\xe8\xa6\x81\xef\xbc\x9f\xef\xbc\x81", 798u, 13760u },
    { "\x64ir\x30\x33/\x63lip\x32\x36.opus", "\xe8\x9c\x98\xe8\x9b\x9b\xe6\x84\x9f\xe5\xba\x94", 17208u, 81920u },
    { "\x64ir\x30\x33/\x63lip\x32\x37.opus", "\xe8\xb1\xaa\xe5\x93\xa5\xe4\xb8\xad\xe5\x88\x80", 2273u, 12160u },
    { "\x64ir\x30\x33/\x63lip\x32\x38.opus", "\xe5\x90\xb8\xe9\x93\x81\xe7\x9f\xb3", 824u, 16160u },
    { "\x64ir\x30\x33/\x63lip\x32\x39.opus", "\xe4\xbd\xa0\xe8\xaf\xb4\xe7\x9a\x84\xe8\xbf\x99\xe7\x93\x9c\xe8\xa6\x81\xe6\x98\xaf\xe7\x94\x9f\xe7\x9a\x84\xe4\xbd\xa0\xe8\x87\xaa\xe5\xb7\xb1\xe5\x90\x9e\xe8\xbf\x9b\xe5\x8e\xbb", 3553u, 57600u },
    { "\x64ir\x30\x33/\x63lip\x33\x30.opus", "\xe4\xbd\xa0TM\xe5\x8a\x88\xe6\x88\x91\xe7\x93\x9c\xe6\x98\xaf\xe5\x90\xa7", 1472u, 22400u },
};
static const voice_file_t *const VOICE_DIR_03 = VOICE_DIR_03_FILES;
#define VOICE_DIR_03_COUNT (sizeof(VOICE_DIR_03_FILES)/sizeof(VOICE_DIR_03_FILES[0]))

// --- dir04: 刘海柱 ---
static const voice_file_t VOICE_DIR_04_FILES[] = {
    { "\x64ir\x30\x34/\x63lip\x30\x30.opus", "\xe4\xba\xba\xe5\xae\xb6\xe6\x9c\xac\xe6\x9d\xa5\xe5\xb0\xb1\xe5\x82\xbb", 4598u, 36320u },
    { "\x64ir\x30\x34/\x63lip\x30\x31.opus", "\xe4\xbb\x80\xe4\xb9\x88tm\xe7\x8e\xa9\xe5\x95\x8a", 5303u, 41440u },
    { "\x64ir\x30\x34/\x63lip\x30\x32.opus", "\xe4\xbb\x8a\xe5\xa4\xa9\xe6\x88\x91\xe9\x9d\x9ej\x62\xe7\xa0\x8d\xe6\xad\xbb\xe4\xbd\xa0", 11976u, 120320u },
    { "\x64ir\x30\x34/\x63lip\x30\x33.opus", "\xe4\xbd\xa0\xe5\x88\x98\xe5\xa4\xa7\xe7\x88\xb7\xe6\xb7\xb7\xe4\xba\x86\xe8\xbf\x99\xe4\xb9\x88\xe4\xba\x9b\xe5\xb9\xb4", 14691u, 152000u },
    { "\x64ir\x30\x34/\x63lip\x30\x34.opus", "\xe4\xbd\xa0\xe6\x9d\xa5\xe8\xb7\x9f\xe6\x88\x91\xe8\xa6\x81\xe4\xba\xba\xef\xbc\x9f", 5376u, 42560u },
    { "\x64ir\x30\x34/\x63lip\x30\x35.opus", "\xe4\xbd\xa0\xe8\xbf\x98tm\xe6\x8f\x8d\xe4\xba\xba\xe5\xae\xb6", 3692u, 29440u },
    { "\x64ir\x30\x34/\x63lip\x30\x36.opus", "\xe5\x82\xbb\xe5\xad\x90\xe4\xb8\x8d\xe6\x98\xaf\xe4\xba\xba\xe5\x95\x8a", 3831u, 31040u },
    { "\x64ir\x30\x34/\x63lip\x30\x37.opus", "\xe5\x82\xbb\xe5\xad\x90\xe4\xb8\x8d\xe6\x98\xaf\xe7\x88\xb9\xe5\xa6\x88\xe5\x85\xbb\xe7\x9a\x84\xe5\x95\x8a", 7606u, 78400u },
    { "\x64ir\x30\x34/\x63lip\x30\x38.opus", "\xe5\x85\xa8j\x62\xe7\xbb\x99\xe4\xbd\xa0\xe4\xbb\xac\xe5\x89\x81\xe4\xba\x86", 8410u, 86400u },
    { "\x64ir\x30\x34/\x63lip\x30\x39.opus", "\xe5\xa4\xa7\xe7\x85\x9e\xe7\xac\x94", 3445u, 27040u },
    { "\x64ir\x30\x34/\x63lip\x31\x30.opus", "\xe6\x88\x91\xe8\x89\xb9nm", 6142u, 63360u },
    { "\x64ir\x30\x34/\x63lip\x31\x31.opus", "\xe6\x88\x91\xe8\x89\xb9nm\x31", 5962u, 47840u },
    { "\x64ir\x30\x34/\x63lip\x31\x32.opus", "\xe6\x88\x91\xe8\x89\xb9nm\xe7\x9a\x84", 5446u, 43200u },
    { "\x64ir\x30\x34/\x63lip\x31\x33.opus", "\xe6\x88\x91\xe8\x89\xb9\xe4\xbd\xa0\xe5\xa6\x88", 3587u, 29440u },
    { "\x64ir\x30\x34/\x63lip\x31\x34.opus", "\xe6\x89\xbe\xe6\x88\x91\xe5\xb9\xb2j\x62\xe5\x95\xa5", 3905u, 31040u },
    { "\x64ir\x30\x34/\x63lip\x31\x35.opus", "\xe6\x89\xbe\xe6\x88\x91\xe5\xb9\xb2\xe9\xb8\xa1\xe6\xaf\x9b", 5203u, 55360u },
    { "\x64ir\x30\x34/\x63lip\x31\x36.opus", "\xe6\xbb\x9a\xe7\x8a\x8a\xe5\xad\x90", 3499u, 28800u },
    { "\x64ir\x30\x34/\x63lip\x31\x37.opus", "\xe7\xbb\x99\xe6\x88\x91\xe7\xab\x99\xe9\x82\xa3\xe4\xbd\xa0\xe4\xb8\xaaS\x42", 5468u, 42560u },
    { "\x64ir\x30\x34/\x63lip\x31\x38.opus", "\xe7\xbb\x99\xe7\x99\xbd\xe5\x82\xbb\xe5\xad\x90\xe4\xb9\xb0\xe7\x93\x9c\xe5\xad\x90\xe5\x8e\xbb", 3759u, 29440u },
    { "\x64ir\x30\x34/\x63lip\x31\x39.opus", "\xe8\x83\xbd\xe5\x90\xac\xe6\x87\x82\xe4\xba\xba\xe8\xaf\x9d\xe4\xb8\x8d", 5124u, 40960u },
    { "\x64ir\x30\x34/\x63lip\x32\x30.opus", "\xe8\x89\xb9\xe4\xbd\xa0\xe5\xa6\x88", 3374u, 27680u },
    { "\x64ir\x30\x34/\x63lip\x32\x31.opus", "\xe8\xb7\x9f\xe4\xbd\xa0\xe4\xb8\xaa\xe5\xb0\x8f\x62\xe4\xbb\x94\xe8\xb7\x9f\xe8\xb0\x81\xe4\xbf\xa9\xe5\x91\xa2", 5483u, 57600u },
    { "\x64ir\x30\x34/\x63lip\x32\x32.opus", "\xe8\xbf\x98tm\xe6\x9c\x89\xe4\xbd\xa0\xe4\xbb\xac\xe5\xb9\xb2\xe4\xb8\x8d\xe5\x87\xba\xe6\x9d\xa5\xe7\x9a\x84\xe5\x90\x97", 10779u, 110080u },
};
static const voice_file_t *const VOICE_DIR_04 = VOICE_DIR_04_FILES;
#define VOICE_DIR_04_COUNT (sizeof(VOICE_DIR_04_FILES)/sizeof(VOICE_DIR_04_FILES[0]))

// --- dir05: 卡丘米雪儿 ---
static const voice_file_t VOICE_DIR_05_FILES[] = {
    { "\x64ir\x30\x35/\x63lip\x30\x30.opus", "\xe4\xbd\xa0\xe4\xb8\xba\xe4\xbb\x80\xe4\xb9\x88\xe4\xb8\x8d\xe5\xb8\xae\xe5\xbf\x99\xef\xbc\x9f\xef\xbc\x88\xe5\xa7\x94\xe5\xb1\x88\xef\xbc\x89", 5821u, 46080u },
    { "\x64ir\x30\x35/\x63lip\x30\x31.opus", "\xe5\x8d\xa1\xe5\x95\xa6\xe6\xaf\x94\xe4\xb8\x98\xe5\xb0\xb1\xe6\x94\xbe\xe5\xbf\x83\xe4\xba\xa4\xe7\xbb\x99\xe6\x88\x91\xe5\xae\x88\xe6\x8a\xa4\xe5\x90\xa7", 5184u, 39680u },
    { "\x64ir\x30\x35/\x63lip\x30\x32.opus", "\xe5\x8d\xa1\xe6\x8b\x89g\x61m\x65", 45096u, 466560u },
    { "\x64ir\x30\x35/\x63lip\x30\x33.opus", "\xe5\x8d\xa1\xe6\x8b\x89\xe5\xbd\xbc\xe4\xb8\x98", 2518u, 24800u },
    { "\x64ir\x30\x35/\x63lip\x30\x34.opus", "\xe5\x8f\x97\xe5\x87\xbb", 5336u, 58240u },
    { "\x64ir\x30\x35/\x63lip\x30\x35.opus", "\xe5\x91\x9c\xe5\x95\xa6\xe5\x91\x9c\xe5\x95\xa6", 1648u, 13760u },
    { "\x64ir\x30\x35/\x63lip\x30\x36.opus", "\xe5\x94\x90\xe7\xac\x91", 5553u, 50720u },
    { "\x64ir\x30\x35/\x63lip\x30\x37.opus", "\xe5\x95\x8a~", 3270u, 24160u },
    { "\x64ir\x30\x35/\x63lip\x30\x38.opus", "\xe5\x95\x8a\xe5\x93\x88", 6641u, 79520u },
    { "\x64ir\x30\x35/\x63lip\x30\x39.opus", "\xe5\x95\x8a\xe5\x93\x88\xe5\x93\x88\xe5\x93\x88", 2849u, 23040u },
    { "\x64ir\x30\x35/\x63lip\x31\x30.opus", "\xe5\x95\x8a\xe5\x93\x88\xe5\x93\x88\xe5\x93\x88\x32", 5119u, 39200u },
    { "\x64ir\x30\x35/\x63lip\x31\x31.opus", "\xe5\x96\xb5\xef\xbc\x81", 789u, 6880u },
    { "\x64ir\x30\x35/\x63lip\x31\x32.opus", "\xe5\x97\xaf\xe5\x97\xaf\xe5\x97\xaf", 3806u, 29920u },
    { "\x64ir\x30\x35/\x63lip\x31\x33.opus", "\xe5\x97\xaf\xe6\x91\xa9\xe6\x93\xa6\xe7\x9d\x80\xe6\x84\x9f\xe8\xa7\x89\xe5\xbe\x88\xe8\x88\x92\xe6\x9c\x8d", 6130u, 61600u },
    { "\x64ir\x30\x35/\x63lip\x31\x34.opus", "\xe5\x98\x8e\xe5\x95\xa6g\x61m\x65\xe4\xb8\x8d\xe6\x98\xaf\xe8\xbf\x99\xe6\xa0\xb7", 3221u, 24160u },
    { "\x64ir\x30\x35/\x63lip\x31\x35.opus", "\xe5\x98\xbf~\xe6\x88\x91\xe7\x9a\x84\xe5\x90\x8d\xe5\xad\x97\xe5\x8f\xab\xe7\xb1\xb3\xe9\x9b\xaa\xe5\x84\xbf", 4039u, 32800u },
    { "\x64ir\x30\x35/\x63lip\x31\x36.opus", "\xe5\x98\xbf\xe5\x98\xbf", 1991u, 16160u },
    { "\x64ir\x30\x35/\x63lip\x31\x37.opus", "\xe5\x98\xbf\xe5\x98\xbf\xe5\x93\x88\xe5\x93\x88\xe5\x93\x88", 5102u, 39680u },
    { "\x64ir\x30\x35/\x63lip\x31\x38.opus", "\xe5\x98\xbf\xe5\x98\xbf\xe5\x98\xbf\xe5\x98\xbf", 5234u, 40960u },
    { "\x64ir\x30\x35/\x63lip\x31\x39.opus", "\xe5\x98\xbf\xe5\x98\xbf\xe7\xad\x89\xe7\xad\x89", 1986u, 15520u },
    { "\x64ir\x30\x35/\x63lip\x32\x30.opus", "\xe5\xae\x83\xe5\xb0\xb1\xe5\xae\x95\xe6\x9c\xba\xe4\xba\x86", 4310u, 33440u },
    { "\x64ir\x30\x35/\x63lip\x32\x31.opus", "\xe5\xbf\xab\xe6\x9d\xa5\xe6\x95\x91\xe6\x88\x91\xe8\xb0\x81\xe6\x9d\xa5\xe6\x95\x91\xe6\x95\x91\xe6\x88\x91\xe5\x95\x8a", 7201u, 55360u },
    { "\x64ir\x30\x35/\x63lip\x32\x32.opus", "\xe6\x88\x91\xe4\xbc\x9a\xe5\x85\xa8\xe5\x8a\x9b\xe4\xbb\xa5\xe8\xb5\xb4\xe7\x9a\x84", 2755u, 21280u },
    { "\x64ir\x30\x35/\x63lip\x32\x33.opus", "\xe6\x96\xb0\xe4\xba\xba\xe6\xb3\xa8\xe6\x84\x8f", 40800u, 412480u },
    { "\x64ir\x30\x35/\x63lip\x32\x34.opus", "\xe6\x9e\x9c\xe5\x92\xa9\xe5\x86\x85", 9719u, 112320u },
    { "\x64ir\x30\x35/\x63lip\x32\x35.opus", "\xe6\xa2\xa6\xe8\xaf\x9d", 10730u, 108320u },
    { "\x64ir\x30\x35/\x63lip\x32\x36.opus", "\xe6\xac\xa2\xe8\xbf\x8e\xe4\xbd\xa0\xe7\x9a\x84\xe5\x88\xb0\xe6\x9d\xa5", 2105u, 17280u },
    { "\x64ir\x30\x35/\x63lip\x32\x37.opus", "\xe6\xac\xa2\xe8\xbf\x8e\xe5\x9b\x9e\xe5\xae\xb6", 2201u, 17920u },
    { "\x64ir\x30\x35/\x63lip\x32\x38.opus", "\xe6\xb4\x97\xe5\xa4\xa7\xe9\x94\x85", 3580u, 31680u },
    { "\x64ir\x30\x35/\x63lip\x32\x39.opus", "\xe7\x81\xab\xe5\x8a\x9b\xe5\xa4\xa7\xe5\x96\xb5", 4474u, 43200u },
    { "\x64ir\x30\x35/\x63lip\x33\x30.opus", "\xe7\x83\xa6\xe6\x81\xbc\xe6\xb6\x88\xe6\x95\xa3\xe5\x95\xa6", 2414u, 19040u },
    { "\x64ir\x30\x35/\x63lip\x33\x31.opus", "\xe8\xaf\xb6\xe5\x98\xbf\xe5\x98\xbf\xe5\x98\xbf", 5057u, 39200u },
    { "\x64ir\x30\x35/\x63lip\x33\x32.opus", "\xe9\x82\xa3\xe4\xb8\xaa", 732u, 6400u },
    { "\x64ir\x30\x35/\x63lip\x33\x33.opus", "\xe9\x98\xb5\xe4\xba\xa1", 7703u, 90400u },
    { "\x64ir\x30\x35/\x63lip\x33\x34.opus", "\xe9\xa2\x9d~\xe5\xa5\xbd\xe5\x83\x8f\xe4\xb8\x8d\xe5\xa4\xaa\xe5\xaf\xb9", 5071u, 42560u },
    { "\x64ir\x30\x35/\x63lip\x33\x35.opus", "\xe9\xad\x94\xe6\x9c\xaf", 28174u, 284000u },
};
static const voice_file_t *const VOICE_DIR_05 = VOICE_DIR_05_FILES;
#define VOICE_DIR_05_COUNT (sizeof(VOICE_DIR_05_FILES)/sizeof(VOICE_DIR_05_FILES[0]))

// --- dir06: 卢音 ---
static const voice_file_t VOICE_DIR_06_FILES[] = {
    { "\x64ir\x30\x36/\x63lip\x30\x30.opus", "L\x42WS\xe7\x89\x9b\xe9\x80\xbc", 2513u, 19040u },
    { "\x64ir\x30\x36/\x63lip\x30\x31.opus", "\xe4\xb8\x8d\xe8\xa6\x81\xe5\x81\x9c", 4839u, 37440u },
    { "\x64ir\x30\x36/\x63lip\x30\x32.opus", "\xe4\xbc\x9e\xe5\x85\xb5\xe4\xb8\x80\xe5\x8f\xb7", 6121u, 47840u },
    { "\x64ir\x30\x36/\x63lip\x30\x33.opus", "\xe4\xbc\x9e\xe5\x85\xb5\xe4\xb8\x89\xe5\x8f\xb7", 4914u, 38080u },
    { "\x64ir\x30\x36/\x63lip\x30\x34.opus", "\xe4\xbc\x9e\xe5\x85\xb5\xe4\xba\x8c\xe5\x8f\xb7", 3984u, 31040u },
    { "\x64ir\x30\x36/\x63lip\x30\x35.opus", "\xe4\xbc\x9e\xe5\x85\xb5\xe5\x9b\x9b\xe5\x8f\xb7", 5725u, 44320u },
    { "\x64ir\x30\x36/\x63lip\x30\x36.opus", "\xe4\xbd\xa0\xe5\xa5\xbd", 1086u, 8640u },
    { "\x64ir\x30\x36/\x63lip\x30\x37.opus", "\xe4\xbd\xa0\xe6\x9c\x89\xe5\x90\x97", 1399u, 11520u },
    { "\x64ir\x30\x36/\x63lip\x30\x38.opus", "\xe5\x90\xac\xe8\xa7\x81\xe5\x90\x97", 2291u, 18400u },
    { "\x64ir\x30\x36/\x63lip\x30\x39.opus", "\xe5\x97\xaf~", 1998u, 16160u },
    { "\x64ir\x30\x36/\x63lip\x31\x30.opus", "\xe5\x98\xbf\xe5\x98\xbf", 2459u, 19040u },
    { "\x64ir\x30\x36/\x63lip\x31\x31.opus", "\xe5\x98\xbf\xe5\x98\xbf\x32", 1802u, 15040u },
    { "\x64ir\x30\x36/\x63lip\x31\x32.opus", "\xe5\xb0\xb1\xe6\x98\xaf\xe8\xbf\x99\xe7\xa7\x8d", 3400u, 27040u },
    { "\x64ir\x30\x36/\x63lip\x31\x33.opus", "\xe6\x88\x91\xe6\x9c\x89", 1298u, 10880u },
    { "\x64ir\x30\x36/\x63lip\x31\x34.opus", "\xe6\x8b\x89\xe9\x97\xb8", 1712u, 14400u },
    { "\x64ir\x30\x36/\x63lip\x31\x35.opus", "\xe6\x92\x92\xe6\xb3\xa1\xe5\xb0\xbf", 1421u, 12640u },
    { "\x64ir\x30\x36/\x63lip\x31\x36.opus", "\xe6\x9c\x89\xe4\xba\xba\xe5\x90\x97", 1171u, 9760u },
    { "\x64ir\x30\x36/\x63lip\x31\x37.opus", "\xe6\x9c\x89\xe7\x82\xb9\xe9\xaa\x9a", 2116u, 16640u },
    { "\x64ir\x30\x36/\x63lip\x31\x38.opus", "\xe6\x9d\xa5\xe6\x88\x98\xe6\x96\x97", 2825u, 22400u },
    { "\x64ir\x30\x36/\x63lip\x31\x39.opus", "\xe6\xba\x9c\xe4\xba\x86", 2237u, 19040u },
    { "\x64ir\x30\x36/\x63lip\x32\x30.opus", "\xe6\xbb\x9a", 909u, 8000u },
    { "\x64ir\x30\x36/\x63lip\x32\x31.opus", "\xe7\x8e\xa9\xe6\x9f\xa0\xe6\xaa\xac", 3490u, 28160u },
    { "\x64ir\x30\x36/\x63lip\x32\x32.opus", "\xe7\x96\xaf\xe7\x8b\x97", 1101u, 9760u },
    { "\x64ir\x30\x36/\x63lip\x32\x33.opus", "\xe7\xac\x91\xe7\x9d\x80\xe7\x8e\xa9", 1514u, 12160u },
    { "\x64ir\x30\x36/\x63lip\x32\x34.opus", "\xe7\xbb\xa7\xe7\xbb\xad", 3138u, 25280u },
    { "\x64ir\x30\x36/\x63lip\x32\x35.opus", "\xe8\x80\x81\xe6\x9d\xbf", 1260u, 10400u },
    { "\x64ir\x30\x36/\x63lip\x32\x36.opus", "\xe8\x8d\x89", 1625u, 12640u },
    { "\x64ir\x30\x36/\x63lip\x32\x37.opus", "\xe8\xa6\x81\xe8\xa3\x85\x42", 4188u, 32800u },
    { "\x64ir\x30\x36/\x63lip\x32\x38.opus", "\xe8\xae\xa9\xe6\x88\x91\xe5\x85\xb4\xe5\xa5\x8b", 4228u, 33440u },
    { "\x64ir\x30\x36/\x63lip\x32\x39.opus", "\xe8\xaf\xb4\xe8\xaf\x9d\xe5\x91\x80", 2620u, 21920u },
    { "\x64ir\x30\x36/\x63lip\x33\x30.opus", "\xe8\xb1\xa1\xe6\x8b\x94\xe8\x9a\x8c", 1625u, 13280u },
    { "\x64ir\x30\x36/\x63lip\x33\x31.opus", "\xe8\xb4\xbc\xe5\xa5\xbd\xe5\x90\x83", 1028u, 8640u },
    { "\x64ir\x30\x36/\x63lip\x33\x32.opus", "\xe8\xb4\xbc\xe5\xb0\xb4\xe5\xb0\xac", 6527u, 51200u },
    { "\x64ir\x30\x36/\x63lip\x33\x33.opus", "\xe8\xb5\xb0\xe5\xbc\x80", 1585u, 16160u },
    { "\x64ir\x30\x36/\x63lip\x33\x34.opus", "\xe8\xb7\x91\xe6\xad\xa5", 1261u, 10880u },
    { "\x64ir\x30\x36/\x63lip\x33\x35.opus", "\xe8\xb7\xb3", 1109u, 9760u },
    { "\x64ir\x30\x36/\x63lip\x33\x36.opus", "\xe8\xbf\x99\xe4\xb9\x88\xe7\x89\x9b", 3447u, 27680u },
    { "\x64ir\x30\x36/\x63lip\x33\x37.opus", "\xe8\xbf\x99\xe4\xb9\x88\xe7\x9b\xb4\xe6\x8e\xa5", 1577u, 13280u },
    { "\x64ir\x30\x36/\x63lip\x33\x38.opus", "\xe9\xa1\xb6\xe4\xbd\xa0\xe4\xb8\xaa\xe8\x82\xba", 2295u, 18400u },
    { "\x64ir\x30\x36/\x63lip\x33\x39.opus", "\xe9\xaa\x9a", 4064u, 32320u },
};
static const voice_file_t *const VOICE_DIR_06 = VOICE_DIR_06_FILES;
#define VOICE_DIR_06_COUNT (sizeof(VOICE_DIR_06_FILES)/sizeof(VOICE_DIR_06_FILES[0]))

// --- dir07: 印度阿三 ---
static const voice_file_t VOICE_DIR_07_FILES[] = {
    { "\x64ir\x30\x37/\x63lip\x30\x30.opus", "\x62i\x61\xe9\x87\x8c", 2004u, 17280u },
    { "\x64ir\x30\x37/\x63lip\x30\x31.opus", "\xe5\x91\x80\xe9\x87\x8c\xe7\xbb\x99s\x65i", 3764u, 32800u },
    { "\x64ir\x30\x37/\x63lip\x30\x32.opus", "\xe5\x98\x8e\xe7\x8c\xb4\xe6\x89\x93\xe9\xbb\x91~", 3770u, 31680u },
    { "\x64ir\x30\x37/\x63lip\x30\x33.opus", "\xe5\x98\x9f\xe5\x99\x9c\xe5\x99\x9c", 6546u, 51200u },
    { "\x64ir\x30\x37/\x63lip\x30\x34.opus", "\xe5\x98\x9f\xe5\x99\x9c\xe5\x99\x9c\x32", 7040u, 54720u },
    { "\x64ir\x30\x37/\x63lip\x30\x35.opus", "\xe6\x94\xb9s\x65i", 1912u, 17280u },
    { "\x64ir\x30\x37/\x63lip\x30\x36.opus", "\xe6\x94\xb9\xe7\xba\xa2~", 1334u, 11520u },
    { "\x64ir\x30\x37/\x63lip\x30\x37.opus", "\xe7\x81\xad\xe6\xac\xa7\xe5\x91\x80\xe5\x95\xa6\xe4\xb9\x9f~", 3993u, 35200u },
    { "\x64ir\x30\x37/\x63lip\x30\x38.opus", "\xe7\x8c\xb4\xe5\x91\x80\xe7\x8c\xb4\xe7\xac\xa8~", 3741u, 30560u },
    { "\x64ir\x30\x37/\x63lip\x30\x39.opus", "\xe7\x8c\xb4\xe6\x89\x93\xe9\xbb\x91", 3407u, 30560u },
    { "\x64ir\x30\x37/\x63lip\x31\x30.opus", "\xe7\x8c\xb4\xe6\x89\x93\xe9\xbb\x91~", 3235u, 29440u },
    { "\x64ir\x30\x37/\x63lip\x31\x31.opus", "\xe7\xbb\x99s\x65i~", 1923u, 16640u },
    { "\x64ir\x30\x37/\x63lip\x31\x32.opus", "\xe8\x8b\xa6\xe5\x8a\x9b", 1591u, 13280u },
    { "\x64ir\x30\x37/\x63lip\x31\x33.opus", "\xe8\xbf\xaa\xe5\x93\x92", 2041u, 17280u },
    { "\x64ir\x30\x37/\x63lip\x31\x34.opus", "\xe9\x98\xbfk\x65i", 1942u, 16160u },
    { "\x64ir\x30\x37/\x63lip\x31\x35.opus", "\xe9\x98\xbf\xe4\xb8\x89\xe6\xb8\x85\xe5\x94\xb1\xe4\xb8\xa4\xe5\x8f\xa5\x31", 12164u, 125600u },
    { "\x64ir\x30\x37/\x63lip\x31\x36.opus", "\xe9\x98\xbf\xe4\xb8\x89\xe6\xb8\x85\xe5\x94\xb1\xe4\xb8\xa4\xe5\x8f\xa5\x32", 23528u, 252320u },
    { "\x64ir\x30\x37/\x63lip\x31\x37.opus", "\xe9\xb2\x81\xe5\x85\xac", 1405u, 12160u },
};
static const voice_file_t *const VOICE_DIR_07 = VOICE_DIR_07_FILES;
#define VOICE_DIR_07_COUNT (sizeof(VOICE_DIR_07_FILES)/sizeof(VOICE_DIR_07_FILES[0]))

// --- dir08: 吉伊卡哇 ---
static const voice_file_t VOICE_DIR_08_FILES[] = {
    { "\x64ir\x30\x38/\x63lip\x30\x30.opus", "K\xe5\x95\xa6K\xe5\x95\xa6", 5459u, 44960u },
    { "\x64ir\x30\x38/\x63lip\x30\x31.opus", "oi", 1129u, 8640u },
    { "\x64ir\x30\x38/\x63lip\x30\x32.opus", "\xe4\xb9\x8c\xe4\xb9\x8c\xe6\x8b\x89\xe6\x8b\x89\xe4\xb9\x8c\xe6\x8b\x89\xe4\xb9\x8c\xe6\x8b\x89\xe6\x8b\x89\xe5\x91\x80\xe5\x93\x88\xe5\x91\x80\xe5\x93\x88", 7332u, 82880u },
    { "\x64ir\x30\x38/\x63lip\x30\x33.opus", "\xe4\xb9\x8c\xe5\x91\x80\xe5\x92\xa6\xe5\x93\x88", 4041u, 49600u },
    { "\x64ir\x30\x38/\x63lip\x30\x34.opus", "\xe4\xb9\x8c\xe6\x8b\x89", 1260u, 14400u },
    { "\x64ir\x30\x38/\x63lip\x30\x35.opus", "\xe4\xb9\x8c\xe6\x8b\x89\xe5\x91\x80\xe5\x93\x88\xe5\x91\x80\xe5\x93\x88\xe4\xb9\x8c\xe6\x8b\x89", 6091u, 47840u },
    { "\x64ir\x30\x38/\x63lip\x30\x36.opus", "\xe4\xb9\x8c\xe6\x8b\x89\xe6\x8b\x89", 2070u, 19040u },
    { "\x64ir\x30\x38/\x63lip\x30\x37.opus", "\xe4\xb9\x8c\xe7\x8e\x9b", 1658u, 13280u },
    { "\x64ir\x30\x38/\x63lip\x30\x38.opus", "\xe5\x90\x89\xe4\xbc\x8a\xe5\xae\x9d\xe5\xae\x9d\xe6\xbc\x94\xe5\x94\xb1\xe4\xbc\x9a\xe7\xba\xaf\xe4\xba\xab\xe7\x89\x88", 19288u, 200480u },
    { "\x64ir\x30\x38/\x63lip\x30\x39.opus", "\xe5\x90\x93", 2210u, 19040u },
    { "\x64ir\x30\x38/\x63lip\x31\x30.opus", "\xe5\x90\xbc\xe5\x93\x87\xe9\x87\x8c", 3387u, 26560u },
    { "\x64ir\x30\x38/\x63lip\x31\x31.opus", "\xe5\x91\x80\xe5\x93\x88", 1677u, 15040u },
    { "\x64ir\x30\x38/\x63lip\x31\x32.opus", "\xe5\x91\x80\xe5\x93\x88\xe5\x93\x88", 1957u, 19520u },
    { "\x64ir\x30\x38/\x63lip\x31\x33.opus", "\xe5\x91\xba\xe5\x91\x9c", 1151u, 10400u },
    { "\x64ir\x30\x38/\x63lip\x31\x34.opus", "\xe5\x92\xa6\xe5\x93\x92\xe5\x93\x92\xe5\x93\x92", 1449u, 12160u },
    { "\x64ir\x30\x38/\x63lip\x31\x35.opus", "\xe5\x93\x87", 1343u, 11520u },
    { "\x64ir\x30\x38/\x63lip\x31\x36.opus", "\xe5\x93\x88\xef\xbc\x9f", 1861u, 17280u },
    { "\x64ir\x30\x38/\x63lip\x31\x37.opus", "\xe5\x93\xa6\xe5\x93\x88\xe5\x91\xa6(\xe7\x9f\xad)", 1231u, 10400u },
    { "\x64ir\x30\x38/\x63lip\x31\x38.opus", "\xe5\x93\xa6\xe5\x93\x88\xe5\x91\xa6(\xe9\x95\xbf)", 1658u, 15040u },
    { "\x64ir\x30\x38/\x63lip\x31\x39.opus", "\xe5\x93\xa6\xe5\x98\x9f\xe5\x98\x9f", 2856u, 31680u },
    { "\x64ir\x30\x38/\x63lip\x32\x30.opus", "\xe5\x93\xbc\xe5\x97\xaf", 1245u, 12160u },
    { "\x64ir\x30\x38/\x63lip\x32\x31.opus", "\xe5\x95\x8a\xe5\x92\xa7\xe5\x95\x8a\xe5\x92\xa7", 1147u, 11520u },
    { "\x64ir\x30\x38/\x63lip\x32\x32.opus", "\xe5\x95\x8a\xe5\x98\x9f\xe5\x98\x9f", 1716u, 19520u },
    { "\x64ir\x30\x38/\x63lip\x32\x33.opus", "\xe5\x96\x83\xe5\x93\x92", 2825u, 22400u },
    { "\x64ir\x30\x38/\x63lip\x32\x34.opus", "\xe5\x96\xb5\x31", 2132u, 17280u },
    { "\x64ir\x30\x38/\x63lip\x32\x35.opus", "\xe5\x96\xb5\x31\x30", 1135u, 11520u },
    { "\x64ir\x30\x38/\x63lip\x32\x36.opus", "\xe5\x96\xb5\x32", 1683u, 15040u },
    { "\x64ir\x30\x38/\x63lip\x32\x37.opus", "\xe5\x96\xb5\x33", 1858u, 16160u },
    { "\x64ir\x30\x38/\x63lip\x32\x38.opus", "\xe5\x96\xb5\x34", 979u, 12160u },
    { "\x64ir\x30\x38/\x63lip\x32\x39.opus", "\xe5\x96\xb5\x35", 2221u, 18400u },
    { "\x64ir\x30\x38/\x63lip\x33\x30.opus", "\xe5\x96\xb5\x36", 1863u, 16160u },
    { "\x64ir\x30\x38/\x63lip\x33\x31.opus", "\xe5\x96\xb5\x37", 1660u, 18400u },
    { "\x64ir\x30\x38/\x63lip\x33\x32.opus", "\xe5\x96\xb5\x38", 752u, 6880u },
    { "\x64ir\x30\x38/\x63lip\x33\x33.opus", "\xe5\x96\xb5\x39", 2101u, 16160u },
    { "\x64ir\x30\x38/\x63lip\x33\x34.opus", "\xe5\x97\xac\xef\xbc\x9f", 1776u, 17280u },
    { "\x64ir\x30\x38/\x63lip\x33\x35.opus", "\xe5\x97\xaf\xef\xbc\x9f", 822u, 8000u },
    { "\x64ir\x30\x38/\x63lip\x33\x36.opus", "\xe5\x97\xb3", 1225u, 11520u },
    { "\x64ir\x30\x38/\x63lip\x33\x37.opus", "\xe5\x98\xbf\xe5\x92\xbb\x31", 2084u, 19520u },
    { "\x64ir\x30\x38/\x63lip\x33\x38.opus", "\xe5\x98\xbf\xe5\x92\xbb\x32", 2884u, 27040u },
    { "\x64ir\x30\x38/\x63lip\x33\x39.opus", "\xe5\x98\xbf\xe6\x92\x92", 1100u, 11520u },
    { "\x64ir\x30\x38/\x63lip\x34\x30.opus", "\xe5\x99\x97\xe5\x99\x9c", 782u, 8640u },
    { "\x64ir\x30\x38/\x63lip\x34\x31.opus", "\xe5\x99\x97\xe5\x99\x9c\xe5\x99\x9c\xe5\x99\x9c\xe5\x99\x9c", 2111u, 17280u },
    { "\x64ir\x30\x38/\x63lip\x34\x32.opus", "\xe5\xb0\x8f\xe9\xbb\x91\xe7\x9d\xa1\xe7\x9d\x80\xe4\xba\x86", 2804u, 28160u },
    { "\x64ir\x30\x38/\x63lip\x34\x33.opus", "\xe6\x80\x8e\xe6\x80\x8e\xe7\x93\xa6\xe5\x9d\x8e\xe5\xa5\xb6", 2689u, 21280u },
    { "\x64ir\x30\x38/\x63lip\x34\x34.opus", "\xe6\x81\xb0\xe5\x99\xa2", 9238u, 101440u },
    { "\x64ir\x30\x38/\x63lip\x34\x35.opus", "\xe6\x8b\x9c\xe6\x8b\x9c", 1581u, 14400u },
    { "\x64ir\x30\x38/\x63lip\x34\x36.opus", "\xe6\xac\xb8", 1506u, 12640u },
    { "\x64ir\x30\x38/\x63lip\x34\x37.opus", "\xe6\xbb\x8b\xe6\xbb\x8b\xe7\x81\xad", 1836u, 16160u },
    { "\x64ir\x30\x38/\x63lip\x34\x38.opus", "\xe7\x82\xb8\xe6\xaf\x9b", 1785u, 13760u },
    { "\x64ir\x30\x38/\x63lip\x34\x39.opus", "\xe7\x93\xa6\xe5\x9d\x8e\xe5\xa5\xb6", 1515u, 13760u },
    { "\x64ir\x30\x38/\x63lip\x35\x30.opus", "\xe7\xaa\x81\xe5\x99\x9c\xe9\x87\x8c\xe6\x8b\x89", 3722u, 31680u },
    { "\x64ir\x30\x38/\x63lip\x35\x31.opus", "\xe7\xac\x91", 3068u, 24800u },
    { "\x64ir\x30\x38/\x63lip\x35\x32.opus", "\xe7\xba\xb3\xe5\xb0\xbc\xe7\xba\xb3\xe5\xb0\xbc", 1595u, 13280u },
    { "\x64ir\x30\x38/\x63lip\x35\x33.opus", "\xe7\xbe\x8a\xe7\xb2\x91\xe7\xb2\x91", 3140u, 32800u },
    { "\x64ir\x30\x38/\x63lip\x35\x34.opus", "\xe7\xbe\x8a\xe7\xbe\x8a\xe7\xb2\x91\xe7\xb2\x91\xe5\x99\x9c\xe5\x95\xa6\xe5\x95\xa6z\x65", 7327u, 85760u },
    { "\x64ir\x30\x38/\x63lip\x35\x35.opus", "\xe8\x80\xb6", 1189u, 9760u },
    { "\x64ir\x30\x38/\x63lip\x35\x36.opus", "\xe8\xaf\xb6\xe4\xbc\x91", 1644u, 14400u },
    { "\x64ir\x30\x38/\x63lip\x35\x37.opus", "\xe8\xaf\xb6\xe5\x98\xbf\xe5\x98\xbf", 3185u, 25920u },
    { "\x64ir\x30\x38/\x63lip\x35\x38.opus", "\xe8\xbe\xbe\xe6\x8b\x89\xe9\x87\x8c\xe6\x8b\x89", 2656u, 21280u },
    { "\x64ir\x30\x38/\x63lip\x35\x39.opus", "\xe8\xbf\xb7\xe8\x9d\xb6", 5635u, 58720u },
    { "\x64ir\x30\x38/\x63lip\x36\x30.opus", "\xe9\xb8\xad\xe8\x9b\x8b", 1464u, 12160u },
};
static const voice_file_t *const VOICE_DIR_08 = VOICE_DIR_08_FILES;
#define VOICE_DIR_08_COUNT (sizeof(VOICE_DIR_08_FILES)/sizeof(VOICE_DIR_08_FILES[0]))

// --- dir09: 哈基米 ---
static const voice_file_t VOICE_DIR_09_FILES[] = {
    { "\x64ir\x30\x39/\x63lip\x30\x30.opus", "\x43\xe5\x93\xa9\xe6\xad\x8c", 25679u, 259200u },
    { "\x64ir\x30\x39/\x63lip\x30\x31.opus", "WOW", 1970u, 15520u },
    { "\x64ir\x30\x39/\x63lip\x30\x32.opus", "\xe5\x87\xba\xe5\x8d\x96\xe6\xad\x8c", 42705u, 430880u },
    { "\x64ir\x30\x39/\x63lip\x30\x33.opus", "\xe5\x88\x9a\xe6\x9e\xaa\xe6\xad\x8c", 16030u, 161920u },
    { "\x64ir\x30\x39/\x63lip\x30\x34.opus", "\xe5\x8d\x97\xe5\x8c\x97\xe8\xb1\x86", 2611u, 21280u },
    { "\x64ir\x30\x39/\x63lip\x30\x35.opus", "\xe5\x8f\xae\xe5\x92\x9a\xe5\x8f\xae\xe5\x92\x9a\xe5\x93\x88\xe5\x9f\xba\xe7\xb1\xb3_\x31", 5018u, 38560u },
    { "\x64ir\x30\x39/\x63lip\x30\x36.opus", "\xe5\x91\xb5\xe5\x91\xb5\xe5\x91\xb5\xe5\x91\xb5", 4710u, 36800u },
    { "\x64ir\x30\x39/\x63lip\x30\x37.opus", "\xe5\x93\x88\xe5\x9f\xba\xe5\x93\x88\xe5\x9f\xba", 5402u, 42080u },
    { "\x64ir\x30\x39/\x63lip\x30\x38.opus", "\xe5\x93\x88\xe5\x9f\xba\xe6\xad\x8c", 33318u, 337600u },
    { "\x64ir\x30\x39/\x63lip\x30\x39.opus", "\xe5\x93\x88\xe5\x9f\xba\xe7\xb1\xb3", 4501u, 35200u },
    { "\x64ir\x30\x39/\x63lip\x31\x30.opus", "\xe5\x93\x88\xe5\x9f\xba\xe7\xb1\xb3\xe5\x93\x9f", 2564u, 19520u },
    { "\x64ir\x30\x39/\x63lip\x31\x31.opus", "\xe5\x93\x88\xe5\x9f\xba\xe7\xb1\xb3\xe5\xb1\xb1\xe6\xad\x8c", 24058u, 244800u },
    { "\x64ir\x30\x39/\x63lip\x31\x32.opus", "\xe5\x93\x88\xe5\x9f\xba\xe7\xb1\xb3\xe9\x9b\xaa\xe5\x86\xb0\xe5\x9f\x8e", 31153u, 313920u },
    { "\x64ir\x30\x39/\x63lip\x31\x33.opus", "\xe5\x93\xa6\xe8\x80\xb6\xe5\x93\xa6\xe8\x80\xb6", 5300u, 41440u },
    { "\x64ir\x30\x39/\x63lip\x31\x34.opus", "\xe5\x93\xa6\xe8\x80\xb6\xe6\xad\x8c", 25100u, 254080u },
    { "\x64ir\x30\x39/\x63lip\x31\x35.opus", "\xe5\x99\xa2\xe8\x80\xb6", 2117u, 17280u },
    { "\x64ir\x30\x39/\x63lip\x31\x36.opus", "\xe5\x9f\xba\xe7\xb1\xb3\xe6\x9c\xb5\xe6\x9c\xb5\xe5\xbc\x80", 35700u, 359360u },
    { "\x64ir\x30\x39/\x63lip\x31\x37.opus", "\xe5\xa4\xa7\xe5\x90\x89\xe5\xa4\xa7\xe5\x88\xa9", 26839u, 271840u },
    { "\x64ir\x30\x39/\x63lip\x31\x38.opus", "\xe5\xa4\xa7\xe7\x8b\x97\xe4\xb8\x80\xe6\xae\xb5\xe5\xb8\xa6\xe4\xb8\x80\xe6\xae\xb5", 5063u, 40320u },
    { "\x64ir\x30\x39/\x63lip\x31\x39.opus", "\xe5\xb0\x8f\xe8\xb7\xb3\xe5\x93\x88\xe5\x9f\xba\xe7\xb1\xb3", 28762u, 292000u },
    { "\x64ir\x30\x39/\x63lip\x32\x30.opus", "\xe5\xb1\xb1\xe5\x9d\xa1\xe6\xad\x8c", 28253u, 288640u },
    { "\x64ir\x30\x39/\x63lip\x32\x31.opus", "\xe5\xb9\xbf\xe8\xa5\xbf\xe5\xa4\xa7\xe8\xaf\x97", 39661u, 399680u },
    { "\x64ir\x30\x39/\x63lip\x32\x32.opus", "\xe6\x88\x91\xe5\xbe\x88\xe5\xbf\xab\xe5\xb0\xb1", 2740u, 21920u },
    { "\x64ir\x30\x39/\x63lip\x32\x33.opus", "\xe6\x9b\xbc\xe6\xb3\xa2\xe6\x9b\xbc\xe6\xb3\xa2", 5088u, 39200u },
    { "\x64ir\x30\x39/\x63lip\x32\x34.opus", "\xe6\x9b\xbc\xe6\xb3\xa2\xe8\xb6\x8a\xe5\xa4\xa7\xe8\xb6\x8a\xe9\x9a\xbe\xe4\xbf\x9d", 4340u, 38560u },
    { "\x64ir\x30\x39/\x63lip\x32\x35.opus", "\xe6\xa2\xa6\xe4\xb8\xad\xe6\xad\x8c", 25844u, 260320u },
    { "\x64ir\x30\x39/\x63lip\x32\x36.opus", "\xe6\xac\xa7\xe7\x8e\x9b\xe5\x8f\xbd\xe5\x93\xa9\xe5\x8f\xae\xe5\x92\x9a\xe9\xb8\xa1", 4885u, 38560u },
    { "\x64ir\x30\x39/\x63lip\x32\x37.opus", "\xe6\xb2\x89\xe9\xbb\x98\xe6\xad\x8c", 24786u, 251200u },
    { "\x64ir\x30\x39/\x63lip\x32\x38.opus", "\xe6\xbc\xab\xe6\xb3\xa2", 1401u, 12160u },
    { "\x64ir\x30\x39/\x63lip\x32\x39.opus", "\xe6\xbc\xab\xe6\xb3\xa2\xe6\xad\x8c", 26583u, 267840u },
    { "\x64ir\x30\x39/\x63lip\x33\x30.opus", "\xe7\xa5\x9e\xe9\x87\x8c\xe7\xbb\xab\xe5\x8d\x8e", 4365u, 33920u },
    { "\x64ir\x30\x39/\x63lip\x33\x31.opus", "\xe7\xa6\xbb\xe5\xbc\x80", 15066u, 154400u },
    { "\x64ir\x30\x39/\x63lip\x33\x32.opus", "\xe7\xa7\x81\xe4\xba\xba\xe7\xac\x91\xe5\xa3\xb0", 3237u, 25280u },
    { "\x64ir\x30\x39/\x63lip\x33\x33.opus", "\xe7\xba\xaf\xe4\xba\xab\xe7\x89\x88", 19144u, 197600u },
    { "\x64ir\x30\x39/\x63lip\x33\x34.opus", "\xe8\xaf\xbb\xe5\xae\x8c\xe4\xbe\x9d\xe8\xb5\x96", 7567u, 75520u },
    { "\x64ir\x30\x39/\x63lip\x33\x35.opus", "\xe9\x98\xbf\xe7\xb1\xb3\xe8\xaf\xba\xe6\x96\xaf", 2697u, 21280u },
    { "\x64ir\x30\x39/\x63lip\x33\x36.opus", "\xe9\x98\xbf\xe8\xa5\xbf\xe5\x93\x88\xe9\x9a\xbe\xe7\xbb\xbf\xe5\x93\x88\xe4\xba\x9a\xe5\xba\x93", 5051u, 40320u },
    { "\x64ir\x30\x39/\x63lip\x33\x37.opus", "\xe9\xa6\x99\xe8\x95\x89\xe6\xad\x8c", 24256u, 247040u },
    { "\x64ir\x30\x39/\x63lip\x33\x38.opus", "\xe9\xa9\xac\xe4\xba\x91\xe6\xad\x8c", 46510u, 473440u },
    { "\x64ir\x30\x39/\x63lip\x33\x39.opus", "\xe9\xbb\x8e\xe6\x98\x8e\xe6\xad\x8c", 30072u, 303040u },
    { "\x64ir\x30\x39/\x63lip\x34\x30.opus", "\xe8\x93\x9d\xe8\x8e\xb2\xe5\x93\x88", 50052u, 176320u },
};
static const voice_file_t *const VOICE_DIR_09 = VOICE_DIR_09_FILES;
#define VOICE_DIR_09_COUNT (sizeof(VOICE_DIR_09_FILES)/sizeof(VOICE_DIR_09_FILES[0]))

// --- dir10: 奶龙 ---
static const voice_file_t VOICE_DIR_10_FILES[] = {
    { "\x64ir\x31\x30/\x63lip\x30\x30.opus", "\xe4\xb9\x88\xe4\xb9\x88\xe4\xb9\x88\xe4\xb9\x88\xe5\x93\x92", 4149u, 39200u },
    { "\x64ir\x31\x30/\x63lip\x30\x31.opus", "\xe4\xbb\x8a\xe5\xa4\xa9\xe5\x8f\x88\xe6\x98\xaf\xe6\x94\xb6\xe8\x8e\xb7\xe6\xbb\xa1\xe6\xbb\xa1\xe7\x9a\x84\xe4\xb8\x80\xe5\xa4\xa9", 6005u, 48320u },
    { "\x64ir\x31\x30/\x63lip\x30\x32.opus", "\xe4\xbd\xa0\xe4\xbc\x9a\xe5\x90\x97", 1627u, 13280u },
    { "\x64ir\x31\x30/\x63lip\x30\x33.opus", "\xe4\xbd\xa0\xe5\x9c\xa8\xe5\xb9\xb2\xe5\x98\x9b\xe5\x91\xa2", 2763u, 21920u },
    { "\x64ir\x31\x30/\x63lip\x30\x34.opus", "\xe4\xbd\xa0\xe6\x80\x8e\xe4\xb9\x88\xe8\x83\xbd\xe8\xbf\x99\xe4\xb8\xaa\xe6\xa0\xb7\xe5\xad\x90_\x31", 4068u, 31680u },
    { "\x64ir\x31\x30/\x63lip\x30\x35.opus", "\xe4\xbd\xa0\xe6\x89\x8d\xe6\x98\xaf\xe5\xa5\xb6\xe9\xbe\x99", 3589u, 28800u },
    { "\x64ir\x31\x30/\x63lip\x30\x36.opus", "\xe4\xbd\xa0\xe6\x98\xaf\xe5\xa5\xb6\xe9\xbe\x99", 2218u, 17280u },
    { "\x64ir\x31\x30/\x63lip\x30\x37.opus", "\xe4\xbd\xa0\xe7\xab\x9f\xe7\x84\xb6\xe9\x83\xbd\xe4\xbc\x9a", 3219u, 24160u },
    { "\x64ir\x31\x30/\x63lip\x30\x38.opus", "\xe4\xbd\xa0\xe8\xbf\x87\xe6\x9d\xa5\xe5\x91\x80", 3566u, 27040u },
    { "\x64ir\x31\x30/\x63lip\x30\x39.opus", "\xe5\x85\xb3\xe4\xbd\xa0\xe5\xb1\x81\xe4\xba\x8b\xe5\x91\x80", 3036u, 24160u },
    { "\x64ir\x31\x30/\x63lip\x31\x30.opus", "\xe5\x8f\xaf\xe6\x81\xb6", 1513u, 12160u },
    { "\x64ir\x31\x30/\x63lip\x31\x31.opus", "\xe5\x91\x95\xe5\x90\x90", 2681u, 21920u },
    { "\x64ir\x31\x30/\x63lip\x31\x32.opus", "\xe5\x92\x95\xe5\x92\x95", 2673u, 23040u },
    { "\x64ir\x31\x30/\x63lip\x31\x33.opus", "\xe5\x93\x8e", 1477u, 13280u },
    { "\x64ir\x31\x30/\x63lip\x31\x34.opus", "\xe5\x93\xbc\xe5\x93\xaa\xe6\x9c\x89\xe9\x82\xa3\xe4\xb9\x88\xe4\xb8\x91\xef\xbc\x8c\xe4\xba\xba\xe5\xae\xb6\xe6\x98\x8e\xe6\x98\x8e\xe6\x98\xaf\xe5\xb0\x8f\xe5\x8f\xaf\xe7\x88\xb1", 7315u, 77120u },
    { "\x64ir\x31\x30/\x63lip\x31\x35.opus", "\xe5\x93\xbc\xe6\xac\xba\xe9\xbe\x99\xe5\xa4\xaa\xe7\x94\x9a", 4448u, 38560u },
    { "\x64ir\x31\x30/\x63lip\x31\x36.opus", "\xe5\x99\x97\xe5\x99\x97\xe5\x99\x97", 3437u, 27040u },
    { "\x64ir\x31\x30/\x63lip\x31\x37.opus", "\xe5\xa4\xa7\xe5\xae\xb6\xe5\x8f\xab\xe6\x88\x91\xe5\xa5\xb6\xe9\xbe\x99\xe8\xba\xab\xe4\xbd\x93\xe4\xbc\x9a\xe5\x8f\x98\xe5\xbd\xa9\xe8\x99\xb9", 5797u, 46080u },
    { "\x64ir\x31\x30/\x63lip\x31\x38.opus", "\xe5\xa5\xb6\xe5\xa5\xb6", 4720u, 35680u },
    { "\x64ir\x31\x30/\x63lip\x31\x39.opus", "\xe5\xa5\xb6\xe9\xbe\x99\xe5\x92\x86\xe5\x93\xae", 6546u, 50720u },
    { "\x64ir\x31\x30/\x63lip\x32\x30.opus", "\xe5\xa5\xb6\xe9\xbe\x99\xe5\xa5\xb6\xe9\xbe\x99_\x31", 2843u, 21920u },
    { "\x64ir\x31\x30/\x63lip\x32\x31.opus", "\xe5\xa5\xb6\xe9\xbe\x99\xe5\xa5\xb6\xe9\xbe\x99\xe7\xb4\xab\xe5\x95\xa7", 4088u, 32800u },
    { "\x64ir\x31\x30/\x63lip\x32\x32.opus", "\xe5\xa8\x83\xe5\x93\x84", 1871u, 15520u },
    { "\x64ir\x31\x30/\x63lip\x32\x33.opus", "\xe5\xb8\xa6\xe7\xbb\x99\xe5\xa4\xa7\xe5\xae\xb6\xe6\xac\xa2\xe4\xb9\x90\xe5\xa4\x9a", 5366u, 42080u },
    { "\x64ir\x31\x30/\x63lip\x32\x34.opus", "\xe6\x81\xb6\xe9\xbe\x99\xe5\x92\x86\xe5\x93\xae", 7108u, 72640u },
    { "\x64ir\x31\x30/\x63lip\x32\x35.opus", "\xe6\x88\x91\xe4\xbc\x9a\xe5\x96\xb7\xe7\x81\xab", 2052u, 16160u },
    { "\x64ir\x31\x30/\x63lip\x32\x36.opus", "\xe6\x88\x91\xe5\x8f\x88\xe4\xb8\x8d\xe5\x82\xbb", 2853u, 23040u },
    { "\x64ir\x31\x30/\x63lip\x32\x37.opus", "\xe6\x88\x91\xe5\x8f\xaa\xe5\x90\x83\xe4\xb8\x80\xe7\x82\xb9\xe7\x82\xb9", 4414u, 37440u },
    { "\x64ir\x31\x30/\x63lip\x32\x38.opus", "\xe6\x88\x91\xe6\x89\x8d\xe6\x98\xaf\xe5\xa5\xb6\xe9\xbe\x99", 3182u, 24160u },
    { "\x64ir\x31\x30/\x63lip\x32\x39.opus", "\xe6\x88\x91\xe6\x98\xaf\xe5\x86\x9c\xe6\x9d\x91\xe5\xb0\x8f\xe8\x90\x8c\xe9\xbe\x99", 5417u, 41440u },
    { "\x64ir\x31\x30/\x63lip\x33\x30.opus", "\xe6\x88\x91\xe6\x98\xaf\xe5\xa5\xb6\xe9\xbe\x99", 2817u, 21280u },
    { "\x64ir\x31\x30/\x63lip\x33\x31.opus", "\xe6\x88\x91\xe6\x9c\xac\xe6\x9d\xa5\xe5\xb0\xb1\xe4\xb8\x8d\xe6\x98\xaf\xe4\xba\xba\xe5\x91\x80", 3700u, 28800u },
    { "\x64ir\x31\x30/\x63lip\x33\x32.opus", "\xe6\x88\x91\xe6\xb2\xa1\xe6\x9c\x89\xe8\x84\x96\xe5\xad\x90\xe6\xb2\xa1\xe6\x9c\x89\xe8\x85\xb0\xe6\x88\x91\xe5\xb0\xb1\xe6\x98\xaf\xe4\xb8\xaa\xe7\x90\x83\xe7\x90\x83", 8884u, 92160u },
    { "\x64ir\x31\x30/\x63lip\x33\x33.opus", "\xe6\x88\x91\xe7\x9a\x84\xe5\xa4\xa7\xe8\x82\x9a\xe8\x82\x9a\xe7\x9c\x9f\xe7\x9a\x84\xe5\xbe\x88\xe9\x85\xb7\xe9\x85\xb7", 6806u, 54080u },
    { "\x64ir\x31\x30/\x63lip\x33\x34.opus", "\xe6\x88\x91\xe8\x82\x9a\xe5\xad\x90\xe5\xa5\xbd\xe9\xa5\xbf\xe5\x93\xa6\xe4\xbb\x80\xe4\xb9\x88\xe6\x97\xb6\xe5\x80\x99\xe5\xbc\x80\xe9\xa5\xad\xe5\x91\x90", 5944u, 61600u },
    { "\x64ir\x31\x30/\x63lip\x33\x35.opus", "\xe6\x88\x91\xe8\xbf\x98\xe4\xbc\x9a\xe5\x8f\x98\xe8\xba\xab\xe5\x91\xa2", 4039u, 31040u },
    { "\x64ir\x31\x30/\x63lip\x33\x36.opus", "\xe7\x9c\x9f\xe6\x8b\xbf\xe4\xbd\xa0\xe6\xb2\xa1\xe5\x8a\x9e\xe6\xb3\x95", 3300u, 28800u },
    { "\x64ir\x31\x30/\x63lip\x33\x37.opus", "\xe7\xb4\xab\xe5\x95\xa7_\x31", 1471u, 12640u },
    { "\x64ir\x31\x30/\x63lip\x33\x38.opus", "\xe7\xb4\xab\xe5\x95\xa7\xe6\x88\x91\xe6\x98\xaf\xe5\xa5\xb6\xe9\xbe\x99", 4460u, 34560u },
    { "\x64ir\x31\x30/\x63lip\x33\x39.opus", "\xe8\x87\xaa\xe5\xb7\xb1\xe5\x90\x93\xe8\x87\xaa\xe5\xb7\xb1", 3112u, 25280u },
    { "\x64ir\x31\x30/\x63lip\x34\x30.opus", "\xe8\xbf\x99\xe6\x98\xaf\xe4\xbb\x80\xe4\xb9\x88\xe6\x8d\x8f", 2945u, 27680u },
    { "\x64ir\x31\x30/\x63lip\x34\x31.opus", "\xe9\xb9\x85", 885u, 8000u },
};
static const voice_file_t *const VOICE_DIR_10 = VOICE_DIR_10_FILES;
#define VOICE_DIR_10_COUNT (sizeof(VOICE_DIR_10_FILES)/sizeof(VOICE_DIR_10_FILES[0]))

// --- dir11: 宝宝肚肚打雷 ---
static const voice_file_t VOICE_DIR_11_FILES[] = {
    { "\x64ir\x31\x31/\x63lip\x30\x30.opus", "r\x61p", 43229u, 433760u },
    { "\x64ir\x31\x31/\x63lip\x30\x31.opus", "\xe4\xbd\xa0\xe5\xb0\xb1\xe6\x98\xaf\xe9\x87\x8e\xe7\x8c\xaa\xe4\xba\xa8\xe5\x88\xa9", 3897u, 31040u },
    { "\x64ir\x31\x31/\x63lip\x30\x32.opus", "\xe5\x87\xba\xe7\xa4\xba\xe5\x81\xa5\xe5\xba\xb7\xe7\xa0\x81", 3540u, 27040u },
    { "\x64ir\x31\x31/\x63lip\x30\x33.opus", "\xe5\x8f\xae\xe5\x92\x9a\xe9\xb8\xa1", 2176u, 17280u },
    { "\x64ir\x31\x31/\x63lip\x30\x34.opus", "\xe5\x8f\xae\xe5\x92\x9a\xe9\xb8\xa1Musi\x63", 14663u, 149120u },
    { "\x64ir\x31\x31/\x63lip\x30\x35.opus", "\xe5\xa4\xa7\xe7\x8b\x97\xe5\x8f\xab", 1986u, 16160u },
    { "\x64ir\x31\x31/\x63lip\x30\x36.opus", "\xe5\xae\x9d\xe5\xae\x9d\xe8\x82\x9a\xe8\x82\x9a\xe5\x8f\x88\xe6\x89\x93\xe9\x9b\xb7", 4926u, 38560u },
    { "\x64ir\x31\x31/\x63lip\x30\x37.opus", "\xe5\xae\x9d\xe5\xae\x9d\xe8\x82\x9a\xe8\x82\x9a\xe6\x89\x93\xe9\x9b\xb7\xe4\xba\x86", 3925u, 31040u },
    { "\x64ir\x31\x31/\x63lip\x30\x38.opus", "\xe5\xae\x9d\xe5\xae\x9d\xe8\x82\x9a\xe8\x82\x9a\xe6\x89\x93\xe9\x9b\xb7\xe5\x95\xa6", 4030u, 31680u },
    { "\x64ir\x31\x31/\x63lip\x30\x39.opus", "\xe5\xb8\xa6\xe8\xba\xab\xe4\xbb\xbd\xe8\xaf\x81", 2222u, 16640u },
    { "\x64ir\x31\x31/\x63lip\x31\x30.opus", "\xe5\xb8\xa6\xe9\x9b\xa8\xe4\xbc\x9e", 2003u, 16160u },
    { "\x64ir\x31\x31/\x63lip\x31\x31.opus", "\xe5\xb8\xa6\xe9\xbc\xa0\xe9\xb8\xa1", 2050u, 16160u },
    { "\x64ir\x31\x31/\x63lip\x31\x32.opus", "\xe6\x89\x8b\xe6\x9c\xba\xe5\x89\x8d\xe5\x86\x92\xe7\x83\x9f\xe5\xb0\x8f\xe5\xa7\x91\xe5\xa8\x98", 3994u, 31680u },
    { "\x64ir\x31\x31/\x63lip\x31\x33.opus", "\xe6\x89\x8b\xe6\x9c\xba\xe5\x92\x8c\xe5\xb9\xb3\xe7\xb2\xbe\xe8\x8b\xb1", 3908u, 31040u },
    { "\x64ir\x31\x31/\x63lip\x31\x34.opus", "\xe6\x89\x93\xe6\x89\x93\xe5\xae\x9d\xe5\xae\x9d\xe9\x9b\xb7\xe9\x9b\xb7\xe5\x95\xa6", 3813u, 29920u },
    { "\x64ir\x31\x31/\x63lip\x31\x35.opus", "\xe6\x89\x93\xe6\x89\x93\xe5\xae\x9d\xe5\xae\x9d\xe9\x9b\xb7\xe9\x9b\xb7\xe5\x95\xa6\x32", 3751u, 29920u },
    { "\x64ir\x31\x31/\x63lip\x31\x36.opus", "\xe6\xa0\x87\xe9\xa2\x98\xe5\x85\x9a\xe7\x8b\x82\xe5\xb0\xb1\xe6\x98\xaf\xe7\x8b\x82", 3949u, 31040u },
    { "\x64ir\x31\x31/\x63lip\x31\x37.opus", "\xe6\xa5\xbc\xe4\xb8\x8a\xe7\x9a\x84\xe4\xb8\x8b\xe6\x9d\xa5\xe6\x90\x9e\xe6\xa0\xb8\xe9\x85\xb8", 3858u, 30560u },
    { "\x64ir\x31\x31/\x63lip\x31\x38.opus", "\xe6\xb2\xa1\xe6\x9c\x89\xe4\xba\xba\xe5\x8f\xab\xe4\xbd\xa0\xe8\x80\x81\xe5\xbc\x9f", 3966u, 31680u },
    { "\x64ir\x31\x31/\x63lip\x31\x39.opus", "\xe6\xb2\xa1\xe6\x9c\x89\xe5\x8f\x8c\xe5\xb0\x8f\xe7\x9c\xbc\xe7\x9d\x9b", 4060u, 32320u },
    { "\x64ir\x31\x31/\x63lip\x32\x30.opus", "\xe6\xb8\xb8\xe6\x88\x8f\xe8\xb6\x8a\xe6\x89\x93\xe8\xb6\x8a\xe5\xb9\xb4\xe8\xbd\xbb", 4253u, 33440u },
    { "\x64ir\x31\x31/\x63lip\x32\x31.opus", "\xe7\xbb\x99\xe6\x88\x91\xe7\x82\xb9\xe4\xb8\xaa\xe5\xa4\x96\xe5\x8d\x96\xe5\x90\x83", 4959u, 38560u },
    { "\x64ir\x31\x31/\x63lip\x32\x32.opus", "\xe8\x82\x9a\xe8\x82\x9a\xe5\xae\x9d\xe5\xae\x9d\xe6\x89\x93\xe9\x9b\xb7\xe4\xba\x86", 3968u, 31040u },
    { "\x64ir\x31\x31/\x63lip\x32\x33.opus", "\xe8\x82\x9a\xe8\x82\x9a\xe5\xae\x9d\xe5\xae\x9d\xe6\x89\x93\xe9\x9b\xb7\xe5\x95\xa6", 3820u, 29920u },
    { "\x64ir\x31\x31/\x63lip\x32\x34.opus", "\xe8\x83\xbd\xe9\xa1\xb6\xe4\xbd\xa0\xe4\xb8\x80\xe8\xbe\x88\xe5\xad\x90i\x64", 4063u, 31680u },
    { "\x64ir\x31\x31/\x63lip\x32\x35.opus", "\xe8\xbf\x9e\xe8\xb5\xb7\xe9\xba\xa6\xe5\x83\x8f\xe6\x9d\xa1\xe6\x81\xb6\xe7\x8b\xbc", 4003u, 31680u },
    { "\x64ir\x31\x31/\x63lip\x32\x36.opus", "\xe9\x83\xbd\xe5\x8f\xab\xe4\xbd\xa0\xe5\xb0\x8f\xe5\xad\xa6\xe7\x94\x9f", 3892u, 31040u },
    { "\x64ir\x31\x31/\x63lip\x32\x37.opus", "\xe9\x97\xae\xe4\xbd\xa0\xe6\x9c\x89\xe4\xbb\x80\xe4\xb9\x88\xe5\xae\x9e\xe5\x8a\x9b", 3935u, 31040u },
    { "\x64ir\x31\x31/\x63lip\x32\x38.opus", "\xe9\x9b\xb7\xe5\x88\xb0\xe5\xbf\x83\xe6\x83\x85\xe7\x83\xa6", 3911u, 31040u },
    { "\x64ir\x31\x31/\x63lip\x32\x39.opus", "\xe9\x9b\xb7\xe9\x9b\xb7\xe5\xae\x9d\xe5\xae\x9d\xe6\x89\x93\xe8\x82\x9a\xe8\x82\x9a", 3886u, 30560u },
    { "\x64ir\x31\x31/\x63lip\x33\x30.opus", "\xe9\x9b\xb7\xe9\x9b\xb7\xe5\xae\x9d\xe5\xae\x9d\xe6\x89\x93\xe8\x82\x9a\xe8\x82\x9a\x32", 3989u, 31680u },
};
static const voice_file_t *const VOICE_DIR_11 = VOICE_DIR_11_FILES;
#define VOICE_DIR_11_COUNT (sizeof(VOICE_DIR_11_FILES)/sizeof(VOICE_DIR_11_FILES[0]))

// --- dir12: 小团团 ---
static const voice_file_t VOICE_DIR_12_FILES[] = {
    { "\x64ir\x31\x32/\x63lip\x30\x30.opus", "\xe4\xb9\x88\xe4\xb9\x88\xe5\x93\x92~", 7415u, 75520u },
    { "\x64ir\x31\x32/\x63lip\x30\x31.opus", "\xe4\xbb\x8a\xe5\xa4\xa9\xe7\x9a\x84\xe4\xb8\x8d\xe5\xbc\x80\xe5\xbf\x83\xe5\xb0\xb1\xe5\x88\xb0\xe6\xad\xa4\xe4\xb8\xba\xe6\xad\xa2\xe5\x90\xa7\xef\xbc\x8c\xe6\x98\x8e\xe5\xa4\xa9\xe4\xbe\x9d\xe6\x97\xa7\xe5\x85\x89\xe8\x8a\x92\xe4\xb8\x87\xe4\xb8\x88\xe5\x99\xa2\xe5\xae\x9d\xe8\xb4\x9d", 9550u, 97280u },
    { "\x64ir\x31\x32/\x63lip\x30\x32.opus", "\xe4\xbb\x8e\xe4\xbb\x8a\xe5\xa4\xa9\xe5\xbc\x80\xe5\xa7\x8b\xe5\xb0\xb1\xe8\xae\xa9\xe6\x88\x91\xe5\xb8\xa6\xe4\xbd\xa0\xe5\x90\x83\xe5\x96\x9d\xe7\x8e\xa9\xe4\xb9\x90\xe5\x88\xb0\xe5\xa4\x84\xe6\xb8\xb8\xe7\x8e\xa9\xe5\x90\xa7", 7754u, 77120u },
    { "\x64ir\x31\x32/\x63lip\x30\x33.opus", "\xe4\xbb\x96\xe8\xb7\x9f\xe4\xbd\xa0\xe5\xa4\xaa\xe5\xae\xa2\xe6\xb0\x94\xe4\xba\x86\xef\xbc\x8c\xe5\xa4\x9f\xe4\xba\x86\xe5\xa4\x9f\xe5\x95\xa6", 5354u, 42080u },
    { "\x64ir\x31\x32/\x63lip\x30\x34.opus", "\xe4\xbd\x95\xef\xbc\x8c\xe8\xbf\x99\xe6\x98\xaf\xe5\x98\x9b\xe5\x91\x80\xef\xbc\x9f", 3306u, 25920u },
    { "\x64ir\x31\x32/\x63lip\x30\x35.opus", "\xe4\xbd\xa0\xe4\xb9\x9f\xe5\xa4\xaa\xe5\x8e\x89\xe5\xae\xb3\xe4\xba\x86\xe5\x90\xa7\xef\xbc\x8c\xe5\x95\x8a", 5512u, 56480u },
    { "\x64ir\x31\x32/\x63lip\x30\x36.opus", "\xe4\xbd\xa0\xe6\x9c\x89\x63\x61r\xe6\x88\x91\xe5\xb0\xb1\xe4\xb8\x8a\xe4\xbd\xa0\xe7\x9a\x84\x63\x61r\xef\xbc\x8c\xe4\xbd\xa0\xe6\xb2\xa1\x63\x61r\xe6\x88\x91\xe4\xbb\xac\xe5\xb0\xb1\xe4\xb8\x80\xe8\xb5\xb7\xe5\x8e\xbb\xe6\x89\xbe\x63\x61r\xe8\xa1\x8c\xe5\x90\x97", 6469u, 66240u },
    { "\x64ir\x31\x32/\x63lip\x30\x37.opus", "\xe5\x85\x84\xe5\xbc\x9f\xe4\xbb\xac\xe6\x92\xa4\xe9\x80\x80\xe5\x92\xaf\xef\xbc\x8c\xe8\xbf\x9b\xe5\x9c\x88\xe5\x95\xa6", 6228u, 48960u },
    { "\x64ir\x31\x32/\x63lip\x30\x38.opus", "\xe5\x88\xab\xe6\x80\x82\xe5\x95\x8a\xef\xbc\x8c\xe4\xb8\x80\xe8\xb5\xb7\xe4\xb8\x8a\xe4\xb8\x8d\xe6\x80\x95\xe4\xbb\x96  \xe6\x88\x91\xe4\xbf\x9d\xe6\x8a\xa4\xe4\xbd\xa0", 7988u, 81760u },
    { "\x64ir\x31\x32/\x63lip\x30\x39.opus", "\xe5\x89\x8d\xe9\x9d\xa2\xe5\xbe\x88\xe5\x8d\xb1\xe9\x99\xa9\xef\xbc\x8c\xe4\xbd\xa0\xe5\x85\x88\xe4\xb8\x8a\xe5\x90\xa7 \xe6\x88\x91\xe4\xbc\x9a\xe5\x9c\xa8\xe5\x90\x8e\xe9\x9d\xa2\xe4\xbf\x9d\xe6\x8a\xa4\xe4\xbd\xa0", 6751u, 52480u },
    { "\x64ir\x31\x32/\x63lip\x31\x30.opus", "\xe5\x8f\xa4\xe5\xbe\xb7\xe7\x8c\xab\xe5\xae\x81", 3829u, 29440u },
    { "\x64ir\x31\x32/\x63lip\x31\x31.opus", "\xe5\x93\x88\xe5\x96\xbd", 2893u, 23040u },
    { "\x64ir\x31\x32/\x63lip\x31\x32.opus", "\xe5\x93\x88\xe5\x96\xbd\xef\xbc\x8c\xe6\x88\x91\xe6\x98\xaf\xe4\xb8\x80\xe6\x9d\xa1\xe5\xb0\x8f\xe5\x9b\xa2\xe5\x9b\xa2", 4807u, 37440u },
    { "\x64ir\x31\x32/\x63lip\x31\x33.opus", "\xe5\x93\xa5\xe5\x93\xa5\xef\xbc\x8c\xe4\xbd\xa0\xe5\x8f\xaf\xe4\xbb\xa5\xe5\xb8\xae\xe6\x88\x91\xe6\x89\xbe\xe8\xbe\x86\xe8\xbd\xa6\xe5\x90\x97", 6933u, 54720u },
    { "\x64ir\x31\x32/\x63lip\x31\x34.opus", "\xe5\x93\xbc", 1334u, 10880u },
    { "\x64ir\x31\x32/\x63lip\x31\x35.opus", "\xe5\x95\xa6\xe5\x95\xa6\xe5\x95\xa6\xe5\x95\xa6~\xe8\x80\xb6\xe8\x80\xb6\xe8\x80\xb6", 9066u, 91520u },
    { "\x64ir\x31\x32/\x63lip\x31\x36.opus", "\xe5\x97\xaf~", 2200u, 18400u },
    { "\x64ir\x31\x32/\x63lip\x31\x37.opus", "\xe5\x97\xaf~\xe8\xbf\x99\xe5\xbe\x88\xe6\xa3\x92", 6005u, 47840u },
    { "\x64ir\x31\x32/\x63lip\x31\x38.opus", "\xe5\x98\xbf~\xe5\x96\x82\xe5\x98\x9f\xe5\x98\x9f\xe5\x98\x9f", 5010u, 40320u },
    { "\x64ir\x31\x32/\x63lip\x31\x39.opus", "\xe5\x98\xbf\xe5\x98\xbf\xe6\x88\x91\xe4\xb9\x9f\xe6\x9c\x89\xe8\xbd\xa6\xef\xbc\x8c\xe5\xbf\xab\xe4\xb8\x8a\xe6\x88\x91\xe7\x9a\x84\xe8\xbd\xa6", 6584u, 51840u },
    { "\x64ir\x31\x32/\x63lip\x32\x30.opus", "\xe5\xa4\xa7\xe5\x93\xa5\xe5\x88\xab\xe6\x9d\x80\xe6\x88\x91", 48274u, 487840u },
    { "\x64ir\x31\x32/\x63lip\x32\x31.opus", "\xe5\xa4\xa7\xe9\xa3\x8e\xe8\xbd\xa6", 25170u, 254080u },
    { "\x64ir\x31\x32/\x63lip\x32\x32.opus", "\xe5\xa5\x88\xe6\x96\xaf\xe5\xa5\x88\xe6\x96\xaf", 3453u, 27680u },
    { "\x64ir\x31\x32/\x63lip\x32\x33.opus", "\xe5\xa5\xbd\xe5\x83\x8f\xe6\x9c\x89\xe4\xba\xba\xef\xbc\x8c\xe5\xb0\x8f\xe5\xbf\x83\xe4\xb8\x80\xe7\x82\xb9\xef\xbc\x88\xe5\xb0\x8f\xe5\xa3\xb0\xe8\xaf\xb4\xef\xbc\x89", 8735u, 88640u },
    { "\x64ir\x31\x32/\x63lip\x32\x34.opus", "\xe5\xbc\x80\xe9\xba\xa6\xe5\xbc\x80\xe9\xba\xa6\xe7\x8e\xa9\xe6\xb8\xb8\xe6\x88\x8f\xe5\xb0\xb1\xe5\xbe\x97\xe5\xbc\x80\xe9\xba\xa6", 5778u, 59360u },
    { "\x64ir\x31\x32/\x63lip\x32\x35.opus", "\xe5\xbd\x93\xe5\xbd\x93\xe5\xbd\x93", 24268u, 245920u },
    { "\x64ir\x31\x32/\x63lip\x32\x36.opus", "\xe5\xbf\xab\xe6\x9d\xa5\xe6\x89\xbe\xe6\x88\x91\xe6\x88\x91\xe4\xbb\xac\xe9\x9b\x86\xe5\x90\x88\xe4\xb8\x80\xe4\xb8\x8b\xe5\x90\xa7", 7173u, 73120u },
    { "\x64ir\x31\x32/\x63lip\x32\x37.opus", "\xe6\x88\x91\xe5\x8d\x95\xe6\x96\xb9\xe9\x9d\xa2\xe5\xae\xa3\xe5\xb8\x83\xef\xbc\x8c\xe4\xbb\xa5\xe5\x90\x8e\xe4\xbd\xa0\xe5\xb0\xb1\xe6\x98\xaf\xe6\x88\x91\xe7\x9a\x84\xe4\xba\xb2\xe5\xbc\x9f\xe5\xbc\x9f", 7635u, 77760u },
    { "\x64ir\x31\x32/\x63lip\x32\x38.opus", "\xe6\x88\x91\xe5\xa4\xaa\xe9\x9a\xbe\xe4\xba\x86\xef\xbc\x8c\xe5\xbf\xab\xe6\x95\x91\xe6\x95\x91\xe6\x88\x91", 5749u, 44960u },
    { "\x64ir\x31\x32/\x63lip\x32\x39.opus", "\xe6\x88\x91\xe5\xa4\xaa\xe9\x9a\xbe\xe4\xba\x86\xef\xbc\x8c\xe6\x88\x91\xe4\xb8\x8d\xe6\x83\xb3\xe5\x90\x83\xe9\xb8\xa1\xe5\xb1\x81\xe8\x82\xa1", 7341u, 74880u },
    { "\x64ir\x31\x32/\x63lip\x33\x30.opus", "\xe6\x88\x91\xe6\x89\x8d\xe4\xb8\x8d\xe8\xb7\x9f\xe4\xbb\x96\xe8\xae\xa1\xe8\xbe\x83\xe5\x91\xa2\xef\xbc\x8c\xe5\x93\xbc\xef\xbc\x81", 4342u, 35200u },
    { "\x64ir\x31\x32/\x63lip\x33\x31.opus", "\xe6\x88\x91\xe7\x9a\x84\xe5\xa6\x88\xe5\x91\x80\xef\xbc\x8c\xe8\xbf\x99\xe4\xb9\x88\xe5\xa4\x9a\xe4\xba\xba\xe5\x95\x8a", 3997u, 31680u },
    { "\x64ir\x31\x32/\x63lip\x33\x32.opus", "\xe6\x88\x91\xe8\xa7\x89\xe5\xbe\x97\xe6\x88\x91\xe5\x8f\xaf\xe4\xbb\xa5\xe6\x89\x93\xe8\xbf\x87\xe4\xbb\x96\xef\xbc\x8c\xe7\x9b\xb8\xe4\xbf\xa1\xe6\x88\x91\xe5\xa5\xbd\xe5\x90\x97", 5472u, 42560u },
    { "\x64ir\x31\x32/\x63lip\x33\x33.opus", "\xe6\x88\x91\xe8\xbf\x99\xe9\x87\x8c\xe6\x9c\x89\xe5\xa5\xbd\xe4\xb8\x9c\xe8\xa5\xbf\xe5\x99\xa2\xef\xbc\x8c\xe4\xbd\xa0\xe4\xbb\xac\xe8\xa6\x81\xe5\x90\x97", 7002u, 54080u },
    { "\x64ir\x31\x32/\x63lip\x33\x34.opus", "\xe6\x8b\x9c\xe6\x8b\x9c~", 5912u, 60480u },
    { "\x64ir\x31\x32/\x63lip\x33\x35.opus", "\xe7\x88\xb1\xe4\xba\x86\xe7\x88\xb1\xe4\xba\x86~\xe5\x95\xbe\xe5\x92\xaa", 5302u, 41440u },
    { "\x64ir\x31\x32/\x63lip\x33\x36.opus", "\xe8\x89\xbe\xe7\x91\x9e\xe5\xb7\xb4\xe8\x92\x82\xef\xbc\x81\xe5\x97\xa8\xe8\xb5\xb7\xe6\x9d\xa5\xe5\x90\xa7\xef\xbc\x81", 3552u, 27680u },
    { "\x64ir\x31\x32/\x63lip\x33\x37.opus", "\xe8\xbf\x99\xe4\xb8\x96\xe7\x95\x8c\xe5\xa4\xaa\xe7\xbe\x8e\xe5\xa5\xbd\xe4\xba\x86\xef\xbc\x8c\xe6\x88\x91\xe7\x88\xb1\xe8\xbf\x99\xe4\xb8\xaa\xe4\xb8\x96\xe7\x95\x8c", 6304u, 64480u },
    { "\x64ir\x31\x32/\x63lip\x33\x38.opus", "\xe8\xbf\x99\xe4\xb9\x88\xe7\xbe\x8e\xe7\x9a\x84\xe7\xbe\x8e\xe5\xa5\xb3\xe4\xbd\xa0\xe9\x83\xbd\xe4\xb8\x8b\xe5\xbe\x97\xe5\x8e\xbb\xe6\x89\x8b\xe5\x95\x8a\xef\xbc\x8c\xe5\x93\xbc\xef\xbc\x81", 6268u, 49600u },
    { "\x64ir\x31\x32/\x63lip\x33\x39.opus", "\xe8\xbf\x99\xe5\xb0\xb1\xe6\xb2\xa1\xe6\x84\x8f\xe6\x80\x9d\xe4\xba\x86\xef\xbc\x8c\xe8\xbf\x99\xe5\xb0\xb1\xe6\xb2\xa1\xe6\x84\x8f\xe6\x80\x9d\xe4\xba\x86", 5951u, 61600u },
    { "\x64ir\x31\x32/\x63lip\x34\x30.opus", "\xe8\xbf\x99\xe8\xb0\x81\xe5\x8f\x97\xe5\xbe\x97\xe4\xba\x86\xe5\x95\x8a", 5118u, 40320u },
    { "\x64ir\x31\x32/\x63lip\x34\x31.opus", "\xe9\x94\x99\xe4\xba\x86\xe9\x94\x99\xe4\xba\x86\xef\xbc\x8c\xe5\xaf\xb9\xe4\xb8\x8d\xe8\xb5\xb7", 5847u, 59840u },
    { "\x64ir\x31\x32/\x63lip\x34\x32.opus", "\xe9\xaa\x91\xe4\xb8\x8a\xe6\x88\x91\xe5\xbf\x83\xe7\x88\xb1\xe7\x9a\x84\xe5\xb0\x8f\xe6\x91\xa9\xe6\x89\x98", 31299u, 315040u },
};
static const voice_file_t *const VOICE_DIR_12 = VOICE_DIR_12_FILES;
#define VOICE_DIR_12_COUNT (sizeof(VOICE_DIR_12_FILES)/sizeof(VOICE_DIR_12_FILES[0]))

// --- dir13: 小明剑魔 ---
static const voice_file_t VOICE_DIR_13_FILES[] = {
    { "\x64ir\x31\x33/\x63lip\x30\x30.opus", "\x30\xe6\x9d\xa0\x33", 1318u, 10880u },
    { "\x64ir\x31\x33/\x63lip\x30\x31.opus", "mm\xe6\x88\x91\xe8\xa6\x81\xe8\xbf\x99\xe4\xb8\xaa", 3040u, 23680u },
    { "\x64ir\x31\x33/\x63lip\x30\x32.opus", "mm\xe7\x9c\x8b\xe6\x9c\x89\xe8\x8a\xb1", 3245u, 24160u },
    { "\x64ir\x31\x33/\x63lip\x30\x33.opus", "MVP MVP", 7719u, 78400u },
    { "\x64ir\x31\x33/\x63lip\x30\x34.opus", "MVP", 2619u, 21280u },
    { "\x64ir\x31\x33/\x63lip\x30\x35.opus", "\xe4\xb8\x83\xe8\xbf\x9e\xe8\xb4\xa5\xe6\x89\xbe\xe9\x97\xae\xe9\xa2\x98", 5527u, 43200u },
    { "\x64ir\x31\x33/\x63lip\x30\x36.opus", "\xe4\xb8\x89\xe7\x82\xb9\xe9\x9b\xb6\xe4\xb8\x89\xe7\x82\xb9\xe9\x9b\xb6", 7424u, 76640u },
    { "\x64ir\x31\x33/\x63lip\x30\x37.opus", "\xe4\xb8\xba\xe4\xbb\x80\xe4\xb9\x88\xe4\xbd\xa0\xe4\xbc\x9a\xe4\xb8\x8a\xe4\xb8\x8d\xe5\x8e\xbb", 2771u, 21920u },
    { "\x64ir\x31\x33/\x63lip\x30\x38.opus", "\xe4\xb8\xba\xe4\xbb\x80\xe4\xb9\x88\xe5\x88\xab\xe4\xba\xba\xe6\xac\xba\xe8\xb4\x9f\xe4\xbd\xa0", 3234u, 25280u },
    { "\x64ir\x31\x33/\x63lip\x30\x39.opus", "\xe4\xb8\xba\xe4\xbb\x80\xe4\xb9\x88\xe8\xaf\x84\xe5\x88\x86\xe6\xaf\x94\xe6\x88\x91\xe9\xab\x98", 2976u, 23680u },
    { "\x64ir\x31\x33/\x63lip\x31\x30.opus", "\xe4\xb9\xb0\xe4\xb8\x8d\xe8\xb5\xb7\xe6\x88\xbf\xe4\xb9\x9f\xe6\x89\xbe\xe9\x97\xae\xe9\xa2\x98", 5449u, 42080u },
    { "\x64ir\x31\x33/\x63lip\x31\x31.opus", "\xe4\xbb\x80\xe4\xb9\x88\xe9\x83\xbd\xe6\x89\xbe\xe8\x87\xaa\xe5\xb7\xb1\xe9\x97\xae\xe9\xa2\x98", 10819u, 110080u },
    { "\x64ir\x31\x33/\x63lip\x31\x32.opus", "\xe4\xbd\x9c\xe4\xb8\x9a\xe5\x86\x99\xe5\xae\x8c\xe4\xba\x86\xe6\xb2\xa1\xe6\x9c\x89", 2175u, 17280u },
    { "\x64ir\x31\x33/\x63lip\x31\x33.opus", "\xe4\xbd\xa0m\xe5\x81\x9a\xe9\xa5\xad\xe8\xbf\x99\xe4\xb8\xaa\xe6\x9c\x88\xe8\xaf\x84\xe5\x88\x86\x33.\x30", 4856u, 38080u },
    { "\x64ir\x31\x33/\x63lip\x31\x34.opus", "\xe4\xbd\xa0m\xe6\x98\xaf\xe4\xb8\x8d\xe6\x98\xaf\xe8\xba\xba\xe8\xb5\xa2", 5425u, 42560u },
    { "\x64ir\x31\x33/\x63lip\x31\x35.opus", "\xe5\x86\x85\xe4\xb8\xaa\xe5\x86\x85\xe4\xb8\xaa\xe5\x98\xbf\xe5\x91\xbd\xe8\xb4\xb5", 3623u, 28160u },
    { "\x64ir\x31\x33/\x63lip\x31\x36.opus", "\xe5\x8e\xbb\xe6\xb4\x97\xe7\x82\xb9\xe9\x98\xb3\xe5\x85\x89\xe9\x9d\x92\xe6\x8f\x90", 3207u, 25280u },
    { "\x64ir\x31\x33/\x63lip\x31\x37.opus", "\xe5\x91\x9c\xe5\x91\x9c\xe5\x91\x9c", 2721u, 22400u },
    { "\x64ir\x31\x33/\x63lip\x31\x38.opus", "\xe5\x93\x8e\xe5\x91\xa6", 2593u, 21280u },
    { "\x64ir\x31\x33/\x63lip\x31\x39.opus", "\xe5\x95\x8a\xe4\xb8\x80\xe7\x9c\x8b\xe8\xaf\x84\xe5\x88\x86", 3125u, 25280u },
    { "\x64ir\x31\x33/\x63lip\x32\x30.opus", "\xe5\x95\x8a\xe8\x83\xbd\xe8\xbf\x99\xe6\xa0\xb7\xe7\xae\x97\xe5\x90\x97", 3490u, 28160u },
    { "\x64ir\x31\x33/\x63lip\x32\x31.opus", "\xe5\x9b\x9e\xe7\xad\x94\xe6\x88\x91", 1889u, 15520u },
    { "\x64ir\x31\x33/\x63lip\x32\x32.opus", "\xe5\x9b\xa0\xe4\xb8\xba\xe4\xba\xba\xe5\xae\xb6\xe6\x98\xaf\xe9\x80\x9a\xe8\xae\xaf\xe5\xbd\x95", 2824u, 22400u },
    { "\x64ir\x31\x33/\x63lip\x32\x33.opus", "\xe5\x9b\xa0\xe4\xb8\xba\xe5\xae\x83\xe6\xaf\x94\xe6\x88\x91\xe5\x98\xbf", 2866u, 22400u },
    { "\x64ir\x31\x33/\x63lip\x32\x34.opus", "\xe5\xa5\x8e\xe6\xa1\x91\xe6\x8f\x90", 1713u, 13760u },
    { "\x64ir\x31\x33/\x63lip\x32\x35.opus", "\xe5\xaf\xb9\xe7\xba\xbf\xe9\x98\x9f\xe5\x8f\x8b\xe7\x82\xb8\xe4\xba\x86", 5412u, 42080u },
    { "\x64ir\x31\x33/\x63lip\x32\x36.opus", "\xe5\xbc\x80\xe4\xb8\x80\xe5\xb1\x80", 2505u, 20160u },
    { "\x64ir\x31\x33/\x63lip\x32\x37.opus", "\xe6\x88\x91q\xe6\x98\xaf\xe9\xa1\xba\xe5\x8f\x91\xe7\x9a\x84\xe5\x90\x97", 2669u, 21280u },
    { "\x64ir\x31\x33/\x63lip\x32\x38.opus", "\xe6\x88\x91\xe8\x80\x81\xe7\x88\xb8", 2671u, 21920u },
    { "\x64ir\x31\x33/\x63lip\x32\x39.opus", "\xe6\x88\x91\xe8\x80\x81\xe7\x88\xb8\xe5\xbe\x97\xe4\xba\x86", 1871u, 15040u },
    { "\x64ir\x31\x33/\x63lip\x33\x30.opus", "\xe6\x89\x80\xe4\xbb\xa5\xe8\xaf\x84\xe5\x88\x86\xe6\xaf\x94\xe6\x88\x91\xe9\xab\x98", 2857u, 22400u },
    { "\x64ir\x31\x33/\x63lip\x33\x31.opus", "\xe6\x89\xbe\xe9\x97\xae\xe9\xa2\x98\xe6\x89\xbe\xe9\x97\xae\xe9\xa2\x98", 6361u, 49600u },
    { "\x64ir\x31\x33/\x63lip\x33\x32.opus", "\xe7\x9c\x8b\xe7\x9d\x80\xe6\x88\x91\xe7\x9c\xbc\xe7\x9d\x9b\xe5\x8c\x97\xe9\xbc\xbb", 3004u, 24160u },
    { "\x64ir\x31\x33/\x63lip\x33\x33.opus", "\xe7\xa5\x9e\xe7\xbb\x8f\xe7\x97\x85\xe7\xa5\x9e\xe7\xbb\x8f\xe7\x97\x85", 7499u, 75520u },
    { "\x64ir\x31\x33/\x63lip\x33\x34.opus", "\xe7\xbf\xbb\xe7\x9b\x98\xe5\xb1\x80mvp", 2897u, 22400u },
    { "\x64ir\x31\x33/\x63lip\x33\x35.opus", "\xe8\xa1\xa8\xe6\x83\x85\xe5\x8d\xb0\xe5\x9c\xa8\xe9\x98\xb3\xe5\x85\x89\xe9\x9d\x92\xe6\x8f\x90", 5725u, 44320u },
    { "\x64ir\x31\x33/\x63lip\x33\x36.opus", "\xe8\xae\xbe\xe8\xae\xa1\xe5\xb8\x88", 6738u, 52960u },
    { "\x64ir\x31\x33/\x63lip\x33\x37.opus", "\xe8\xaf\x84\xe5\x88\x86\xe4\xbd\x8e\xe5\xb0\xb1\xe7\xa7\x8d\xe6\x97\x8f\xe6\xad\xa7\xe8\xa7\x86", 3449u, 26560u },
    { "\x64ir\x31\x33/\x63lip\x33\x38.opus", "\xe8\xaf\x84\xe5\x88\x86\xe8\x90\x8c\xe8\x90\x8c", 4068u, 32800u },
    { "\x64ir\x31\x33/\x63lip\x33\x39.opus", "\xe8\xaf\xb4\xe5\x89\x91\xe9\xad\x94\xe8\xb6\x85\xe6\xa8\xa1\xe7\x9a\x84", 3762u, 29440u },
    { "\x64ir\x31\x33/\x63lip\x34\x30.opus", "\xe8\xba\xba\xe8\xb5\xa2", 2735u, 21920u },
    { "\x64ir\x31\x33/\x63lip\x34\x31.opus", "\xe8\xba\xba\xe8\xb5\xa2\xe8\xba\xba\xe8\xb5\xa2", 7545u, 77120u },
    { "\x64ir\x31\x33/\x63lip\x34\x32.opus", "\xe8\xbf\x99\xe4\xb8\xaa\xe6\x9c\x88\xe8\xaf\x84\xe5\x88\x86\x33.\x30", 5816u, 44320u },
    { "\x64ir\x31\x33/\x63lip\x34\x33.opus", "\xe9\x97\xae\xe5\x89\x91\xe9\xad\x94q\xe4\xbc\x9a\xe4\xb8\x8d\xe4\xbc\x9a\xe6\x89\xa3", 5672u, 44320u },
    { "\x64ir\x31\x33/\x63lip\x34\x34.opus", "lookmy\x65y\x65", 1417u, 25920u },
    { "\x64ir\x31\x33/\x63lip\x34\x35.opus", "t\x65ll m\x65 why", 2371u, 41440u },
    { "\x64ir\x31\x33/\x63lip\x34\x36.opus", "\xe5\x95\x8a\xe8\x83\xbd\xe8\x83\xbd", 1326u, 20480u },
};
static const voice_file_t *const VOICE_DIR_13 = VOICE_DIR_13_FILES;
#define VOICE_DIR_13_COUNT (sizeof(VOICE_DIR_13_FILES)/sizeof(VOICE_DIR_13_FILES[0]))

// --- dir14: 库里 ---
static const voice_file_t VOICE_DIR_14_FILES[] = {
    { "\x64ir\x31\x34/\x63lip\x30\x30.opus", "\x43rossov\x65r\xe5\xbe\x88\xe5\x91\xa6\xe8\xa5\xbf", 4804u, 37440u },
    { "\x64ir\x31\x34/\x63lip\x30\x31.opus", "wh\x61t \x61\xe5\x8f\x91\xe5\x8f\xaf", 2626u, 20160u },
    { "\x64ir\x31\x34/\x63lip\x30\x32.opus", "\xe4\xb8\x80\xe8\xb5\xb7\xe5\x91\x90\xe5\x96\x8a\xe8\x8b\x8d\xe5\xa4\xa9\xe5\xa4\xa7\xe5\x9c\xb0", 4946u, 38080u },
    { "\x64ir\x31\x34/\x63lip\x30\x33.opus", "\xe4\xb8\x80\xe8\xb5\xb7\xe5\x91\x90\xe5\x96\x8a\xe8\x8b\x8d\xe5\xa4\xa9\xe5\xa4\xa7\xe5\x9c\xb0\x32", 4860u, 37440u },
    { "\x64ir\x31\x34/\x63lip\x30\x34.opus", "\xe4\xb8\x80\xe8\xb5\xb7\xe6\x9d\xa5\xe5\xa4\xa7\xe5\xa3\xb0\xe5\x96\x8aMVP", 5043u, 38560u },
    { "\x64ir\x31\x34/\x63lip\x30\x35.opus", "\xe4\xb8\x89\xe5\x88\x86\xe4\xb8\x89\xe5\x88\x86\xe6\x89\x8b\xe8\xb5\xb7\xe5\x88\x80\xe8\x90\xbd", 5055u, 38560u },
    { "\x64ir\x31\x34/\x63lip\x30\x36.opus", "\xe4\xb8\x89\xe5\x88\x86\xe7\x90\x83\xe6\x8a\x95\xe5\xbe\x97\xe4\xbd\xa0\xe6\xb2\xa1\xe8\x84\xbe\xe6\xb0\x94", 5617u, 43200u },
    { "\x64ir\x31\x34/\x63lip\x30\x37.opus", "\xe4\xb8\x8d\xe7\x9f\xa5\xe9\x81\x93\xe8\xaf\xa5\xe5\xa6\x82\xe4\xbd\x95\xe6\x98\xaf\xe5\xa5\xbd", 5140u, 39200u },
    { "\x64ir\x31\x34/\x63lip\x30\x38.opus", "\xe4\xbd\xa0\xe6\xac\xbe\xe6\x8b\xbd\xe9\x85\xb7\xe7\x82\xab\xe7\x9a\x84\xe4\xb8\x89\xe5\x88\x86\xe7\x90\x83", 4402u, 33920u },
    { "\x64ir\x31\x34/\x63lip\x30\x39.opus", "\xe4\xbd\xa0\xe7\x8b\x82\xe6\x8b\xbd\xe9\x85\xb7\xe7\x82\xab\xe7\x9a\x84\xe7\x90\x83\xe6\x8a\x80", 5565u, 43200u },
    { "\x64ir\x31\x34/\x63lip\x31\x30.opus", "\xe5\x85\xb3\xe9\x94\xae\xe6\x97\xb6\xe5\x88\xbb\xe6\xaf\x94\xe5\x88\x86\xe8\x90\xbd\xe5\x90\x8e", 5153u, 39680u },
    { "\x64ir\x31\x34/\x63lip\x31\x31.opus", "\xe5\x8f\x88\xe4\xb8\x80\xe4\xb8\xaa\xe4\xb8\x89\xe5\x88\x86\xe7\x90\x83", 7469u, 76000u },
    { "\x64ir\x31\x34/\x63lip\x31\x32.opus", "\xe5\x95\xa6\xe5\x95\xa6\xe5\x95\xa6\xe5\x95\xa6", 4743u, 38080u },
    { "\x64ir\x31\x34/\x63lip\x31\x33.opus", "\xe5\x95\xa6\xe5\x95\xa6\xe5\x95\xa6\xe5\x95\xa6\x31", 5348u, 40960u },
    { "\x64ir\x31\x34/\x63lip\x31\x34.opus", "\xe5\x95\xa6\xe5\x95\xa6\xe5\x95\xa6\xe5\x95\xa6\x32", 4956u, 39680u },
    { "\x64ir\x31\x34/\x63lip\x31\x35.opus", "\xe5\x95\xa6\xe5\x95\xa6\xe5\x95\xa6\xe5\x95\xa6\x33", 5129u, 39200u },
    { "\x64ir\x31\x34/\x63lip\x31\x36.opus", "\xe5\xb9\xb2\xe5\xbe\x97\xe5\xaf\xb9\xe6\x89\x8b\xe5\xbe\x88\xe4\xbc\xa4\xe5\xbf\x83", 4641u, 36320u },
    { "\x64ir\x31\x34/\x63lip\x31\x37.opus", "\xe5\xba\x93\xe9\x87\x8c\xe5\xba\x93\xe9\x87\x8c\xe5\xba\x93\xe9\x87\x8c", 4978u, 38080u },
    { "\x64ir\x31\x34/\x63lip\x31\x38.opus", "\xe5\xba\x93\xe9\x87\x8c\xe5\xba\x93\xe9\x87\x8c\xe5\xba\x93\xe9\x87\x8c\x32", 5180u, 39680u },
    { "\x64ir\x31\x34/\x63lip\x31\x39.opus", "\xe6\x88\x91\xe4\xbb\xac\xe6\xb0\xb8\xe8\xbf\x9c\xe9\x83\xbd\xe6\x94\xaf\xe6\x8c\x81\xe4\xbd\xa0", 4763u, 37440u },
    { "\x64ir\x31\x34/\x63lip\x32\x30.opus", "\xe6\x8a\x80\xe6\x9c\xaf\xe8\x83\xbd\xe6\x97\xa5\xe5\xa4\xa9\xe7\x9a\x84\xe5\xba\x93\xe9\x87\x8c", 5194u, 40320u },
    { "\x64ir\x31\x34/\x63lip\x32\x31.opus", "\xe6\x97\xa0\xe8\xa7\x86\xe9\x98\xb2\xe5\xae\x88\xe4\xb8\x8a\xe6\xbc\x94\xe7\xa5\x9e\xe8\xbf\xb9", 5230u, 40320u },
    { "\x64ir\x31\x34/\x63lip\x32\x32.opus", "\xe6\x9d\xa5\xe6\x9d\xa5\xe6\x9d\xa5\xe7\x9c\x8b\xe6\x88\x91\xe5\xba\x93\xe9\x87\x8c\xe8\xa1\xa8\xe6\xbc\x94", 5244u, 40320u },
    { "\x64ir\x31\x34/\x63lip\x32\x33.opus", "\xe6\xbc\x82\xe4\xba\xae\xe7\x9a\x84\xe5\x81\x87\xe5\x8a\xa8\xe4\xbd\x9c\xe5\xbe\x88\xe5\xb8\x85\xe6\xb0\x94", 4983u, 38560u },
    { "\x64ir\x31\x34/\x63lip\x32\x34.opus", "\xe8\xa1\xa8\xe8\xbe\xbe\xe7\x90\x83\xe8\xbf\xb7\xe7\x9a\x84\xe4\xb8\x80\xe4\xb8\x9d\xe6\x95\xac\xe6\x84\x8f", 4861u, 38080u },
    { "\x64ir\x31\x34/\x63lip\x32\x35.opus", "\xe8\xae\xa9\xe5\xaf\xb9\xe6\x89\x8b\xe8\x92\x99\xe5\x9c\x88\xe7\x9a\x84\xe4\xb8\x89\xe5\x88\x86\xe7\x90\x83", 5402u, 42080u },
    { "\x64ir\x31\x34/\x63lip\x32\x36.opus", "\xe8\xae\xa9\xe6\x88\x91\xe4\xbb\xac\xe6\x8b\x9c\xe8\x86\x9c\xe7\x9a\x84\xe4\xb8\x89\xe5\x88\x86\xe7\x90\x83", 5090u, 39200u },
    { "\x64ir\x31\x34/\x63lip\x32\x37.opus", "\xe8\xaf\xb7\xe4\xbb\xa5\xe6\xad\xa4\xe6\xad\x8c\xe5\x90\x91\xe5\x81\xb6\xe5\x83\x8f\xe8\x87\xb4\xe6\x95\xac", 5046u, 39680u },
    { "\x64ir\x31\x34/\x63lip\x32\x38.opus", "\xe8\xbf\x99\xe5\xb0\xb1\xe6\x98\xaf\xe6\x88\x91\xe4\xbb\xac\xe7\x9a\x84\xe5\xba\x93\xe9\x87\x8c", 5141u, 39680u },
};
static const voice_file_t *const VOICE_DIR_14 = VOICE_DIR_14_FILES;
#define VOICE_DIR_14_COUNT (sizeof(VOICE_DIR_14_FILES)/sizeof(VOICE_DIR_14_FILES[0]))

// --- dir15: 我要验牌法国赌神 ---
static const voice_file_t VOICE_DIR_15_FILES[] = {
    { "\x64ir\x31\x35/\x63lip\x30\x30.opus", "\xe4\xb8\x8d\xe7\x94\xa8\xe7\x9c\x8b\xe4\xba\x86", 1803u, 14400u },
    { "\x64ir\x31\x35/\x63lip\x30\x31.opus", "\xe4\xbd\xa0\xe8\xb7\x9f\xe4\xbb\x96\xe8\xb5\x8c\xe9\x82\xa3\xe6\x88\x91\xe5\xb9\xb2\xe4\xbb\x80\xe4\xb9\x88", 3085u, 24800u },
    { "\x64ir\x31\x35/\x63lip\x30\x32.opus", "\xe5\xb0\x8f\xe5\x84\xbf\xe7\xa7\x91", 1816u, 15040u },
    { "\x64ir\x31\x35/\x63lip\x30\x33.opus", "\xe5\xb0\x8f\xe7\x98\xaa\xe4\xb8\x89", 2101u, 17280u },
    { "\x64ir\x31\x35/\x63lip\x30\x34.opus", "\xe5\xbc\x80\xe7\x89\x8c", 1171u, 9760u },
    { "\x64ir\x31\x35/\x63lip\x30\x35.opus", "\xe5\xbc\x80\xe7\x89\x8c\xe5\x95\x8a", 1588u, 13280u },
    { "\x64ir\x31\x35/\x63lip\x30\x36.opus", "\xe6\x88\x91\xe8\xa6\x81\xe7\x83\x9f\xe7\x89\x8c", 2732u, 21920u },
    { "\x64ir\x31\x35/\x63lip\x30\x37.opus", "\xe6\x88\x91\xe8\xa6\x81\xe9\xaa\x8c\xe7\x89\x8c", 2327u, 19040u },
    { "\x64ir\x31\x35/\x63lip\x30\x38.opus", "\xe7\x89\x8c", 933u, 8640u },
    { "\x64ir\x31\x35/\x63lip\x30\x39.opus", "\xe7\x89\x8c\xe6\xb2\xa1\xe6\x9c\x89\xe9\x97\xae\xe9\xa2\x98", 2078u, 16160u },
    { "\x64ir\x31\x35/\x63lip\x31\x30.opus", "\xe7\xbb\x99\xe6\x88\x91\xe6\x93\xa6\xe7\x9a\xae\xe9\x9e\x8b", 2458u, 19520u },
};
static const voice_file_t *const VOICE_DIR_15 = VOICE_DIR_15_FILES;
#define VOICE_DIR_15_COUNT (sizeof(VOICE_DIR_15_FILES)/sizeof(VOICE_DIR_15_FILES[0]))

// --- dir16: 柚子厨 ---
static const voice_file_t VOICE_DIR_16_FILES[] = {
    { "\x64ir\x31\x36/\x63lip\x30\x30.opus", "\xe4\xb8\x8d\xe8\xa6\x81\xe7\x9c\x8b\xe4\xb8\x8d\xe8\xa6\x81\xe7\x9c\x8b\xe6\x88\x91", 6076u, 60480u },
    { "\x64ir\x31\x36/\x63lip\x30\x31.opus", "\xe4\xb8\x8d\xe8\xa6\x81\xe7\xb4\xa7", 2432u, 19520u },
    { "\x64ir\x31\x36/\x63lip\x30\x32.opus", "\xe4\xb8\x8d\xef\xbc\x8c\xe5\xba\x94\xe8\xaf\xa5\xe4\xb8\x8d\xe5\x8f\xaf\xe8\x83\xbd\xef\xbc\x8c\xe4\xbd\x86\xe6\x98\xaf\xe5\x97\xaf", 8188u, 84640u },
    { "\x64ir\x31\x36/\x63lip\x30\x33.opus", "\xe4\xb8\xbb\xe4\xba\xba\xe5\x88\x9a\xe6\x89\x8d\xe6\x91\xb8\xe7\x9a\x84\xe6\x98\xaf\xe6\x9c\xac\xe5\xba\xa7\xe5\x89\x8d\xe7\x9a\x84\xe9\xaa\xa8\xe5\xa4\xb4\xef\xbc\x81", 7970u, 79520u },
    { "\x64ir\x31\x36/\x63lip\x30\x34.opus", "\xe4\xb8\xbb\xe4\xba\xba\xef\xbc\x81\xef\xbc\x81\xef\xbc\x81", 7208u, 73120u },
    { "\x64ir\x31\x36/\x63lip\x30\x35.opus", "\xe4\xb8\xbb\xe4\xba\xba\xef\xbc\x8c\xe4\xbd\xa0\xe8\xa6\x81\xe4\xb8\x8d\xe4\xb9\x9f\xe6\x9d\xa5\xe8\xaf\x95\xe8\xaf\x95\xef\xbc\x9f", 5907u, 47840u },
    { "\x64ir\x31\x36/\x63lip\x30\x36.opus", "\xe4\xbd\x86\xe4\xbd\xa0\xe5\xbf\x83\xe9\x87\x8c\xe6\x83\xb3\xe4\xba\x86\xef\xbc\x8c\xe7\x9c\x8b\xe4\xbd\xa0\xe8\x84\xb8\xe4\xb8\x8a\xe7\x9a\x84\xe8\xa1\xa8\xe6\x83\x85\xe5\xb0\xb1\xe7\x9f\xa5\xe9\x81\x93\xe4\xbd\xa0\xe5\x88\x9a\xe6\x89\x8d\xe5\x9c\xa8\xe6\x83\xb3\xef\xbc\x8c\xe6\x88\x91\xe6\xb2\xa1\xe8\xa7\x89\xe5\xbe\x97\xef\xbc\x8c\xe6\x88\x91\xe6\x91\xb8\xe5\x88\xb0\xe8\x83\xb8\xe9\x83\xa8\xe4\xba\x86\xe5\x95\x8a", 9889u, 100800u },
    { "\x64ir\x31\x36/\x63lip\x30\x37.opus", "\xe4\xbd\xa0\xe4\xbd\xa0\xe8\xaf\xb4\xe4\xbb\x80\xe4\xb9\x88\xef\xbc\x9f\xe4\xbd\xa0\xe4\xbd\xa0\xe6\x98\xaf\xe5\x9c\xa8\xe6\x84\x9a\xe5\xbc\x84\xe6\x9c\xac\xe5\xba\xa7\xe5\x90\x97\xef\xbc\x9f", 9032u, 92160u },
    { "\x64ir\x31\x36/\x63lip\x30\x38.opus", "\xe4\xbd\xa0\xe8\xbf\x99\xef\xbc\x9f", 2732u, 24160u },
    { "\x64ir\x31\x36/\x63lip\x30\x39.opus", "\xe5\x86\x8d\xe8\xaf\xb4\xe4\xba\x86\xef\xbc\x8c\xe7\xa1\xac\xe7\x9a\x84\xe6\x98\xaf\xe9\xaa\xa8\xe5\xa4\xb4\xef\xbc\x81", 4080u, 31040u },
    { "\x64ir\x31\x36/\x63lip\x31\x30.opus", "\xe5\x88\xb0\xe5\xa4\x96\xe9\x9d\xa2\xe5\x8e\xbb\xef\xbc\x8c\xe6\x9c\xac\xe5\xba\xa7\xe8\xa6\x81\xe5\x92\x8c\xe4\xbd\xa0\xe5\x8d\x95\xe6\x8c\x91", 5086u, 41440u },
    { "\x64ir\x31\x36/\x63lip\x31\x31.opus", "\xe5\x8f\xaf\xe5\x8f\xaf\xe6\x81\xb6", 5279u, 56960u },
    { "\x64ir\x31\x36/\x63lip\x31\x32.opus", "\xe5\x91\x9c\xe5\x91\x9c\xe5\x91\x9c\xe5\x95\x8a\xe5\x95\x8a\xe5\x95\x8a", 7727u, 82400u },
    { "\x64ir\x31\x36/\x63lip\x31\x33.opus", "\xe5\x92\xa6\xe5\x92\xa6\xe8\xaf\xb6\xe4\xb8\xbb\xe4\xb8\xbb\xe4\xb8\xbb\xe4\xba\xba", 9173u, 111200u },
    { "\x64ir\x31\x36/\x63lip\x31\x34.opus", "\xe5\x92\xa6\xe7\xab\x9f\xe7\x84\xb6\xe6\x8e\xa8\xe5\x87\xba\xe5\x8e\xbb\xe9\x82\xa3\xe4\xb9\x88\xe8\xbf\x9c\xef\xbc\x8c\xe7\x9c\x9f\xe7\x9a\x84\xe7\xa2\xb0\xe5\xbe\x97\xe5\x88\xb0\xef\xbc\x9f", 9125u, 104320u },
    { "\x64ir\x31\x36/\x63lip\x31\x35.opus", "\xe5\x92\xb3\xe5\x92\xb3\xef\xbc\x8c\xe6\x88\x91\xe8\xa6\x81\xe8\xaf\xb4\xe4\xba\x86\xe5\x99\xa2", 3099u, 27680u },
    { "\x64ir\x31\x36/\x63lip\x31\x36.opus", "\xe5\x93\x88\xe5\x96\xbd", 1601u, 13280u },
    { "\x64ir\x31\x36/\x63lip\x31\x37.opus", "\xe5\x93\xbc", 1220u, 10400u },
    { "\x64ir\x31\x36/\x63lip\x31\x38.opus", "\xe5\x94\x94\xe5\x94\x94\xe5\xa5\xbd\xe7\x96\xbc", 6368u, 50720u },
    { "\x64ir\x31\x36/\x63lip\x31\x39.opus", "\xe5\x94\x94\xe6\x97\xa9\xe4\xb8\x8a\xe5\xa5\xbd", 6515u, 51840u },
    { "\x64ir\x31\x36/\x63lip\x32\x30.opus", "\xe5\x95\x8a\xe5\x95\x8a\xe5\x95\x8a", 5801u, 47200u },
    { "\x64ir\x31\x36/\x63lip\x32\x31.opus", "\xe5\x95\x8a\xe6\x9c\x89\xe5\x9c\xb0\xef\xbc\x9f", 3357u, 29920u },
    { "\x64ir\x31\x36/\x63lip\x32\x32.opus", "\xe5\xbd\x93\xe7\x84\xb6\xe4\xba\x86", 4076u, 36800u },
    { "\x64ir\x31\x36/\x63lip\x32\x33.opus", "\xe6\x83\xb3\xe4\xb8\x8d\xe9\x80\x9a\xef\xbc\x8c\xe6\x9c\xac\xe5\xba\xa7\xe9\x83\xbd\xe6\xb2\xa1\xe6\xb3\x95\xe5\xa5\xbd\xe5\xa5\xbd\xe6\x80\x9d\xe8\x80\x83\xe4\xba\x86", 9916u, 103040u },
    { "\x64ir\x31\x36/\x63lip\x32\x34.opus", "\xe6\x88\x91\xe5\x9c\xa8\xe7\xbd\x91\xe4\xb8\x8a\xe6\x90\x9c\xe7\xb4\xa2\xe5\xbe\x97\xe7\x9f\xa5\xe5\xa4\xa7\xe5\x9f\x8e\xe5\xb8\x82\xe6\xb5\x81\xe8\xa1\x8c\xe8\xbf\x99\xe6\xa0\xb7\xe8\xaf\xb4\xef\xbc\x8c\xe9\x9a\xbe\xe9\x81\x93\xe4\xb8\x8d\xe6\x98\xaf\xe5\x90\x97", 8267u, 85760u },
    { "\x64ir\x31\x36/\x63lip\x32\x35.opus", "\xe6\x89\x80\xe4\xbb\xa5\xe6\x9c\xac\xe5\xba\xa7\xe6\x89\x8d\xe8\xae\xa9\xe4\xbd\xa0\xe6\x91\xb8\xe7\x9a\x84", 6263u, 64000u },
    { "\x64ir\x31\x36/\x63lip\x32\x36.opus", "\xe6\x97\xa9\xe4\xb8\x8a\xe5\xa5\xbd\xef\xbc\x8c\xe6\x9c\x89\xe5\x9c\xb0", 5315u, 42080u },
    { "\x64ir\x31\x36/\x63lip\x32\x37.opus", "\xe6\x9c\x89\xe5\x9c\xb0\xef\xbc\x8c\xe5\x93\x88\xe5\x96\xbd", 3680u, 32800u },
    { "\x64ir\x31\x36/\x63lip\x32\x38.opus", "\xe6\x9d\xa5\xe5\x90\xa7\xef\xbc\x8c\xe6\x83\xb3\xe6\x91\xb8\xe5\x93\xaa\xe9\x87\x8c\xe9\x83\xbd\xe5\x8f\xaf\xe4\xbb\xa5", 7029u, 55360u },
    { "\x64ir\x31\x36/\x63lip\x32\x39.opus", "\xe6\x9e\x9c\xe7\x84\xb6\xe5\xa6\x82\xe6\xad\xa4\xef\xbc\x81", 3083u, 25280u },
    { "\x64ir\x31\x36/\x63lip\x33\x30.opus", "\xe7\xab\x9f\xe7\x84\xb6\xe4\xb8\x80\xe8\xbe\xb9\xe9\x81\x93\xe6\xad\x89\xe4\xb8\x80\xe8\xbe\xb9\xe6\x8d\x9f\xe4\xba\xba\xef\xbc\x81", 6282u, 48960u },
    { "\x64ir\x31\x36/\x63lip\x33\x31.opus", "\xe8\x80\x8c\xe4\xb8\x94\xe6\x9c\xac\xe5\xba\xa7\xe8\x83\xbd\xe6\x8a\x8a\xe4\xbd\xa0\xe6\x8e\xa8\xe5\x87\xba\xe5\x8e\xbb\xef\xbc\x8c\xe8\xbf\x99\xe4\xb9\x9f\xe5\xbe\x88\xe5\xa5\x87\xe6\x80\xaa\xe5\x95\x8a", 5847u, 58720u },
    { "\x64ir\x31\x36/\x63lip\x33\x32.opus", "\xe8\x80\x8c\xe4\xb8\x94\xe8\xaf\xb7\xe4\xbd\xa0\xe6\x94\xbe\xe5\xbf\x83\xef\xbc\x8c\xe6\x88\x91\xe6\x98\xa8\xe5\xa4\xa9\xe5\xb7\xb2\xe7\xbb\x8f \xe8\xae\xa4\xe7\x9c\x9f\xe6\x9f\xa5\xe8\xbf\x87\xe6\x9c\x8b\xe5\x8f\x8b\xe4\xb9\x8b\xe9\x97\xb4\xe7\x9a\x84\xe9\x97\xae\xe5\x80\x99\xe8\xaf\xad\xe4\xba\x86", 8011u, 82400u },
    { "\x64ir\x31\x36/\x63lip\x33\x33.opus", "\xe8\xa2\xab\xe6\x91\xb8\xe4\xba\x86 \xef\xbc\x8c\xe7\xab\x9f\xe7\x84\xb6\xe8\xa2\xab\xe6\x91\xb8\xe4\xba\x86", 5710u, 58720u },
    { "\x64ir\x31\x36/\x63lip\x33\x34.opus", "\xe8\xbf\x98\xe8\xbf\x98\xe8\xbf\x98\xe4\xb8\x8d\xe6\x98\xaf\xe4\xb8\xbb\xe4\xba\xba\xe6\x91\xb8\xe6\x9c\xac\xe5\xba\xa7\xe7\x9a\x84\xe8\x83\xb8\xe9\x83\xa8\xef\xbc\x81", 6922u, 72000u },
    { "\x64ir\x31\x36/\x63lip\x33\x35.opus", "\xe9\x83\xbd\xe8\xaf\xb4\xe4\xba\x86\xe9\x9a\x8f\xe4\xbe\xbf\xe6\x91\xb8", 3496u, 29920u },
};
static const voice_file_t *const VOICE_DIR_16 = VOICE_DIR_16_FILES;
#define VOICE_DIR_16_COUNT (sizeof(VOICE_DIR_16_FILES)/sizeof(VOICE_DIR_16_FILES[0]))

// --- dir17: 牛来 ---
static const voice_file_t VOICE_DIR_17_FILES[] = {
    { "\x64ir\x31\x37/\x63lip\x30\x30.opus", "\xe5\xa6\x88\xe5\xa6\x88", 5282u, 40800u },
    { "\x64ir\x31\x37/\x63lip\x30\x31.opus", "\xe7\x89\x9b\xe6\x9d\xa5", 2829u, 21600u },
};
static const voice_file_t *const VOICE_DIR_17 = VOICE_DIR_17_FILES;
#define VOICE_DIR_17_COUNT (sizeof(VOICE_DIR_17_FILES)/sizeof(VOICE_DIR_17_FILES[0]))

// --- dir18: 王世坚 ---
static const voice_file_t VOICE_DIR_18_FILES[] = {
    { "\x64ir\x31\x38/\x63lip\x30\x30.opus", "\xe3\x80\x8a\xe6\xb2\xa1\xe5\x87\xba\xe6\x81\xaf\xe3\x80\x8b", 39163u, 403200u },
    { "\x64ir\x31\x38/\x63lip\x30\x31.opus", "\xe4\xb8\x8d\xe5\xbe\x97\xe4\xba\x86\xe8\xaf\xb6", 2165u, 17920u },
    { "\x64ir\x31\x38/\x63lip\x30\x32.opus", "\xe4\xb8\x93\xe6\x90\x9e\xe8\xbf\x99\xe7\xa7\x8d\xe9\xb8\x9f\xe4\xba\x8b", 3033u, 24800u },
    { "\x64ir\x31\x38/\x63lip\x30\x33.opus", "\xe4\xb8\xba\xe4\xbb\x80\xe4\xb9\x88\xe8\xa6\x81\xe7\x9d\x81\xe7\x9c\xbc\xe8\xaf\xb4\xe7\x9e\x8e\xe8\xaf\x9d\xe5\x91\xa2", 5038u, 40320u },
    { "\x64ir\x31\x38/\x63lip\x30\x34.opus", "\xe4\xbb\x96\xe4\xb8\x80\xe5\x91\xbc\xe4\xbd\xa0\xe4\xbb\xac\xe7\x99\xbe\xe8\xaf\xba", 3827u, 30560u },
    { "\x64ir\x31\x38/\x63lip\x30\x35.opus", "\xe4\xbb\x96\xe7\x81\xab\xe4\xba\x86", 1588u, 12640u },
    { "\x64ir\x31\x38/\x63lip\x30\x36.opus", "\xe4\xbb\x96\xe7\x8e\xa9\xe5\xbe\x97\xe8\xb5\xb7\xe6\x88\x91\xe4\xbb\xac\xe7\x8e\xa9\xe4\xb8\x8d\xe8\xb5\xb7\xe5\x90\x97", 4691u, 36320u },
    { "\x64ir\x31\x38/\x63lip\x30\x37.opus", "\xe4\xbd\xa0\xe5\x9c\xa8\xe5\x93\xad\xe4\xbb\x80\xe4\xb9\x88\xe5\x93\xad", 3499u, 28160u },
    { "\x64ir\x31\x38/\x63lip\x30\x38.opus", "\xe4\xbd\xa0\xe5\x9c\xa8\xe5\x93\xbd\xe5\x92\xbd\xe4\xbb\x80\xe4\xb9\x88\xe5\x95\xa6", 3965u, 31040u },
    { "\x64ir\x31\x38/\x63lip\x30\x39.opus", "\xe4\xbd\xa0\xe5\xb0\xb1\xe6\x98\xaf\xe8\xb0\x8e\xe8\xaf\x9d\xe7\x9a\x84\xe6\xba\x90\xe5\xa4\xb4\xe8\xaf\xb6", 5193u, 40320u },
    { "\x64ir\x31\x38/\x63lip\x31\x30.opus", "\xe4\xbd\xa0\xe6\x87\x82", 1223u, 9760u },
    { "\x64ir\x31\x38/\x63lip\x31\x31.opus", "\xe4\xbd\xa0\xe8\xa6\x81\xe4\xb8\x8d\xe8\xa6\x81\xe9\x81\x93\xe6\xad\x89", 1907u, 15520u },
    { "\x64ir\x31\x38/\x63lip\x31\x32.opus", "\xe4\xbd\xa0\xe8\xae\xb2\xe8\xbf\x99\xe4\xb8\xaa\xe9\x83\xbd\xe8\xbf\x99\xe4\xb8\xaa\xe9\x83\xbd\xe5\xae\x8c\xe5\x85\xa8\xe8\xae\xb2\xe4\xb8\x8d\xe8\xbf\x87\xe5\x8e\xbb", 7131u, 73120u },
    { "\x64ir\x31\x38/\x63lip\x31\x33.opus", "\xe4\xbd\xa0\xe9\x82\xa3\xe4\xb8\x80\xe4\xba\x9b\xe8\xae\xb2\xe8\xaf\x9d\xe7\x94\xa8\xe8\xaf\x8d\xe5\x99\xa2\xe8\xbf\x98\xe8\x9b\xae\xe9\xab\x98\xe9\x9b\x85\xe7\x9a\x84", 8211u, 85280u },
    { "\x64ir\x31\x38/\x63lip\x31\x34.opus", "\xe5\x83\x8f\xe9\xac\xbc\xe7\x94\xbb\xe7\xac\xa6", 3709u, 28800u },
    { "\x64ir\x31\x38/\x63lip\x31\x35.opus", "\xe5\x99\xa2\xe8\xbf\x99\xe4\xb8\xaa\xe9\x97\xae\xe5\x88\xb0\xe6\x88\x91\xe7\x9a\x84\xe6\xad\xbb\xe7\xa9\xb4", 3594u, 28160u },
    { "\x64ir\x31\x38/\x63lip\x31\x36.opus", "\xe5\xa4\xa9\xe5\xba\x95\xe4\xb8\x8b\xe6\x9c\x89\xe8\xbf\x99\xe7\xa7\x8d\xe4\xba\x8b", 2610u, 21280u },
    { "\x64ir\x31\x38/\x63lip\x31\x37.opus", "\xe5\xb0\xb1\xe6\x98\xaf\xe8\xbf\x99\xe4\xb9\x88\xe7\xae\x80\xe5\x8d\x95", 3074u, 24800u },
    { "\x64ir\x31\x38/\x63lip\x31\x38.opus", "\xe5\xb9\xb2\xe4\xb8\x8d\xe4\xba\x86\xe4\xbb\x80\xe4\xb9\x88\xe5\xa5\xbd\xe4\xba\x8b", 3244u, 25280u },
    { "\x64ir\x31\x38/\x63lip\x31\x39.opus", "\xe6\x84\x8f\xe5\xa4\x96\xe4\xb8\x8d\xe6\x84\x8f\xe5\xa4\x96", 2886u, 23040u },
    { "\x64ir\x31\x38/\x63lip\x32\x30.opus", "\xe6\x87\x82\xe4\xbd\xa0\xe5\xb0\xb1\xe6\x98\xaf\xe9\x83\xbd\xe4\xb8\x8d\xe5\x81\x9a\xe5\x95\x8a", 3710u, 29920u },
    { "\x64ir\x31\x38/\x63lip\x32\x31.opus", "\xe6\x88\x91\xe7\x9c\x9f\xe6\x98\xaf\xe4\xb8\x8d\xe5\xa3\xb0\xe5\x94\x8f\xe5\x98\x98\xe4\xba\x86", 4194u, 32800u },
    { "\x64ir\x31\x38/\x63lip\x32\x32.opus", "\xe6\x9c\xac\xe6\x9d\xa5\xe5\xba\x94\xe8\xaf\xa5\xe4\xbb\x8e\xe4\xbb\x8e\xe5\xae\xb9\xe5\xae\xb9\xe6\xb8\xb8\xe5\x88\x83\xe6\x9c\x89\xe4\xbd\x99", 5888u, 60480u },
    { "\x64ir\x31\x38/\x63lip\x32\x33.opus", "\xe6\xad\xa3\xe4\xba\x8b\xe4\xb8\x8d\xe5\xb9\xb2", 3120u, 25280u },
    { "\x64ir\x31\x38/\x63lip\x32\x34.opus", "\xe6\xaf\x94\xe5\x88\x92\xe4\xba\x86\xe5\x8d\x8a\xe5\xa4\xa9\xe4\xbb\x80\xe4\xb9\x88\xe9\x83\xbd\xe6\xb2\xa1\xe5\x81\x9a\xe5\x88\xb0", 5565u, 56960u },
    { "\x64ir\x31\x38/\x63lip\x32\x35.opus", "\xe6\xb2\xa1\xe5\x87\xba\xe6\x81\xaf", 3299u, 26560u },
    { "\x64ir\x31\x38/\x63lip\x32\x36.opus", "\xe6\xb2\xa1\xe6\x9c\x89\xe6\x9c\x80\xe6\x89\xaf\xe5\x8f\xaa\xe6\x9c\x89\xe6\x9b\xb4\xe6\x89\xaf", 5808u, 59840u },
    { "\x64ir\x31\x38/\x63lip\x32\x37.opus", "\xe7\x88\xb1\xe6\x80\x8e\xe4\xb9\x88\xe5\x81\x9a\xe5\xb0\xb1\xe6\x80\x8e\xe4\xb9\x88\xe5\x81\x9a", 3720u, 29440u },
    { "\x64ir\x31\x38/\x63lip\x32\x38.opus", "\xe7\x8e\xb0\xe5\x9c\xa8\xe6\x98\xaf\xe5\x8c\x86\xe5\x8c\x86\xe5\xbf\x99\xe5\xbf\x99", 4228u, 33440u },
    { "\x64ir\x31\x38/\x63lip\x32\x39.opus", "\xe7\x8e\xb0\xe5\x9c\xa8\xe7\x81\xab\xe7\x83\xa7\xe5\x88\xb0\xe5\xb1\x81\xe8\x82\xa1\xe4\xba\x86", 3094u, 24160u },
    { "\x64ir\x31\x38/\x63lip\x33\x30.opus", "\xe7\x9d\x81\xe7\x9c\xbc\xe8\xaf\xb4\xe7\x9e\x8e\xe8\xaf\x9d", 3338u, 26560u },
    { "\x64ir\x31\x38/\x63lip\x33\x31.opus", "\xe8\x80\x81\xe5\xa4\xa9\xe6\x9c\x89\xe7\x9c\xbc\xe5\x91\x90", 2686u, 21920u },
    { "\x64ir\x31\x38/\x63lip\x33\x32.opus", "\xe8\x87\xaa\xe7\x94\xb1\xe5\x8f\x91\xe6\x8c\xa5", 3212u, 25280u },
    { "\x64ir\x31\x38/\x63lip\x33\x33.opus", "\xe8\x8e\xab\xe5\x90\x8d\xe5\x85\xb6\xe5\xa6\x99\xe5\x88\xb0\xe6\x9e\x81\xe7\x82\xb9", 3912u, 31680u },
    { "\x64ir\x31\x38/\x63lip\x33\x34.opus", "\xe8\xbf\x99\xe4\xb8\xaa\xe5\x8f\xab\xe5\xa6\x96\xe4\xbf\xae", 2748u, 21920u },
    { "\x64ir\x31\x38/\x63lip\x33\x35.opus", "\xe8\xbf\x99\xe6\x98\xaf\xe5\x9c\xa8\xe6\x89\xae\xe6\xbc\x94\xe4\xb8\x8a\xe5\xb8\x9d\xe8\x80\xb6", 3526u, 28160u },
    { "\x64ir\x31\x38/\x63lip\x33\x36.opus", "\xe8\xbf\x99\xe6\x98\xaf\xe8\xa3\x81\xe5\x88\xa4\xe5\x85\xbc\xe7\x90\x83\xe5\x91\x98\xe8\x80\xb6", 4372u, 33920u },
    { "\x64ir\x31\x38/\x63lip\x33\x37.opus", "\xe8\xbf\x9e\xe6\xbb\x9a\xe5\xb8\xa6\xe7\x88\xac", 4379u, 34560u },
    { "\x64ir\x31\x38/\x63lip\x33\x38.opus", "\xe9\x83\xbd\xe6\x98\xaf\xe5\x9c\xa8\xe4\xbd\xa0\xe6\x89\x8b\xe4\xb8\x8a\xe5\x95\x8a", 3449u, 26560u },
    { "\x64ir\x31\x38/\x63lip\x33\x39.opus", "\xe9\x95\xbf\xe4\xbb\x96\xe4\xba\xba\xe5\xa8\x81\xe9\xa3\x8e\xe7\x81\xad\xe8\x87\xaa\xe5\xb7\xb1\xe5\xbf\x97\xe6\xb0\x94", 6238u, 64000u },
};
static const voice_file_t *const VOICE_DIR_18 = VOICE_DIR_18_FILES;
#define VOICE_DIR_18_COUNT (sizeof(VOICE_DIR_18_FILES)/sizeof(VOICE_DIR_18_FILES[0]))

// --- dir19: 科比 ---
static const voice_file_t VOICE_DIR_19_FILES[] = {
    { "\x64ir\x31\x39/\x63lip\x30\x30.opus", "m\x61n", 1942u, 16160u },
    { "\x64ir\x31\x39/\x63lip\x30\x31.opus", "m\x61n\xe5\x8f\xab", 11567u, 117440u },
    { "\x64ir\x31\x39/\x63lip\x30\x32.opus", "Wh\x61t \x63\x61n", 1530u, 12640u },
    { "\x64ir\x31\x39/\x63lip\x30\x33.opus", "\xe5\x95\xb5", 1087u, 9760u },
    { "\x64ir\x31\x39/\x63lip\x30\x34.opus", "\xe6\x8c\x81\xe7\xbb\xadm\x61n", 35801u, 365760u },
    { "\x64ir\x31\x39/\x63lip\x30\x35.opus", "\xe6\x9b\xbc\xe5\xb7\xb4out", 1308u, 10880u },
    { "\x64ir\x31\x39/\x63lip\x30\x36.opus", "\xe6\x9b\xbc\xe5\xb7\xb4\xe5\x8f\x98\xe9\x9f\xb3\x31", 14972u, 153280u },
    { "\x64ir\x31\x39/\x63lip\x30\x37.opus", "\xe6\x9b\xbc\xe5\xb7\xb4\xe5\x8f\x98\xe9\x9f\xb3\x31\x30", 15013u, 153280u },
    { "\x64ir\x31\x39/\x63lip\x30\x38.opus", "\xe6\x9b\xbc\xe5\xb7\xb4\xe5\x8f\x98\xe9\x9f\xb3\x31\x31", 14849u, 153280u },
    { "\x64ir\x31\x39/\x63lip\x30\x39.opus", "\xe6\x9b\xbc\xe5\xb7\xb4\xe5\x8f\x98\xe9\x9f\xb3\x31\x32", 15053u, 153280u },
    { "\x64ir\x31\x39/\x63lip\x31\x30.opus", "\xe6\x9b\xbc\xe5\xb7\xb4\xe5\x8f\x98\xe9\x9f\xb3\x31\x33", 8708u, 89920u },
    { "\x64ir\x31\x39/\x63lip\x31\x31.opus", "\xe6\x9b\xbc\xe5\xb7\xb4\xe5\x8f\x98\xe9\x9f\xb3\x31\x34", 14867u, 153280u },
    { "\x64ir\x31\x39/\x63lip\x31\x32.opus", "\xe6\x9b\xbc\xe5\xb7\xb4\xe5\x8f\x98\xe9\x9f\xb3\x31\x35", 12810u, 130720u },
    { "\x64ir\x31\x39/\x63lip\x31\x33.opus", "\xe6\x9b\xbc\xe5\xb7\xb4\xe5\x8f\x98\xe9\x9f\xb3\x31\x36", 15952u, 164160u },
    { "\x64ir\x31\x39/\x63lip\x31\x34.opus", "\xe6\x9b\xbc\xe5\xb7\xb4\xe5\x8f\x98\xe9\x9f\xb3\x31\x37", 24652u, 256320u },
    { "\x64ir\x31\x39/\x63lip\x31\x35.opus", "\xe6\x9b\xbc\xe5\xb7\xb4\xe5\x8f\x98\xe9\x9f\xb3\x31\x38", 14951u, 153280u },
    { "\x64ir\x31\x39/\x63lip\x31\x36.opus", "\xe6\x9b\xbc\xe5\xb7\xb4\xe5\x8f\x98\xe9\x9f\xb3\x31\x39", 14910u, 153280u },
    { "\x64ir\x31\x39/\x63lip\x31\x37.opus", "\xe6\x9b\xbc\xe5\xb7\xb4\xe5\x8f\x98\xe9\x9f\xb3\x32", 7572u, 78400u },
    { "\x64ir\x31\x39/\x63lip\x31\x38.opus", "\xe6\x9b\xbc\xe5\xb7\xb4\xe5\x8f\x98\xe9\x9f\xb3\x32\x30", 14760u, 153280u },
    { "\x64ir\x31\x39/\x63lip\x31\x39.opus", "\xe6\x9b\xbc\xe5\xb7\xb4\xe5\x8f\x98\xe9\x9f\xb3\x32\x31", 16757u, 171680u },
    { "\x64ir\x31\x39/\x63lip\x32\x30.opus", "\xe6\x9b\xbc\xe5\xb7\xb4\xe5\x8f\x98\xe9\x9f\xb3\x32\x32", 14902u, 153280u },
    { "\x64ir\x31\x39/\x63lip\x32\x31.opus", "\xe6\x9b\xbc\xe5\xb7\xb4\xe5\x8f\x98\xe9\x9f\xb3\x33", 25530u, 263840u },
    { "\x64ir\x31\x39/\x63lip\x32\x32.opus", "\xe6\x9b\xbc\xe5\xb7\xb4\xe5\x8f\x98\xe9\x9f\xb3\x34", 14878u, 153280u },
    { "\x64ir\x31\x39/\x63lip\x32\x33.opus", "\xe6\x9b\xbc\xe5\xb7\xb4\xe5\x8f\x98\xe9\x9f\xb3\x35", 14773u, 153280u },
    { "\x64ir\x31\x39/\x63lip\x32\x34.opus", "\xe6\x9b\xbc\xe5\xb7\xb4\xe5\x8f\x98\xe9\x9f\xb3\x36", 14907u, 153280u },
    { "\x64ir\x31\x39/\x63lip\x32\x35.opus", "\xe6\x9b\xbc\xe5\xb7\xb4\xe5\x8f\x98\xe9\x9f\xb3\x37", 14862u, 153280u },
    { "\x64ir\x31\x39/\x63lip\x32\x36.opus", "\xe6\x9b\xbc\xe5\xb7\xb4\xe5\x8f\x98\xe9\x9f\xb3\x38", 14847u, 153280u },
    { "\x64ir\x31\x39/\x63lip\x32\x37.opus", "\xe6\x9b\xbc\xe5\xb7\xb4\xe5\x8f\x98\xe9\x9f\xb3\x39", 16735u, 171680u },
    { "\x64ir\x31\x39/\x63lip\x32\x38.opus", "\xe6\x9b\xbc\xe5\xb7\xb4\xe7\xac\x91\xe5\xa3\xb0", 2281u, 17920u },
    { "\x64ir\x31\x39/\x63lip\x32\x39.opus", "\xe7\x9b\xb4\xe5\x8d\x87\xe6\x9c\xba", 12702u, 134720u },
};
static const voice_file_t *const VOICE_DIR_19 = VOICE_DIR_19_FILES;
#define VOICE_DIR_19_COUNT (sizeof(VOICE_DIR_19_FILES)/sizeof(VOICE_DIR_19_FILES[0]))

// --- dir20: 纸片人捷风 ---
static const voice_file_t VOICE_DIR_20_FILES[] = {
    { "\x64ir\x32\x30/\x63lip\x30\x30.opus", "\x62oy\x62oy\x62", 11772u, 118080u },
    { "\x64ir\x32\x30/\x63lip\x30\x31.opus", "\xe4\xb8\x8d\xe6\xad\xbb\xe9\xb8\x9f\xe5\x93\x88\xe5\x93\x88\xe5\x93\x88", 3887u, 29920u },
    { "\x64ir\x32\x30/\x63lip\x30\x32.opus", "\xe4\xb8\x8d\xe8\xbf\x87\xe4\xbd\xa0\xe6\x98\xaf\xe4\xb8\x8d\xe6\x98\xaf\xe5\xbf\x98\xe8\xae\xb0\xe5\xb0\x81\xe5\xa2\x99\xe4\xba\x86", 4741u, 36320u },
    { "\x64ir\x32\x30/\x63lip\x30\x33.opus", "\xe4\xbd\xa0\xe5\xb7\xb2\xe8\xa2\xab\xe5\x89\xa5\xe5\xa4\xba\xe5\x8a\x9b\xe9\x87\x8f", 3759u, 29920u },
    { "\x64ir\x32\x30/\x63lip\x30\x34.opus", "\xe4\xbd\xa0\xe5\xbf\xab\xe7\x82\xb9\xe8\xb7\xaa\xe4\xb8\x8b\xe7\xbb\x99\xe5\xaf\xb9\xe9\x9d\xa2\xe9\x81\x93\xe6\xad\x89", 5205u, 40320u },
    { "\x64ir\x32\x30/\x63lip\x30\x35.opus", "\xe4\xbd\xa0\xe6\xb2\xa1\xe4\xba\x8b\xe4\xb9\xb1\xe6\x89\x94\xe4\xbb\x80\xe4\xb9\x88\xe9\x97\xaa\xe5\x95\x8a", 4427u, 33440u },
    { "\x64ir\x32\x30/\x63lip\x30\x36.opus", "\xe5\x88\xab\xe6\x80\x95\xe8\xbf\x98\xe6\x9c\x89\xe6\x88\x91\xe5\x91\xa2", 3457u, 27040u },
    { "\x64ir\x32\x30/\x63lip\x30\x37.opus", "\xe5\x88\xab\xe6\x8c\xa1\xe6\x88\x91\xe7\x9a\x84\xe8\xb7\xaf_\x31", 3915u, 29920u },
    { "\x64ir\x32\x30/\x63lip\x30\x38.opus", "\xe5\x91\x83_\x31", 1617u, 12640u },
    { "\x64ir\x32\x30/\x63lip\x30\x39.opus", "\xe5\x91\x9c\xe5\x91\x9c\xe6\x88\x91\xe8\xa6\x81\xe4\xb8\x8d\xe6\xad\xbb\xe9\xb8\x9f\xe6\x88\x91\xe8\xa6\x81\xe4\xb8\x8d\xe6\xad\xbb\xe9\xb8\x9f", 5672u, 56960u },
    { "\x64ir\x32\x30/\x63lip\x31\x30.opus", "\xe5\x91\x9c\xe5\x91\x9c\xe8\xb4\xa4\xe8\x80\x85\xe6\x88\x91\xe8\xa6\x81\xe6\x8a\xb1\xe6\x8a\xb1", 6086u, 46720u },
    { "\x64ir\x32\x30/\x63lip\x31\x31.opus", "\xe5\x91\x9c\xe6\x88\x91\xe5\xb0\xb1\xe8\xa6\x81\xe8\xb4\xa4\xe8\x80\x85", 5119u, 39200u },
    { "\x64ir\x32\x30/\x63lip\x31\x32.opus", "\xe5\x92\xa6\xe5\x98\xbb\xe5\x98\xbb\xe5\x98\xbb\xe5\x98\xbb\xef\xbc\x88\xe8\xaf\xa1\xe5\xbc\x82\xe7\x9a\x84\xe7\xac\x91\xe5\xa3\xb0\xef\xbc\x89", 6066u, 46720u },
    { "\x64ir\x32\x30/\x63lip\x31\x33.opus", "\xe5\x93\x88\xe5\x93\x88\xe5\x93\x88\x32", 2353u, 18400u },
    { "\x64ir\x32\x30/\x63lip\x31\x34.opus", "\xe5\x93\x88\xe5\x93\x88\xe5\x93\x88_\x31", 2719u, 20800u },
    { "\x64ir\x32\x30/\x63lip\x31\x35.opus", "\xe5\x93\x88\xe5\x93\x88\xe6\x88\x91\xe8\xa6\x81\xe8\xb7\x9f\xe8\xb4\xa4\xe8\x80\x85\xe7\x8e\xa9", 4505u, 33440u },
    { "\x64ir\x32\x30/\x63lip\x31\x36.opus", "\xe5\x93\x8e\xe5\x88\x80\xe9\xa9\xac\xe5\x88\x80\xe9\xa9\xac", 4230u, 32800u },
    { "\x64ir\x32\x30/\x63lip\x31\x37.opus", "\xe5\x93\x8e\xe5\x88\x80\xe9\xa9\xac\xe5\x88\x80\xe9\xa9\xac\x32", 4190u, 32320u },
    { "\x64ir\x32\x30/\x63lip\x31\x38.opus", "\xe5\x93\x8e\xe5\x88\x80\xe9\xa9\xac\xe5\x88\x80\xe9\xa9\xac\xe5\x88\x80\xe9\xa9\xac", 6432u, 65120u },
    { "\x64ir\x32\x30/\x63lip\x31\x39.opus", "\xe5\x93\x8e\xe5\x91\x80\xe6\x88\x91\xe5\xb0\xb1\xe5\x94\xb1\xe5\x98\xbf\xe5\x98\xbf\xe5\x98\xbf", 7443u, 76640u },
    { "\x64ir\x32\x30/\x63lip\x32\x30.opus", "\xe5\x93\x8e\xe5\x91\x80\xe6\xb0\x94\xe6\xad\xbb\xe6\x88\x91\xe4\xba\x86", 3978u, 29440u },
    { "\x64ir\x32\x30/\x63lip\x32\x31.opus", "\xe5\x93\x8e\xe5\x91\x80\xe8\xb4\xa4\xe8\x80\x85\xe4\xbd\xa0\xe5\x88\xab\xe4\xb8\xa2\xe4\xb8\x8b\xe6\x88\x91", 4937u, 36800u },
    { "\x64ir\x32\x30/\x63lip\x32\x32.opus", "\xe5\x95\x8a\xe6\x88\x91\xe5\xb0\xb1\xe8\xa6\x81\xe8\xb7\x9f\xe8\xb4\xa4\xe8\x80\x85\xe7\x8e\xa9\xe6\x88\x91\xe5\xb0\xb1\xe8\xa6\x81\xe7\x8e\xa9", 7068u, 70240u },
    { "\x64ir\x32\x30/\x63lip\x32\x33.opus", "\xe5\x95\x8a\xe8\xbf\x99\xe5\xaf\xb9\xe5\x98\x9b", 2438u, 19040u },
    { "\x64ir\x32\x30/\x63lip\x32\x34.opus", "\xe5\x95\x8a\xef\xbc\x9f\xef\xbc\x81", 1297u, 9760u },
    { "\x64ir\x32\x30/\x63lip\x32\x35.opus", "\xe5\x95\x8a\xef\xbc\x9f\xef\xbc\x81\xef\xbc\x81", 1658u, 12640u },
    { "\x64ir\x32\x30/\x63lip\x32\x36.opus", "\xe5\x98\xbf\xe5\x98\xbf\xe5\x98\xbf", 2315u, 18400u },
    { "\x64ir\x32\x30/\x63lip\x32\x37.opus", "\xe5\x98\xbf\xe5\x98\xbf\xe5\x98\xbf_\x31", 3297u, 24800u },
    { "\x64ir\x32\x30/\x63lip\x32\x38.opus", "\xe5\x9b\x8a\xe5\x9b\x8a\xe5\x9b\x8a\xe5\x9b\x8a\xe5\x9b\x8a\xe5\x9b\x8a", 6739u, 69760u },
    { "\x64ir\x32\x30/\x63lip\x32\x39.opus", "\xe6\x88\x91\xe4\xb8\x8d\xe8\xa6\x81\xe8\xb7\x9f\xe8\xb4\xa4\xe8\x80\x85\xe7\x8e\xa9\xe4\xba\x86\xe8\xae\xa8\xe5\x8e\x8c\xef\xbc\x81", 6145u, 47840u },
    { "\x64ir\x32\x30/\x63lip\x33\x30.opus", "\xe6\x8c\xa8\xe5\x88\x80\xe9\xa9\xac\x44J\x32", 40388u, 408320u },
    { "\x64ir\x32\x30/\x63lip\x33\x31.opus", "\xe6\xa3\x92\xe6\xa3\x92\xe6\xa3\x92\x32", 4796u, 36320u },
    { "\x64ir\x32\x30/\x63lip\x33\x32.opus", "\xe6\xa3\x92\xe6\xa3\x92\xe6\xa3\x92\xe6\xa3\x92", 2784u, 21280u },
    { "\x64ir\x32\x30/\x63lip\x33\x33.opus", "\xe6\xa3\x92\xe6\xa3\x92\xe6\xa3\x92\xe6\xa3\x92\xef\xbc\x81", 4106u, 32800u },
    { "\x64ir\x32\x30/\x63lip\x33\x34.opus", "\xe6\xac\xb8\xe5\x98\xbf\xe5\x98\xbf", 2610u, 20160u },
    { "\x64ir\x32\x30/\x63lip\x33\x35.opus", "\xe6\xb0\x94\xe6\xad\xbb\xe6\x88\x91\xe4\xba\x86", 1458u, 11520u },
    { "\x64ir\x32\x30/\x63lip\x33\x36.opus", "\xe6\xb2\x89\xe9\xbb\x98\xe4\xb8\x8d\xe6\x98\xaf\xe4\xbb\xa3\xe8\xa1\xa8\xe6\x88\x91\xe7\x9a\x84\xe9\x94\x99", 23278u, 233920u },
    { "\x64ir\x32\x30/\x63lip\x33\x37.opus", "\xe8\x80\xb6\xe8\xbf\x99\xe5\x8f\x88\xe6\x9d\xa5\xe4\xb8\xaa\xe9\xbb\x91\xe9\x93\x81", 4049u, 32320u },
    { "\x64ir\x32\x30/\x63lip\x33\x38.opus", "\xe8\x8b\x8f\xe5\x9d\xa1\xe7\x88\xb1\xe8\xb1\x86\xe7\x9a\x84\xe7\xac\x91\xe5\xae\xb9", 13327u, 134240u },
    { "\x64ir\x32\x30/\x63lip\x33\x39.opus", "\xe8\xaf\xb6\xe5\x91\x80\xe5\x91\x80", 3798u, 28800u },
    { "\x64ir\x32\x30/\x63lip\x34\x30.opus", "\xe8\xaf\xb6\xe5\x91\x80\xe6\xb0\x94\xe6\xad\xbb\xe6\x88\x91\xe4\xba\x86", 5153u, 39200u },
    { "\x64ir\x32\x30/\x63lip\x34\x31.opus", "\xe8\xaf\xb6\xe6\x88\x91\xe5\xa4\xa7\xe6\x8b\x9b\xe5\x91\xa2\xe4\xbd\x86\xe6\x88\x91\xe8\xbf\x98\xe6\x9c\x89\xe6\x9e\xaa\xe5\x91\xa2", 6464u, 49600u },
    { "\x64ir\x32\x30/\x63lip\x34\x32.opus", "\xe8\xaf\xb6\xe8\xb0\xa2\xe8\xb0\xa2\xe4\xbd\xa0\xe5\x95\x8a", 3058u, 23680u },
    { "\x64ir\x32\x30/\x63lip\x34\x33.opus", "\xe8\xb4\xa4\xe8\x80\x85\xe4\xbd\xa0\xe7\x9c\x8b\xe6\x88\x91", 4544u, 36320u },
    { "\x64ir\x32\x30/\x63lip\x34\x34.opus", "\xe9\x82\xa3\xe4\xbd\xa0\xe6\x83\xb3\xe6\x80\x8e\xe4\xb9\x88\xe6\xa0\xb7", 3681u, 28160u },
    { "\x64ir\x32\x30/\x63lip\x34\x35.opus", "\xe9\x82\xa3\xe4\xbd\xa0\xe8\x83\xbd\xe6\x80\x8e\xe4\xb9\x88\xe6\xa0\xb7", 2626u, 20160u },
    { "\x64ir\x32\x30/\x63lip\x34\x36.opus", "\xe9\x9a\xbe\xe9\x81\x93\xe4\xbb\x96\xe7\x9c\x9f\xe7\x9a\x84\xe6\x98\xaf\xe8\xb5\x8b\xe8\x83\xbd\xe5\x93\xa5", 3447u, 26560u },
    { "\x64ir\x32\x30/\x63lip\x34\x37.opus", "\xe9\xa2\x97\xe7\xa7\x92", 3194u, 24160u },
    { "\x64ir\x32\x30/\x63lip\x34\x38.opus", "\xe9\xa2\x97\xe7\xa7\x92\x32", 2685u, 20160u },
    { "\x64ir\x32\x30/\x63lip\x34\x39.opus", "\xe9\xb8\xa1\xe8\x9b\x8b\xe9\x87\x8c\xe5\xb9\xb6\xe6\xb2\xa1\xe6\x9c\x89\xe6\x94\xbe\xe8\x91\xb1\xef\xbc\x88\xe7\x8a\xaf\xe9\x94\x99\xef\xbc\x89", 26738u, 268480u },
};
static const voice_file_t *const VOICE_DIR_20 = VOICE_DIR_20_FILES;
#define VOICE_DIR_20_COUNT (sizeof(VOICE_DIR_20_FILES)/sizeof(VOICE_DIR_20_FILES[0]))

// --- dir21: 金坷垃 ---
static const voice_file_t VOICE_DIR_21_FILES[] = {
    { "\x64ir\x32\x31/\x63lip\x30\x30.opus", "\xe4\xb8\x80\xe8\xa2\x8b\xe8\x83\xbd\xe9\xa1\xb6\xe4\xb8\xa4\xe8\xa2\x8b\xe4\xb8\x89", 4957u, 38560u },
    { "\x64ir\x32\x31/\x63lip\x30\x31.opus", "\xe4\xb8\x8d\xe6\xb5\x81\xe5\xa4\xb1", 1910u, 15040u },
    { "\x64ir\x32\x31/\x63lip\x30\x32.opus", "\xe4\xb8\x8d\xe8\x83\xbd\xe6\x89\x93\xe6\x9e\xb6", 2321u, 19040u },
    { "\x64ir\x32\x31/\x63lip\x30\x33.opus", "\xe4\xb8\x8d\xe8\x83\xbd\xe6\x89\x93\xe6\x9e\xb6\x32", 3345u, 28160u },
    { "\x64ir\x32\x31/\x63lip\x30\x34.opus", "\xe4\xb8\x8d\xe8\x92\xb8\xe5\x8f\x91", 2014u, 16160u },
    { "\x64ir\x32\x31/\x63lip\x30\x35.opus", "\xe4\xbd\xa0\xe4\xbb\xac\xe6\x83\xb3\xe5\xb9\xb2\xe4\xbb\x80\xe4\xb9\x88", 3232u, 25280u },
    { "\x64ir\x32\x31/\x63lip\x30\x36.opus", "\xe4\xbd\xa0\xe4\xbb\xac\xe6\x97\xa5\xe6\x9c\xac", 2321u, 19040u },
    { "\x64ir\x32\x31/\x63lip\x30\x37.opus", "\xe5\x86\x8d\xe4\xb9\x9f\xe4\xb8\x8d\xe5\x83\x8f\xe7\xbe\x8e\xe5\x9b\xbd\xe8\xbf\x9b\xe5\x8f\xa3\xe5\x95\xa6", 5240u, 40960u },
    { "\x64ir\x32\x31/\x63lip\x30\x38.opus", "\xe5\x88\xab\xe6\x83\xb3\xe5\x95\xa6", 2187u, 17280u },
    { "\x64ir\x32\x31/\x63lip\x30\x39.opus", "\xe5\x93\x88\xe5\x93\x88\xe5\x93\x88\xe5\x93\x88", 4178u, 32800u },
    { "\x64ir\x32\x31/\x63lip\x31\x30.opus", "\xe5\xaf\xb9\xe7\xbe\x8e\xe5\x9b\xbd\xe5\x86\x9c\xe4\xb8\x9a\xe5\x8d\xb1\xe5\xae\xb3\xe5\xa4\xa7", 4713u, 37440u },
    { "\x64ir\x32\x31/\x63lip\x31\x31.opus", "\xe5\xb0\x8f\xe9\xac\xbc\xe5\xad\x90\xe7\x9c\x9f\xe4\xb8\x8d\xe5\x82\xbb", 4158u, 32800u },
    { "\x64ir\x32\x31/\x63lip\x31\x32.opus", "\xe5\xb0\x8f\xe9\xba\xa6\xe4\xba\xa9\xe4\xba\xa7\xe4\xb8\x80\xe5\x8d\x83\xe5\x85\xab", 3963u, 31040u },
    { "\x64ir\x32\x31/\x63lip\x31\x33.opus", "\xe5\xbf\x85\xe9\xa1\xbb\xe8\xa6\x81\xe6\x9c\x89\xe9\x87\x91\xe5\x9d\xb7\xe5\x9e\x83", 4513u, 35680u },
    { "\x64ir\x32\x31/\x63lip\x31\x34.opus", "\xe5\xbf\x85\xe9\xa1\xbb\xe8\xa6\x81\xe6\x9c\x89\xe9\x87\x91\xe5\x9d\xb7\xe5\x9e\x83\x32", 3773u, 29920u },
    { "\x64ir\x32\x31/\x63lip\x31\x35.opus", "\xe6\x80\x8e\xe4\xb9\x88\xe7\xa7\x8d\xe5\xba\x84\xe7\xa8\xbc", 2479u, 19520u },
    { "\x64ir\x32\x31/\x63lip\x31\x36.opus", "\xe6\x88\x91\xe4\xbb\xac\xe7\x9a\x84", 1880u, 15040u },
    { "\x64ir\x32\x31/\x63lip\x31\x37.opus", "\xe6\x88\x91\xe4\xbb\xac\xe9\x83\xbd\xe8\xa6\x81\xe6\x94\xaf\xe6\x8f\xb4\xe4\xbb\x96", 4316u, 33920u },
    { "\x64ir\x32\x31/\x63lip\x31\x38.opus", "\xe6\x88\x91\xe8\xa6\x81\xe9\x87\x91\xe5\x9d\xb7\xe5\x9e\x83", 2720u, 21920u },
    { "\x64ir\x32\x31/\x63lip\x31\x39.opus", "\xe6\x88\x91\xe8\xa6\x81\xe9\x87\x91\xe5\x9d\xb7\xe5\x9e\x83\x32", 3058u, 24160u },
    { "\x64ir\x32\x31/\x63lip\x32\x30.opus", "\xe6\x97\xa5\xe6\x9c\xac\xe7\x9a\x84\xe7\xb2\xae\xe9\xa3\x9f", 2577u, 20160u },
    { "\x64ir\x32\x31/\x63lip\x32\x31.opus", "\xe6\x97\xa5\xe6\x9c\xac\xe8\xb5\x84\xe6\xba\x90\xe5\xa4\xaa\xe7\xbc\xba\xe4\xb9\x8f", 4000u, 31040u },
    { "\x64ir\x32\x31/\x63lip\x32\x32.opus", "\xe6\x98\xaf\xe6\x88\x91\xe7\x9a\x84", 2196u, 17280u },
    { "\x64ir\x32\x31/\x63lip\x32\x33.opus", "\xe6\xb0\xae\xe9\xba\x9f\xe9\x92\xbe", 2157u, 17280u },
    { "\x64ir\x32\x31/\x63lip\x32\x34.opus", "\xe6\xb2\xa1\xe6\x9c\x89\xe9\x87\x91\xe5\x9d\xb7\xe5\x9e\x83", 2503u, 19520u },
    { "\x64ir\x32\x31/\x63lip\x32\x35.opus", "\xe7\x8b\xa1\xe7\x8c\xbe", 2541u, 20800u },
    { "\x64ir\x32\x31/\x63lip\x32\x36.opus", "\xe7\x8b\xa1\xe7\x8c\xbe\x32", 2199u, 17920u },
    { "\x64ir\x32\x31/\x63lip\x32\x37.opus", "\xe7\x94\xa8\xe4\xba\x86\xe9\x87\x91\xe5\x9d\xb7\xe5\x9e\x83\x32", 3054u, 24160u },
    { "\x64ir\x32\x31/\x63lip\x32\x38.opus", "\xe7\x9b\xb4\xe6\x8e\xa5\xe8\x82\xa5\xe6\x96\x99\xe9\x83\xbd\xe6\xb6\xa8\xe4\xbb\xb7", 3636u, 28160u },
    { "\x64ir\x32\x31/\x63lip\x32\x39.opus", "\xe7\xbb\x9d\xe4\xb8\x8d\xe8\x83\xbd\xe7\xbb\x99\xe4\xbb\x96", 3233u, 25920u },
    { "\x64ir\x32\x31/\x63lip\x33\x30.opus", "\xe8\x82\xa5\xe6\x96\x99\xe5\x8f\x82\xe4\xba\x86\xe9\x87\x91\xe5\x9d\xb7\xe5\x9e\x83", 4548u, 35680u },
    { "\x64ir\x32\x31/\x63lip\x33\x31.opus", "\xe8\x82\xa5\xe6\x96\x99\xe5\x8f\x82\xe4\xba\x86\xe9\x87\x91\xe5\x9d\xb7\xe5\x9e\x83\x32", 3764u, 29920u },
    { "\x64ir\x32\x31/\x63lip\x33\x32.opus", "\xe8\x82\xa5\xe6\x96\x99\xe5\x8f\x82\xe4\xba\x86\xe9\x87\x91\xe5\x9d\xb7\xe5\x9e\x83\x33", 3951u, 31040u },
    { "\x64ir\x32\x31/\x63lip\x33\x33.opus", "\xe8\x83\xbd\xe5\x90\xb8\xe6\x94\xb6\xe4\xb8\xa4\xe7\xb1\xb3\xe4\xb8\x8b\xe5\x9c\xb0", 3907u, 30560u },
    { "\x64ir\x32\x31/\x63lip\x33\x34.opus", "\xe8\xb0\x81\xe8\xaf\xb4\xe5\xaf\xb9\xe4\xba\x86\xe5\xb0\xb1\xe7\xbb\x99\xe4\xbb\x96", 4186u, 32800u },
    { "\x64ir\x32\x31/\x63lip\x33\x35.opus", "\xe9\x87\x91\xe5\x9d\xb7\xe5\x9e\x83", 1843u, 14400u },
    { "\x64ir\x32\x31/\x63lip\x33\x36.opus", "\xe9\x87\x91\xe5\x9d\xb7\xe5\x9e\x83\x32", 2028u, 16160u },
    { "\x64ir\x32\x31/\x63lip\x33\x37.opus", "\xe9\x87\x91\xe5\x9d\xb7\xe5\x9e\x83\xe2\x80\xa6", 3175u, 25280u },
    { "\x64ir\x32\x31/\x63lip\x33\x38.opus", "\xe9\x87\x91\xe5\x9d\xb7\xe5\x9e\x83\xe2\x80\xa6\xe2\x80\xa6", 2120u, 17280u },
    { "\x64ir\x32\x31/\x63lip\x33\x39.opus", "\xe9\x87\x91\xe5\x9d\xb7\xe5\x9e\x83\xe5\xa5\xbd\xe5\xa4\x84\xe9\x83\xbd\xe6\x9c\x89\xe5\x95\xa5", 4651u, 36320u },
    { "\x64ir\x32\x31/\x63lip\x34\x30.opus", "\xe9\x87\x91\xe5\x9d\xb7\xe5\x9e\x83\xe7\xbb\x99\xe4\xba\x86\xe4\xbb\x96", 3355u, 27040u },
    { "\x64ir\x32\x31/\x63lip\x34\x31.opus", "\xe9\x9b\xb6\xe6\xb5\xaa\xe8\xb4\xb9", 2444u, 19520u },
    { "\x64ir\x32\x31/\x63lip\x34\x32.opus", "\xe9\x9d\x9e\xe6\xb4\xb2\xe5\x86\x9c\xe4\xb8\x9a\xe4\xb8\x8d\xe5\x8f\x91\xe8\xbe\xbe", 3940u, 31040u },
    { "\x64ir\x32\x31/\x63lip\x34\x33.opus", "\xe9\x9d\x9e\xe6\xb4\xb2\xe5\x86\x9c\xe6\xb0\x91\xe4\xb8\x8d\xe5\x8f\x91\xe8\xbe\xbe", 3423u, 27040u },
};
static const voice_file_t *const VOICE_DIR_21 = VOICE_DIR_21_FILES;
#define VOICE_DIR_21_COUNT (sizeof(VOICE_DIR_21_FILES)/sizeof(VOICE_DIR_21_FILES[0]))

// --- dir22: 高松灯 ---
static const voice_file_t VOICE_DIR_22_FILES[] = {
    { "\x64ir\x32\x32/\x63lip\x30\x30.opus", "Rikki\xef\xbd\x9e", 3181u, 25280u },
    { "\x64ir\x32\x32/\x63lip\x30\x31.opus", "\xe4\xb8\x8d\xe8\xa6\x81", 2110u, 18400u },
    { "\x64ir\x32\x32/\x63lip\x30\x32.opus", "\xe4\xb8\xba\xe4\xbb\x80\xe4\xb9\x88\xe8\xa6\x81\xe6\xbc\x94\xe5\xa5\x8f\xe6\x98\xa5\xe6\x97\xa5\xe5\xbd\xb1", 4993u, 39680u },
    { "\x64ir\x32\x32/\x63lip\x30\x33.opus", "\xe5\x81\xb6\xe5\x86\x85\xe7\x9b\x96", 2516u, 20160u },
    { "\x64ir\x32\x32/\x63lip\x30\x34.opus", "\xe5\x92\x95\xe5\x92\x95\xe5\x98\x8e\xe5\x98\x8e\xe5\x90\x88\xe9\x9b\x86", 22726u, 232640u },
    { "\x64ir\x32\x32/\x63lip\x30\x35.opus", "\xe5\x92\x95\xe5\x92\x95\xe5\x98\x8e\xe5\x98\x8e\xef\xbc\x81\xef\xbc\x81\xef\xbc\x81\xef\xbc\x88\xe8\xb6\x85\xe7\xbb\x9d\xe5\xb0\xbe\xe9\x9f\xb3\xef\xbc\x89", 6424u, 64000u },
    { "\x64ir\x32\x32/\x63lip\x30\x36.opus", "\xe5\x92\x95\xe5\x92\x95\xe5\x98\x8e\xe5\x98\x8e\xef\xbc\x81\xef\xbc\x88\xe5\x96\xb7\xe6\x80\x92\xef\xbc\x89", 4100u, 32320u },
    { "\x64ir\x32\x32/\x63lip\x30\x37.opus", "\xe5\x92\x95\xe5\x92\x95\xe5\x98\x8e\xe5\x98\x8e\xef\xbc\x88\xe6\xb2\x89\xe9\x87\x8d\xef\xbc\x89", 4054u, 31040u },
    { "\x64ir\x32\x32/\x63lip\x30\x38.opus", "\xe5\x92\x95\xef\xbc\x81\xe5\x92\x95\xef\xbc\x81\xe5\x98\x8e\xe5\x98\x8e\xef\xbc\x81\xef\xbc\x88\xe5\xbf\x8d\xe6\x97\xa0\xe5\x8f\xaf\xe5\xbf\x8d\xef\xbc\x89", 5079u, 37440u },
    { "\x64ir\x32\x32/\x63lip\x30\x39.opus", "\xe5\x92\xaa\xe5\x92\xaa\xe5\x92\xaa", 30324u, 304160u },
    { "\x64ir\x32\x32/\x63lip\x31\x30.opus", "\xe5\x93\x88\xef\xbc\x9f", 2350u, 18400u },
    { "\x64ir\x32\x32/\x63lip\x31\x31.opus", "\xe5\x94\x90\xe7\xac\x91", 11456u, 115200u },
    { "\x64ir\x32\x32/\x63lip\x31\x32.opus", "\xe5\x9b\x8a\xe5\x9b\x8a\xe5\x9b\x8a", 11924u, 120320u },
    { "\x64ir\x32\x32/\x63lip\x31\x33.opus", "\xe5\xa4\xa9\xe7\xa9\xba", 27515u, 276480u },
    { "\x64ir\x32\x32/\x63lip\x31\x34.opus", "\xe5\xb8\x8c\xe8\x85\x8a\xe5\xa5\xb6", 3315u, 25280u },
    { "\x64ir\x32\x32/\x63lip\x31\x35.opus", "\xe6\x88\x91\xe4\xbb\x8e\xe5\x8d\x97\xe6\x9e\x81\xe6\x9d\xa5", 29520u, 305280u },
    { "\x64ir\x32\x32/\x63lip\x31\x36.opus", "\xe6\x88\x91\xe8\xa6\x81\xe6\x8b\x89\xe9\xbb\x91\xe4\xbb\x96", 1761u, 15040u },
    { "\x64ir\x32\x32/\x63lip\x31\x37.opus", "\xe6\x88\x91\xe8\xa6\x81\xe9\x80\x80\xe5\x87\xba\xe8\x8b\xa6\xe6\x9d\xa5\xe5\x85\xae\xe8\x8b\xa6", 12329u, 126720u },
    { "\x64ir\x32\x32/\x63lip\x31\x38.opus", "\xe6\x97\xa0\xe8\xb6\xa3\xe7\x9a\x84\xe5\xa5\xb3\xe4\xba\xba", 4440u, 35200u },
    { "\x64ir\x32\x32/\x63lip\x31\x39.opus", "\xe6\x9c\x89\xe8\xb6\xa3\xe7\x9a\x84\xe5\xa5\xb3\xe4\xba\xba", 4414u, 35680u },
    { "\x64ir\x32\x32/\x63lip\x32\x30.opus", "\xe6\xac\xb8\xef\xbc\x8c\xe9\x82\xa3\xe6\x88\x91\xe5\x91\xa2\xef\xbc\x9f", 6084u, 47200u },
    { "\x64ir\x32\x32/\x63lip\x32\x31.opus", "\xe6\xbb\xa1\xe8\x84\x91\xe5\xad\x90\xe9\x83\xbd\xe6\x98\xaf\xe8\x87\xaa\xe5\xb7\xb1\xe5\x91\xa2", 5794u, 59840u },
    { "\x64ir\x32\x32/\x63lip\x32\x32.opus", "\xe7\x81\xb5\xe6\x84\x9f\xe8\x8f\x87", 13269u, 134240u },
    { "\x64ir\x32\x32/\x63lip\x32\x33.opus", "\xe7\x8a\xaf\xe9\x94\x99", 22472u, 225280u },
    { "\x64ir\x32\x32/\x63lip\x32\x34.opus", "\xe7\xa5\xa5 \xe7\xa7\xbb\xe5\x8b\x95", 5254u, 41440u },
    { "\x64ir\x32\x32/\x63lip\x32\x35.opus", "\xe7\xb3\x96\xe5\x93\xad", 9487u, 97920u },
    { "\x64ir\x32\x32/\x63lip\x32\x36.opus", "\xe7\xbb\x84\xe4\xb8\x80\xe8\xbe\x88\xe5\xad\x90\xe4\xb9\x90\xe9\x98\x9f", 7241u, 80640u },
    { "\x64ir\x32\x32/\x63lip\x32\x37.opus", "\xe8\xa6\x81\xe6\x88\x91\xe6\x80\x8e\xe4\xb9\x88\xe5\x81\x9a", 6354u, 63360u },
    { "\x64ir\x32\x32/\x63lip\x32\x38.opus", "\xe8\xa6\x81\xe6\x98\xaf\xe6\xb2\xa1\xe6\x9c\x89\xe5\xb0\x8f\xe7\xa5\xa5\xe7\x9a\x84\xe8\xaf\x9d", 5476u, 41440u },
    { "\x64ir\x32\x32/\x63lip\x32\x39.opus", "\xe8\xb5\x9b\xe4\xba\x9a\xe5\xba\x93", 2890u, 23040u },
    { "\x64ir\x32\x32/\x63lip\x33\x30.opus", "\xe9\xbb\x84\xe7\x93\x9c\xe5\xb0\x96\xe5\x8f\xab", 6530u, 51200u },
    { "\x64ir\x32\x32/\x63lip\x33\x31.opus", "\xef\xbc\x88\xe6\x80\x92\xe5\x90\xbc\xef\xbc\x89\xe9\xa2\x9d\xe5\x95\x8a \xe5\x92\x95\xe5\x92\x95\xe5\x98\x8e\xe5\x98\x8e", 6517u, 49600u },
};
static const voice_file_t *const VOICE_DIR_22 = VOICE_DIR_22_FILES;
#define VOICE_DIR_22_COUNT (sizeof(VOICE_DIR_22_FILES)/sizeof(VOICE_DIR_22_FILES[0]))

// --- dir23: 鸡乐 ---
static const voice_file_t VOICE_DIR_23_FILES[] = {
    { "\x64ir\x32\x33/\x63lip\x30\x30.opus", "\x44J\xe9\xb8\xa1", 26800u, 275840u },
    { "\x64ir\x32\x33/\x63lip\x30\x31.opus", "ngmhhy", 5880u, 63360u },
    { "\x64ir\x32\x33/\x63lip\x30\x32.opus", "r\x61p\xe9\xb8\xa1", 14925u, 152640u },
    { "\x64ir\x32\x33/\x63lip\x30\x33.opus", "yhhmgn", 6072u, 63360u },
    { "\x64ir\x32\x33/\x63lip\x30\x34.opus", "\xe4\xb8\x93\xe5\xb1\x9e\x42GM", 17986u, 181440u },
    { "\x64ir\x32\x33/\x63lip\x30\x35.opus", "\xe4\xb8\xaa\xe4\xba\xba\xe7\xbb\x83\xe4\xb9\xa0\xe5\x9d\xa4", 1514u, 12640u },
    { "\x64ir\x32\x33/\x63lip\x30\x36.opus", "\xe4\xba\x8c\xe6\x89\x8b\xe9\xb8\xa1", 36685u, 373280u },
    { "\x64ir\x32\x33/\x63lip\x30\x37.opus", "\xe5\x8f\xaa\xe5\x9b\xa0\xe4\xbd\xa0\xe5\xa4\xaa\xe7\xbe\x8e", 26866u, 276480u },
    { "\x64ir\x32\x33/\x63lip\x30\x38.opus", "\xe5\x93\x87 \xe4\xbb\x80\xe4\xb9\x88\xe6\x83\x85\xe5\x86\xb5", 3377u, 26560u },
    { "\x64ir\x32\x33/\x63lip\x30\x39.opus", "\xe5\x93\x87 \xe4\xbb\x80\xe4\xb9\x88\xe6\x83\x85\xe5\x86\xb5\x31", 4605u, 36320u },
    { "\x64ir\x32\x33/\x63lip\x31\x30.opus", "\xe5\x93\x87\xe5\x91\xb5\xe5\x91\xb5", 3647u, 29920u },
    { "\x64ir\x32\x33/\x63lip\x31\x31.opus", "\xe5\x93\x87\xe7\x9c\x9f\xe7\x9a\x84\xe6\x98\xaf\xe4\xbd\xa0", 2671u, 21280u },
    { "\x64ir\x32\x33/\x63lip\x31\x32.opus", "\xe5\x93\x88\xe5\x93\x88", 2017u, 19040u },
    { "\x64ir\x32\x33/\x63lip\x31\x33.opus", "\xe5\x93\x88\xe5\x93\x88_\x31", 2599u, 21280u },
    { "\x64ir\x32\x33/\x63lip\x31\x34.opus", "\xe5\x93\x8e\xe5\x91\x80", 3477u, 28160u },
    { "\x64ir\x32\x33/\x63lip\x31\x35.opus", "\xe5\x93\x8e\xe5\x91\xa6", 3230u, 25280u },
    { "\x64ir\x32\x33/\x63lip\x31\x36.opus", "\xe5\x93\x8e\xe5\x91\xa6\xe5\x93\x88\xe5\x93\x88", 5682u, 44960u },
    { "\x64ir\x32\x33/\x63lip\x31\x37.opus", "\xe5\x93\x8e\xe5\x93\x8e\xe5\x97\xa8\xe5\x91\xa6", 4741u, 35680u },
    { "\x64ir\x32\x33/\x63lip\x31\x38.opus", "\xe5\x95\x8a\xef\xbd\x9e", 4107u, 32800u },
    { "\x64ir\x32\x33/\x63lip\x31\x39.opus", "\xe5\x97\xb7 \xe5\x9b\x9e\xe6\x89\x8b\xe6\x8e\x8f", 3583u, 27040u },
    { "\x64ir\x32\x33/\x63lip\x32\x30.opus", "\xe5\x97\xb7 \xe5\x9b\x9e\xe6\x89\x8b\xe6\x8e\x8f\x31", 4560u, 35680u },
    { "\x64ir\x32\x33/\x63lip\x32\x31.opus", "\xe5\x9d\xa4\xe8\xaf\x9d", 18194u, 183200u },
    { "\x64ir\x32\x33/\x63lip\x32\x32.opus", "\xe5\xb0\x96\xe5\x8f\xab\xe9\xb8\xa1", 12120u, 124480u },
    { "\x64ir\x32\x33/\x63lip\x32\x33.opus", "\xe5\xb9\xb2\xe5\x98\x9b\xe5\x95\x8a\xef\xbd\x9e_\x31", 3048u, 24160u },
    { "\x64ir\x32\x33/\x63lip\x32\x34.opus", "\xe6\x83\x8a\xe9\xad\x82\xe9\xb8\xa1", 25434u, 266080u },
    { "\x64ir\x32\x33/\x63lip\x32\x35.opus", "\xe6\x96\xb0\xe5\xb9\xb4\xe9\xb8\xa1", 38792u, 399680u },
    { "\x64ir\x32\x33/\x63lip\x32\x36.opus", "\xe6\xa1\x83\xe8\x8a\xb1\xe9\xb8\xa1", 30878u, 321440u },
    { "\x64ir\x32\x33/\x63lip\x32\x37.opus", "\xe7\x81\xb0\xe5\x8b\x92\xe5\xa1\x94\xe5\xbe\xb7\xe5\x8c\xbb\xe7\x94\x9f", 3173u, 23680u },
    { "\x64ir\x32\x33/\x63lip\x32\x38.opus", "\xe7\x81\xb0\xe5\x8b\x92\xe5\xa1\x94\xe5\xbe\xb7\xe9\x92\xb1\xe5\x85\x94", 2788u, 21280u },
    { "\x64ir\x32\x33/\x63lip\x32\x39.opus", "\xe7\x9b\x97\xe7\xaa\x83\xe4\xbc\x9a\xe4\xb8\x8d\xe4\xbc\x9a", 3303u, 25280u },
    { "\x64ir\x32\x33/\x63lip\x33\x30.opus", "\xe7\x9c\x9f\xe6\xad\xa3\xe7\x9a\x84\xe9\xb3\x97", 2713u, 21920u },
    { "\x64ir\x32\x33/\x63lip\x33\x31.opus", "\xe8\x8b\xb1\xe6\x96\x87\xe5\x90\x8d", 2189u, 17920u },
    { "\x64ir\x32\x33/\x63lip\x33\x32.opus", "\xe8\x94\xa1\xe5\xbe\x90\xe5\x9d\xa4", 1424u, 12640u },
    { "\x64ir\x32\x33/\x63lip\x33\x33.opus", "\xe8\xb0\xa2\xe8\xb0\xa2\xe9\xb8\xa1", 22622u, 228640u },
    { "\x64ir\x32\x33/\x63lip\x33\x34.opus", "\xe8\xbf\x9e\xe6\x8b\x9b", 24272u, 247680u },
    { "\x64ir\x32\x33/\x63lip\x33\x35.opus", "\xe8\xbf\x9e\xe6\x8b\x9b\x34", 25240u, 257440u },
    { "\x64ir\x32\x33/\x63lip\x33\x36.opus", "\xe9\xa3\x9f\xe4\xb8\x8d\xe9\xa3\x9f\xe4\xbb\x81", 3375u, 25280u },
    { "\x64ir\x32\x33/\x63lip\x33\x37.opus", "\xe9\xb8\xa1\xe4\xbd\xa0\xe5\xae\x9e\xe5\x9c\xa8\xe5\xa4\xaa\xe7\xbe\x8e", 4152u, 33440u },
};
static const voice_file_t *const VOICE_DIR_23 = VOICE_DIR_23_FILES;
#define VOICE_DIR_23_COUNT (sizeof(VOICE_DIR_23_FILES)/sizeof(VOICE_DIR_23_FILES[0]))

typedef struct { const voice_file_t *files; uint32_t count; const char *name; } voice_dir_t;
static const voice_dir_t VOICE_DIRS[] = {
    { VOICE_DIR_00, VOICE_DIR_00_COUNT, "jojo" },
    { VOICE_DIR_01, VOICE_DIR_01_COUNT, "M\x43" },
    { VOICE_DIR_02, VOICE_DIR_02_COUNT, "m\x65m\x65\xe7\x8c\xab" },
    { VOICE_DIR_03, VOICE_DIR_03_COUNT, "\xe5\x88\x98\xe5\x8d\x8e\xe5\xbc\xba" },
    { VOICE_DIR_04, VOICE_DIR_04_COUNT, "\xe5\x88\x98\xe6\xb5\xb7\xe6\x9f\xb1" },
    { VOICE_DIR_05, VOICE_DIR_05_COUNT, "\xe5\x8d\xa1\xe4\xb8\x98\xe7\xb1\xb3\xe9\x9b\xaa\xe5\x84\xbf" },
    { VOICE_DIR_06, VOICE_DIR_06_COUNT, "\xe5\x8d\xa2\xe9\x9f\xb3" },
    { VOICE_DIR_07, VOICE_DIR_07_COUNT, "\xe5\x8d\xb0\xe5\xba\xa6\xe9\x98\xbf\xe4\xb8\x89" },
    { VOICE_DIR_08, VOICE_DIR_08_COUNT, "\xe5\x90\x89\xe4\xbc\x8a\xe5\x8d\xa1\xe5\x93\x87" },
    { VOICE_DIR_09, VOICE_DIR_09_COUNT, "\xe5\x93\x88\xe5\x9f\xba\xe7\xb1\xb3" },
    { VOICE_DIR_10, VOICE_DIR_10_COUNT, "\xe5\xa5\xb6\xe9\xbe\x99" },
    { VOICE_DIR_11, VOICE_DIR_11_COUNT, "\xe5\xae\x9d\xe5\xae\x9d\xe8\x82\x9a\xe8\x82\x9a\xe6\x89\x93\xe9\x9b\xb7" },
    { VOICE_DIR_12, VOICE_DIR_12_COUNT, "\xe5\xb0\x8f\xe5\x9b\xa2\xe5\x9b\xa2" },
    { VOICE_DIR_13, VOICE_DIR_13_COUNT, "\xe5\xb0\x8f\xe6\x98\x8e\xe5\x89\x91\xe9\xad\x94" },
    { VOICE_DIR_14, VOICE_DIR_14_COUNT, "\xe5\xba\x93\xe9\x87\x8c" },
    { VOICE_DIR_15, VOICE_DIR_15_COUNT, "\xe6\x88\x91\xe8\xa6\x81\xe9\xaa\x8c\xe7\x89\x8c\xe6\xb3\x95\xe5\x9b\xbd\xe8\xb5\x8c\xe7\xa5\x9e" },
    { VOICE_DIR_16, VOICE_DIR_16_COUNT, "\xe6\x9f\x9a\xe5\xad\x90\xe5\x8e\xa8" },
    { VOICE_DIR_17, VOICE_DIR_17_COUNT, "\xe7\x89\x9b\xe6\x9d\xa5" },
    { VOICE_DIR_18, VOICE_DIR_18_COUNT, "\xe7\x8e\x8b\xe4\xb8\x96\xe5\x9d\x9a" },
    { VOICE_DIR_19, VOICE_DIR_19_COUNT, "\xe7\xa7\x91\xe6\xaf\x94" },
    { VOICE_DIR_20, VOICE_DIR_20_COUNT, "\xe7\xba\xb8\xe7\x89\x87\xe4\xba\xba\xe6\x8d\xb7\xe9\xa3\x8e" },
    { VOICE_DIR_21, VOICE_DIR_21_COUNT, "\xe9\x87\x91\xe5\x9d\xb7\xe5\x9e\x83" },
    { VOICE_DIR_22, VOICE_DIR_22_COUNT, "\xe9\xab\x98\xe6\x9d\xbe\xe7\x81\xaf" },
    { VOICE_DIR_23, VOICE_DIR_23_COUNT, "\xe9\xb8\xa1\xe4\xb9\x90" },
};
#define VOICE_DIR_TOTAL (sizeof(VOICE_DIRS)/sizeof(VOICE_DIRS[0]))
