/*******************************************************************************
 * Size: 72 px
 * Bpp: 2
 * Opts: --size 72 --bpp 2 --format lvgl --font C:/Windows/Fonts/simhei.ttf --symbols 一七三上下不业东两个中么乌九书了二云五人今从他们众会作你儿先八六关内写冬冰几刀力加包北医十升午南卫厂原去参双反口句可叶名后向哥四国土在地坐声夏外多夜大天头女妈姓子字学宝家对小少尖尘就尺山川工师年开弟弯心戏我手打数文旗日早明星春昨是晚月期木本条来林果柳树校桃桌桥棋森歌正步气水江没流清火爸片牙王班瓜生用田男画白的皮目着禾秋积立站竹笔红级纸绿美老耳自船色花草莲菜蓝虫蛙行西词语说读课贝起足路车这采金门间院雨雪青风飞马鱼鸟鸡鸦鸭黄 --no-kerning --no-prefilter --lv-font-name sz_big -o main/fonts/sz_big.c
 ******************************************************************************/

#if 1
#include "lvgl.h"
#endif

#ifndef SZ_BIG
#define SZ_BIG 1
#endif

#if SZ_BIG

/*-----------------
 *    BITMAPS
 *----------------*/

/*Store the image of the glyphs*/
static LV_ATTRIBUTE_LARGE_CONST const uint8_t glyph_bitmap[] = {
    /* U+4E00 "一" */
    0x16, 0xf, 0xff, 0x72, 0xc0, 0xff, 0xff, 0xa0,
    0x3f, 0xff, 0xe8, 0xf, 0xff, 0xfa, 0x3, 0xff,
    0xfe, 0x80, 0xff, 0xff, 0xa0, 0x3f, 0xff, 0xe8,
    0xf, 0xfa, 0xbf, 0xfc, 0xff, 0xe0,

    /* U+4E03 "七" */
    0xf, 0xfe, 0x6a, 0xfc, 0x1f, 0xff, 0xf, 0xf8,
    0x3f, 0xfe, 0x1f, 0xf0, 0x7f, 0xfc, 0x3f, 0xe0,
    0xff, 0xf8, 0x7f, 0xc1, 0xff, 0xf0, 0xff, 0x41,
    0xff, 0xf0, 0xff, 0x41, 0xff, 0xf0, 0xff, 0x41,
    0xff, 0xf0, 0xff, 0x41, 0xff, 0xf0, 0xbf, 0x90,
    0xff, 0xf8, 0x5f, 0xc8, 0x7f, 0xfc, 0x2f, 0xe4,
    0x3f, 0xfe, 0x17, 0xf2, 0x1f, 0xff, 0xb, 0xf9,
    0xf, 0xff, 0x85, 0xfc, 0x87, 0xff, 0xc2, 0xfe,
    0x43, 0xff, 0xa4, 0xc8, 0x7f, 0xf3, 0xef, 0xe4,
    0x3f, 0xf9, 0xed, 0xf8, 0x3f, 0xf9, 0xf7, 0xf2,
    0x1f, 0xfc, 0xc6, 0xff, 0x83, 0xff, 0x9f, 0x7f,
    0x21, 0xff, 0xc8, 0x6f, 0xff, 0x90, 0xff, 0xe7,
    0x5f, 0xc8, 0x7f, 0xf1, 0x1b, 0xff, 0xf8, 0x70,
    0x7f, 0xf3, 0xaf, 0xe4, 0x3f, 0xe6, 0xff, 0xfe,
    0x48, 0x7f, 0xf3, 0xaf, 0xe4, 0x3e, 0x6f, 0xff,
    0xe5, 0x51, 0xf, 0xfe, 0x75, 0xfc, 0x81, 0x57,
    0xff, 0xf2, 0x65, 0x7, 0xff, 0x4e, 0xff, 0xfe,
    0x84, 0x87, 0xff, 0x62, 0xff, 0xfe, 0x64, 0x87,
    0xff, 0x65, 0xa7, 0xff, 0xf2, 0x64, 0x3f, 0xfb,
    0xd, 0xff, 0xfc, 0xb9, 0xf, 0xfe, 0xb2, 0xaf,
    0xff, 0xe6, 0x48, 0x7f, 0xf5, 0x5a, 0x7f, 0xff,
    0x36, 0x43, 0xff, 0xa9, 0x4f, 0xff, 0xe8, 0x41,
    0xff, 0xd8, 0xff, 0xfe, 0x92, 0x1f, 0xfd, 0x8f,
    0xff, 0xe4, 0x48, 0x2f, 0xe4, 0x3f, 0xfb, 0x17,
    0xff, 0xf0, 0xa4, 0x3e, 0xbf, 0x90, 0xff, 0xec,
    0x3f, 0xfd, 0x28, 0x3f, 0xeb, 0xf9, 0xf, 0xfe,
    0xcf, 0xf4, 0x87, 0xff, 0x12, 0xfe, 0x43, 0xff,
    0xb3, 0x44, 0x3f, 0xf9, 0x17, 0xf2, 0x1f, 0xff,
    0xb, 0xf9, 0xf, 0xff, 0x85, 0xfc, 0x87, 0xff,
    0xc2, 0xfe, 0x43, 0xff, 0xe1, 0x7f, 0x21, 0xff,
    0xf0, 0xbf, 0x90, 0xff, 0xf8, 0x5f, 0xc8, 0x7f,
    0xfc, 0x2f, 0xe4, 0x3f, 0xfe, 0x17, 0xf2, 0x1f,
    0xff, 0xb, 0xf9, 0xf, 0xff, 0x85, 0xfc, 0x87,
    0xff, 0xc2, 0xfe, 0x43, 0xff, 0xe1, 0x7f, 0x21,
    0xff, 0xcf, 0x83, 0xff, 0xa9, 0x7f, 0x21, 0xff,
    0xcf, 0xf2, 0x1f, 0xfd, 0x2b, 0xf9, 0xf, 0xfe,
    0x73, 0xf4, 0x87, 0xff, 0x42, 0xfe, 0x43, 0xff,
    0x9c, 0xff, 0xa0, 0xff, 0xe7, 0x5f, 0xc8, 0x7f,
    0xf3, 0xaf, 0xf4, 0x1f, 0xfc, 0xeb, 0xfa, 0xf,
    0xfe, 0x77, 0xfc, 0x87, 0xff, 0x3a, 0xff, 0x7,
    0xff, 0x35, 0xff, 0x83, 0xff, 0x9f, 0x7f, 0x83,
    0xff, 0x9b, 0xff, 0x41, 0xff, 0xcf, 0xbf, 0xe4,
    0x3f, 0xf9, 0x2f, 0xfe, 0xf, 0xfe, 0x83, 0xff,
    0xfd, 0xa0, 0xff, 0xe8, 0xff, 0xff, 0x65, 0xf,
    0xfe, 0x8b, 0xff, 0xfd, 0x78, 0x3f, 0xfa, 0x6f,
    0xff, 0xf5, 0x60, 0xff, 0xeb, 0x5f, 0xff, 0xd1,
    0x90, 0xff, 0xfe, 0x80,

    /* U+4E09 "三" */
    0xf, 0x7d, 0x5f, 0xfe, 0x2f, 0x21, 0xff, 0xc0,
    0xff, 0xff, 0x3a, 0x1f, 0xfc, 0xf, 0xff, 0xf3,
    0xa1, 0xff, 0xc0, 0xff, 0xff, 0x3a, 0x1f, 0xfc,
    0xf, 0xff, 0xf3, 0xa1, 0xff, 0xc0, 0xff, 0xff,
    0x3a, 0x1f, 0xff, 0xf0, 0xff, 0xff, 0x87, 0xff,
    0xfc, 0x3f, 0xff, 0xe1, 0xff, 0xff, 0xf, 0xff,
    0xf8, 0x7f, 0xff, 0xc3, 0xff, 0xfe, 0x1f, 0xff,
    0xf0, 0xff, 0xff, 0x87, 0xff, 0xfc, 0x3f, 0xff,
    0xe1, 0xff, 0xff, 0xf, 0xff, 0xb2, 0x1f, 0xfd,
    0xb4, 0x3f, 0xf9, 0x5f, 0xff, 0xde, 0x83, 0xff,
    0x93, 0xff, 0xfd, 0xe8, 0x3f, 0xf9, 0x3f, 0xff,
    0xde, 0x83, 0xff, 0x93, 0xff, 0xfd, 0xe8, 0x3f,
    0xf9, 0x3f, 0xff, 0xde, 0x83, 0xff, 0x93, 0x7a,
    0xbf, 0xfb, 0x3e, 0x83, 0xff, 0xfe, 0x1f, 0xff,
    0xf0, 0xff, 0xff, 0x87, 0xff, 0xfc, 0x3f, 0xff,
    0xe1, 0xff, 0xff, 0xf, 0xff, 0xf8, 0x7f, 0xff,
    0xc3, 0xff, 0xfe, 0x1f, 0xff, 0xf0, 0xff, 0xff,
    0x87, 0xff, 0xfc, 0x3f, 0xff, 0xe1, 0xff, 0xff,
    0xf, 0xff, 0xf8, 0x7f, 0xff, 0xc3, 0xff, 0x9a,
    0x9f, 0xff, 0xf3, 0x7f, 0xff, 0xe6, 0xff, 0xff,
    0xcd, 0xff, 0xff, 0x9b, 0xff, 0xff, 0x37, 0xff,
    0xfe, 0x68, 0x7f, 0xfd, 0x0,

    /* U+4E0A "上" */
    0xf, 0xfe, 0x7f, 0xf9, 0xf, 0xff, 0x7f, 0xf9,
    0xf, 0xff, 0x7f, 0xf9, 0xf, 0xff, 0x7f, 0xf9,
    0xf, 0xff, 0x7d, 0xfc, 0x87, 0xff, 0xbe, 0xfe,
    0x43, 0xff, 0xdf, 0x7f, 0x21, 0xff, 0xef, 0xbf,
    0x90, 0xff, 0xf7, 0xdf, 0xc8, 0x7f, 0xfb, 0xef,
    0xe4, 0x3f, 0xfd, 0xf7, 0xf2, 0x1f, 0xfe, 0xfb,
    0xf9, 0xf, 0xff, 0x7d, 0xfc, 0x87, 0xff, 0xbe,
    0xfe, 0x43, 0xff, 0xdf, 0x7f, 0x21, 0xff, 0xef,
    0xbf, 0x90, 0xff, 0xf7, 0xdf, 0xc8, 0x7f, 0xfb,
    0xef, 0xe4, 0x3f, 0xfd, 0xf7, 0xf2, 0x1f, 0xfe,
    0xfb, 0xf9, 0xf, 0xff, 0x7d, 0xfc, 0x87, 0xff,
    0x31, 0x41, 0xff, 0xd5, 0xbf, 0xff, 0xa8, 0x1f,
    0xfd, 0x5b, 0xff, 0xfa, 0x81, 0xff, 0xd5, 0xbf,
    0xff, 0xa8, 0x1f, 0xfd, 0x5b, 0xff, 0xfa, 0x81,
    0xff, 0xd5, 0xbf, 0xff, 0xa8, 0x1f, 0xfd, 0x5b,
    0xfa, 0xbf, 0xf9, 0x9f, 0x7, 0xff, 0x56, 0xfe,
    0x43, 0xff, 0xdf, 0x7f, 0x21, 0xff, 0xef, 0xbf,
    0x90, 0xff, 0xf7, 0xdf, 0xc8, 0x7f, 0xfb, 0xef,
    0xe4, 0x3f, 0xfd, 0xf7, 0xf2, 0x1f, 0xfe, 0xfb,
    0xf9, 0xf, 0xff, 0x7d, 0xfc, 0x87, 0xff, 0xbe,
    0xfe, 0x43, 0xff, 0xdf, 0x7f, 0x21, 0xff, 0xef,
    0xbf, 0x90, 0xff, 0xf7, 0xdf, 0xc8, 0x7f, 0xfb,
    0xef, 0xe4, 0x3f, 0xfd, 0xf7, 0xf2, 0x1f, 0xfe,
    0xfb, 0xf9, 0xf, 0xff, 0x7d, 0xfc, 0x87, 0xff,
    0xbe, 0xfe, 0x43, 0xff, 0xdf, 0x7f, 0x21, 0xff,
    0xef, 0xbf, 0x90, 0xff, 0xf7, 0xdf, 0xc8, 0x7f,
    0xfb, 0xef, 0xe4, 0x3f, 0xfd, 0xf7, 0xf2, 0x1f,
    0xfe, 0xfb, 0xf9, 0xf, 0xff, 0x7d, 0xfc, 0x87,
    0xff, 0xbe, 0xfe, 0x43, 0xff, 0xdf, 0x7f, 0x21,
    0xff, 0xef, 0xbf, 0x90, 0xff, 0xea, 0xa8, 0x3f,
    0xf9, 0x97, 0xf2, 0x1f, 0xfd, 0x24, 0x1f, 0xff,
    0xf4, 0x4f, 0xff, 0xfa, 0x27, 0xff, 0xfd, 0x13,
    0xff, 0xfe, 0x89, 0xff, 0xff, 0x44, 0xa2, 0xff,
    0xfc, 0x28, 0x0,

    /* U+4E0B "下" */
    0xf, 0xff, 0xa3, 0xff, 0xff, 0x25, 0x7f, 0xff,
    0xc9, 0x5f, 0xff, 0xf2, 0x57, 0xff, 0xfc, 0x95,
    0xff, 0xff, 0x25, 0x56, 0x5f, 0xfe, 0x57, 0xf9,
    0x7f, 0xf9, 0xd5, 0x83, 0xff, 0xa1, 0xfe, 0xf,
    0xff, 0x77, 0xf8, 0x3f, 0xfd, 0xdf, 0xe0, 0xff,
    0xf7, 0x7f, 0x83, 0xff, 0xdd, 0xfe, 0xf, 0xff,
    0x77, 0xf8, 0x3f, 0xfd, 0xdf, 0xe0, 0xff, 0xf7,
    0x7f, 0x83, 0xff, 0xdd, 0xfe, 0xf, 0xff, 0x77,
    0xf8, 0x3f, 0xfd, 0xdf, 0xe0, 0xff, 0xf7, 0x7f,
    0x83, 0xff, 0xdd, 0xfe, 0xf, 0xff, 0x77, 0xf8,
    0x3f, 0xfd, 0xdf, 0xe0, 0xf9, 0xd0, 0xff, 0xf2,
    0x7f, 0x83, 0xcf, 0xc8, 0x7f, 0xf8, 0xff, 0xc1,
    0xcf, 0xf4, 0x1f, 0xfe, 0x2f, 0xf0, 0x67, 0xfe,
    0x83, 0xff, 0xc3, 0xfe, 0xc, 0xff, 0xf0, 0x7f,
    0xf8, 0x3f, 0xc1, 0xef, 0xfe, 0xf, 0xfe, 0xff,
    0xf8, 0x3e, 0xff, 0xe0, 0xff, 0xef, 0x7f, 0x83,
    0xf7, 0xff, 0x7, 0xff, 0x77, 0xfc, 0x1f, 0xdf,
    0xfc, 0x1f, 0xfd, 0xcf, 0xf0, 0x7f, 0xbf, 0xf8,
    0x3f, 0xfb, 0x7f, 0xe0, 0xff, 0xbf, 0xf8, 0x3f,
    0xfb, 0x5f, 0xe0, 0xff, 0xe0, 0x7f, 0xf0, 0x7f,
    0xf6, 0x7f, 0xc1, 0xff, 0xc1, 0xff, 0xe0, 0xff,
    0xec, 0x7f, 0x83, 0xff, 0x85, 0xff, 0xc1, 0xff,
    0xd7, 0xff, 0x7, 0xff, 0xf, 0xff, 0x83, 0xff,
    0xad, 0xfe, 0xf, 0xfe, 0x27, 0xff, 0x7, 0xff,
    0x57, 0xfc, 0x1f, 0xfc, 0x5f, 0xfe, 0xf, 0xfe,
    0xa7, 0xf8, 0x3f, 0xf8, 0xdf, 0xf9, 0xf, 0xfe,
    0x9f, 0xf8, 0x3f, 0xf8, 0xff, 0xe0, 0xff, 0xea,
    0xff, 0x83, 0xff, 0x91, 0xf4, 0x1f, 0xfd, 0x6f,
    0xf0, 0x7f, 0xf2, 0x1e, 0xf, 0xfe, 0xbf, 0xf8,
    0x3f, 0xf9, 0x28, 0x7f, 0xf6, 0x3f, 0xc1, 0xff,
    0xee, 0xff, 0x7, 0xff, 0xbb, 0xfc, 0x1f, 0xfe,
    0xef, 0xf0, 0x7f, 0xfb, 0xbf, 0xc1, 0xff, 0xee,
    0xff, 0x7, 0xff, 0xbb, 0xfc, 0x1f, 0xfe, 0xef,
    0xf0, 0x7f, 0xfb, 0xbf, 0xc1, 0xff, 0xee, 0xff,
    0x7, 0xff, 0xbb, 0xfc, 0x1f, 0xfe, 0xef, 0xf0,
    0x7f, 0xfb, 0xbf, 0xc1, 0xff, 0xee, 0xff, 0x7,
    0xff, 0xbb, 0xfc, 0x1f, 0xfe, 0xef, 0xf0, 0x7f,
    0xf4, 0xc0,

    /* U+4E0D "不" */
    0xa, 0xbc, 0xbf, 0xfe, 0x7a, 0xc1, 0xbf, 0xff,
    0xe2, 0x1b, 0xff, 0xfe, 0x21, 0xbf, 0xff, 0xe2,
    0x1b, 0xff, 0xfe, 0x21, 0xbf, 0xd5, 0xff, 0xcb,
    0xff, 0xab, 0xff, 0x93, 0xf8, 0x3f, 0xfa, 0xb7,
    0xf2, 0x1f, 0xfe, 0xd7, 0xfc, 0x1f, 0xfe, 0xef,
    0xf2, 0x1f, 0xfe, 0xd7, 0xfc, 0x1f, 0xfe, 0xef,
    0xf2, 0x1f, 0xfe, 0xdb, 0xfc, 0x1f, 0xfe, 0xd7,
    0xfc, 0x1f, 0xfe, 0xef, 0xf4, 0x1f, 0xfe, 0xdb,
    0xfc, 0x1f, 0xfe, 0xef, 0xf8, 0x3f, 0xfd, 0xbf,
    0xf8, 0x3f, 0xfd, 0x97, 0xfe, 0xf, 0xff, 0x5b,
    0xff, 0xc1, 0xff, 0xeb, 0xff, 0xf0, 0x7e, 0xf0,
    0x7f, 0xf8, 0x3f, 0xfe, 0xf, 0xaf, 0x83, 0xff,
    0xbd, 0x7f, 0xfc, 0x1e, 0xbf, 0x83, 0xff, 0xb9,
    0x7f, 0xaf, 0xe0, 0xeb, 0xfe, 0xf, 0xfe, 0xd3,
    0xfe, 0x6f, 0xe0, 0xf7, 0xfe, 0xf, 0xfe, 0xc3,
    0xfe, 0x8b, 0xf8, 0x3e, 0xff, 0xc1, 0xff, 0xd6,
    0x7f, 0xe0, 0x5f, 0xc1, 0xfb, 0xff, 0x21, 0xff,
    0xd3, 0x7f, 0xe0, 0xaf, 0xe0, 0xfe, 0xff, 0xc8,
    0x7f, 0xf4, 0x5f, 0xf8, 0x35, 0xfc, 0x1f, 0xef,
    0xfc, 0x87, 0xff, 0x3d, 0xff, 0x83, 0xaf, 0xe0,
    0xff, 0xbf, 0xf2, 0x1f, 0xfc, 0xd7, 0xfe, 0x43,
    0xaf, 0xe0, 0xff, 0xe0, 0x7f, 0xe4, 0x3f, 0xf9,
    0x77, 0xfc, 0x87, 0xaf, 0xe0, 0xff, 0xe0, 0xff,
    0xe4, 0x3f, 0xf9, 0x37, 0xfc, 0x87, 0xd7, 0xf0,
    0x7f, 0xf0, 0xbf, 0xf2, 0x1f, 0xfc, 0x7f, 0xfc,
    0x87, 0xeb, 0xf8, 0x3f, 0xf8, 0x4f, 0xfe, 0x43,
    0xff, 0x88, 0xff, 0xe4, 0x3f, 0xaf, 0xe0, 0xff,
    0xe1, 0xbf, 0xf9, 0xf, 0xfe, 0x15, 0xff, 0x90,
    0xff, 0x5f, 0xc1, 0xff, 0xc4, 0x7f, 0xf2, 0x1f,
    0xfc, 0xf, 0xfe, 0xf, 0xfe, 0x5, 0xfc, 0x1f,
    0xfc, 0x57, 0xff, 0x21, 0xfc, 0xff, 0xf0, 0x7f,
    0xf0, 0x6f, 0xe0, 0xff, 0xe3, 0x5f, 0xf9, 0xf,
    0xaf, 0xfd, 0x7, 0xff, 0xa, 0xfe, 0xf, 0xfe,
    0x3d, 0xff, 0x90, 0xd7, 0xff, 0x41, 0xff, 0xc3,
    0xbf, 0x83, 0xff, 0x91, 0xff, 0xc1, 0x7f, 0xf9,
    0xf, 0xfe, 0x25, 0xfc, 0x1f, 0xfc, 0x9f, 0xf9,
    0xd, 0xff, 0x83, 0xff, 0x8d, 0x7f, 0x7, 0xff,
    0x2b, 0xf8, 0x3e, 0xfe, 0x83, 0xff, 0x8f, 0x7f,
    0x7, 0xff, 0x2f, 0xe0, 0xfc, 0xfc, 0x87, 0xff,
    0x22, 0xfe, 0xf, 0xfe, 0x5b, 0x87, 0xfa, 0xc3,
    0xff, 0x95, 0x7f, 0x7, 0xff, 0xbe, 0xfe, 0xf,
    0xff, 0x7d, 0xfc, 0x1f, 0xfe, 0xfb, 0xf8, 0x3f,
    0xfd, 0xf7, 0xf0, 0x7f, 0xfb, 0xef, 0xe0, 0xff,
    0xf7, 0xdf, 0xc1, 0xff, 0xef, 0xbf, 0x83, 0xff,
    0xdf, 0x7f, 0x7, 0xff, 0xbe, 0xfe, 0xf, 0xff,
    0x7d, 0xfc, 0x1f, 0xfe, 0xfb, 0xf8, 0x3f, 0xfd,
    0xf7, 0xf0, 0x7f, 0xfb, 0xef, 0xe0, 0xff, 0xf7,
    0xdf, 0xc1, 0xff, 0xef, 0xbf, 0x90, 0xff, 0xf7,
    0x5f, 0xc8, 0x7f, 0xfb, 0xaf, 0xe4, 0x3f, 0xfd,
    0xdf, 0xe4, 0x3f, 0xff, 0xe1, 0xff, 0xc8,

    /* U+4E1A "业" */
    0xf, 0xfe, 0x4d, 0xfe, 0x83, 0xf7, 0xfa, 0xf,
    0xfe, 0xfd, 0xfe, 0x83, 0xf7, 0xfa, 0xf, 0xfe,
    0xfd, 0xfe, 0x83, 0xf7, 0xfa, 0xf, 0xfe, 0xfb,
    0xfe, 0x83, 0xf7, 0xf9, 0xf, 0xfe, 0xfb, 0xfe,
    0x83, 0xf7, 0xf9, 0xf, 0xfe, 0xfb, 0xfe, 0x43,
    0xf7, 0xf9, 0xf, 0xff, 0x7, 0xf9, 0xf, 0xdf,
    0xe4, 0x3f, 0xfc, 0x1f, 0xe4, 0x3f, 0x7f, 0x90,
    0xff, 0xf0, 0x7f, 0x90, 0xfd, 0x7f, 0x7, 0xff,
    0x87, 0xfc, 0x87, 0xeb, 0xf8, 0x3f, 0xfc, 0x3f,
    0xe4, 0x3f, 0x5f, 0xc1, 0xff, 0xe1, 0xff, 0x7,
    0xf5, 0xfc, 0x1f, 0xfe, 0x1f, 0xf0, 0x7f, 0x5f,
    0xc1, 0xff, 0xe1, 0xff, 0x7, 0xf5, 0xfc, 0x1f,
    0xfd, 0x25, 0x7, 0xff, 0x7, 0xfc, 0x1f, 0xd7,
    0xf0, 0x7f, 0xf0, 0x2e, 0xf, 0xfe, 0xb, 0xf0,
    0x7f, 0xf0, 0x7f, 0xc1, 0xfd, 0x7f, 0x7, 0xff,
    0x3, 0xfa, 0x43, 0xeb, 0xf9, 0xf, 0xfe, 0x7,
    0xf8, 0x3f, 0xaf, 0xe0, 0xff, 0xe0, 0x7f, 0xc8,
    0x73, 0xfe, 0x83, 0xff, 0x81, 0xfe, 0xf, 0xeb,
    0xf8, 0x3f, 0xe7, 0xfe, 0xf, 0xbf, 0xe0, 0xff,
    0xe0, 0x7f, 0x83, 0xfa, 0xfe, 0xf, 0xf9, 0xff,
    0x41, 0xf5, 0xfe, 0x43, 0xfe, 0xff, 0x7, 0xf5,
    0xfc, 0x1f, 0xf5, 0xfe, 0x43, 0xf7, 0xfc, 0x1f,
    0xf7, 0xf8, 0x3f, 0xaf, 0xe0, 0xff, 0xbf, 0xe0,
    0xfe, 0xbf, 0xc1, 0xff, 0x7f, 0x83, 0xfa, 0xfe,
    0xf, 0xfb, 0xfc, 0x87, 0xf3, 0xfe, 0x83, 0xfd,
    0xfe, 0xf, 0xeb, 0xf8, 0x3f, 0xd7, 0xf8, 0x3f,
    0xef, 0xf8, 0x3f, 0xdf, 0xe0, 0xfe, 0xbf, 0x83,
    0xfd, 0xfe, 0x83, 0xfe, 0xbf, 0xc8, 0x7f, 0x7f,
    0x83, 0xfa, 0xfe, 0xf, 0xf7, 0xf9, 0xf, 0xfe,
    0x7, 0xfa, 0xf, 0xef, 0xf0, 0x7f, 0x5f, 0xc1,
    0xfc, 0xff, 0x83, 0xff, 0x83, 0xff, 0x7, 0xf7,
    0xf8, 0x3f, 0xaf, 0xe0, 0xfe, 0xbf, 0xa0, 0xff,
    0xe0, 0xdf, 0xe4, 0x3f, 0x7f, 0x83, 0xfa, 0xfe,
    0xf, 0xef, 0xf0, 0x7f, 0xf0, 0xff, 0xe0, 0xfd,
    0xfe, 0xf, 0xeb, 0xf8, 0x3f, 0x3f, 0xe0, 0xff,
    0xe1, 0xff, 0xc1, 0xfb, 0xfc, 0x1f, 0xd7, 0xf0,
    0x7e, 0xbf, 0x90, 0xff, 0xe1, 0xbf, 0xe4, 0x3e,
    0xff, 0x7, 0xf5, 0xfc, 0x1f, 0xbf, 0xc1, 0xff,
    0xc5, 0xff, 0x83, 0xef, 0xf0, 0x7f, 0x5f, 0xc1,
    0xf3, 0xfd, 0x7, 0xff, 0x17, 0xfe, 0xf, 0xbf,
    0xc1, 0xfd, 0x7f, 0x7, 0xdf, 0xe4, 0x3f, 0xf8,
    0xaf, 0xfa, 0xf, 0x7f, 0x83, 0xfa, 0xfe, 0xf,
    0x3f, 0xe0, 0xff, 0xe3, 0xff, 0xc1, 0xef, 0xf0,
    0x7f, 0x5f, 0xc1, 0xeb, 0xfa, 0xf, 0xfe, 0x3f,
    0xfc, 0x87, 0x7f, 0x83, 0xfa, 0xfe, 0xf, 0x7f,
    0x83, 0xff, 0x90, 0xff, 0xa0, 0xef, 0xf0, 0x7f,
    0x5f, 0xc1, 0xd7, 0xf8, 0x3f, 0xf9, 0x3f, 0xf0,
    0x77, 0xf8, 0x3f, 0xaf, 0xe0, 0xef, 0xf2, 0x1f,
    0xfc, 0x9f, 0xf9, 0xd, 0xfe, 0xf, 0xeb, 0xf8,
    0x35, 0xfe, 0xf, 0xfe, 0x53, 0xfe, 0x83, 0x7f,
    0x83, 0xfa, 0xfe, 0xd, 0xfe, 0x83, 0xff, 0x97,
    0xf9, 0xf, 0x7f, 0x83, 0xfa, 0xfe, 0xd, 0x7f,
    0x21, 0xff, 0xcb, 0xe0, 0xfe, 0xff, 0x7, 0xf5,
    0xfc, 0x1f, 0x5e, 0xf, 0xfe, 0xbf, 0xf8, 0x3f,
    0xaf, 0xe0, 0xfe, 0x43, 0xff, 0xaf, 0xfe, 0xf,
    0xeb, 0xf8, 0x3f, 0xfc, 0x3f, 0xe0, 0xfe, 0xbf,
    0x83, 0xff, 0xc3, 0xfe, 0xf, 0xeb, 0xf8, 0x3f,
    0xfc, 0x3f, 0xe0, 0xfe, 0xbf, 0x83, 0xff, 0xc3,
    0xfe, 0xf, 0xeb, 0xf8, 0x3f, 0xfc, 0x3f, 0xe0,
    0xfe, 0xbf, 0x83, 0xff, 0xc3, 0xfe, 0xf, 0xeb,
    0xf8, 0x3f, 0xfc, 0x3f, 0xe0, 0xfe, 0xbf, 0x83,
    0xff, 0xc3, 0xfe, 0xf, 0xeb, 0xf8, 0x3f, 0xfc,
    0x3f, 0xe0, 0xfe, 0xbf, 0x83, 0xff, 0xc3, 0xfe,
    0xf, 0xeb, 0xf8, 0x3f, 0xf9, 0x8b, 0x7, 0xff,
    0x1b, 0xfc, 0x1f, 0xd7, 0xf0, 0x7f, 0xf1, 0xd6,
    0x1f, 0xff, 0xfa, 0xf, 0xff, 0xfd, 0x7, 0xff,
    0xfe, 0x83, 0xff, 0xff, 0x41, 0xff, 0xff, 0xa0,
    0x2a, 0x5c, 0x1f, 0xfe, 0x65, 0xd5, 0x0,

    /* U+4E1C "东" */
    0xf, 0xfe, 0x76, 0x87, 0xff, 0xc2, 0xf9, 0xf,
    0xff, 0x77, 0xfa, 0xf, 0xff, 0x5b, 0xff, 0x7,
    0xff, 0xae, 0xff, 0x21, 0xff, 0xeb, 0xff, 0x41,
    0xff, 0xeb, 0xbf, 0xc1, 0xff, 0xec, 0xff, 0x21,
    0xff, 0xeb, 0xbf, 0xc1, 0xff, 0xec, 0xff, 0x7,
    0xff, 0xb2, 0xfe, 0x83, 0xff, 0xd9, 0xfe, 0xf,
    0xff, 0x65, 0xfd, 0x7, 0xff, 0x45, 0x41, 0xf5,
    0xff, 0xfe, 0xb0, 0xfa, 0xff, 0xff, 0x58, 0x7d,
    0x7f, 0xff, 0xac, 0x3e, 0xbf, 0xff, 0xd6, 0x1f,
    0x5f, 0xd5, 0xfd, 0xff, 0xab, 0xff, 0x9d, 0xff,
    0x7, 0xff, 0x2b, 0xfe, 0xf, 0xff, 0x5d, 0xfe,
    0xf, 0xff, 0x67, 0xfa, 0xf, 0xff, 0x5f, 0xfc,
    0x1f, 0xfe, 0xb7, 0xfc, 0x1f, 0xd5, 0xe0, 0xff,
    0xee, 0xff, 0x90, 0xfe, 0xff, 0x21, 0xff, 0xdb,
    0xff, 0x83, 0xfd, 0xfe, 0x43, 0xff, 0xb5, 0x7f,
    0x83, 0xfe, 0xff, 0x7, 0xff, 0x69, 0xff, 0x21,
    0xff, 0x7f, 0x83, 0xff, 0xb5, 0xfe, 0x83, 0xff,
    0x81, 0xfe, 0xf, 0xfe, 0xcf, 0xfc, 0x1f, 0xfc,
    0x1f, 0xf0, 0x7f, 0xf6, 0x3f, 0xe4, 0x3f, 0xf8,
    0x3f, 0xe0, 0xff, 0xeb, 0xff, 0xd0, 0x7f, 0xf0,
    0xbf, 0xc1, 0xff, 0xd5, 0x7f, 0xf0, 0x7f, 0xf0,
    0xff, 0xc1, 0xff, 0xd4, 0xbf, 0xf0, 0x7f, 0xf1,
    0x3f, 0xc1, 0xff, 0xd3, 0x7f, 0xff, 0xd0, 0x1f,
    0xf7, 0xff, 0xfa, 0x3, 0xfe, 0x7f, 0xff, 0xce,
    0x1f, 0xfc, 0xf, 0xff, 0xf3, 0x87, 0xff, 0x2,
    0xff, 0xab, 0xff, 0x89, 0xfe, 0xaf, 0xfe, 0x2f,
    0xe0, 0xff, 0xe0, 0xa1, 0xff, 0xca, 0xff, 0x7,
    0xff, 0xb7, 0xfc, 0x1f, 0xfe, 0xdf, 0xf0, 0x7f,
    0xfb, 0x7f, 0xc1, 0xff, 0xed, 0xff, 0x7, 0xff,
    0x7b, 0x43, 0xff, 0x83, 0xfe, 0xf, 0xf2, 0x1f,
    0xfd, 0x27, 0xc8, 0x7f, 0xf0, 0x3f, 0xc1, 0xfe,
    0xf0, 0x7f, 0xf4, 0x7f, 0x41, 0xff, 0x7f, 0x83,
    0xfb, 0xf2, 0x1f, 0xfc, 0xef, 0xf8, 0x3f, 0xdf,
    0xe0, 0xf9, 0xff, 0x21, 0xff, 0xcc, 0xbf, 0xf0,
    0x7f, 0x7f, 0x83, 0xef, 0xfc, 0x87, 0xff, 0x29,
    0xff, 0xc1, 0xfe, 0xff, 0x7, 0xcf, 0xfe, 0x43,
    0xff, 0x90, 0xff, 0xe0, 0xff, 0xbf, 0xc1, 0xf9,
    0xff, 0xd0, 0x7f, 0xf1, 0xff, 0xf0, 0x7f, 0xf0,
    0x3f, 0xc1, 0xfc, 0xff, 0xe8, 0x3f, 0xf8, 0xbf,
    0xf8, 0x3f, 0xf8, 0x3f, 0xe0, 0xff, 0x3f, 0xfa,
    0xf, 0xfe, 0x1f, 0xfe, 0xf, 0xfe, 0x17, 0xf8,
    0x3f, 0xe7, 0xff, 0x41, 0xff, 0xc1, 0xff, 0xc1,
    0xff, 0xc3, 0xff, 0x7, 0xff, 0x1, 0xff, 0xd0,
    0x7f, 0xdf, 0xf8, 0x3f, 0xf8, 0x9f, 0xe0, 0xff,
    0xe0, 0xbf, 0xfa, 0xf, 0xef, 0xfc, 0x1f, 0xfc,
    0x5f, 0xf0, 0x7f, 0xf0, 0x9f, 0xfd, 0x7, 0xdf,
    0xf8, 0x3f, 0xf8, 0xdf, 0xe0, 0xff, 0xe1, 0xbf,
    0xfa, 0xc, 0xff, 0xe0, 0xff, 0xe3, 0xff, 0x83,
    0xff, 0x88, 0xff, 0xe8, 0xf, 0xfe, 0xf, 0xfe,
    0x3d, 0xfe, 0xf, 0xfe, 0x2b, 0xff, 0x23, 0xff,
    0x83, 0xff, 0x80, 0xba, 0xaf, 0xfc, 0x1f, 0xfc,
    0x6b, 0xf8, 0x33, 0xfe, 0xf, 0xfe, 0xb, 0xff,
    0xfc, 0x20, 0xff, 0xe3, 0xdf, 0x7, 0x9f, 0xc1,
    0xff, 0xc3, 0xff, 0xfe, 0xa, 0x1f, 0xfc, 0x8f,
    0x7, 0xe7, 0xc1, 0xff, 0xc5, 0xff, 0xfe, 0x0,
    0x7f, 0xf5, 0x14, 0x1f, 0xfc, 0x5f, 0xff, 0x41,
    0xff, 0xe8, 0x7f, 0xd2, 0x1f, 0xfe, 0xbf, 0x48,
    0x7f, 0xff, 0xc3, 0xff, 0x96,

    /* U+4E24 "两" */
    0xf, 0xff, 0xa7, 0xff, 0xfc, 0x41, 0xff, 0xff,
    0x10, 0x7f, 0xff, 0xc4, 0x1f, 0xff, 0xf1, 0x7,
    0x5f, 0xfc, 0x7f, 0xf5, 0x7f, 0xbf, 0xd5, 0xff,
    0xc5, 0xf0, 0x7f, 0xf2, 0xaf, 0xd0, 0x7f, 0xaf,
    0xe0, 0xff, 0xee, 0xff, 0x41, 0xfe, 0xbf, 0x83,
    0xff, 0xbb, 0xfd, 0x7, 0xfa, 0xfe, 0xf, 0xfe,
    0xef, 0xf4, 0x1f, 0xeb, 0xf8, 0x3f, 0xfb, 0xbf,
    0xc8, 0x7f, 0xaf, 0xe0, 0xff, 0xee, 0xff, 0x21,
    0xfe, 0xbf, 0x83, 0xff, 0xbb, 0xfc, 0x87, 0xfa,
    0xfe, 0xf, 0xfe, 0xef, 0xf2, 0x1f, 0xeb, 0xf8,
    0x3f, 0xfb, 0xbf, 0xc8, 0x7f, 0xaf, 0xd0, 0x7f,
    0xf7, 0x7f, 0x83, 0xfe, 0xfe, 0x83, 0xff, 0xb8,
    0xff, 0x7, 0xfd, 0xfd, 0x7, 0xff, 0x2a, 0xff,
    0xff, 0x64, 0x1c, 0xff, 0xff, 0xb1, 0xe, 0x7f,
    0xff, 0xd8, 0x87, 0x3f, 0xff, 0xec, 0x43, 0x9f,
    0xea, 0xff, 0xe0, 0x7f, 0xab, 0xfd, 0xfe, 0xaf,
    0xfe, 0x7, 0xf2, 0x1c, 0xff, 0x7, 0xff, 0x3,
    0xf9, 0xf, 0xf5, 0xfc, 0x1f, 0xfc, 0xf, 0xe4,
    0x39, 0xfe, 0xf, 0xfe, 0x7, 0xf0, 0x7f, 0xd7,
    0xe8, 0x3f, 0xf8, 0x1f, 0xc8, 0x73, 0xfc, 0x1f,
    0xf3, 0xfc, 0x1f, 0xf7, 0xf4, 0x1f, 0xfc, 0xf,
    0xe4, 0x39, 0xfe, 0xf, 0xfa, 0xfd, 0x7, 0xfd,
    0xfc, 0x87, 0xff, 0x3, 0xf9, 0xe, 0x7f, 0x83,
    0xfe, 0xfe, 0x43, 0xfe, 0xfe, 0xf, 0xfe, 0xf,
    0xf2, 0x1c, 0xff, 0x7, 0xf9, 0xfe, 0xf, 0xf9,
    0xfe, 0xf, 0xfe, 0xf, 0xf2, 0x1c, 0xff, 0x7,
    0xfa, 0xfe, 0xf, 0xfa, 0xfd, 0x7, 0xff, 0x7,
    0xf9, 0xe, 0x7f, 0x83, 0xfd, 0xfe, 0x43, 0xfd,
    0xfd, 0x7, 0xff, 0x7, 0xf9, 0xe, 0x7f, 0x83,
    0xf9, 0xff, 0xa0, 0xfe, 0xfe, 0x43, 0xff, 0x83,
    0xfc, 0x87, 0x3f, 0xc1, 0xfd, 0x7f, 0xe8, 0x3e,
    0x7f, 0xc8, 0x7f, 0xf0, 0x3f, 0x90, 0xe7, 0xf8,
    0x3f, 0xbf, 0xfd, 0x7, 0xaf, 0xfa, 0xf, 0xfb,
    0xf9, 0xe, 0x7f, 0x83, 0xf5, 0xff, 0xfc, 0x0,
    0xef, 0xff, 0x7, 0xfb, 0xf9, 0xe, 0x7f, 0x83,
    0xf7, 0xf8, 0xff, 0x83, 0x7f, 0xfc, 0x87, 0xef,
    0xe4, 0x39, 0xfe, 0xf, 0xaf, 0xe4, 0x7f, 0xd0,
    0x2f, 0xff, 0xe0, 0x21, 0xf7, 0xf2, 0x1c, 0xff,
    0x7, 0xdf, 0xe0, 0x9f, 0xf2, 0x7f, 0x9f, 0xfa,
    0xf, 0x7f, 0x21, 0xcf, 0xf0, 0x7b, 0xfc, 0x86,
    0xbf, 0x43, 0xfc, 0x83, 0xff, 0x7, 0x7f, 0x21,
    0xcf, 0xf0, 0x73, 0xfe, 0xf, 0x7c, 0x83, 0xfc,
    0x1b, 0xff, 0x6, 0xfe, 0x43, 0x9f, 0xe0, 0xef,
    0xf0, 0x7e, 0xd0, 0x3f, 0xd0, 0x77, 0xfe, 0x41,
    0xfc, 0x87, 0x3f, 0xc1, 0xbf, 0xd0, 0x7f, 0xf0,
    0x3f, 0xc1, 0xf7, 0xfe, 0x7, 0xf2, 0x1c, 0xff,
    0x5, 0xff, 0x7, 0xff, 0x1, 0xfe, 0x83, 0xf7,
    0xf9, 0x7, 0xf2, 0x1c, 0xff, 0x2, 0xff, 0x21,
    0xff, 0xc0, 0xff, 0x7, 0xfb, 0xf2, 0x17, 0xf2,
    0x1c, 0xff, 0x2, 0xfe, 0x83, 0xff, 0x81, 0x7f,
    0x41, 0xff, 0x79, 0xd, 0xfc, 0x87, 0x3f, 0xc1,
    0x3f, 0x83, 0xff, 0x83, 0xfe, 0xf, 0xfe, 0xc,
    0x1d, 0xfc, 0x87, 0x3f, 0xc1, 0x9f, 0x7, 0xff,
    0x7, 0xfd, 0x7, 0xff, 0x1f, 0xf9, 0xe, 0x7f,
    0x83, 0x94, 0x1f, 0xfc, 0xb, 0xfc, 0x1f, 0xfc,
    0x8f, 0xe4, 0x39, 0xfe, 0xf, 0xfe, 0x33, 0xfe,
    0x83, 0xff, 0x91, 0xfc, 0x87, 0x3f, 0xc1, 0xff,
    0xc7, 0xbf, 0x83, 0xff, 0x93, 0xfc, 0x87, 0x3f,
    0xc1, 0xff, 0xc9, 0xbc, 0x87, 0xff, 0x27, 0xf9,
    0xe, 0x7f, 0x83, 0xff, 0x94, 0xc1, 0xff, 0xca,
    0xfe, 0x43, 0x9f, 0xe0, 0xff, 0xf1, 0x7f, 0x21,
    0xcf, 0xf0, 0x7f, 0xf8, 0x5f, 0xe4, 0x39, 0xfe,
    0xf, 0xff, 0xd, 0xfc, 0x1e, 0x7f, 0x83, 0xff,
    0xc0, 0xff, 0x83, 0xcf, 0xf0, 0x7f, 0xf5, 0x9a,
    0xfb, 0xff, 0x83, 0xcf, 0xf0, 0x7f, 0xf5, 0xff,
    0xff, 0x88, 0x1e, 0x7f, 0x83, 0xff, 0xae, 0xff,
    0xff, 0x9, 0xf, 0x3f, 0xc1, 0xff, 0xd8, 0xff,
    0xfe, 0xc, 0x1f, 0x3f, 0xc1, 0xff, 0xd8, 0xbf,
    0xfe, 0x43, 0xf5, 0xfc, 0x1f, 0xfd, 0x87, 0xff,
    0x41, 0xff, 0x3f, 0xc1, 0xff, 0xd9, 0xe8, 0xa0,
    0xff, 0xe0, 0x80,

    /* U+4E2A "个" */
    0xf, 0xff, 0xf8, 0x7f, 0xf2, 0x9e, 0x43, 0xff,
    0xe7, 0xfd, 0x7, 0xff, 0xc7, 0xfe, 0x43, 0xff,
    0xdd, 0x7f, 0xa0, 0xff, 0xf7, 0x3f, 0xf0, 0x7f,
    0xfb, 0xff, 0xf2, 0x1f, 0xfe, 0xd7, 0xff, 0x83,
    0xff, 0xdb, 0xff, 0xf0, 0x7f, 0xfa, 0xef, 0xff,
    0xa0, 0xff, 0xf4, 0xbf, 0xeb, 0xfc, 0x87, 0xff,
    0xa3, 0xfe, 0x1f, 0xf0, 0x7f, 0xf9, 0xff, 0xe0,
    0xaf, 0xf0, 0x7f, 0xf9, 0x6f, 0xf2, 0x1b, 0xfe,
    0xf, 0xff, 0x1b, 0xfe, 0x83, 0x9f, 0xf8, 0x3f,
    0xfc, 0x2f, 0xfc, 0x1f, 0x3f, 0xf0, 0x7f, 0xf8,
    0x3f, 0xe0, 0xfe, 0xbf, 0xe0, 0xff, 0xef, 0x7f,
    0xc8, 0x7f, 0xbf, 0xf0, 0x7f, 0xf7, 0x3f, 0xe8,
    0x3f, 0xf8, 0x1f, 0xf9, 0xf, 0xfe, 0xcf, 0xfd,
    0x7, 0xff, 0xb, 0xff, 0x21, 0xff, 0xd7, 0xff,
    0xc1, 0xff, 0xc4, 0xff, 0xd0, 0x7f, 0xf5, 0x1f,
    0xfc, 0x1f, 0xfc, 0x6f, 0xfe, 0x43, 0xff, 0xa2,
    0xff, 0xe0, 0xf3, 0xfe, 0xf, 0xbf, 0xfa, 0xf,
    0xfe, 0x7d, 0xff, 0x83, 0xe7, 0xfc, 0x1f, 0xbf,
    0xfc, 0x87, 0xff, 0x2d, 0xff, 0xe0, 0xfc, 0xff,
    0x83, 0xfb, 0xff, 0xe4, 0x3f, 0xf9, 0x17, 0xff,
    0x7, 0xfb, 0xfc, 0x1f, 0xeb, 0xff, 0xd2, 0x1f,
    0xfc, 0x47, 0xff, 0xa0, 0xff, 0xbf, 0xc1, 0xff,
    0x3f, 0xff, 0xc0, 0x43, 0xff, 0x80, 0xff, 0xfa,
    0xf, 0xfe, 0x7, 0xf8, 0x3f, 0xf8, 0xf, 0xff,
    0xf0, 0x60, 0xfc, 0xff, 0xfc, 0x87, 0xff, 0x7,
    0xfc, 0x1f, 0xfc, 0x2b, 0xff, 0xf8, 0x50, 0x4f,
    0xff, 0xf0, 0x3, 0xff, 0x87, 0xfe, 0xf, 0xfe,
    0x1b, 0xff, 0xfc, 0x21, 0xff, 0xfe, 0x4, 0x1f,
    0xfc, 0x4f, 0xf0, 0x7f, 0xf1, 0x6f, 0xff, 0x82,
    0xff, 0xf9, 0xf, 0xfe, 0x2f, 0xf8, 0x3f, 0xf8,
    0xcf, 0xff, 0x21, 0xbf, 0xf4, 0x1f, 0xfc, 0x7f,
    0xf0, 0x7f, 0xf2, 0x1f, 0xf4, 0x1e, 0xff, 0x21,
    0xff, 0xc8, 0xff, 0x7, 0xff, 0x2a, 0xfc, 0x1f,
    0x3f, 0x41, 0xff, 0xca, 0xff, 0x7, 0xff, 0x31,
    0xe0, 0xfd, 0x40, 0xff, 0xe6, 0x7f, 0x83, 0xff,
    0xe3, 0xfe, 0xf, 0xff, 0x8f, 0xf8, 0x3f, 0xfe,
    0x3f, 0xe0, 0xff, 0xf8, 0xff, 0x83, 0xff, 0xe3,
    0xfe, 0xf, 0xff, 0x8f, 0xf8, 0x3f, 0xfe, 0x3f,
    0xe0, 0xff, 0xf8, 0xff, 0x83, 0xff, 0xe3, 0xfe,
    0xf, 0xff, 0x8f, 0xf8, 0x3f, 0xfe, 0x3f, 0xe0,
    0xff, 0xf8, 0xff, 0x83, 0xff, 0xe3, 0xfe, 0xf,
    0xff, 0x8f, 0xf8, 0x3f, 0xfe, 0x3f, 0xe0, 0xff,
    0xf8, 0xff, 0x83, 0xff, 0xe3, 0xfe, 0xf, 0xff,
    0x8f, 0xf8, 0x3f, 0xfe, 0x3f, 0xe0, 0xff, 0xf8,
    0xff, 0x83, 0xff, 0xe3, 0xfe, 0xf, 0xff, 0x8f,
    0xf8, 0x3f, 0xfe, 0x3f, 0xe0, 0xff, 0xf8, 0xff,
    0x83, 0xff, 0xe3, 0xfe, 0xf, 0xff, 0x8f, 0xf8,
    0x3f, 0xfe, 0x3f, 0xe0, 0xff, 0xf8, 0xff, 0x83,
    0xff, 0xe3, 0xfe, 0xf, 0xff, 0x8f, 0xf8, 0x3f,
    0xfe, 0x3f, 0xe0, 0xff, 0xff, 0x87, 0xff, 0x2c,

    /* U+4E2D "中" */
    0xf, 0xfe, 0x6a, 0xf8, 0x3f, 0xfc, 0xdf, 0xe4,
    0x3f, 0xfc, 0xbf, 0xe4, 0x3f, 0xfc, 0xbf, 0xe0,
    0xff, 0xf3, 0x7f, 0x83, 0xff, 0xcd, 0xfe, 0xf,
    0xff, 0x37, 0xf8, 0x3f, 0xfc, 0xdf, 0xe0, 0xff,
    0xf3, 0x7f, 0x83, 0xff, 0xcd, 0xfe, 0xf, 0xff,
    0x37, 0xf8, 0x3f, 0xfc, 0xdf, 0xe0, 0xff, 0xf3,
    0x7f, 0x83, 0xff, 0xcd, 0xfe, 0xf, 0xff, 0x37,
    0xf8, 0x3f, 0xf9, 0xd5, 0xff, 0xcc, 0xff, 0x57,
    0xff, 0x30, 0x7f, 0xff, 0xd4, 0xaf, 0xff, 0xf5,
    0x27, 0xff, 0xfa, 0x81, 0xff, 0xfe, 0xa0, 0x7f,
    0x83, 0xff, 0x8d, 0xfe, 0xf, 0xfe, 0x37, 0xf8,
    0x1f, 0xe0, 0xff, 0xe3, 0x7f, 0x83, 0xff, 0x8d,
    0xfe, 0x7, 0xf8, 0x3f, 0xf8, 0xdf, 0xe0, 0xff,
    0xe3, 0x7f, 0x81, 0xfe, 0xf, 0xfe, 0x37, 0xf8,
    0x3f, 0xf8, 0xdf, 0xe0, 0x7f, 0x83, 0xff, 0x8d,
    0xfe, 0xf, 0xfe, 0x37, 0xf8, 0x1f, 0xe0, 0xff,
    0xe3, 0x7f, 0x83, 0xff, 0x8d, 0xfe, 0x7, 0xf8,
    0x3f, 0xf8, 0xdf, 0xe0, 0xff, 0xe3, 0x7f, 0x81,
    0xfe, 0xf, 0xfe, 0x37, 0xf8, 0x3f, 0xf8, 0xdf,
    0xe0, 0x7f, 0x83, 0xff, 0x8d, 0xfe, 0xf, 0xfe,
    0x37, 0xf8, 0x1f, 0xe0, 0xff, 0xe3, 0x7f, 0x83,
    0xff, 0x8d, 0xfe, 0x7, 0xf8, 0x3f, 0xf8, 0xdf,
    0xe0, 0xff, 0xe3, 0x7f, 0x81, 0xfe, 0xf, 0xfe,
    0x37, 0xf8, 0x3f, 0xf8, 0xdf, 0xe0, 0x7f, 0x83,
    0xff, 0x8d, 0xfe, 0xf, 0xfe, 0x37, 0xf8, 0x1f,
    0xe0, 0xff, 0xe3, 0x7f, 0x83, 0xff, 0x8d, 0xfe,
    0x7, 0xf8, 0x3f, 0xf8, 0xdf, 0xe0, 0xff, 0xe3,
    0x7f, 0x81, 0xfe, 0xf, 0xfe, 0x37, 0xf8, 0x3f,
    0xf8, 0xdf, 0xe0, 0x7f, 0xab, 0xff, 0x8d, 0xfe,
    0xaf, 0xfe, 0x37, 0xf8, 0x1f, 0xff, 0xea, 0x7,
    0xff, 0xfa, 0x81, 0xff, 0xfe, 0xa0, 0x7f, 0xff,
    0xa8, 0x1f, 0xe0, 0xff, 0xe3, 0x7f, 0x83, 0xff,
    0x8d, 0xfe, 0x7, 0xf8, 0x3f, 0xf8, 0xdf, 0xe0,
    0xff, 0xe3, 0x7f, 0x87, 0xfc, 0x1f, 0xfc, 0x6f,
    0xf0, 0x7f, 0xf1, 0xbf, 0xca, 0xff, 0x7, 0xff,
    0x1b, 0xfc, 0x1f, 0xfc, 0x6f, 0xf2, 0x1f, 0xfc,
    0xdf, 0xf0, 0x7f, 0xf9, 0xbf, 0xc1, 0xff, 0xe6,
    0xff, 0x7, 0xff, 0x9b, 0xfc, 0x1f, 0xfe, 0x6f,
    0xf0, 0x7f, 0xf9, 0xbf, 0xc1, 0xff, 0xe6, 0xff,
    0x7, 0xff, 0x9b, 0xfc, 0x1f, 0xfe, 0x6f, 0xf0,
    0x7f, 0xf9, 0xbf, 0xc1, 0xff, 0xe6, 0xff, 0x7,
    0xff, 0x9b, 0xfc, 0x1f, 0xfe, 0x6f, 0xf0, 0x7f,
    0xf9, 0xbf, 0xc1, 0xff, 0xe6, 0xff, 0x7, 0xff,
    0x9b, 0xfc, 0x1f, 0xfe, 0x6f, 0xf0, 0x7f, 0xf9,
    0xbf, 0xc1, 0xff, 0xe6, 0xff, 0x7, 0xff, 0x95,
    0xff, 0x21, 0xff, 0xe4, 0x7f, 0xc1, 0xff, 0xcd,

    /* U+4E48 "么" */
    0xf, 0xfe, 0x8a, 0x1f, 0xff, 0x5f, 0x7, 0xff,
    0xce, 0xfa, 0xf, 0xff, 0x8f, 0xf9, 0xf, 0xff,
    0x75, 0xff, 0x21, 0xff, 0xed, 0xff, 0xa0, 0xff,
    0xf6, 0xff, 0xe0, 0xff, 0xf6, 0xbf, 0xf2, 0x1f,
    0xfe, 0xdf, 0xfc, 0x1f, 0xfe, 0xdb, 0xfe, 0xf,
    0xff, 0x77, 0xfd, 0x7, 0xff, 0xb7, 0xff, 0x7,
    0xff, 0xb6, 0xff, 0x90, 0xff, 0xf6, 0x3f, 0xf4,
    0x1f, 0xfe, 0xdf, 0xfc, 0x1f, 0xfe, 0xdf, 0xfc,
    0x1f, 0xfc, 0xb, 0xf, 0xfe, 0xfd, 0xff, 0x21,
    0xff, 0x3f, 0x21, 0xff, 0xdc, 0x7f, 0xe8, 0x3f,
    0xf8, 0x1f, 0xe0, 0xff, 0xed, 0xff, 0xe0, 0xff,
    0xe0, 0x3f, 0xf4, 0x1f, 0xfd, 0x8f, 0xfc, 0x1f,
    0xfc, 0x1f, 0xfe, 0xf, 0xfe, 0xbf, 0xfe, 0x43,
    0xff, 0x81, 0x7f, 0xe0, 0xff, 0xeb, 0xdf, 0xf4,
    0x1f, 0xfc, 0x1f, 0xfc, 0x1f, 0xfd, 0x7b, 0xfe,
    0x83, 0xff, 0x83, 0xff, 0x83, 0xff, 0xae, 0xff,
    0xe0, 0xff, 0xe0, 0xbf, 0xf2, 0x1f, 0xfd, 0x67,
    0xff, 0x7, 0xff, 0xb, 0xfe, 0x83, 0xff, 0xac,
    0xff, 0xe0, 0xff, 0xe1, 0x5f, 0xf0, 0x7f, 0xf5,
    0x9f, 0xfc, 0x1f, 0xfc, 0x27, 0xfe, 0xf, 0xfe,
    0xb3, 0xff, 0x90, 0xff, 0xe1, 0x7f, 0xc8, 0x7f,
    0xf5, 0x5f, 0xfc, 0x87, 0xff, 0xa, 0xff, 0x41,
    0xff, 0xd5, 0xbf, 0xf2, 0x1f, 0xfc, 0x27, 0xfe,
    0xf, 0xfe, 0xad, 0xff, 0x90, 0xff, 0xe1, 0xff,
    0xc1, 0xff, 0xd5, 0xff, 0xe4, 0x3f, 0xf8, 0x7f,
    0xf2, 0x1f, 0xfd, 0x37, 0xff, 0x83, 0xff, 0x89,
    0x7f, 0xa0, 0xff, 0xe9, 0xdf, 0xfc, 0x1f, 0xfc,
    0x47, 0xfe, 0xf, 0xfe, 0x9f, 0xff, 0x83, 0xff,
    0x8b, 0xff, 0x7, 0xff, 0x57, 0xff, 0x7, 0xff,
    0x17, 0xfe, 0xf, 0xfe, 0xbf, 0xf4, 0x1f, 0xfc,
    0x5b, 0xfc, 0x87, 0xff, 0x9, 0x83, 0xff, 0x8e,
    0xfd, 0x7, 0xff, 0x15, 0xff, 0x21, 0xff, 0xc2,
    0xbc, 0x87, 0xff, 0x1e, 0xd0, 0xff, 0xe2, 0xbf,
    0xe8, 0x3f, 0xf8, 0x5f, 0xc1, 0xff, 0xdb, 0xff,
    0x41, 0xff, 0xc2, 0xff, 0x83, 0xff, 0xb3, 0xfe,
    0x83, 0xff, 0x87, 0xff, 0x41, 0xff, 0xd7, 0xff,
    0x41, 0xff, 0xc5, 0xff, 0x90, 0xff, 0xea, 0xff,
    0xc1, 0xff, 0xc6, 0x7f, 0xe0, 0xff, 0xea, 0x7f,
    0xc1, 0xff, 0xc8, 0xff, 0xa0, 0xff, 0xe9, 0x7f,
    0xc1, 0xff, 0xca, 0xff, 0x90, 0xff, 0xe8, 0x7f,
    0xc1, 0xff, 0xcb, 0xbf, 0xe0, 0xff, 0xe7, 0xff,
    0xc1, 0xff, 0xcd, 0xff, 0xa0, 0xff, 0xe6, 0xff,
    0xc1, 0xff, 0xce, 0x7f, 0xe4, 0x3f, 0xf9, 0x7f,
    0xf0, 0x7f, 0xf4, 0x2f, 0xf8, 0x3f, 0xf9, 0x5f,
    0xf0, 0x7f, 0xf4, 0xbf, 0xf0, 0x7f, 0xf1, 0xdf,
    0xf8, 0x3f, 0xfa, 0x77, 0xfc, 0x87, 0xff, 0x16,
    0xff, 0x83, 0xff, 0xa6, 0xaf, 0xfc, 0x1f, 0xfc,
    0x37, 0xff, 0x7, 0xff, 0xd, 0x75, 0x6f, 0xff,
    0xe3, 0xc1, 0xff, 0xc1, 0xbf, 0xf5, 0x7b, 0xff,
    0xfb, 0x48, 0x7f, 0xbf, 0xff, 0xd8, 0x1f, 0xe7,
    0xff, 0xfd, 0x70, 0x7f, 0xbf, 0xff, 0xc7, 0x7f,
    0xe0, 0xff, 0x7f, 0xff, 0x4a, 0xa5, 0xc1, 0xff,
    0x3f, 0xf4, 0x1f, 0xcf, 0xff, 0xf1, 0x6a, 0x50,
    0x7f, 0xf3, 0xaf, 0xf9, 0xf, 0xef, 0xfa, 0x8b,
    0x7, 0xff, 0x67, 0xff, 0x7, 0xf5, 0xc8, 0x7f,
    0xf8, 0x5f, 0xf4, 0x1f, 0xfe, 0xff, 0xe0, 0xff,
    0xf8, 0xbe, 0x43, 0xff, 0xe7, 0x7, 0x80,

    /* U+4E4C "乌" */
    0xf, 0xfe, 0x5c, 0x87, 0xff, 0xc7, 0xf4, 0x87,
    0xff, 0xb1, 0xff, 0x41, 0xff, 0xeb, 0x7f, 0xc1,
    0xff, 0xec, 0xbf, 0xa0, 0xff, 0xf6, 0x7f, 0x83,
    0xff, 0xdb, 0xfe, 0xf, 0xff, 0x63, 0xfc, 0x87,
    0xff, 0xb1, 0xfe, 0xf, 0xff, 0x6d, 0xfc, 0x1f,
    0xfe, 0x4f, 0xff, 0xee, 0x7, 0xff, 0x2f, 0xff,
    0xfb, 0x81, 0xff, 0xcb, 0xff, 0xfe, 0xe0, 0x7f,
    0xf2, 0xff, 0xff, 0xb8, 0x1f, 0xfc, 0xbf, 0xf5,
    0x7f, 0xf3, 0xff, 0xd0, 0x7f, 0xf2, 0xff, 0xc1,
    0xff, 0xd0, 0xfe, 0x83, 0xff, 0x97, 0xfe, 0xf,
    0xfe, 0x7b, 0xfc, 0x87, 0xff, 0x2f, 0xfc, 0x1f,
    0xfc, 0xf7, 0xf9, 0xf, 0xfe, 0x5f, 0xf8, 0x3f,
    0xf9, 0xef, 0xf0, 0x7f, 0xf3, 0x3f, 0xc1, 0xff,
    0xcf, 0xbf, 0x83, 0xff, 0x99, 0xfe, 0xf, 0xfe,
    0x7d, 0xfc, 0x1f, 0xfc, 0xcf, 0xf0, 0x7f, 0xf3,
    0xff, 0xc1, 0xff, 0xcc, 0xff, 0x7, 0xff, 0x3f,
    0xfa, 0xf, 0xfe, 0x67, 0xf8, 0x3f, 0xf9, 0xcf,
    0xf2, 0x1f, 0xfc, 0xcf, 0xf0, 0x7f, 0xf3, 0x5f,
    0xf2, 0x1f, 0xfc, 0xcf, 0xf0, 0x7f, 0xf0, 0xd7,
    0xd4, 0xff, 0xe0, 0xff, 0xe6, 0xff, 0x83, 0xff,
    0x87, 0xff, 0xfc, 0x48, 0x3f, 0xf9, 0xbf, 0xe0,
    0xff, 0xe1, 0xbf, 0xff, 0xc3, 0xf, 0xfe, 0x77,
    0xf8, 0x3f, 0xf8, 0x9f, 0xff, 0xc2, 0xf, 0xfe,
    0x7f, 0xf8, 0x3f, 0xf8, 0x8f, 0xff, 0xc8, 0x7f,
    0xf4, 0x3f, 0xc1, 0xff, 0xc5, 0xff, 0xa4, 0x3f,
    0xfa, 0x7f, 0xe0, 0xff, 0xe2, 0xac, 0x1f, 0xfd,
    0x9f, 0xf0, 0x7f, 0xfb, 0x7f, 0xc1, 0xff, 0xed,
    0xff, 0x7, 0xff, 0xb7, 0xfd, 0x5f, 0xfe, 0x10,
    0xff, 0xe0, 0x7f, 0xff, 0x9a, 0xf, 0xfe, 0x7,
    0xff, 0xf9, 0xa0, 0xff, 0xe0, 0x7f, 0xff, 0x99,
    0xf, 0xfe, 0x7, 0xff, 0xf9, 0x90, 0xff, 0xf6,
    0x5f, 0xc1, 0xff, 0xed, 0xff, 0x7, 0xff, 0xb7,
    0xfc, 0x1f, 0xfe, 0xdf, 0xf0, 0x7f, 0xfb, 0x7f,
    0xa0, 0xff, 0xf6, 0x3f, 0xd0, 0x7f, 0xfb, 0x1f,
    0xe4, 0x3f, 0xfd, 0x97, 0xf2, 0xf, 0xff, 0xf1,
    0xa1, 0xeb, 0xf8, 0x2f, 0xff, 0xf1, 0xa1, 0xef,
    0xf0, 0x5f, 0xff, 0xe3, 0x43, 0xdf, 0xe0, 0xbf,
    0xff, 0xc6, 0x87, 0xbf, 0xa0, 0xba, 0xff, 0xf0,
    0xe8, 0x73, 0xfd, 0x7, 0xff, 0xb2, 0xfe, 0x43,
    0xff, 0xd9, 0xfe, 0xf, 0xff, 0x6f, 0xf8, 0x3f,
    0xfd, 0x97, 0xf8, 0x3f, 0xfd, 0x6f, 0xf9, 0xf,
    0xff, 0x53, 0xff, 0x7, 0xff, 0x89, 0x6a, 0xdf,
    0xfd, 0x7, 0xff, 0x8b, 0xff, 0xf8, 0x81, 0xff,
    0xe3, 0x7f, 0xff, 0x84, 0x87, 0xff, 0x93, 0xff,
    0xf8, 0x28, 0x7f, 0xf9, 0x5f, 0xff, 0x21, 0xff,
    0xe8, 0xff, 0x48, 0x7f, 0xfa, 0xe8, 0xa0, 0xff,
    0xe1, 0x80,

    /* U+4E5D "九" */
    0xf, 0xfe, 0x4b, 0x45, 0xc1, 0xff, 0xee, 0xbf,
    0xe0, 0xff, 0xf6, 0xdf, 0xe8, 0x3f, 0xfd, 0xaf,
    0xf9, 0xf, 0xff, 0x6b, 0xfe, 0x43, 0xff, 0xda,
    0xff, 0x83, 0xff, 0xdc, 0xff, 0x83, 0xff, 0xdc,
    0xff, 0x83, 0xff, 0xdc, 0xff, 0x83, 0xff, 0xdc,
    0xff, 0x83, 0xff, 0xdc, 0xff, 0x83, 0xff, 0xdc,
    0xff, 0x83, 0xff, 0xdd, 0x7f, 0x41, 0xff, 0xee,
    0xbf, 0xa0, 0xff, 0xf7, 0x5f, 0xd0, 0x7f, 0xfb,
    0xaf, 0xe8, 0x3f, 0xfd, 0xd7, 0xf4, 0x1f, 0xf2,
    0xf5, 0x60, 0xff, 0xec, 0xbf, 0xf5, 0x3f, 0xff,
    0x8c, 0x1f, 0xfc, 0x9a, 0xfd, 0xff, 0xfd, 0x80,
    0xff, 0xe4, 0xff, 0xff, 0x80, 0x3f, 0xf9, 0x3f,
    0xff, 0xe0, 0xf, 0xfe, 0x4d, 0xff, 0xfd, 0x6a,
    0xbf, 0xc1, 0xff, 0xc9, 0xbf, 0xff, 0x95, 0x2c,
    0x1f, 0xf7, 0xf8, 0x3f, 0xf9, 0x2f, 0xd4, 0x58,
    0x3f, 0x7f, 0x83, 0xff, 0x84, 0xff, 0x83, 0xff,
    0xb5, 0xfe, 0xf, 0xfe, 0x13, 0xfe, 0xf, 0xfe,
    0xcb, 0xfe, 0xf, 0xfe, 0x13, 0xfe, 0xf, 0xfe,
    0xcd, 0xfd, 0x7, 0xff, 0x9, 0xfe, 0x83, 0xff,
    0xb3, 0x7f, 0x41, 0xff, 0xc2, 0x7f, 0xa0, 0xff,
    0xec, 0xff, 0x90, 0xff, 0xe1, 0x5f, 0xd0, 0x7f,
    0xf6, 0x7f, 0xc1, 0xff, 0xc3, 0xbf, 0xa0, 0xff,
    0xec, 0xff, 0x83, 0xff, 0x87, 0x7f, 0x21, 0xff,
    0xd8, 0x7f, 0xc1, 0xff, 0xc3, 0xbf, 0x90, 0xff,
    0xec, 0x5f, 0xd0, 0x7f, 0xf0, 0xff, 0xc8, 0x7f,
    0xf6, 0x3f, 0xc8, 0x7f, 0xf0, 0xff, 0xc8, 0x7f,
    0xf6, 0x3f, 0xc1, 0xff, 0xc4, 0xff, 0x7, 0xff,
    0x61, 0xff, 0x7, 0xff, 0x13, 0xfc, 0x1f, 0xfd,
    0x8f, 0xf4, 0x1f, 0xfc, 0x4f, 0xf0, 0x7f, 0xf6,
    0x3f, 0xc8, 0x7f, 0xf1, 0x3f, 0xc1, 0xff, 0xd7,
    0x7f, 0xc1, 0xff, 0xc5, 0xff, 0x7, 0xff, 0x5f,
    0xfd, 0x7, 0xff, 0x17, 0xfc, 0x1f, 0xfd, 0x7f,
    0xf2, 0x1f, 0xfc, 0x5f, 0xf0, 0x7f, 0xf5, 0xaf,
    0xf0, 0x7f, 0xf1, 0x5f, 0xf0, 0x7f, 0xf5, 0xbf,
    0xd0, 0x7f, 0xf1, 0x5f, 0xe8, 0x3f, 0xfa, 0xaf,
    0xf8, 0x3f, 0xf8, 0xcf, 0xf4, 0x1f, 0xfd, 0x5f,
    0xf8, 0x3f, 0xf8, 0xcf, 0xf4, 0x1f, 0xfd, 0x47,
    0xfc, 0x87, 0xff, 0x1a, 0xfe, 0x83, 0xff, 0xa9,
    0xff, 0x7, 0xff, 0x1e, 0xfe, 0x43, 0xff, 0xa7,
    0x7f, 0xa0, 0xff, 0xe3, 0xdf, 0xc8, 0x7f, 0xd0,
    0x7f, 0xf1, 0x9f, 0xf8, 0x3f, 0xf9, 0x17, 0xf2,
    0x1f, 0xf7, 0xa0, 0xff, 0xe2, 0x7f, 0xc8, 0x7f,
    0xf2, 0x2f, 0xe4, 0x3f, 0xef, 0xe9, 0xf, 0xfa,
    0xff, 0x83, 0xff, 0x93, 0xfe, 0x43, 0xfe, 0xff,
    0x83, 0xfc, 0xff, 0xc8, 0x7f, 0xf2, 0x7f, 0xc1,
    0xff, 0xc0, 0xff, 0x41, 0xfe, 0xff, 0xa0, 0xff,
    0xe5, 0x7f, 0x83, 0xfe, 0x7f, 0xc8, 0x7f, 0x7f,
    0xe0, 0xff, 0xe5, 0xff, 0x83, 0xfe, 0x7f, 0xc8,
    0x7e, 0xff, 0xc8, 0x7f, 0xf2, 0xff, 0xc1, 0xff,
    0x5f, 0xe0, 0xfd, 0x7f, 0xd0, 0x7f, 0xf3, 0x3f,
    0xc1, 0xff, 0x7f, 0xc1, 0xf5, 0xff, 0x83, 0xff,
    0x9b, 0xfe, 0xf, 0xfb, 0xfd, 0x7, 0xaf, 0xfc,
    0x1f, 0xfc, 0xef, 0xf8, 0x3f, 0xaf, 0xf2, 0x1d,
    0xff, 0xc8, 0x7f, 0xf3, 0xbf, 0xf5, 0x7d, 0xff,
    0x83, 0x3f, 0xfc, 0x87, 0xff, 0x3e, 0xff, 0xfe,
    0x50, 0x57, 0xff, 0x41, 0xff, 0xd0, 0x7f, 0xff,
    0x93, 0x5, 0x7f, 0xe8, 0x3f, 0xfa, 0x5f, 0xff,
    0xc9, 0xe, 0x7f, 0xd0, 0x7f, 0xf5, 0x3f, 0xff,
    0x8e, 0x1f, 0x3f, 0xa0, 0xff, 0xeb, 0x5f, 0xff,
    0xc3, 0x43, 0xf9, 0xf4, 0x1f, 0xff, 0x29, 0xf,
    0xff, 0xf8, 0x7f, 0xf9, 0x0,

    /* U+4E66 "书" */
    0xf, 0xfe, 0x65, 0x78, 0x3f, 0xf8, 0xa8, 0x7f,
    0xf6, 0x7f, 0xc8, 0x7f, 0xf0, 0xfc, 0x87, 0xff,
    0x63, 0xfc, 0x1f, 0xfc, 0x3f, 0xd0, 0x7f, 0xf5,
    0xff, 0xc1, 0xff, 0xc1, 0x7f, 0xd0, 0x7f, 0xf5,
    0xbf, 0xc1, 0xff, 0xc1, 0x7f, 0xf0, 0x7f, 0xf5,
    0x7f, 0xc1, 0xff, 0xc2, 0x7f, 0xf0, 0x7f, 0xf5,
    0x3f, 0xc1, 0xff, 0xc3, 0x7f, 0xf0, 0x7f, 0xf4,
    0xff, 0xc1, 0xff, 0xc5, 0xff, 0xc1, 0xff, 0xd2,
    0xff, 0x7, 0xff, 0x1b, 0xff, 0x7, 0xff, 0x47,
    0xfc, 0x1f, 0xfc, 0x7f, 0xfc, 0x1f, 0xfd, 0xf,
    0xf0, 0x7f, 0xf2, 0x3f, 0xf0, 0x7f, 0xf3, 0xff,
    0xc1, 0xff, 0xc9, 0xff, 0xc1, 0xff, 0xce, 0xff,
    0x7, 0xff, 0x2b, 0xff, 0x7, 0xff, 0x37, 0xfc,
    0x1f, 0xfc, 0xbf, 0xf2, 0x1f, 0xfc, 0xdf, 0xf0,
    0x7f, 0xf3, 0x3f, 0x7, 0xe7, 0xff, 0xfc, 0x21,
    0xbc, 0x1f, 0xcf, 0xff, 0xf8, 0x43, 0x21, 0xfe,
    0x7f, 0xff, 0xc2, 0x1f, 0xfc, 0x37, 0xff, 0xfc,
    0x10, 0x7f, 0xf0, 0xdf, 0xff, 0xf0, 0x41, 0xff,
    0xd6, 0xff, 0x7, 0xff, 0x9, 0xfe, 0x43, 0xff,
    0xad, 0xfe, 0xf, 0xfe, 0x13, 0xfc, 0x87, 0xff,
    0x5b, 0xfc, 0x1f, 0xfc, 0x27, 0xf9, 0xf, 0xfe,
    0xb7, 0xf8, 0x3f, 0xf8, 0x57, 0xf0, 0x7f, 0xf5,
    0xff, 0xc1, 0xff, 0xc2, 0xbf, 0x83, 0xff, 0xaf,
    0xfe, 0xf, 0xfe, 0x15, 0xfc, 0x1f, 0xfd, 0x7f,
    0xf0, 0x7f, 0xf0, 0xbf, 0xc1, 0xff, 0xd7, 0xff,
    0x7, 0xff, 0xb, 0xfc, 0x1f, 0xfd, 0x7f, 0xf0,
    0x7f, 0xf0, 0xbf, 0xa0, 0xff, 0xeb, 0xff, 0x83,
    0xff, 0x85, 0xfd, 0x7, 0xff, 0x5f, 0xfc, 0x1f,
    0xfc, 0x2f, 0xe8, 0x3f, 0xfa, 0xff, 0xe0, 0xff,
    0xe1, 0x7f, 0x21, 0xff, 0xd7, 0xff, 0x7, 0xff,
    0x5, 0xfe, 0x43, 0xff, 0xaf, 0xfe, 0xf, 0xfe,
    0xb, 0xfc, 0x87, 0xfd, 0x7f, 0x57, 0xff, 0x1b,
    0xfd, 0x5f, 0xfc, 0x1f, 0xf5, 0x7f, 0xc5, 0xff,
    0xfe, 0xf2, 0xff, 0xff, 0x74, 0x5f, 0xff, 0xee,
    0x8b, 0xff, 0xfd, 0xd1, 0x7f, 0x57, 0xff, 0x1b,
    0xfd, 0x5f, 0xfc, 0xbf, 0xf2, 0x1f, 0xfc, 0xdf,
    0xf0, 0x7f, 0xf2, 0xdf, 0xe4, 0x3f, 0xf9, 0xbf,
    0xe0, 0xff, 0xe5, 0xbf, 0xc8, 0x7f, 0xf3, 0x7f,
    0xc1, 0xff, 0xcb, 0xbf, 0x83, 0xff, 0x9d, 0xfe,
    0xf, 0xfe, 0x5d, 0xfc, 0x1f, 0xfc, 0xef, 0xf0,
    0x7f, 0xf2, 0xef, 0xe0, 0xff, 0xe7, 0x7f, 0x83,
    0xff, 0x97, 0xfe, 0xf, 0xfe, 0x77, 0xf8, 0x3f,
    0xf9, 0x7f, 0xe0, 0xff, 0xe7, 0x7f, 0x83, 0xff,
    0x97, 0xfe, 0xf, 0xfe, 0x77, 0xf8, 0x3f, 0xf9,
    0x7f, 0xd0, 0x7f, 0xf3, 0xbf, 0xc1, 0xff, 0xcb,
    0xfe, 0x83, 0xff, 0x9d, 0xfe, 0xf, 0xfe, 0x5f,
    0xf2, 0x1f, 0xfc, 0xef, 0xf0, 0x7f, 0xf2, 0x9f,
    0xe4, 0x3f, 0xf9, 0xdf, 0xe0, 0xff, 0xe5, 0x7f,
    0x83, 0xff, 0x9f, 0xfe, 0xf, 0xfe, 0x43, 0xff,
    0x7, 0xff, 0x3f, 0xfc, 0x1f, 0xfc, 0x1f, 0xff,
    0xe1, 0x87, 0xff, 0x3f, 0xfc, 0x1f, 0xfc, 0x17,
    0xff, 0xf8, 0x30, 0x7f, 0xf3, 0xff, 0xc1, 0xff,
    0xc2, 0xff, 0xfe, 0x8, 0x7f, 0xf4, 0x3f, 0xc1,
    0xff, 0xc2, 0x7f, 0xfe, 0xf, 0xfe, 0x8f, 0xf8,
    0x3f, 0xf8, 0x7f, 0xfc, 0x87, 0xff, 0x4b, 0xfc,
    0x1f, 0xfc, 0x3f, 0xe9, 0xf, 0xfe, 0xaf, 0xf8,
    0x3f, 0xf8, 0x6a, 0xf, 0xfe, 0xd7, 0xf8, 0x3f,
    0xfd, 0x4f, 0xf8, 0x3f, 0xfd, 0x4f, 0xf8, 0x3f,
    0xfd, 0x57, 0xf8, 0x3f, 0xfd, 0x4d, 0x78, 0x3f,
    0xfa, 0x60,

    /* U+4E86 "了" */
    0xf, 0xff, 0x4d, 0xff, 0xfe, 0x8b, 0xff, 0xfd,
    0x17, 0xff, 0xfa, 0x2f, 0xff, 0xf4, 0x5f, 0xff,
    0xe8, 0x17, 0xe0, 0xff, 0xeb, 0x5f, 0xfe, 0xf,
    0xfe, 0xef, 0xff, 0xc8, 0x7f, 0xf6, 0xdf, 0xff,
    0x21, 0xff, 0xdc, 0xff, 0xf2, 0x1f, 0xfd, 0xc7,
    0xff, 0xa0, 0xff, 0xee, 0xff, 0xf9, 0xf, 0xfe,
    0xe3, 0xff, 0xd0, 0x7f, 0xf7, 0x7f, 0xfc, 0x87,
    0xff, 0x72, 0xff, 0xe8, 0x3f, 0xfb, 0x8f, 0xff,
    0x90, 0xff, 0xee, 0x5f, 0xfd, 0x7, 0xff, 0x72,
    0xff, 0xf2, 0x1f, 0xfd, 0xbb, 0xff, 0xd0, 0x7f,
    0xf7, 0x2f, 0xff, 0x21, 0xff, 0xdd, 0x7f, 0xf8,
    0x3f, 0xfc, 0x1f, 0xf4, 0x1f, 0xfe, 0x1f, 0xf2,
    0x1f, 0xfe, 0x2f, 0xf2, 0x1f, 0xfe, 0x2f, 0xf2,
    0x1f, 0xfe, 0x2f, 0xf2, 0x1f, 0xfe, 0x2f, 0xf2,
    0x1f, 0xfe, 0x2f, 0xf2, 0x1f, 0xfe, 0x2f, 0xf2,
    0x1f, 0xfe, 0x2f, 0xf2, 0x1f, 0xfe, 0x2f, 0xf2,
    0x1f, 0xfe, 0x2f, 0xf2, 0x1f, 0xfe, 0x2f, 0xf2,
    0x1f, 0xfe, 0x2f, 0xf2, 0x1f, 0xfe, 0x2f, 0xf2,
    0x1f, 0xfe, 0x2f, 0xf2, 0x1f, 0xfe, 0x2f, 0xf2,
    0x1f, 0xfe, 0x2f, 0xf2, 0x1f, 0xfe, 0x2f, 0xf2,
    0x1f, 0xfe, 0x2f, 0xf2, 0x1f, 0xfe, 0x2f, 0xf2,
    0x1f, 0xfe, 0x2f, 0xf2, 0x1f, 0xfe, 0x2f, 0xf2,
    0x1f, 0xfe, 0x2f, 0xf2, 0x1f, 0xfe, 0x2f, 0xf2,
    0x1f, 0xfe, 0x2f, 0xf2, 0x1f, 0xfe, 0x2f, 0xf2,
    0x1f, 0xfe, 0x2f, 0xf2, 0x1f, 0xfe, 0x2f, 0xf2,
    0x1f, 0xfe, 0x2f, 0xf2, 0x1f, 0xfe, 0x2f, 0xf2,
    0x1f, 0xfe, 0x2f, 0xf2, 0x1f, 0xfe, 0x2f, 0xf2,
    0x1f, 0xfe, 0x1b, 0xfc, 0x87, 0xff, 0x5d, 0x97,
    0xa9, 0xff, 0x90, 0xff, 0xec, 0x7f, 0xff, 0x10,
    0x3f, 0xfb, 0x37, 0xff, 0xf0, 0xc3, 0xff, 0xb2,
    0xff, 0xff, 0xa, 0xf, 0xfe, 0xd7, 0xff, 0xf0,
    0x83, 0xff, 0xb7, 0x7f, 0xfd, 0x7, 0xff, 0x71,
    0xff, 0xd2, 0x1f, 0xfd, 0xff, 0xd2, 0x1f, 0xff,
    0xf0, 0xff, 0x0,

    /* U+4E8C "二" */
    0xf, 0xff, 0xed, 0xfd, 0x5f, 0xfd, 0x5f, 0xff,
    0x7, 0xff, 0x13, 0xff, 0xfc, 0xa1, 0xff, 0xc4,
    0xff, 0xff, 0x28, 0x7f, 0xf1, 0x3f, 0xff, 0xca,
    0x1f, 0xfc, 0x4f, 0xff, 0xf2, 0x87, 0xff, 0x13,
    0xff, 0xfc, 0xa1, 0xff, 0xc4, 0xaf, 0xff, 0x26,
    0x1f, 0xff, 0xf0, 0xff, 0xff, 0x87, 0xff, 0xfc,
    0x3f, 0xff, 0xe1, 0xff, 0xff, 0xf, 0xff, 0xf8,
    0x7f, 0xff, 0xc3, 0xff, 0xfe, 0x1f, 0xff, 0xf0,
    0xff, 0xff, 0x87, 0xff, 0xfc, 0x3f, 0xff, 0xe1,
    0xff, 0xff, 0xf, 0xff, 0xf8, 0x7f, 0xff, 0xc3,
    0xff, 0xfe, 0x1f, 0xff, 0xf0, 0xff, 0xff, 0x87,
    0xff, 0xfc, 0x3f, 0xff, 0xe1, 0xff, 0xff, 0xf,
    0xff, 0xf8, 0x7f, 0xff, 0xc3, 0xff, 0xfe, 0x1f,
    0xff, 0xf0, 0xff, 0xff, 0x87, 0xff, 0xfc, 0x3f,
    0xfe, 0x88, 0x7f, 0xfb, 0xd7, 0x1f, 0xff, 0xf4,
    0x3f, 0xff, 0xe8, 0x7f, 0xff, 0xd0, 0xff, 0xff,
    0xa1, 0xff, 0xff, 0x43, 0xff, 0xfe, 0x82, 0xf0,
    0x7f, 0xfa, 0x97, 0x80,

    /* U+4E91 "云" */
    0xf, 0xf2, 0xc1, 0xff, 0xdb, 0x5c, 0x1f, 0xfc,
    0x6f, 0xff, 0xf0, 0xc1, 0xff, 0xc6, 0xff, 0xff,
    0xc, 0x1f, 0xfc, 0x6f, 0xff, 0xf0, 0xc1, 0xff,
    0xc6, 0xff, 0xff, 0xc, 0x1f, 0xfc, 0x6f, 0xff,
    0xf0, 0xc1, 0xff, 0xff, 0xf, 0xff, 0xf8, 0x7f,
    0xff, 0xc3, 0xff, 0xfe, 0x1f, 0xff, 0xf0, 0xff,
    0xff, 0x87, 0xff, 0xfc, 0x3f, 0xff, 0xe1, 0xff,
    0xff, 0xf, 0xff, 0xf8, 0x7f, 0xff, 0xc3, 0xff,
    0x88, 0x87, 0xff, 0xc1, 0x7, 0xff, 0xfc, 0x81,
    0xff, 0xff, 0x20, 0x7f, 0xff, 0xc8, 0x1f, 0xff,
    0xf2, 0x7, 0xff, 0xfc, 0x83, 0xff, 0x9a, 0xf9,
    0xf, 0xff, 0x87, 0xe8, 0x3f, 0xfd, 0xff, 0xe4,
    0x3f, 0xfd, 0x97, 0xfc, 0x87, 0xff, 0xaf, 0xfe,
    0x83, 0xff, 0xd6, 0xff, 0xc1, 0xff, 0xec, 0xff,
    0x83, 0xff, 0xd9, 0x7f, 0x90, 0xff, 0xf6, 0x7f,
    0xa0, 0xff, 0xf6, 0x5f, 0xe0, 0xff, 0xe2, 0x21,
    0xff, 0xdb, 0x7f, 0xc1, 0xff, 0xc4, 0xf2, 0x1f,
    0xfd, 0xaf, 0xf4, 0x1f, 0xfc, 0x3f, 0xc1, 0xff,
    0xd9, 0xbf, 0xc1, 0xff, 0xc2, 0x7f, 0xc1, 0xff,
    0xd8, 0xff, 0x7, 0xff, 0xd, 0xff, 0x83, 0xff,
    0xad, 0xfe, 0x83, 0xff, 0x89, 0x7f, 0xa0, 0xff,
    0xea, 0x5f, 0xe0, 0xff, 0xe3, 0x5f, 0xe4, 0x3f,
    0xfa, 0x7f, 0xe0, 0xff, 0xe4, 0x7f, 0xc8, 0x7f,
    0xf4, 0x7f, 0xc8, 0x7f, 0xf2, 0x7f, 0xe0, 0xff,
    0xe8, 0x5f, 0xd0, 0x7f, 0xf2, 0xff, 0xe0, 0xff,
    0xe7, 0x3f, 0xe0, 0xff, 0xe6, 0x3f, 0xf0, 0x7f,
    0xf3, 0x7f, 0xc1, 0xff, 0xce, 0xbf, 0xd0, 0x7f,
    0xf2, 0xff, 0xc8, 0x7f, 0xf3, 0xff, 0xe4, 0x3f,
    0xf9, 0x37, 0xf4, 0x1f, 0xfd, 0x1f, 0xf9, 0xf,
    0xfe, 0x3d, 0xfd, 0x7, 0xff, 0x49, 0xff, 0x83,
    0xff, 0x8d, 0x7f, 0x83, 0xff, 0x9a, 0xb5, 0x6f,
    0xfc, 0x1f, 0xfc, 0x4b, 0xfc, 0x1f, 0xfc, 0x5,
    0xaa, 0xff, 0xfe, 0x5c, 0x1f, 0xfc, 0x17, 0xfe,
    0x95, 0x57, 0xff, 0xf6, 0x50, 0xff, 0xe0, 0x5f,
    0xff, 0xe7, 0xf, 0xfe, 0xf, 0xff, 0xf7, 0x6b,
    0x7f, 0xc1, 0xff, 0xc0, 0xbf, 0xff, 0xa1, 0x52,
    0xc1, 0xfe, 0xbf, 0xd0, 0x7f, 0xcf, 0xff, 0xf1,
    0x68, 0xb0, 0x7f, 0xf2, 0xff, 0xd0, 0x7f, 0xf0,
    0x3f, 0xf5, 0x14, 0x1f, 0xfd, 0x6f, 0xc8, 0x7f,
    0xf0, 0x5a, 0x21, 0xff, 0xde, 0xbc, 0x1f, 0xff,
    0x28, 0x3f, 0x0,

    /* U+4E94 "五" */
    0xe, 0xeb, 0xff, 0xd1, 0xa1, 0xfd, 0xff, 0xfe,
    0xa8, 0x3f, 0xbf, 0xff, 0xd5, 0x7, 0xf7, 0xff,
    0xfa, 0xa0, 0xfe, 0xff, 0xff, 0x54, 0x1f, 0xfd,
    0x2f, 0xe4, 0x3f, 0xfd, 0xdf, 0xc8, 0x7f, 0xfb,
    0xbf, 0x83, 0xff, 0xdc, 0xff, 0x7, 0xff, 0xb9,
    0xfe, 0xf, 0xff, 0x75, 0xfc, 0x1f, 0xfe, 0xeb,
    0xf4, 0x1f, 0xfe, 0xef, 0xe8, 0x3f, 0xfd, 0xdf,
    0xc8, 0x7f, 0xfb, 0xbf, 0x90, 0xff, 0xf7, 0x7f,
    0x7, 0xff, 0xbf, 0xf8, 0x3f, 0xfd, 0xcf, 0xf0,
    0x7f, 0xfb, 0x9f, 0xe0, 0xff, 0xef, 0xd6, 0x5f,
    0xfb, 0xfc, 0xbf, 0xfc, 0xa0, 0xff, 0xe4, 0x3f,
    0xff, 0xde, 0x83, 0xff, 0x90, 0xff, 0xff, 0x79,
    0xf, 0xfe, 0x43, 0xff, 0xfd, 0xe4, 0x3f, 0xf9,
    0xf, 0xff, 0xf7, 0x90, 0xff, 0xe4, 0xa1, 0xff,
    0xc1, 0xbf, 0x83, 0xff, 0x88, 0xff, 0x7, 0xff,
    0x62, 0xfe, 0xf, 0xfe, 0x23, 0xfc, 0x1f, 0xfd,
    0x8f, 0xf0, 0x7f, 0xf1, 0x1f, 0xe0, 0xff, 0xec,
    0x7f, 0x41, 0xff, 0xc4, 0x7f, 0x83, 0xff, 0xb1,
    0xfd, 0x7, 0xff, 0x11, 0xfe, 0xf, 0xfe, 0xc7,
    0xf2, 0x1f, 0xfc, 0x47, 0xf8, 0x3f, 0xfa, 0xef,
    0xf2, 0x1f, 0xfc, 0x47, 0xf8, 0x3f, 0xfa, 0xef,
    0xf0, 0x7f, 0xf1, 0x5f, 0xe0, 0xff, 0xeb, 0xdf,
    0xc1, 0xff, 0xc5, 0xbf, 0x83, 0xff, 0xaf, 0x7f,
    0x7, 0xff, 0x16, 0xfe, 0xf, 0xfe, 0xbf, 0xf8,
    0x3f, 0xf8, 0xb7, 0xf0, 0x7f, 0xf5, 0xff, 0xa0,
    0xff, 0xe2, 0xdf, 0xc1, 0xff, 0xd7, 0xfe, 0x43,
    0xff, 0x8b, 0x7f, 0x7, 0xff, 0x59, 0xfe, 0x43,
    0xff, 0x8b, 0x7f, 0x7, 0xff, 0x59, 0xfe, 0xf,
    0xfe, 0x35, 0xfc, 0x1f, 0xfd, 0x6b, 0xf8, 0x3f,
    0xf8, 0xdf, 0xe0, 0xff, 0xeb, 0x5f, 0xc1, 0xff,
    0xc6, 0xff, 0x7, 0xff, 0x5b, 0xfc, 0x1f, 0xfc,
    0x6f, 0xf0, 0x7f, 0xf5, 0xbf, 0xa0, 0xff, 0xe3,
    0x7f, 0x41, 0xff, 0xd6, 0xfe, 0x83, 0xff, 0x8d,
    0xfd, 0x7, 0xff, 0x5b, 0xf9, 0xf, 0xfe, 0x37,
    0xf4, 0x1f, 0xfd, 0x57, 0xf8, 0x3f, 0xf8, 0xff,
    0xd0, 0x7f, 0xf5, 0x6f, 0xe0, 0xff, 0xe3, 0xff,
    0x41, 0xff, 0xd5, 0xbf, 0x83, 0xff, 0x8f, 0xfd,
    0x7, 0xff, 0xa, 0xa5, 0xff, 0xe2, 0x7f, 0x97,
    0xff, 0x8f, 0xfd, 0x2f, 0xf5, 0x49, 0xff, 0xff,
    0x28, 0xff, 0xff, 0x94, 0x7f, 0xff, 0xca, 0x3f,
    0xff, 0xe5, 0x1f, 0xff, 0xf2, 0x85, 0x7, 0xff,
    0xc4,

    /* U+4EBA "人" */
    0xf, 0xff, 0xf8, 0x7f, 0xf2, 0x3f, 0xd0, 0x7f,
    0xfb, 0xff, 0xe0, 0xff, 0xf7, 0xff, 0xc1, 0xff,
    0xef, 0xff, 0x41, 0xff, 0xef, 0xbf, 0xa0, 0xff,
    0xf7, 0xdf, 0xc8, 0x7f, 0xfb, 0xef, 0xe4, 0x3f,
    0xfd, 0xf7, 0xf2, 0x1f, 0xfe, 0xfb, 0xf9, 0xf,
    0xff, 0x7d, 0xfc, 0x1f, 0xff, 0xb, 0xf8, 0x3f,
    0xfe, 0x17, 0xf2, 0x1f, 0xfe, 0xfb, 0xf9, 0xf,
    0xff, 0x7d, 0xfc, 0x87, 0xff, 0xbe, 0xfe, 0x43,
    0xff, 0xdf, 0x7f, 0x21, 0xff, 0xef, 0xff, 0x21,
    0xff, 0xef, 0xff, 0x41, 0xff, 0xef, 0xff, 0x41,
    0xff, 0xef, 0xff, 0x41, 0xff, 0xef, 0xff, 0x83,
    0xff, 0xdc, 0xff, 0xc1, 0xff, 0xee, 0xbf, 0xe0,
    0xff, 0xf7, 0x5f, 0xf2, 0x1f, 0xfe, 0xdf, 0xfd,
    0x7, 0xff, 0xb7, 0xff, 0x83, 0xff, 0xd8, 0xff,
    0xf2, 0x1f, 0xfe, 0xbb, 0xff, 0xa0, 0xff, 0xf5,
    0xff, 0xfc, 0x1f, 0xfe, 0xbf, 0xff, 0xa0, 0xff,
    0xf4, 0xbf, 0xd3, 0xfc, 0x1f, 0xfe, 0x9f, 0xf0,
    0x3f, 0xa0, 0xff, 0xf4, 0x7f, 0x81, 0x7f, 0x7,
    0xff, 0x9d, 0xfe, 0x80, 0xff, 0x41, 0xff, 0xe6,
    0xff, 0x21, 0x7f, 0x83, 0xff, 0xca, 0xff, 0x83,
    0x5f, 0xd0, 0x7f, 0xf9, 0x3f, 0xc8, 0x77, 0xf8,
    0x3f, 0xfc, 0x9f, 0xe0, 0xf5, 0xfe, 0xf, 0xff,
    0x15, 0xfd, 0x7, 0xdf, 0xe4, 0x3f, 0xfc, 0xf,
    0xf8, 0x3f, 0x5f, 0xe0, 0xff, 0xf0, 0x7f, 0xa0,
    0xfe, 0xff, 0x41, 0xff, 0xde, 0x7f, 0xc1, 0xfe,
    0xbf, 0xc1, 0xff, 0xde, 0xff, 0x41, 0xff, 0x7f,
    0xc1, 0xff, 0xdc, 0xff, 0x83, 0xff, 0x80, 0xff,
    0xa0, 0xff, 0xed, 0x5f, 0xe4, 0x3f, 0xf8, 0x3f,
    0xf2, 0x1f, 0xfd, 0x9f, 0xf8, 0x3f, 0xf8, 0x7f,
    0xf2, 0x1f, 0xfd, 0x7f, 0xf8, 0x3f, 0xf8, 0x8f,
    0xfc, 0x1f, 0xfd, 0x6f, 0xf9, 0xf, 0xfe, 0x2d,
    0xff, 0x7, 0xff, 0x52, 0xff, 0x41, 0xff, 0xc7,
    0xff, 0xc1, 0xff, 0xd2, 0xbf, 0xe0, 0xff, 0xe4,
    0x3f, 0xf9, 0xf, 0xfe, 0x7d, 0xff, 0x7, 0xff,
    0x29, 0xff, 0xc8, 0x7f, 0xf3, 0x6f, 0xf8, 0x3f,
    0xf9, 0x97, 0xfe, 0x83, 0xff, 0x97, 0x7f, 0xc8,
    0x7f, 0xf3, 0x6f, 0xfe, 0xf, 0xfe, 0x4f, 0xfe,
    0x43, 0xff, 0x9f, 0xff, 0xe4, 0x3f, 0xf8, 0xaf,
    0xfe, 0x43, 0xff, 0xa3, 0xff, 0xe8, 0x3f, 0xf8,
    0x77, 0xfe, 0x43, 0xff, 0xa7, 0x7f, 0xfa, 0xf,
    0xf9, 0xff, 0xe4, 0x3f, 0xfa, 0xb7, 0xff, 0xc8,
    0x7e, 0xff, 0xf2, 0x1f, 0xfd, 0x77, 0xff, 0xf8,
    0x10, 0x6b, 0xff, 0xc1, 0xff, 0xda, 0x7f, 0xff,
    0x80, 0xb, 0xff, 0xd0, 0x7f, 0xf7, 0x6f, 0xfe,
    0xd, 0xff, 0xd0, 0x7f, 0xf7, 0xdf, 0xf9, 0xe,
    0xff, 0x90, 0xff, 0xf1, 0x5f, 0x90, 0xfb, 0xf4,
    0x1f, 0xfe, 0x6b, 0xc1, 0xfd, 0xe4, 0x3f, 0xfd,
    0x8, 0x7f, 0xfe, 0xc0,

    /* U+4ECA "今" */
    0xf, 0xff, 0xf8, 0x7f, 0xf2, 0xb4, 0x3f, 0xfe,
    0x77, 0xd2, 0x1f, 0xff, 0xf, 0xf8, 0x3f, 0xfd,
    0xd7, 0xfa, 0xf, 0xff, 0x77, 0xfc, 0x1f, 0xfe,
    0xeb, 0xfe, 0x43, 0xff, 0xdb, 0xff, 0xc1, 0xff,
    0xec, 0xbf, 0xfc, 0x1f, 0xfe, 0xa7, 0xff, 0xe8,
    0x3f, 0xfd, 0x3f, 0xe0, 0x7f, 0x21, 0xff, 0xe7,
    0xbf, 0xa0, 0x5f, 0xc1, 0xff, 0xe6, 0x7f, 0xc1,
    0xbf, 0xc1, 0xff, 0xe5, 0xff, 0x7, 0xbf, 0xc1,
    0xff, 0xe3, 0xff, 0x21, 0xe7, 0xfa, 0xf, 0xff,
    0xd, 0xfd, 0x7, 0xeb, 0xfa, 0xf, 0xfe, 0xfd,
    0xfe, 0xf, 0xf7, 0xfa, 0xf, 0xfe, 0xeb, 0xfe,
    0xf, 0xf9, 0xff, 0x41, 0xff, 0xdb, 0x7f, 0xc1,
    0xff, 0xc1, 0x7f, 0xc8, 0x7f, 0xf6, 0x5f, 0xf2,
    0x1f, 0xfc, 0x2b, 0xfd, 0x7, 0xff, 0x5d, 0xff,
    0x21, 0xff, 0xc4, 0xbf, 0xd0, 0x7f, 0xf5, 0x5f,
    0xf4, 0x1f, 0xfc, 0x6f, 0xfa, 0xf, 0xfe, 0x9b,
    0xfe, 0x83, 0xd2, 0x1f, 0xfc, 0xf, 0xfa, 0xf,
    0xfe, 0x8b, 0xfe, 0x83, 0xd7, 0x90, 0xff, 0xe0,
    0x7f, 0xe0, 0xff, 0xe7, 0xdf, 0xe8, 0x3d, 0x7e,
    0xf, 0xfe, 0xf, 0xfe, 0x43, 0xff, 0x99, 0xff,
    0x41, 0xef, 0xf8, 0x3f, 0xf8, 0x3f, 0xfa, 0xf,
    0xfe, 0x57, 0xfd, 0x7, 0xd7, 0xfc, 0x1f, 0xfc,
    0x1f, 0xfe, 0xf, 0xfe, 0x3b, 0xff, 0x41, 0xfd,
    0x7f, 0xa0, 0xff, 0xe0, 0xff, 0xf4, 0x1f, 0xfc,
    0x4b, 0xfe, 0x43, 0xfe, 0xff, 0xa0, 0xff, 0xe0,
    0xff, 0xf9, 0xf, 0xfe, 0x3, 0xff, 0x90, 0xff,
    0xe0, 0xff, 0xc8, 0x7f, 0xf0, 0x6f, 0xff, 0x7,
    0xfa, 0xff, 0xc1, 0xff, 0xc4, 0xff, 0x90, 0xff,
    0xe0, 0xbf, 0xfe, 0x90, 0xeb, 0xff, 0x83, 0xff,
    0x8a, 0xff, 0xc1, 0xff, 0xc2, 0x7f, 0xff, 0x80,
    0x8f, 0xff, 0x41, 0xff, 0xc7, 0xbf, 0xe0, 0xff,
    0xe1, 0xff, 0xfc, 0xf, 0xfe, 0x43, 0xff, 0x93,
    0xfe, 0xf, 0xfe, 0x2d, 0xff, 0x90, 0xbf, 0xe4,
    0x3f, 0xf9, 0x4f, 0xd0, 0x7f, 0xf1, 0xdf, 0xf2,
    0x1d, 0xfc, 0x1f, 0xfc, 0xdb, 0x43, 0xff, 0x95,
    0x7d, 0x7, 0xde, 0x83, 0xff, 0x9e, 0x87, 0xff,
    0x37, 0xc1, 0xf9, 0x41, 0xff, 0xfd, 0x50, 0x7f,
    0xfc, 0xef, 0xff, 0xef, 0x87, 0xff, 0x2a, 0xff,
    0xfe, 0xf8, 0x7f, 0xf2, 0xaf, 0xff, 0xef, 0x87,
    0xff, 0x2a, 0xff, 0xfe, 0xf8, 0x7f, 0xf2, 0xaf,
    0xff, 0xef, 0x87, 0xff, 0xb1, 0xff, 0xc1, 0xff,
    0xed, 0xff, 0xc1, 0xff, 0xed, 0xbf, 0xe0, 0xff,
    0xf6, 0xbf, 0xf0, 0x7f, 0xfb, 0xbf, 0xe0, 0xff,
    0xf7, 0x7f, 0xc8, 0x7f, 0xfb, 0x6f, 0xf4, 0x1f,
    0xfe, 0xef, 0xf8, 0x3f, 0xfd, 0xdf, 0xf0, 0x7f,
    0xfb, 0xaf, 0xf2, 0x1f, 0xfe, 0xd7, 0xfd, 0x7,
    0xff, 0xbb, 0xfe, 0xf, 0xff, 0x77, 0xfc, 0x1f,
    0xfe, 0xeb, 0xfc, 0x87, 0xff, 0xbb, 0xfd, 0x7,
    0xff, 0xbb, 0xfe, 0xf, 0xff, 0x75, 0xfe, 0xf,
    0xff, 0x73, 0xfe, 0x43, 0xff, 0xdd, 0xff, 0x7,
    0xff, 0xbb, 0xfe, 0xf, 0xff, 0x75, 0xfe, 0x83,
    0xff, 0xdc, 0xff, 0x83, 0xff, 0xe3, 0xf9, 0xf,
    0xff, 0x95, 0xc1, 0xff, 0xf4, 0x83, 0xff, 0xa2,

    /* U+4ECE "从" */
    0xf, 0xff, 0xf8, 0x7f, 0xf5, 0x1f, 0x51, 0x41,
    0xff, 0xd8, 0xe5, 0x83, 0xff, 0x8e, 0xff, 0x90,
    0xff, 0xeb, 0xff, 0x90, 0xff, 0xe3, 0x7f, 0x83,
    0xff, 0xb1, 0xfe, 0xf, 0xfe, 0x3f, 0xf8, 0x3f,
    0xfb, 0x1f, 0xe0, 0xff, 0xe3, 0xff, 0x83, 0xff,
    0xb1, 0xfe, 0xf, 0xfe, 0x3f, 0xf8, 0x3f, 0xfb,
    0x1f, 0xe0, 0xff, 0xe3, 0xff, 0x83, 0xff, 0xb1,
    0xfe, 0xf, 0xfe, 0x3f, 0xf8, 0x3f, 0xfb, 0x1f,
    0xe0, 0xff, 0xe3, 0xff, 0x41, 0xff, 0xd8, 0xff,
    0x7, 0xff, 0x1f, 0xfa, 0xf, 0xfe, 0xc7, 0xf8,
    0x3f, 0xf8, 0xff, 0xd0, 0x7f, 0xf6, 0x3f, 0xc1,
    0xff, 0xc7, 0xfe, 0x83, 0xff, 0xb1, 0xfe, 0xf,
    0xfe, 0x3f, 0xf4, 0x1f, 0xfd, 0x8f, 0xe8, 0x3f,
    0xf8, 0xff, 0xe0, 0xff, 0xec, 0x7f, 0x41, 0xff,
    0xc7, 0xff, 0x7, 0xff, 0x63, 0xfa, 0xf, 0xfe,
    0x3f, 0xf8, 0x3f, 0xfb, 0x1f, 0xd0, 0x7f, 0xf1,
    0xff, 0xc1, 0xff, 0xd8, 0xfe, 0x83, 0xff, 0x8f,
    0xfe, 0xf, 0xfe, 0xc7, 0xf4, 0x1f, 0xfc, 0x7f,
    0xf0, 0x7f, 0xf6, 0x3f, 0xa0, 0xff, 0xe3, 0x3f,
    0xe0, 0xff, 0xec, 0x7f, 0x21, 0xff, 0xc6, 0x7f,
    0xc1, 0xff, 0xd8, 0xfe, 0x43, 0xff, 0x8c, 0xff,
    0x83, 0xff, 0xb1, 0xfc, 0x87, 0xff, 0x19, 0xff,
    0x7, 0xff, 0x63, 0xf9, 0xf, 0xfe, 0x35, 0xfe,
    0x43, 0xff, 0xaf, 0xfc, 0x87, 0xff, 0x1a, 0xff,
    0x21, 0xff, 0xd7, 0xfe, 0x43, 0xff, 0x8d, 0x7f,
    0xa0, 0xff, 0xeb, 0xff, 0x21, 0xff, 0xc6, 0xff,
    0xc1, 0xff, 0xd6, 0x7f, 0x90, 0xff, 0xe3, 0x7f,
    0xe0, 0xff, 0xeb, 0x3f, 0xe0, 0xff, 0xe3, 0x7f,
    0xe0, 0xff, 0xeb, 0x5f, 0xf0, 0x7f, 0xf1, 0x1f,
    0xfc, 0x87, 0xff, 0x57, 0xff, 0x83, 0xff, 0x87,
    0x7f, 0xe8, 0x3f, 0xfa, 0xbf, 0xfe, 0xf, 0xfe,
    0x15, 0xff, 0xc1, 0xff, 0xd5, 0xff, 0xf8, 0x3f,
    0xf8, 0x3f, 0xfe, 0x43, 0xff, 0xa6, 0xff, 0xff,
    0x0, 0x3f, 0xe7, 0xfa, 0xfd, 0x7, 0xff, 0x4e,
    0xfe, 0x7f, 0xd0, 0x7f, 0xaf, 0xe3, 0xf8, 0x3f,
    0xfa, 0x7f, 0xe1, 0xff, 0x41, 0xfd, 0xfd, 0x1f,
    0xc8, 0x7f, 0xf4, 0xbf, 0xa0, 0x5f, 0xe8, 0x3f,
    0x7f, 0x25, 0xfc, 0x1f, 0xfd, 0x17, 0xf9, 0xb,
    0xfe, 0x83, 0xd7, 0xf0, 0x1f, 0xe4, 0x3f, 0xfa,
    0x1f, 0xe0, 0xef, 0xf9, 0xe, 0xff, 0x5, 0xfe,
    0xf, 0xfe, 0x87, 0xf4, 0x1e, 0xff, 0x90, 0x9f,
    0xe4, 0x2b, 0xf9, 0xf, 0xfe, 0x75, 0xfc, 0x87,
    0x9f, 0xf8, 0x2b, 0xf8, 0x3b, 0xfc, 0x1f, 0xfc,
    0xef, 0xf0, 0x7e, 0xbf, 0xe0, 0x7f, 0x41, 0xdf,
    0xe4, 0x3f, 0xf9, 0x97, 0xf2, 0x1f, 0xdf, 0xe4,
    0xbf, 0x90, 0xe7, 0xfc, 0x1f, 0xfc, 0xcf, 0xf0,
    0x7f, 0x9f, 0xc1, 0x7f, 0x83, 0xef, 0xf2, 0x1f,
    0xfc, 0xab, 0xfa, 0xf, 0xfa, 0xf0, 0x57, 0xf2,
    0x1f, 0x5f, 0xe0, 0xff, 0xe5, 0x7f, 0x83, 0xff,
    0x83, 0x86, 0xff, 0x7, 0xf7, 0xfa, 0xf, 0xfe,
    0x47, 0xf9, 0xf, 0xfe, 0x2d, 0xfc, 0x87, 0xf5,
    0xfe, 0xf, 0xfe, 0x3b, 0xfe, 0xf, 0xfe, 0x2b,
    0xfe, 0xf, 0xfb, 0xfe, 0xf, 0xfe, 0x37, 0xf9,
    0xf, 0xfe, 0x2f, 0xf9, 0xf, 0xf9, 0xff, 0x41,
    0xff, 0xc4, 0xff, 0x41, 0xff, 0xc5, 0xbf, 0xc1,
    0xff, 0xc1, 0xff, 0x90, 0xff, 0xe1, 0x5f, 0xe0,
    0xff, 0xe2, 0xbf, 0xe4, 0x3f, 0xf8, 0x2f, 0xfc,
    0x1f, 0xfc, 0x1b, 0xfc, 0x87, 0xff, 0x17, 0xfd,
    0x7, 0xff, 0xe, 0xff, 0x83, 0xfe, 0x7f, 0xd0,
    0x7f, 0xf1, 0x7f, 0xe0, 0xff, 0xe2, 0xff, 0xe0,
    0xff, 0x7f, 0xc1, 0xff, 0xc5, 0xbf, 0xc8, 0x7f,
    0xf1, 0x5f, 0xfc, 0x1f, 0xbf, 0xe4, 0x3f, 0xf8,
    0x97, 0xfa, 0xf, 0xfe, 0x3d, 0xff, 0x83, 0xdf,
    0xf4, 0x1f, 0xfc, 0x4b, 0xfe, 0xf, 0xfe, 0x4f,
    0xff, 0x6, 0xff, 0xa0, 0xff, 0xe2, 0x5f, 0xf0,
    0x7f, 0xf2, 0xff, 0xf9, 0xb, 0xfc, 0x1f, 0xfc,
    0x4b, 0xfe, 0x43, 0xff, 0x96, 0xff, 0xf2, 0x15,
    0xf0, 0x7f, 0xf1, 0x2f, 0xf9, 0xf, 0xfe, 0x6b,
    0xff, 0x41, 0xd6, 0x87, 0xff, 0xf, 0xff, 0x41,
    0xff, 0xcf, 0xbf, 0xa0, 0xf9, 0xf, 0xfe, 0x27,
    0xfd, 0x7, 0xff, 0x46, 0xfa, 0xf, 0xfe, 0x75,
    0xfa, 0xf, 0xfe, 0x9d, 0xe0, 0xff, 0xe8, 0x5e,
    0x83, 0xff, 0xab, 0x7, 0xff, 0x49, 0x83, 0xff,
    0xfe, 0x1f, 0xfd, 0x40,

    /* U+4ED6 "他" */
    0xf, 0xff, 0xf8, 0x7b, 0xc8, 0x7f, 0xf2, 0x1f,
    0xe4, 0x3f, 0xfb, 0x1f, 0xa0, 0xff, 0xe3, 0x3f,
    0xc8, 0x7f, 0xf5, 0xdf, 0xf4, 0x1f, 0xfc, 0x5f,
    0xe4, 0x3f, 0xfa, 0xf7, 0xfa, 0xf, 0xfe, 0x2f,
    0xf2, 0x1f, 0xfd, 0x7f, 0xf8, 0x3f, 0xf8, 0xdf,
    0xc1, 0xff, 0xd7, 0x7f, 0xc8, 0x7f, 0xf1, 0xbf,
    0x83, 0xff, 0xaf, 0x7f, 0x83, 0xff, 0x8f, 0xfc,
    0x1f, 0xfd, 0x7f, 0xf2, 0x1f, 0xfc, 0x7f, 0xe0,
    0xff, 0xeb, 0x3f, 0xe0, 0xff, 0xe4, 0x7f, 0x7,
    0xff, 0x5b, 0xfc, 0x87, 0xff, 0x23, 0xf8, 0x3f,
    0xfa, 0xdf, 0xe0, 0xfa, 0xb9, 0xf, 0xdf, 0xc1,
    0xff, 0xd5, 0xbf, 0x90, 0xfb, 0xfa, 0xf, 0xdf,
    0xc1, 0xff, 0xd5, 0xff, 0x7, 0xef, 0xe8, 0x3f,
    0x7f, 0x7, 0xff, 0x52, 0xfe, 0x43, 0xf7, 0xf4,
    0x1f, 0xbf, 0x83, 0xff, 0xa9, 0xfe, 0xf, 0xef,
    0xe8, 0x3f, 0x7f, 0x7, 0xff, 0x6, 0xd0, 0xff,
    0xe1, 0xbf, 0xc8, 0x7f, 0x7f, 0x41, 0xfb, 0xf8,
    0x3f, 0xcf, 0xe4, 0x3f, 0xf8, 0x7f, 0xe4, 0x3f,
    0xbf, 0xa0, 0xfd, 0xfc, 0x1f, 0x3f, 0xf2, 0x1f,
    0xfc, 0x27, 0xfc, 0x87, 0xf7, 0xf4, 0x1f, 0xbf,
    0x83, 0x37, 0xff, 0x21, 0xff, 0xc2, 0xff, 0x90,
    0xfe, 0xfe, 0x83, 0xf7, 0xf0, 0xdf, 0xff, 0xc0,
    0x43, 0xff, 0x82, 0xff, 0xc8, 0x7f, 0x7f, 0x41,
    0xfb, 0xff, 0xf9, 0x8, 0x7f, 0xf0, 0x7f, 0xf2,
    0x1f, 0xdf, 0xd0, 0x7e, 0xff, 0xfe, 0x40, 0x7f,
    0xf0, 0x5f, 0xfc, 0x87, 0xf7, 0xf4, 0x1e, 0x6f,
    0xff, 0xe0, 0xcf, 0xf0, 0x7f, 0xf0, 0x7f, 0xf9,
    0xf, 0xef, 0xe8, 0x26, 0xff, 0xfe, 0xc, 0x81,
    0xfe, 0xf, 0xfe, 0x5, 0xff, 0xc8, 0x7f, 0x7f,
    0x4d, 0xff, 0xfc, 0x19, 0xe, 0x7f, 0x83, 0xff,
    0x81, 0xff, 0xe4, 0x3f, 0xbf, 0xff, 0x8e, 0x87,
    0xe7, 0xf8, 0x3f, 0xef, 0xff, 0x90, 0xfe, 0xff,
    0xfe, 0x38, 0x7f, 0x3f, 0xc1, 0xfe, 0x7f, 0xa9,
    0xf9, 0xf, 0x3f, 0xff, 0xc2, 0x8f, 0xe0, 0xfe,
    0x7f, 0x83, 0xfd, 0xfe, 0x2f, 0xc8, 0x1b, 0xff,
    0xf8, 0x50, 0x6f, 0xe0, 0xfe, 0x7f, 0x83, 0xfb,
    0xfc, 0x97, 0xe7, 0xff, 0xf8, 0x72, 0x1e, 0xfe,
    0xf, 0xe7, 0xf8, 0x3f, 0x5f, 0xe0, 0x5f, 0x95,
    0xff, 0xfc, 0x18, 0x3f, 0x7f, 0x7, 0xf3, 0xfc,
    0x1f, 0x3f, 0xe4, 0x17, 0xe4, 0xff, 0xfe, 0xc,
    0x1f, 0xbf, 0x83, 0xf9, 0xfe, 0xf, 0xdf, 0xe0,
    0xaf, 0xc9, 0x7e, 0x93, 0xfa, 0xf, 0xdf, 0xc1,
    0xfc, 0xff, 0x7, 0xf5, 0xf0, 0x6b, 0xf2, 0xf,
    0x21, 0xbf, 0xa0, 0xfd, 0xfc, 0x1f, 0xcf, 0xf0,
    0x7f, 0xae, 0xd, 0x7e, 0x40, 0x87, 0xbf, 0xa0,
    0xfd, 0xfc, 0x1f, 0xd7, 0xf0, 0x7f, 0xd0, 0x75,
    0xf9, 0xf, 0xef, 0xe8, 0x3f, 0x7f, 0x7, 0xf5,
    0xfc, 0x1f, 0xfc, 0x5b, 0xf2, 0x1f, 0xdf, 0xd0,
    0x7e, 0xfe, 0xf, 0xeb, 0xf8, 0x3f, 0xf8, 0xb7,
    0xe4, 0x3f, 0xbf, 0xa0, 0xfd, 0xfc, 0x1f, 0xd7,
    0xf0, 0x7f, 0xf1, 0x6f, 0xc8, 0x7f, 0x7f, 0x41,
    0xfb, 0xf8, 0x3f, 0x3f, 0xe0, 0xff, 0xe2, 0xdf,
    0x90, 0xfe, 0xfe, 0x83, 0xf7, 0xf0, 0x2a, 0xff,
    0xe8, 0x3f, 0xf8, 0xb7, 0xe4, 0x3f, 0xbf, 0xa0,
    0xfd, 0xfc, 0xb, 0xff, 0xe0, 0xff, 0xe3, 0x5f,
    0x90, 0xfe, 0xfe, 0x83, 0xf7, 0xf0, 0x5f, 0xfe,
    0x83, 0xff, 0x8d, 0x7e, 0x43, 0xfb, 0xfa, 0xf,
    0xdf, 0xc1, 0x5f, 0xfa, 0xf, 0xfe, 0x3d, 0xf9,
    0xf, 0xef, 0xe8, 0x3f, 0x7f, 0x4, 0xff, 0xa0,
    0xff, 0xe4, 0xdf, 0x90, 0xfe, 0xfe, 0x83, 0xf7,
    0xf0, 0x6f, 0x48, 0x7f, 0xf3, 0x2f, 0xc8, 0x7f,
    0x7f, 0x41, 0xfb, 0xf8, 0x3f, 0xfa, 0x97, 0xe4,
    0x3f, 0xbf, 0xa0, 0xfd, 0xfc, 0x1f, 0xfd, 0x4b,
    0xf2, 0x1f, 0xdf, 0xd0, 0x7e, 0xfe, 0xf, 0xfe,
    0xa5, 0xf9, 0xf, 0xef, 0xe8, 0x3f, 0x7f, 0x21,
    0xff, 0xd3, 0xbf, 0x21, 0xfd, 0xfd, 0x7, 0xef,
    0xe4, 0x3f, 0xf8, 0x5a, 0x1f, 0xfc, 0x3b, 0xf2,
    0x1f, 0xdf, 0xd0, 0x7e, 0xfe, 0x43, 0xff, 0x85,
    0xf2, 0x1f, 0xfc, 0x1b, 0xf2, 0x1f, 0xdf, 0xd0,
    0x7e, 0xae, 0x43, 0xff, 0x85, 0xfd, 0x7, 0xfd,
    0x7e, 0x43, 0xfb, 0xfa, 0xf, 0xfe, 0x7b, 0xfe,
    0x43, 0xfd, 0x7e, 0x43, 0xfb, 0xfa, 0xf, 0xfe,
    0x7d, 0xfe, 0xf, 0xfa, 0xfc, 0x87, 0xf7, 0xf4,
    0x1f, 0xfc, 0xfb, 0xfa, 0xf, 0xfa, 0xfc, 0x87,
    0xf7, 0xf4, 0x1f, 0xfc, 0xff, 0xf2, 0x1f, 0xf5,
    0xf9, 0xf, 0xeb, 0xf8, 0x3f, 0xf9, 0xd7, 0xf8,
    0x3f, 0xf8, 0x17, 0xe4, 0x3f, 0xaf, 0xf2, 0x1f,
    0xfc, 0xa6, 0xff, 0x41, 0xff, 0xc0, 0xbf, 0x41,
    0xfe, 0xff, 0xfe, 0xc8, 0x7f, 0xf0, 0x6f, 0xd0,
    0x7f, 0xbf, 0xff, 0xb1, 0x7, 0xff, 0x6, 0xfd,
    0x7, 0xfd, 0xff, 0xfd, 0x70, 0xff, 0xe1, 0x7f,
    0x41, 0xff, 0xc0, 0xff, 0xfe, 0xa4, 0x1f, 0xfc,
    0x3f, 0xe8, 0x3f, 0xf8, 0x4d, 0x7f, 0xf3, 0xd0,
    0xff, 0xe2, 0xff, 0x83, 0xff, 0xe1, 0xfe, 0xf,
    0xff, 0x82, 0xf8, 0x3f, 0xfc, 0xc0,

    /* U+4EEC "们" */
    0xf, 0xff, 0xf8, 0x67, 0x90, 0xff, 0xf8, 0x5f,
    0xa4, 0x3f, 0x28, 0x3f, 0xfc, 0x7f, 0xf2, 0x1e,
    0x7c, 0x87, 0xff, 0x8b, 0xfd, 0x7, 0x9f, 0xc1,
    0xff, 0xe1, 0x7f, 0xc1, 0xeb, 0xfc, 0x1f, 0xfe,
    0xb, 0xfa, 0xf, 0x5f, 0xe8, 0x3f, 0xfb, 0xff,
    0xe0, 0xfd, 0xff, 0x41, 0xff, 0xdd, 0x7f, 0xa0,
    0xfe, 0xff, 0x90, 0xff, 0xee, 0x5f, 0xc1, 0xff,
    0x7f, 0xc1, 0xff, 0xdc, 0xfe, 0x83, 0xfe, 0x7f,
    0xd0, 0x7b, 0xff, 0xf8, 0xe1, 0xff, 0xc1, 0xbf,
    0x83, 0xff, 0x83, 0x7f, 0x90, 0xef, 0xff, 0xe3,
    0x87, 0xff, 0x7, 0xfa, 0xf, 0xfe, 0x17, 0xfc,
    0x1d, 0xff, 0xfc, 0x70, 0xff, 0xe0, 0x3f, 0xc1,
    0xff, 0xc3, 0x7f, 0xc1, 0xdf, 0xff, 0xc7, 0xf,
    0xfe, 0x7, 0xf4, 0x1f, 0xfc, 0x4b, 0xe4, 0x3d,
    0xff, 0xfc, 0x70, 0xff, 0x9f, 0xe0, 0xff, 0xe3,
    0x78, 0x3f, 0x4b, 0x7, 0xf3, 0xfc, 0x1f, 0xf7,
    0xf8, 0x3f, 0xf8, 0xc8, 0x7f, 0xf2, 0x9f, 0xe0,
    0xff, 0x3f, 0xe0, 0xfe, 0xaf, 0x7, 0xff, 0x39,
    0xfe, 0xf, 0xf7, 0xfc, 0x1f, 0x9f, 0xe8, 0x3f,
    0xf9, 0xcf, 0xf0, 0x7f, 0x3f, 0xf0, 0x7f, 0x7f,
    0x41, 0xff, 0xce, 0x7f, 0x83, 0xfb, 0xff, 0x7,
    0xf7, 0xf4, 0x1f, 0xfc, 0xe7, 0xf8, 0x3f, 0x5f,
    0xf8, 0x3f, 0xbf, 0xa0, 0xff, 0xe7, 0x3f, 0xc1,
    0xfb, 0xff, 0x83, 0xfb, 0xfa, 0xf, 0xfe, 0x73,
    0xfc, 0x1f, 0x5f, 0xfc, 0x1f, 0xdf, 0xd0, 0x7f,
    0xf3, 0x9f, 0xe0, 0xf3, 0xff, 0xe0, 0xfe, 0xfe,
    0x83, 0xff, 0x9c, 0xff, 0x7, 0xbf, 0xfe, 0xf,
    0xef, 0xe8, 0x3f, 0xf9, 0xcf, 0xf0, 0x75, 0xff,
    0xf0, 0x7f, 0x7f, 0x41, 0xff, 0xce, 0x7f, 0x83,
    0x3f, 0xeb, 0xf8, 0x3f, 0xbf, 0xa0, 0xff, 0xe7,
    0x3f, 0xc1, 0xbf, 0xcd, 0xfc, 0x1f, 0xdf, 0xd0,
    0x7f, 0xf3, 0x9f, 0xe0, 0xaf, 0xe8, 0xbf, 0x83,
    0xfb, 0xfa, 0xf, 0xfe, 0x73, 0xfc, 0x7, 0xfc,
    0xb, 0xf8, 0x3f, 0xbf, 0xa0, 0xff, 0xe7, 0x3f,
    0xc3, 0xfe, 0x81, 0x7f, 0x7, 0xf7, 0xf4, 0x1f,
    0xfc, 0xe7, 0xf8, 0x17, 0xf0, 0x57, 0xf0, 0x7f,
    0x7f, 0x41, 0xff, 0xce, 0x7f, 0x83, 0x7c, 0x85,
    0x7f, 0x7, 0xf7, 0xf4, 0x1f, 0xfc, 0xe7, 0xf8,
    0x3a, 0x81, 0xaf, 0xe0, 0xfe, 0xfe, 0x83, 0xff,
    0x9c, 0xff, 0x7, 0xfd, 0x7f, 0x7, 0xf7, 0xf4,
    0x1f, 0xfc, 0xe7, 0xf8, 0x3f, 0xeb, 0xf8, 0x3f,
    0xbf, 0xa0, 0xff, 0xe7, 0x3f, 0xc1, 0xff, 0x5f,
    0xc1, 0xfd, 0xfd, 0x7, 0xff, 0x39, 0xfe, 0xf,
    0xfa, 0xfe, 0xf, 0xef, 0xe8, 0x3f, 0xf9, 0xcf,
    0xf0, 0x7f, 0xd7, 0xf0, 0x7f, 0x7f, 0x41, 0xff,
    0xce, 0x7f, 0x83, 0xfe, 0xbf, 0x83, 0xfb, 0xfa,
    0xf, 0xfe, 0x73, 0xfc, 0x1f, 0xf5, 0xfc, 0x1f,
    0xdf, 0xd0, 0x7f, 0xf3, 0x9f, 0xe0, 0xff, 0xaf,
    0xe0, 0xfe, 0xfe, 0x83, 0xff, 0x9c, 0xff, 0x7,
    0xfd, 0x7f, 0x7, 0xf7, 0xf4, 0x1f, 0xfc, 0xe7,
    0xf8, 0x3f, 0xeb, 0xf8, 0x3f, 0xbf, 0xa0, 0xff,
    0xe7, 0x3f, 0xc1, 0xff, 0x5f, 0xc1, 0xfd, 0xfd,
    0x7, 0xff, 0x39, 0xfe, 0xf, 0xfa, 0xfe, 0xf,
    0xef, 0xe8, 0x3f, 0xf9, 0xcf, 0xf0, 0x7f, 0xd7,
    0xf0, 0x7f, 0x7f, 0x41, 0xff, 0xce, 0x7f, 0x83,
    0xfe, 0xbf, 0x83, 0xfb, 0xfa, 0xf, 0xfe, 0x73,
    0xfc, 0x1f, 0xf5, 0xfc, 0x1f, 0xdf, 0xd0, 0x7f,
    0xf3, 0x9f, 0xe0, 0xff, 0xaf, 0xe0, 0xfe, 0xfe,
    0x83, 0xff, 0x9c, 0xff, 0x7, 0xfd, 0x7f, 0x7,
    0xf7, 0xf4, 0x1f, 0xfc, 0xe7, 0xf8, 0x3f, 0xeb,
    0xf8, 0x3f, 0xbf, 0xa0, 0xff, 0xe7, 0x3f, 0xc1,
    0xff, 0x5f, 0xc1, 0xfd, 0xfd, 0x7, 0xff, 0x39,
    0xfe, 0xf, 0xfa, 0xfe, 0xf, 0xef, 0xe8, 0x3f,
    0xf9, 0xcf, 0xf0, 0x7f, 0xd7, 0xf0, 0x7f, 0x7f,
    0x41, 0xff, 0xce, 0x7f, 0x83, 0xfe, 0xbf, 0x83,
    0xfb, 0xfa, 0xf, 0xfe, 0x73, 0xfc, 0x1f, 0xf5,
    0xfc, 0x1f, 0xdf, 0xd0, 0x7f, 0xf3, 0x9f, 0xe0,
    0xff, 0xaf, 0xe0, 0xfe, 0xfe, 0x83, 0xff, 0x9d,
    0x7f, 0x7, 0xfd, 0x7f, 0x7, 0xf7, 0xf4, 0x1f,
    0xfc, 0xef, 0xf0, 0x7f, 0xd7, 0xf0, 0x7f, 0x7f,
    0x41, 0xff, 0xc6, 0xaf, 0x7f, 0xe0, 0xff, 0xaf,
    0xe0, 0xfe, 0xfe, 0x83, 0xff, 0x8d, 0x7f, 0xff,
    0x4, 0x3f, 0xeb, 0xf8, 0x3f, 0xbf, 0xa0, 0xff,
    0xe3, 0xff, 0xff, 0x2, 0xf, 0xfa, 0xfe, 0xf,
    0xef, 0xe8, 0x3f, 0xf8, 0xff, 0xff, 0xc0, 0xf,
    0xfe, 0x5, 0xfc, 0x1f, 0xdf, 0xd0, 0x7f, 0xf1,
    0xdf, 0xff, 0x21, 0xff, 0xc0, 0xff, 0x21, 0xf3,
    0xfd, 0x7, 0xff, 0x23, 0xfe, 0x90, 0xff, 0xe1,
    0x7f, 0x90, 0xf9, 0xfe, 0x83, 0xff, 0x91, 0xf4,
    0x87, 0xff, 0x19, 0x7c, 0x1f, 0xfe, 0x40,

    /* U+4F17 "众" */
    0xf, 0xfe, 0x7c, 0x87, 0xff, 0xcf, 0xf5, 0x10,
    0xff, 0xf6, 0xbf, 0xe8, 0x3f, 0xfd, 0xb7, 0xf8,
    0x3f, 0xfd, 0xdf, 0xe8, 0x3f, 0xfd, 0xb7, 0xfc,
    0x1f, 0xfe, 0xdf, 0xfe, 0xf, 0xff, 0x5b, 0xff,
    0xc8, 0x7f, 0xfa, 0xbf, 0xfe, 0xf, 0xff, 0x4d,
    0xff, 0xfc, 0x0, 0xff, 0xf3, 0xbf, 0xe9, 0xfe,
    0x83, 0xff, 0xcd, 0xff, 0x3, 0xfd, 0x7, 0xff,
    0x92, 0xff, 0x21, 0x7f, 0x90, 0xff, 0xf1, 0x3f,
    0xe8, 0x33, 0xfe, 0x43, 0xff, 0xc0, 0xff, 0xc1,
    0xeb, 0xfc, 0x87, 0xff, 0x79, 0xff, 0x83, 0xf7,
    0xfd, 0x7, 0xff, 0x77, 0xfe, 0x43, 0xfb, 0xfe,
    0x83, 0xff, 0xb4, 0xff, 0xd0, 0x7f, 0xdf, 0xf8,
    0x3f, 0xfb, 0xf, 0xfe, 0xf, 0xfe, 0xf, 0xfe,
    0x83, 0xff, 0xaa, 0xff, 0xe0, 0xff, 0xe1, 0xff,
    0xf0, 0x7f, 0xf4, 0xef, 0xfc, 0x1f, 0xfc, 0x5f,
    0xfe, 0x83, 0xff, 0xa1, 0xff, 0xc1, 0xff, 0xc7,
    0xbf, 0xfa, 0xf, 0xfe, 0x63, 0xff, 0xc1, 0xff,
    0xc9, 0x7f, 0xfd, 0x21, 0xff, 0xc8, 0xff, 0xe8,
    0x3f, 0xf9, 0x9f, 0xff, 0xc0, 0x43, 0xff, 0x89,
    0x7f, 0xf2, 0x1f, 0xfc, 0xeb, 0xff, 0xf8, 0x30,
    0x7f, 0xd7, 0xff, 0x90, 0xff, 0xe8, 0xff, 0xff,
    0x4, 0x3f, 0x3f, 0xff, 0x41, 0xff, 0xd4, 0x7f,
    0xfc, 0x87, 0xe7, 0xff, 0xc8, 0x48, 0x7f, 0xf2,
    0xba, 0x28, 0x33, 0xff, 0x21, 0xff, 0x7f, 0xd0,
    0x77, 0xd2, 0x1f, 0xfc, 0x6f, 0xf2, 0x19, 0xfe,
    0xf, 0xfe, 0xf, 0xf0, 0x79, 0xff, 0x7, 0xff,
    0x17, 0xfc, 0x87, 0xd6, 0x87, 0xff, 0x6, 0xf2,
    0x1f, 0x3f, 0xd0, 0x7f, 0xf1, 0x7f, 0xc1, 0xff,
    0xcd, 0x43, 0xfa, 0xfe, 0x43, 0xff, 0x8b, 0xfe,
    0xf, 0xfe, 0xbd, 0xfc, 0x1f, 0xfc, 0x6f, 0xf0,
    0x7f, 0xf5, 0xff, 0xc1, 0xff, 0xc6, 0xfe, 0x83,
    0xff, 0xaf, 0xfd, 0x7, 0xff, 0x15, 0xfe, 0x83,
    0xff, 0xac, 0xff, 0x21, 0xff, 0xc5, 0x7f, 0xa0,
    0xff, 0xeb, 0x5f, 0xc1, 0xff, 0xc6, 0x7f, 0xc1,
    0xff, 0xd6, 0xff, 0x7, 0xff, 0x19, 0xff, 0x7,
    0xff, 0x5b, 0xfc, 0x1f, 0xfc, 0x67, 0xfc, 0x1f,
    0xfd, 0x57, 0xfa, 0xf, 0xfe, 0x35, 0xfe, 0xf,
    0xfe, 0xaf, 0xf9, 0xf, 0xfe, 0x35, 0xfe, 0x43,
    0xff, 0xa9, 0xfe, 0x43, 0xff, 0x8d, 0xff, 0x41,
    0xff, 0xd3, 0x7f, 0xf0, 0x7f, 0xf1, 0x7f, 0xf0,
    0x7f, 0xf4, 0xff, 0xfd, 0x7, 0xff, 0x9, 0xff,
    0xd0, 0x7f, 0xf4, 0xbf, 0xff, 0x80, 0x87, 0xff,
    0x2, 0xff, 0xe4, 0x3f, 0xfa, 0x17, 0xff, 0xf0,
    0x60, 0xff, 0xbf, 0xfe, 0xf, 0xfe, 0x87, 0xfa,
    0x9f, 0xf9, 0xf, 0xcf, 0xf5, 0xfd, 0x7, 0xff,
    0x3a, 0xff, 0x5, 0xff, 0xa0, 0xfb, 0xfa, 0x3f,
    0xc8, 0x7f, 0xf3, 0x7f, 0xc8, 0x67, 0xff, 0x7,
    0x3f, 0xc8, 0xff, 0x90, 0xff, 0xe5, 0xff, 0xc1,
    0xf7, 0xfe, 0x42, 0xff, 0x5, 0x7f, 0x90, 0xff,
    0xe4, 0xbf, 0xe4, 0x3f, 0x5f, 0xd0, 0x4f, 0xf2,
    0x1b, 0xfe, 0xf, 0xfe, 0x4f, 0xfc, 0x1f, 0xe7,
    0xe8, 0x37, 0xf8, 0x3d, 0xff, 0x7, 0xff, 0x1f,
    0xfe, 0xf, 0xfe, 0x3, 0xc1, 0xaf, 0xe0, 0xf9,
    0xff, 0x90, 0xff, 0xe2, 0x5f, 0xe4, 0x3f, 0xf8,
    0xff, 0xd0, 0x7e, 0xbf, 0xe4, 0x3f, 0xf8, 0x57,
    0xfa, 0xf, 0xfe, 0x3f, 0xf8, 0x3f, 0xdf, 0xf9,
    0xf, 0xfe, 0x5, 0xff, 0x7, 0xff, 0x1f, 0xfc,
    0x87, 0xfd, 0xff, 0xa0, 0xff, 0x5f, 0xf2, 0x1f,
    0xfc, 0x6b, 0xfa, 0xf, 0xfe, 0xf, 0xff, 0x7,
    0xeb, 0xfe, 0x43, 0xff, 0x8d, 0x7f, 0x83, 0xff,
    0x87, 0xff, 0xd0, 0x75, 0xff, 0x41, 0xff, 0xc6,
    0xbf, 0xc8, 0x7f, 0xf1, 0x3f, 0xfd, 0x3, 0xff,
    0x41, 0xff, 0xc6, 0xff, 0xa0, 0xff, 0xe3, 0x7f,
    0xf0, 0x67, 0xfa, 0xf, 0xfe, 0x2b, 0xff, 0x41,
    0xff, 0xc8, 0xbf, 0xa0, 0xfa, 0xf4, 0x1f, 0xfc,
    0x57, 0xff, 0x7, 0xff, 0x29, 0xfa, 0xf, 0xe6,
    0xf, 0xfe, 0x45, 0xfc, 0x1f, 0xfc, 0xdf, 0x7,
    0xff, 0x5b, 0xe0, 0xff, 0xf9, 0xe1, 0xff, 0xff,
    0xf, 0xfe, 0x60,

    /* U+4F1A "会" */
    0xf, 0xfe, 0xaa, 0x1f, 0xff, 0x5f, 0x90, 0xff,
    0xf9, 0x3f, 0xc8, 0x7f, 0xfc, 0x3f, 0xe4, 0x3f,
    0xfd, 0xd7, 0xfa, 0xf, 0xff, 0x73, 0xff, 0x41,
    0xff, 0xee, 0xff, 0xe4, 0x3f, 0xfd, 0x9f, 0xff,
    0x7, 0xff, 0xae, 0xff, 0xfe, 0x0, 0x7f, 0xfa,
    0x6f, 0xf2, 0xbf, 0xa0, 0xff, 0xf3, 0xdf, 0xe4,
    0x17, 0xf4, 0x1f, 0xfe, 0x57, 0xfc, 0x86, 0xbf,
    0xa0, 0xff, 0xf1, 0xbf, 0xe4, 0x3d, 0xfe, 0x83,
    0xff, 0xc3, 0x7f, 0xa0, 0xfd, 0xfe, 0x83, 0xff,
    0xbf, 0x7f, 0xa0, 0xff, 0x7f, 0xc1, 0xff, 0xdd,
    0xbf, 0xd0, 0x7f, 0xf0, 0x3f, 0xe4, 0x3f, 0xfb,
    0x5f, 0xf2, 0x1f, 0xfc, 0x2f, 0xf9, 0xf, 0xfe,
    0xc7, 0xfc, 0x87, 0xff, 0x13, 0xfe, 0x83, 0xff,
    0xaa, 0xff, 0xc8, 0x7f, 0xf1, 0xbf, 0xf2, 0x1f,
    0xfd, 0x2b, 0xfe, 0x43, 0xff, 0x91, 0x7f, 0xd0,
    0x7f, 0xf4, 0x3f, 0xf0, 0x7f, 0xf2, 0xef, 0xfd,
    0x7, 0xff, 0x31, 0xff, 0xc1, 0xff, 0xcd, 0x7f,
    0xf9, 0xf, 0xfe, 0x4d, 0xff, 0x41, 0xff, 0xd0,
    0xff, 0xf2, 0x1f, 0xfc, 0x5b, 0xff, 0x21, 0xff,
    0xd2, 0xbf, 0xfd, 0x7, 0xff, 0x5, 0xff, 0xe1,
    0xf, 0xfe, 0x8a, 0x3f, 0xff, 0x41, 0xfc, 0xff,
    0xf4, 0xf, 0xff, 0xe9, 0x85, 0x7f, 0xff, 0x1,
    0xc, 0xff, 0xf9, 0xb, 0xff, 0xfa, 0x61, 0xdf,
    0xff, 0xc0, 0x8b, 0xff, 0xe0, 0xef, 0xff, 0xe9,
    0x87, 0x9f, 0xfe, 0x81, 0x7f, 0xf4, 0x1e, 0xff,
    0xfe, 0x98, 0x7e, 0x7f, 0xd0, 0x67, 0xfe, 0xf,
    0xd5, 0xe5, 0xff, 0xe3, 0x57, 0xc1, 0xfe, 0x7f,
    0x7, 0xaf, 0xd0, 0x7f, 0xfa, 0x1d, 0xf, 0xae,
    0xf, 0xff, 0xaa, 0x1f, 0xff, 0xf0, 0xff, 0xff,
    0x87, 0xff, 0xfc, 0x3f, 0xff, 0xe1, 0xff, 0xd7,
    0x50, 0x7f, 0xf9, 0xd4, 0x1f, 0xfc, 0xf, 0xff,
    0xf5, 0xc1, 0xff, 0x7f, 0xff, 0xae, 0xf, 0xfb,
    0xff, 0xfd, 0x70, 0x7f, 0xdf, 0xff, 0xeb, 0x83,
    0xfe, 0x5f, 0x7, 0xff, 0xd, 0xf2, 0x1f, 0xfc,
    0xc5, 0xf8, 0x3f, 0xfa, 0x9f, 0x90, 0xff, 0xf8,
    0xdf, 0xc8, 0x7f, 0xfb, 0xef, 0xfa, 0xf, 0xff,
    0x6b, 0xff, 0x41, 0xfe, 0x43, 0xff, 0xc4, 0xff,
    0xd0, 0x7f, 0xae, 0xf, 0xff, 0x3, 0xff, 0x21,
    0xfe, 0xbf, 0x7, 0xff, 0x79, 0xff, 0x90, 0xff,
    0x5f, 0xe0, 0xff, 0xee, 0x3f, 0xf0, 0x7f, 0xf0,
    0x3f, 0xf0, 0x7f, 0xf6, 0x9f, 0xf4, 0x1f, 0xfc,
    0x2b, 0xfe, 0xf, 0xfe, 0xc5, 0xfe, 0x83, 0xff,
    0x89, 0x7f, 0xc1, 0xff, 0xd6, 0xbf, 0xc8, 0x7f,
    0xf1, 0xaf, 0xf8, 0x3f, 0xfa, 0x9f, 0xf2, 0x1f,
    0xfc, 0x8b, 0xfe, 0xf, 0xfe, 0x8b, 0xff, 0x7,
    0xff, 0x2e, 0xff, 0x83, 0xff, 0x9f, 0x7f, 0xc1,
    0xff, 0xcd, 0xbf, 0xe0, 0xff, 0xe6, 0x3f, 0xf4,
    0x1f, 0xfc, 0x85, 0xea, 0x7f, 0xe0, 0xff, 0xe4,
    0xbf, 0xfd, 0x5f, 0xbf, 0xff, 0xa2, 0x1f, 0xfc,
    0x8f, 0xff, 0xf2, 0x7, 0xff, 0x1e, 0xff, 0xff,
    0x20, 0x7f, 0xf1, 0xff, 0xff, 0xa9, 0x5c, 0xbb,
    0xff, 0x7, 0xff, 0x1b, 0xff, 0xf8, 0x75, 0x97,
    0x7, 0xff, 0x1f, 0xfe, 0x43, 0xff, 0x8a, 0xfe,
    0xa2, 0x83, 0xff, 0xaa, 0xff, 0x7, 0xff, 0x21,
    0xf, 0xfe, 0xed, 0xf0, 0x7f, 0xfd, 0x3c, 0x1f,
    0xff, 0xf0, 0x80,

    /* U+4F5C "作" */
    0xf, 0xff, 0xf8, 0x7f, 0x68, 0x7f, 0xf1, 0x6e,
    0x43, 0xff, 0xbe, 0xfc, 0x87, 0xff, 0xf, 0xfa,
    0xf, 0xfe, 0xef, 0xf9, 0xf, 0xfe, 0x3, 0xff,
    0x41, 0xff, 0xdb, 0xff, 0xc1, 0xff, 0x5f, 0xf0,
    0x7f, 0xf6, 0xdf, 0xf9, 0xf, 0xfb, 0xfe, 0xf,
    0xfe, 0xe7, 0xfd, 0x7, 0xfc, 0xff, 0x90, 0xff,
    0xee, 0x7f, 0xc1, 0xff, 0xc0, 0xff, 0x83, 0xff,
    0xb9, 0x7f, 0x90, 0xff, 0xe0, 0x7f, 0x90, 0xff,
    0xee, 0x7f, 0xc1, 0xff, 0xc0, 0xbf, 0xc1, 0xff,
    0xdc, 0x7f, 0xc8, 0x7f, 0xf0, 0x3f, 0xc8, 0x7f,
    0xf7, 0x3f, 0xe0, 0xff, 0xe0, 0x5f, 0xe0, 0xff,
    0xee, 0xff, 0xa0, 0xff, 0xe0, 0x7f, 0x90, 0xff,
    0xee, 0x5f, 0xe0, 0xff, 0xe0, 0x5f, 0xe0, 0xff,
    0xe7, 0xa1, 0xff, 0xc1, 0xff, 0x41, 0xff, 0xc0,
    0xff, 0xfe, 0xb8, 0x7f, 0xf0, 0x2f, 0xf2, 0x1f,
    0xf5, 0xff, 0xfd, 0x70, 0xff, 0xe0, 0x7f, 0xc1,
    0xff, 0x3f, 0xff, 0xd8, 0xf, 0xfa, 0xff, 0x83,
    0xfe, 0xff, 0xfe, 0xc8, 0x7f, 0xdf, 0xf8, 0x3f,
    0xcf, 0xfa, 0x57, 0xf4, 0xbf, 0xfc, 0x5a, 0xe0,
    0xff, 0x7f, 0xf0, 0x7f, 0xbf, 0xd0, 0x5f, 0xc8,
    0x7f, 0xf4, 0xdf, 0xfe, 0xf, 0xef, 0xf8, 0x37,
    0xf2, 0x1f, 0xfd, 0x3f, 0xff, 0x7, 0xe7, 0xfc,
    0x86, 0xfe, 0x43, 0xff, 0xa5, 0x7f, 0xf8, 0x3f,
    0x7f, 0xc1, 0xdf, 0xc8, 0x7f, 0xf4, 0xbf, 0xfe,
    0xf, 0xbf, 0xe0, 0xf7, 0xf2, 0x1f, 0xfd, 0x1f,
    0xff, 0xe0, 0x7, 0xaf, 0xf4, 0x1e, 0xfe, 0x43,
    0xff, 0xa0, 0xff, 0xff, 0x0, 0x3a, 0xff, 0x83,
    0xef, 0xe4, 0x3f, 0xfa, 0x1f, 0xff, 0xc1, 0xc,
    0xff, 0xc8, 0x7d, 0xfc, 0x87, 0xff, 0x3e, 0xff,
    0x1f, 0xe0, 0xd7, 0xfa, 0xf, 0xdf, 0xc8, 0x7f,
    0xf3, 0x9f, 0xf4, 0x7f, 0x83, 0xdf, 0xc1, 0xfd,
    0xfc, 0x87, 0xff, 0x3b, 0xfe, 0x7, 0xf8, 0x3e,
    0xbc, 0x1f, 0xef, 0xf5, 0x7f, 0xf0, 0x7f, 0xc1,
    0xef, 0xf9, 0x7, 0xf8, 0x3f, 0x28, 0x3f, 0xdf,
    0xff, 0xcd, 0xe, 0xbf, 0xd0, 0x5f, 0xe0, 0xff,
    0xe4, 0x7f, 0xff, 0x34, 0x33, 0xff, 0x6, 0xff,
    0x7, 0xff, 0x23, 0xff, 0xf9, 0xa1, 0xcf, 0xf0,
    0x77, 0xf8, 0x3f, 0xf9, 0x1f, 0xff, 0xcd, 0xf,
    0x5f, 0x21, 0xdf, 0xe0, 0xff, 0xe4, 0x7f, 0x21,
    0xff, 0xc5, 0x50, 0x7d, 0xe8, 0x3d, 0xfe, 0xf,
    0xfe, 0x47, 0xf2, 0x1f, 0xfc, 0xfc, 0x3e, 0xff,
    0x7, 0xff, 0x23, 0xf9, 0xf, 0xfe, 0xbf, 0xf8,
    0x3f, 0xf9, 0x1f, 0xc8, 0x7f, 0xf5, 0xff, 0xc1,
    0xff, 0xc8, 0xfe, 0x43, 0xff, 0xaf, 0xfe, 0xf,
    0xfe, 0x47, 0xf2, 0x1f, 0xfd, 0x7f, 0xf0, 0x7f,
    0xf2, 0x3f, 0x90, 0xff, 0xeb, 0xff, 0x83, 0xff,
    0x91, 0xfc, 0x87, 0xff, 0x5f, 0xfc, 0x1f, 0xfc,
    0x8f, 0xe4, 0x3f, 0xfa, 0xff, 0xe0, 0xff, 0xe4,
    0x7f, 0x21, 0xff, 0xd7, 0xff, 0x7, 0xff, 0x23,
    0xf9, 0xf, 0xfe, 0xbf, 0xf8, 0x3f, 0xf9, 0x1f,
    0xc8, 0x7f, 0xf5, 0xff, 0xc1, 0xff, 0xc8, 0xfe,
    0x43, 0xff, 0xaf, 0xfe, 0xf, 0xfe, 0x47, 0xff,
    0xf3, 0xc3, 0xff, 0x85, 0xfe, 0xf, 0xfe, 0x47,
    0xff, 0xf3, 0xc3, 0xff, 0x85, 0xfe, 0xf, 0xfe,
    0x47, 0xff, 0xf3, 0xc3, 0xff, 0x85, 0xfe, 0xf,
    0xfe, 0x47, 0xff, 0xf3, 0xc3, 0xff, 0x85, 0xfe,
    0xf, 0xfe, 0x47, 0xfa, 0xbf, 0xf8, 0x3f, 0xf8,
    0x3f, 0xf8, 0x5f, 0xe0, 0xff, 0xe4, 0x7f, 0x21,
    0xff, 0xd7, 0xff, 0x7, 0xff, 0x23, 0xf9, 0xf,
    0xfe, 0xbf, 0xf8, 0x3f, 0xf9, 0x1f, 0xc8, 0x7f,
    0xf5, 0xff, 0xc1, 0xff, 0xc8, 0xfe, 0x43, 0xff,
    0xaf, 0xfe, 0xf, 0xfe, 0x47, 0xf2, 0x1f, 0xfd,
    0x7f, 0xf0, 0x7f, 0xf2, 0x3f, 0x90, 0xff, 0xeb,
    0xff, 0x83, 0xff, 0x91, 0xfc, 0x87, 0xff, 0x5f,
    0xfc, 0x1f, 0xfc, 0x8f, 0xe4, 0x3f, 0xfa, 0xff,
    0xe0, 0xff, 0xe4, 0x7f, 0x21, 0xff, 0xd7, 0xff,
    0x7, 0xff, 0x23, 0xf9, 0xf, 0xfe, 0xbf, 0xf8,
    0x3f, 0xf9, 0x1f, 0xc8, 0x7f, 0xf5, 0xff, 0xc1,
    0xff, 0xc8, 0xfe, 0x43, 0xff, 0xaf, 0xfe, 0xf,
    0xfe, 0x47, 0xf4, 0x1f, 0xfd, 0x7f, 0xf0, 0x7f,
    0xf2, 0x3f, 0xa0, 0xff, 0xeb, 0xff, 0x83, 0xff,
    0x91, 0xfd, 0x7, 0xff, 0xc7, 0xfa, 0xf, 0xfe,
    0x58,

    /* U+4F60 "你" */
    0xf, 0xfe, 0x24, 0x1f, 0xff, 0x6f, 0x41, 0xff,
    0xc2, 0xa0, 0x7f, 0xf8, 0xdf, 0xe4, 0x3f, 0xef,
    0xd2, 0x1f, 0xfd, 0xfb, 0xfc, 0x87, 0xfb, 0xfe,
    0xf, 0xfe, 0xf7, 0xfc, 0x1f, 0xeb, 0xfc, 0x87,
    0xff, 0x75, 0xff, 0x7, 0xfd, 0xff, 0x7, 0xff,
    0x7a, 0xfe, 0x83, 0xfe, 0xff, 0x21, 0xff, 0xde,
    0xff, 0x7, 0xfd, 0x7f, 0x41, 0xff, 0xde, 0xbf,
    0x90, 0xff, 0xbf, 0xc1, 0xff, 0xdf, 0xff, 0x7,
    0xfc, 0xff, 0x41, 0xff, 0xde, 0x7f, 0x90, 0xff,
    0xaf, 0xe0, 0xff, 0xef, 0xff, 0x83, 0xff, 0x81,
    0xfd, 0x7, 0xff, 0x79, 0xfe, 0x43, 0xfe, 0xbf,
    0xff, 0xae, 0x1f, 0xfc, 0x1f, 0xf0, 0x7f, 0xf0,
    0x3f, 0xff, 0xaf, 0x7, 0xff, 0x1, 0xfe, 0x43,
    0xfe, 0x7f, 0xff, 0xae, 0x1f, 0xfc, 0x1f, 0xf0,
    0x7f, 0xf0, 0x3f, 0xff, 0xb0, 0x1f, 0xfc, 0xb,
    0xfc, 0x1f, 0xf3, 0xfe, 0xaf, 0xfe, 0x5f, 0xf9,
    0xf, 0xfe, 0x7, 0xfc, 0x1f, 0xf7, 0xf8, 0x3f,
    0xf9, 0x9f, 0xe0, 0xff, 0xe0, 0x7f, 0xe0, 0xff,
    0x5f, 0xd0, 0x7f, 0xf3, 0x3f, 0xa0, 0xff, 0x9f,
    0xfc, 0x1f, 0xef, 0xf0, 0x7f, 0xf3, 0x2f, 0xe4,
    0x3f, 0xef, 0xfe, 0xf, 0xef, 0xf4, 0x1f, 0xfc,
    0xcf, 0xf0, 0x7f, 0xdf, 0xfe, 0xf, 0xcf, 0xf8,
    0x3f, 0xf9, 0x8f, 0xf4, 0x1f, 0xeb, 0xff, 0xc1,
    0xfb, 0xfd, 0x7, 0xf9, 0x78, 0x3f, 0xbf, 0xc1,
    0xfe, 0x7f, 0xfe, 0xf, 0xbf, 0xe0, 0xff, 0x5f,
    0xc1, 0xfd, 0xfe, 0xf, 0xf7, 0xfa, 0xfe, 0xf,
    0x5f, 0xe4, 0x3f, 0xd7, 0xf0, 0x7e, 0xbf, 0x90,
    0xfe, 0xff, 0x4f, 0xf0, 0x73, 0xff, 0x7, 0xfd,
    0x7f, 0x7, 0xef, 0xf0, 0x7f, 0x7f, 0xc3, 0xfc,
    0x1d, 0xff, 0x7, 0xff, 0x2, 0xfe, 0xf, 0xf3,
    0x70, 0x7e, 0xbf, 0xc8, 0xff, 0x6, 0xff, 0x90,
    0xff, 0xe0, 0x3f, 0xc1, 0xff, 0xca, 0x7f, 0xa0,
    0x3f, 0xc1, 0xcf, 0xf0, 0x7f, 0xf0, 0x5f, 0xe0,
    0xff, 0xe6, 0x7e, 0x9, 0xfe, 0xf, 0xd6, 0x1f,
    0xfc, 0x27, 0xf8, 0x3f, 0xf9, 0xbe, 0x42, 0x7f,
    0x83, 0xff, 0x98, 0xff, 0x7, 0xff, 0x3a, 0xc,
    0xff, 0x7, 0xff, 0x31, 0xfe, 0xf, 0xfe, 0x9b,
    0xfc, 0x1f, 0xfc, 0xc7, 0xf8, 0x3f, 0xfa, 0x6f,
    0xf0, 0x7f, 0xf3, 0x1f, 0xe0, 0xfd, 0x21, 0xff,
    0xc9, 0x7f, 0x83, 0xff, 0x87, 0xe4, 0x3c, 0xff,
    0x7, 0x9f, 0x83, 0xff, 0x92, 0xff, 0x7, 0xff,
    0x9, 0xfc, 0x86, 0x7f, 0x83, 0xbf, 0xa0, 0xff,
    0xe4, 0x3f, 0xc1, 0xff, 0xc2, 0xff, 0x41, 0x3f,
    0xc1, 0xdf, 0xe4, 0x3f, 0xf8, 0xef, 0xf0, 0x7f,
    0xf0, 0x6f, 0xf0, 0x67, 0xf8, 0x39, 0xff, 0x7,
    0xff, 0x1d, 0xfe, 0xf, 0xfe, 0xf, 0xfa, 0xc,
    0xff, 0x7, 0xbf, 0xe0, 0xff, 0xe3, 0x3f, 0xc1,
    0xff, 0xc0, 0xbf, 0xc1, 0xcf, 0xf0, 0x7d, 0xfe,
    0x43, 0xff, 0x8a, 0xff, 0x7, 0xfc, 0xff, 0x90,
    0xe7, 0xf8, 0x3e, 0x7f, 0xc1, 0xff, 0xc5, 0x7f,
    0x83, 0xfe, 0xff, 0x41, 0xe7, 0xf8, 0x3f, 0x7f,
    0xc1, 0xff, 0xc4, 0x7f, 0x83, 0xfd, 0x7f, 0x83,
    0xe7, 0xf8, 0x3f, 0xbf, 0xd0, 0x7f, 0xf0, 0xdf,
    0xe0, 0xfe, 0x7f, 0xc8, 0x7c, 0xff, 0x7, 0xf5,
    0xfe, 0xf, 0xfe, 0x1b, 0xfc, 0x1f, 0xdf, 0xe8,
    0x3f, 0x3f, 0xc1, 0xfe, 0xff, 0x83, 0xff, 0x84,
    0xff, 0x7, 0xef, 0xf8, 0x3f, 0x9f, 0xe0, 0xff,
    0x3f, 0xe8, 0x3f, 0xf8, 0x2f, 0xf0, 0x7d, 0x7f,
    0x90, 0xfe, 0x7f, 0x83, 0xfe, 0xff, 0x83, 0xff,
    0x82, 0xff, 0x7, 0x9f, 0xf4, 0x1f, 0xe7, 0xf8,
    0x3f, 0xf8, 0x1f, 0xf0, 0x7f, 0xf0, 0x1f, 0xe0,
    0xe7, 0xfe, 0xf, 0xf9, 0xfe, 0xf, 0xfe, 0x5,
    0xfe, 0x43, 0xfe, 0x7f, 0x83, 0xbf, 0xe0, 0xff,
    0xe0, 0x3f, 0xc1, 0xff, 0xc1, 0xff, 0x83, 0xfe,
    0x7f, 0x83, 0x7f, 0xc8, 0x7f, 0xf0, 0x1f, 0xe0,
    0xff, 0xe0, 0xbf, 0xe4, 0x3f, 0xcf, 0xf0, 0x67,
    0xfa, 0xf, 0xfe, 0xb, 0xfc, 0x1f, 0xfc, 0x2f,
    0xe4, 0x3f, 0xe7, 0xf8, 0x3d, 0xf4, 0x1f, 0xfc,
    0x27, 0xf8, 0x3f, 0xf8, 0x4f, 0xa0, 0xff, 0xe0,
    0xbf, 0xc1, 0xf7, 0x83, 0xff, 0x86, 0xff, 0x7,
    0xff, 0xe, 0xf, 0xfe, 0x1b, 0xfc, 0x1f, 0xfc,
    0xc7, 0xf8, 0x3f, 0xfa, 0x6f, 0xf0, 0x7f, 0xf3,
    0x1f, 0xe0, 0xff, 0xe9, 0xbf, 0xc1, 0xff, 0xcc,
    0x7f, 0x83, 0xff, 0xa6, 0xff, 0x7, 0xff, 0x32,
    0xfe, 0xf, 0xfe, 0x9b, 0xfc, 0x1f, 0xfc, 0xb7,
    0xfc, 0x1f, 0xfd, 0x37, 0xf8, 0x3f, 0xf8, 0xab,
    0xaf, 0xfc, 0x1f, 0xfd, 0x37, 0xf8, 0x3f, 0xf8,
    0x9f, 0xff, 0xc2, 0xf, 0xfe, 0x9b, 0xfc, 0x1f,
    0xfc, 0x47, 0xff, 0xf8, 0x8, 0x7f, 0xf4, 0xdf,
    0xe0, 0xff, 0xe2, 0xff, 0xff, 0x0, 0x3f, 0xfa,
    0x97, 0xf0, 0x7f, 0xf1, 0x6f, 0xfe, 0x83, 0xff,
    0xab, 0x7f, 0x7, 0xff, 0x1b, 0xfe, 0x83, 0xff,
    0xae, 0xd7, 0x7, 0xff, 0x1b, 0xe9, 0xf, 0xff,
    0xf8, 0x7f, 0xf2, 0x0,

    /* U+513F "儿" */
    0xf, 0xfe, 0xe2, 0xf8, 0x3f, 0xfb, 0xd5, 0xca,
    0xf, 0xfe, 0xf, 0xf8, 0x3f, 0xfb, 0xdf, 0xf0,
    0x7f, 0xf0, 0x7f, 0xc1, 0xff, 0xde, 0xff, 0x83,
    0xff, 0x83, 0xfe, 0xf, 0xfe, 0xf7, 0xfc, 0x1f,
    0xfc, 0x1f, 0xf0, 0x7f, 0xf7, 0xbf, 0xe0, 0xff,
    0xe0, 0xff, 0x83, 0xff, 0xbd, 0x7f, 0x83, 0xff,
    0x83, 0xfe, 0xf, 0xfe, 0xf5, 0xfe, 0xf, 0xfe,
    0xf, 0xf8, 0x3f, 0xfb, 0xd7, 0xf8, 0x3f, 0xf8,
    0x3f, 0xe0, 0xff, 0xef, 0x5f, 0xd0, 0x7f, 0xf0,
    0x7f, 0xc1, 0xff, 0xde, 0xbf, 0xa0, 0xff, 0xe0,
    0xff, 0x83, 0xff, 0xbd, 0x7f, 0x41, 0xff, 0xc1,
    0xff, 0x7, 0xff, 0x7a, 0xfe, 0x83, 0xff, 0x83,
    0xfe, 0xf, 0xfe, 0xf5, 0xfd, 0x7, 0xff, 0x7,
    0xfc, 0x1f, 0xfd, 0xeb, 0xf9, 0xf, 0xfe, 0xf,
    0xf8, 0x3f, 0xfb, 0xd7, 0xf2, 0x1f, 0xfc, 0x1f,
    0xf0, 0x7f, 0xf7, 0xaf, 0xe4, 0x3f, 0xf8, 0x3f,
    0xe0, 0xff, 0xef, 0x5f, 0xc8, 0x7f, 0xf0, 0x7f,
    0xc1, 0xff, 0xde, 0xbf, 0x90, 0xff, 0xe0, 0xff,
    0x83, 0xff, 0xbd, 0x7f, 0x21, 0xff, 0xc1, 0xff,
    0x7, 0xff, 0x7a, 0xfe, 0x43, 0xff, 0x83, 0xfe,
    0xf, 0xfe, 0xf5, 0xfc, 0x87, 0xff, 0x7, 0xfc,
    0x1f, 0xfd, 0xeb, 0xf8, 0x3f, 0xf8, 0x5f, 0xe0,
    0xff, 0xef, 0x7f, 0x83, 0xff, 0x85, 0xfe, 0xf,
    0xfe, 0xf7, 0xf8, 0x3f, 0xf8, 0x5f, 0xe0, 0xff,
    0xef, 0x7f, 0x83, 0xff, 0x85, 0xfe, 0xf, 0xfe,
    0xf7, 0xf8, 0x3f, 0xf8, 0x5f, 0xe0, 0xff, 0xef,
    0x7f, 0x83, 0xff, 0x85, 0xfe, 0xf, 0xfe, 0xf7,
    0xf8, 0x3f, 0xf8, 0x5f, 0xe0, 0xff, 0xee, 0xbf,
    0xd0, 0x7f, 0xf0, 0xbf, 0xc1, 0xff, 0xdd, 0xbf,
    0xa0, 0xff, 0xe1, 0x7f, 0x83, 0xff, 0xbb, 0x7f,
    0x21, 0xff, 0xc2, 0xff, 0x7, 0xff, 0x77, 0xfc,
    0x1f, 0xfc, 0x3f, 0xf0, 0x7f, 0xf7, 0x7f, 0xc1,
    0xff, 0xc3, 0xff, 0x7, 0xff, 0x71, 0xff, 0x7,
    0xff, 0xf, 0xfc, 0x1f, 0xfd, 0xcb, 0xfa, 0xf,
    0xfe, 0x1f, 0xf8, 0x3f, 0xfb, 0x9f, 0xe4, 0x3f,
    0xf8, 0x7f, 0xe0, 0xff, 0xed, 0xbf, 0xe0, 0xff,
    0xe2, 0x7f, 0x83, 0xff, 0xb7, 0x7f, 0x83, 0xff,
    0x89, 0xfe, 0xf, 0xfe, 0xdf, 0xf9, 0xf, 0xfe,
    0x27, 0xf8, 0x3f, 0xfb, 0x4f, 0xf8, 0x3f, 0xf8,
    0xbf, 0xe0, 0xff, 0xed, 0x7f, 0xc1, 0xff, 0xc5,
    0xff, 0x7, 0xff, 0x65, 0xff, 0x21, 0xff, 0xc5,
    0xff, 0x7, 0xff, 0x67, 0xfe, 0xf, 0xfe, 0x37,
    0xf8, 0x3f, 0xfb, 0x17, 0xfa, 0xf, 0xfe, 0x37,
    0xf8, 0x3f, 0xfb, 0x1f, 0xf0, 0x7f, 0xf1, 0xff,
    0xc1, 0xff, 0xc3, 0x43, 0xff, 0x8f, 0xff, 0x41,
    0xff, 0xc7, 0xff, 0x7, 0xff, 0xf, 0x43, 0xff,
    0x8b, 0x7f, 0xc1, 0xff, 0xc8, 0xff, 0x7, 0xff,
    0x9, 0xf4, 0x1f, 0xfc, 0x3b, 0xfe, 0x43, 0xff,
    0x91, 0xfe, 0xf, 0xfe, 0x13, 0xfa, 0x43, 0xfe,
    0x7f, 0xe8, 0x3f, 0xf9, 0x3f, 0xe0, 0xff, 0xe1,
    0x5f, 0xf0, 0x7f, 0x3f, 0xf8, 0x3f, 0xf9, 0x5f,
    0xe0, 0xff, 0xe1, 0x5f, 0xe4, 0x3f, 0x3f, 0xf9,
    0xf, 0xfe, 0x57, 0xf8, 0x3f, 0xf8, 0x5f, 0xf0,
    0x7e, 0xbf, 0xf4, 0x1f, 0xfc, 0xbf, 0xf2, 0x1f,
    0xfc, 0x7, 0xfd, 0x7, 0xd7, 0xfe, 0x83, 0xff,
    0x99, 0xff, 0x21, 0xff, 0x7f, 0xc1, 0xf5, 0xff,
    0xc1, 0xff, 0xcd, 0xbf, 0xf5, 0x7e, 0xff, 0xe0,
    0xf7, 0xff, 0x83, 0xff, 0x9c, 0xff, 0xff, 0x31,
    0xc, 0xff, 0xf8, 0x3f, 0xfa, 0x1f, 0xff, 0xcc,
    0xd, 0x7f, 0xf8, 0x3f, 0xfa, 0x2f, 0xff, 0xf2,
    0x90, 0xd7, 0xff, 0x21, 0xff, 0xd2, 0x7f, 0xff,
    0x90, 0x87, 0x9f, 0xf9, 0xf, 0xfe, 0xad, 0xff,
    0xfc, 0x39, 0xf, 0xf7, 0xf2, 0x1f, 0xff, 0x3b,
    0xc1, 0xff, 0xf6, 0x83, 0xff, 0xe2,

    /* U+5148 "先" */
    0xf, 0xfe, 0x92, 0xf8, 0x3f, 0xfe, 0x1f, 0xe4,
    0x3f, 0xfb, 0xe8, 0x7f, 0xf0, 0xff, 0xc8, 0x7f,
    0xf7, 0xfd, 0x21, 0xff, 0xc0, 0xff, 0x7, 0xff,
    0x7d, 0xff, 0x21, 0xfd, 0xfe, 0xf, 0xfe, 0xfd,
    0xfe, 0x43, 0xfb, 0xfc, 0x1f, 0xfd, 0xff, 0xf4,
    0x1f, 0xef, 0xf0, 0x7f, 0xf7, 0x9f, 0xf0, 0x7f,
    0xdf, 0xe0, 0xff, 0xef, 0x5f, 0xd0, 0x7f, 0xdf,
    0xe0, 0xff, 0xef, 0x7f, 0x83, 0xff, 0x81, 0xfe,
    0xf, 0xfe, 0xeb, 0xfe, 0xf, 0xfe, 0x7, 0xf8,
    0x3f, 0xfb, 0xb7, 0xf2, 0x1f, 0xfc, 0xf, 0xf0,
    0x7f, 0xf7, 0x7f, 0xc1, 0xff, 0xc1, 0xff, 0x7,
    0xff, 0x71, 0xff, 0xff, 0x10, 0x7f, 0xf1, 0xff,
    0xff, 0xc6, 0x1f, 0xfc, 0x67, 0xff, 0xfc, 0x61,
    0xff, 0xc6, 0xff, 0xff, 0x20, 0x7f, 0xf1, 0x5f,
    0xff, 0xf2, 0x7, 0xff, 0x17, 0xfd, 0x7, 0xff,
    0xf, 0xfc, 0x1f, 0xfc, 0x55, 0xc1, 0xff, 0xc4,
    0x7f, 0xc1, 0xff, 0xc4, 0xff, 0x7, 0xff, 0x67,
    0xfd, 0x7, 0xff, 0x13, 0xfc, 0x1f, 0xfd, 0x8b,
    0xfc, 0x1f, 0xfc, 0x5f, 0xf0, 0x7f, 0xf5, 0xdf,
    0xf4, 0x1f, 0xfc, 0x5f, 0xf0, 0x7f, 0xf5, 0xff,
    0xe0, 0xff, 0xe3, 0x7f, 0x83, 0xff, 0xaf, 0x7f,
    0x21, 0xff, 0xc6, 0xff, 0x7, 0xff, 0x6a, 0xf0,
    0x7f, 0xf1, 0xff, 0xc1, 0xff, 0xdb, 0x50, 0x7f,
    0xf1, 0xff, 0xc1, 0xff, 0xf0, 0xff, 0x7, 0xff,
    0xc3, 0xfc, 0x1f, 0xfd, 0x3f, 0xff, 0xfa, 0x27,
    0xff, 0xfd, 0x13, 0xff, 0xfe, 0x89, 0xff, 0xff,
    0x44, 0xff, 0xff, 0xa2, 0x2e, 0xf, 0xfe, 0x27,
    0xf8, 0x3f, 0xeb, 0xf9, 0xf, 0xfe, 0x22, 0xe0,
    0xff, 0xe5, 0x7f, 0x83, 0xfe, 0x7f, 0x83, 0xff,
    0xbf, 0xfe, 0xf, 0xf9, 0xfe, 0xf, 0xfe, 0xf3,
    0xfe, 0xf, 0xf9, 0xfe, 0xf, 0xfe, 0xf3, 0xfd,
    0x7, 0xfc, 0xff, 0x7, 0xff, 0x7a, 0xfe, 0x43,
    0xfe, 0x7f, 0x83, 0xff, 0xbd, 0xfe, 0x43, 0xfe,
    0x7f, 0x83, 0xff, 0xbd, 0xfe, 0xf, 0xfe, 0x3,
    0xfc, 0x1f, 0xfd, 0xd7, 0xfc, 0x1f, 0xfc, 0x7,
    0xf8, 0x3f, 0xfb, 0xb7, 0xf4, 0x1f, 0xfc, 0x7,
    0xf8, 0x3f, 0xfb, 0xbf, 0xe0, 0xff, 0xe0, 0xbf,
    0xc1, 0xff, 0xdc, 0x7f, 0xc1, 0xff, 0xc1, 0x7f,
    0x83, 0xff, 0xb9, 0xfe, 0x83, 0xff, 0x82, 0xff,
    0x7, 0xff, 0x6d, 0xff, 0x7, 0xff, 0x9, 0xfe,
    0xf, 0xfe, 0xdf, 0xfa, 0xf, 0xfe, 0x13, 0xfc,
    0x1f, 0xfd, 0xab, 0xfc, 0x1f, 0xfc, 0x37, 0xf8,
    0x3f, 0xfb, 0x5f, 0xe8, 0x3f, 0xf8, 0x6f, 0xf0,
    0x7f, 0xf0, 0xa4, 0x3f, 0xf9, 0x3f, 0xf0, 0x7f,
    0xf1, 0x1f, 0xe0, 0xff, 0xe1, 0x7c, 0x87, 0xff,
    0x1a, 0xff, 0x21, 0xff, 0xc4, 0x7f, 0x83, 0xff,
    0x85, 0xfd, 0x21, 0xff, 0xc2, 0xbf, 0xd0, 0x7f,
    0xf1, 0x5f, 0xe0, 0xff, 0xe1, 0x7f, 0xc1, 0xff,
    0xc1, 0xbf, 0xe0, 0xff, 0xe3, 0x3f, 0xc1, 0xff,
    0xc1, 0x7f, 0xd0, 0x7f, 0xf0, 0x3f, 0xf0, 0x7f,
    0xf1, 0xdf, 0xe0, 0xff, 0xe0, 0xdf, 0xe4, 0x3f,
    0xcf, 0xfe, 0x43, 0xff, 0x8e, 0xff, 0x21, 0xff,
    0xc0, 0xff, 0x83, 0xfd, 0x7f, 0xe4, 0x3f, 0xf9,
    0xf, 0xf8, 0x3f, 0xeb, 0xfd, 0x7, 0xeb, 0xff,
    0x90, 0xff, 0xe4, 0xbf, 0xe9, 0xf, 0x9b, 0xfe,
    0xf, 0x37, 0xff, 0x90, 0xff, 0xe5, 0xff, 0xff,
    0x30, 0x33, 0xff, 0xfc, 0x0, 0xff, 0xe6, 0xdf,
    0xff, 0xca, 0xf, 0x5f, 0xfd, 0x7, 0xff, 0x3f,
    0xff, 0xf9, 0x30, 0x7c, 0xff, 0xc8, 0x7f, 0xf4,
    0x1f, 0xff, 0xe3, 0xc1, 0xfe, 0xfd, 0x7, 0xff,
    0x51, 0xbf, 0xff, 0x84, 0x87, 0xff, 0x7, 0xc8,
    0x7f, 0xff, 0xc3, 0xff, 0xc8,

    /* U+516B "八" */
    0xf, 0xfe, 0xdb, 0xfe, 0xf, 0xff, 0x8f, 0xf8,
    0x3f, 0xfe, 0x3f, 0xe0, 0xff, 0xef, 0x21, 0xff,
    0xc6, 0xff, 0x7, 0xff, 0x7b, 0xd2, 0x1f, 0xfc,
    0x3f, 0xf0, 0x7f, 0xf7, 0xbf, 0xd0, 0x7f, 0xf0,
    0x2f, 0xe4, 0x3f, 0xfb, 0xbf, 0xe4, 0x3f, 0xf8,
    0x17, 0xf2, 0x1f, 0xfd, 0xdf, 0xf2, 0x1f, 0xfc,
    0x7, 0xf9, 0xf, 0xfe, 0xef, 0xf8, 0x3f, 0xf8,
    0x2f, 0xf2, 0x1f, 0xfd, 0xdf, 0xf0, 0x7f, 0xf0,
    0xbf, 0xa0, 0xff, 0xee, 0x3f, 0xd0, 0x7f, 0xf0,
    0xbf, 0xa0, 0xff, 0xee, 0x3f, 0xc8, 0x7f, 0xf0,
    0xbf, 0xc1, 0xff, 0xdc, 0xbf, 0x90, 0xff, 0xe1,
    0x5f, 0xc1, 0xff, 0xdc, 0xbf, 0x83, 0xff, 0x87,
    0x7f, 0x7, 0xff, 0x72, 0xfe, 0xf, 0xfe, 0x1b,
    0xfc, 0x1f, 0xfd, 0xcf, 0xe8, 0x3f, 0xf8, 0x9f,
    0xc8, 0x7f, 0xf6, 0xff, 0xa0, 0xff, 0xe2, 0x7f,
    0x21, 0xff, 0xdb, 0xfe, 0x43, 0xff, 0x89, 0xfd,
    0x7, 0xff, 0x69, 0xfe, 0xf, 0xfe, 0x2f, 0xf4,
    0x1f, 0xfd, 0xa7, 0xf8, 0x3f, 0xf8, 0xb7, 0xf0,
    0x7f, 0xf6, 0xaf, 0xe0, 0xff, 0xe2, 0xbf, 0xc1,
    0xff, 0xda, 0xfe, 0x83, 0xff, 0x8d, 0xfc, 0x87,
    0xff, 0x67, 0xf9, 0xf, 0xfe, 0x37, 0xf2, 0x1f,
    0xfd, 0x87, 0xf9, 0xf, 0xfe, 0x37, 0xf4, 0x1f,
    0xfd, 0x87, 0xf8, 0x3f, 0xf8, 0xf7, 0xf0, 0x7f,
    0xf6, 0x2f, 0xe0, 0xff, 0xe3, 0xbf, 0xc1, 0xff,
    0xd8, 0xfe, 0x83, 0xff, 0x8e, 0xff, 0x21, 0xff,
    0xd7, 0xfe, 0x43, 0xff, 0x91, 0xfd, 0x7, 0xff,
    0x59, 0xfe, 0xf, 0xfe, 0x4f, 0xf8, 0x3f, 0xfa,
    0xd7, 0xf0, 0x7f, 0xf2, 0x6f, 0xe0, 0xff, 0xeb,
    0x7f, 0x41, 0xff, 0xc9, 0x7f, 0x90, 0xff, 0xea,
    0x3f, 0xc8, 0x7f, 0xf2, 0xbf, 0xa0, 0xff, 0xea,
    0x5f, 0xc1, 0xff, 0xcb, 0xff, 0x7, 0xff, 0x53,
    0xfc, 0x1f, 0xfc, 0xbb, 0xf8, 0x3f, 0xfa, 0x6f,
    0xf4, 0x1f, 0xfc, 0xb7, 0xfa, 0xf, 0xfe, 0x95,
    0xfc, 0x1f, 0xfc, 0xdf, 0xf0, 0x7f, 0xf4, 0xbf,
    0xc1, 0xff, 0xcd, 0xbf, 0x90, 0xff, 0xe8, 0x3f,
    0xd0, 0x7f, 0xf3, 0x5f, 0xe8, 0x3f, 0xfa, 0x1f,
    0xe0, 0xff, 0xe7, 0xff, 0x83, 0xff, 0x9e, 0xff,
    0x83, 0xff, 0x9f, 0x7f, 0x41, 0xff, 0xce, 0xff,
    0x21, 0xff, 0xcf, 0x7f, 0xc1, 0xff, 0xcd, 0x7f,
    0xc1, 0xff, 0xd1, 0xff, 0x21, 0xff, 0xcc, 0xff,
    0x41, 0xff, 0xd1, 0x7f, 0xc1, 0xff, 0xcb, 0x7f,
    0xc1, 0xff, 0xd3, 0xff, 0x41, 0xff, 0xca, 0xff,
    0x41, 0xff, 0xd3, 0xbf, 0xc1, 0xff, 0xc9, 0xbf,
    0xc1, 0xff, 0xd5, 0xff, 0x41, 0xff, 0xc8, 0xff,
    0x41, 0xff, 0xd5, 0xbf, 0xc8, 0x7f, 0xf1, 0xbf,
    0xe0, 0xff, 0xeb, 0xff, 0xc1, 0xff, 0xc5, 0xbf,
    0xd0, 0x7f, 0xf5, 0xdf, 0xf8, 0x3f, 0xf8, 0x6f,
    0xfc, 0x1f, 0xfd, 0x9f, 0xfa, 0xf, 0xfe, 0x17,
    0xfc, 0x1f, 0xfd, 0xa7, 0xfe, 0x43, 0xff, 0x81,
    0xff, 0x41, 0xff, 0xdb, 0xbf, 0xe0, 0xff, 0xbf,
    0xf0, 0x7f, 0xf7, 0x7f, 0xf0, 0x7f, 0x7f, 0xe0,
    0xff, 0xef, 0x3f, 0xf8, 0x3e, 0xff, 0xc8, 0x7f,
    0xf7, 0xef, 0xfc, 0x19, 0xff, 0xd0, 0x7f, 0xf8,
    0x7f, 0xf8, 0x2b, 0xff, 0x7, 0xff, 0x89, 0xff,
    0xe0, 0x9f, 0xf0, 0x7f, 0xf9, 0x2f, 0xf9, 0xe,
    0xbe, 0xf, 0xff, 0x37, 0xf2, 0x1f, 0x9d, 0xf,
    0xff, 0x3f, 0xc1, 0xff, 0xf4, 0x60, 0xff, 0xfe,
    0x80,

    /* U+516D "六" */
    0xf, 0xff, 0xf8, 0x7f, 0xf1, 0x2c, 0x3f, 0xfe,
    0x37, 0xc1, 0xff, 0xee, 0x7f, 0xa0, 0xff, 0xf6,
    0x3f, 0xf2, 0x1f, 0xfe, 0xcb, 0xfe, 0xf, 0xff,
    0x6f, 0xfe, 0xf, 0xff, 0x6f, 0xfd, 0x7, 0xff,
    0xb1, 0xff, 0x90, 0xff, 0xf6, 0x5f, 0xf0, 0x7f,
    0xfb, 0x7f, 0xe8, 0x3f, 0xfd, 0x8f, 0xfc, 0x87,
    0xff, 0xb2, 0xff, 0x83, 0xff, 0xdb, 0xff, 0x41,
    0xff, 0xec, 0xbf, 0xc8, 0x7f, 0xfb, 0x7f, 0x21,
    0xff, 0xef, 0x78, 0x3f, 0xfe, 0x48, 0x7f, 0xff,
    0xc3, 0xff, 0x93, 0xff, 0xff, 0x20, 0x7f, 0xff,
    0xc8, 0x1f, 0xff, 0xf2, 0x7, 0xff, 0xfc, 0x81,
    0xff, 0xff, 0x20, 0x7f, 0xff, 0xc8, 0x3f, 0xff,
    0xe1, 0xff, 0xff, 0xf, 0xff, 0xf8, 0x7f, 0xff,
    0xc3, 0xff, 0xfe, 0x1f, 0xfe, 0x94, 0x3f, 0xfb,
    0x9c, 0x1f, 0xfc, 0x8f, 0x7, 0xff, 0x6d, 0xf8,
    0x3f, 0xf8, 0xaf, 0xe0, 0xff, 0xed, 0x7f, 0x41,
    0xff, 0xc2, 0xbf, 0xa0, 0xff, 0xec, 0xff, 0xd0,
    0x7f, 0xdf, 0xf9, 0xf, 0xfe, 0xbd, 0xff, 0x83,
    0xfe, 0x7f, 0xf0, 0x7f, 0xf5, 0x9f, 0xfc, 0x1f,
    0xfc, 0x1b, 0xfe, 0x83, 0xff, 0xab, 0xff, 0xa0,
    0xff, 0xe1, 0x7f, 0xe4, 0x3f, 0xfa, 0x6f, 0xfe,
    0xf, 0xfe, 0x27, 0xfe, 0xf, 0xfe, 0x9f, 0xfe,
    0xf, 0xfe, 0x2b, 0xff, 0x83, 0xff, 0xa3, 0x7f,
    0xc8, 0x7f, 0xf1, 0xaf, 0xfa, 0xf, 0xfe, 0x7b,
    0xff, 0x41, 0xff, 0xc8, 0xff, 0xc8, 0x7f, 0xf3,
    0xbf, 0xf0, 0x7f, 0xf2, 0xbf, 0xf0, 0x7f, 0xf3,
    0x6f, 0xf9, 0xf, 0xfe, 0x53, 0xff, 0x83, 0xff,
    0x96, 0xff, 0xd0, 0x7f, 0xf3, 0x2f, 0xfa, 0xf,
    0xfe, 0x57, 0xfe, 0xf, 0xfe, 0x77, 0xfe, 0x43,
    0xff, 0x91, 0xff, 0x83, 0xff, 0xa1, 0xff, 0x83,
    0xff, 0x8f, 0x7f, 0xd0, 0x7f, 0xf4, 0x1f, 0xfc,
    0x1f, 0xfc, 0x5b, 0xff, 0x7, 0xff, 0x4a, 0xff,
    0x90, 0xff, 0xe1, 0xbf, 0xf8, 0x3f, 0xfa, 0x9f,
    0xf8, 0x3f, 0xf8, 0x7f, 0xf9, 0xf, 0xfe, 0xa3,
    0xff, 0x83, 0xff, 0x83, 0xff, 0xa0, 0xff, 0xeb,
    0x5f, 0xf2, 0x1f, 0xf7, 0xff, 0x7, 0xff, 0x63,
    0xff, 0x7, 0xfb, 0xff, 0x83, 0xff, 0xb2, 0xff,
    0xe0, 0xfd, 0xff, 0xc8, 0x7f, 0xf6, 0xaf, 0xf9,
    0xf, 0x7f, 0xf4, 0x1f, 0xfd, 0xcf, 0xfc, 0x1d,
    0xff, 0xe0, 0xff, 0xee, 0xdf, 0xf2, 0x17, 0xff,
    0x83, 0xff, 0xbf, 0xfe, 0xf, 0x5f, 0xf2, 0x1f,
    0xfd, 0xf7, 0xe4, 0x3f, 0x3f, 0xc8, 0x7f, 0xf8,
    0x7c, 0x1f, 0xfc, 0xf, 0x90, 0xff, 0xf8, 0xe8,
    0x7f, 0xff, 0xc3, 0xff, 0xc2,

    /* U+5173 "关" */
    0xf, 0xfe, 0x32, 0x1f, 0xfc, 0x96, 0xf, 0xfe,
    0xd5, 0xe0, 0xff, 0xe4, 0x5e, 0x43, 0xff, 0xaf,
    0x7d, 0x7, 0xff, 0x1f, 0xfa, 0xf, 0xfe, 0x9b,
    0xfe, 0x43, 0xff, 0x8d, 0xff, 0x21, 0xff, 0xd2,
    0xff, 0x83, 0xff, 0x8b, 0x7f, 0xa0, 0xff, 0xe9,
    0xbf, 0xf0, 0x7f, 0xf1, 0x3f, 0xe0, 0xff, 0xea,
    0xdf, 0xe4, 0x3f, 0xf8, 0x4f, 0xf9, 0xf, 0xfe,
    0xb7, 0xfc, 0x1f, 0xfc, 0x2b, 0xfc, 0x1f, 0xfd,
    0x8f, 0xf8, 0x3f, 0xf8, 0x3f, 0xe0, 0xff, 0xec,
    0xdf, 0xe4, 0x3f, 0xe7, 0xfa, 0xf, 0xfe, 0xd7,
    0xfc, 0x1f, 0xf7, 0xf8, 0x3f, 0xfb, 0x6f, 0xf4,
    0x1f, 0xe7, 0xfa, 0xf, 0xfe, 0xe7, 0xd0, 0x7f,
    0xf0, 0x2f, 0xe0, 0xff, 0xee, 0xba, 0x1f, 0xfc,
    0x1f, 0xe8, 0x3f, 0xf9, 0xc8, 0x7f, 0xf4, 0x6f,
    0xe0, 0xff, 0xe1, 0xa1, 0xff, 0x7f, 0xff, 0xa1,
    0xf, 0xf7, 0xff, 0xfa, 0x10, 0xff, 0x7f, 0xff,
    0xa1, 0xf, 0xf7, 0xff, 0xfa, 0x10, 0xff, 0x7f,
    0xff, 0xa1, 0xf, 0xfe, 0xaf, 0xf2, 0x1f, 0xfe,
    0xdf, 0xe4, 0x3f, 0xfd, 0xbf, 0xc8, 0x7f, 0xfb,
    0x7f, 0x90, 0xff, 0xf6, 0xff, 0x21, 0xff, 0xed,
    0xfe, 0x43, 0xff, 0xdb, 0xfc, 0x87, 0xff, 0xb7,
    0xf9, 0xf, 0xff, 0x6f, 0xf2, 0x1f, 0xfe, 0xdf,
    0xe4, 0x3f, 0xfd, 0xbf, 0xc8, 0x7f, 0xfb, 0x7f,
    0x90, 0xff, 0xf6, 0xff, 0x21, 0xff, 0xed, 0xfe,
    0x43, 0xff, 0x98, 0xb0, 0x4f, 0xff, 0xfb, 0xc2,
    0x7f, 0xff, 0xde, 0x13, 0xff, 0xfe, 0xf0, 0x9f,
    0xff, 0xf7, 0x86, 0xfd, 0x5f, 0xfc, 0x9f, 0xfd,
    0x5f, 0xfc, 0xaf, 0xc1, 0xff, 0xd1, 0xff, 0xc1,
    0xff, 0xea, 0x7f, 0xf4, 0x1f, 0xfe, 0x9f, 0xff,
    0x21, 0xff, 0xe7, 0x7f, 0xfe, 0xf, 0xff, 0x3f,
    0xff, 0xf0, 0x43, 0xff, 0xca, 0xff, 0x8f, 0xf4,
    0x1f, 0xfe, 0x4f, 0xf2, 0x3f, 0xe8, 0x3f, 0xfc,
    0x5f, 0xf0, 0x57, 0xfa, 0xf, 0xff, 0x5, 0xfe,
    0xe, 0xff, 0xa0, 0xff, 0xef, 0x5f, 0xe8, 0x3d,
    0xff, 0x83, 0xff, 0xb9, 0x7f, 0xc1, 0xf3, 0xff,
    0x90, 0xff, 0xec, 0xdf, 0xf0, 0x7f, 0x3f, 0xfa,
    0xf, 0xfe, 0xbf, 0xfe, 0xf, 0xf9, 0xff, 0xe4,
    0x3f, 0xfa, 0x6f, 0xfe, 0xf, 0xfe, 0xb, 0xff,
    0xe4, 0x3f, 0xfa, 0x17, 0xfe, 0xf, 0xfe, 0x1b,
    0xff, 0xf2, 0x1f, 0xfc, 0xc7, 0xff, 0x83, 0xff,
    0x8a, 0xff, 0xff, 0x1, 0xf, 0xfe, 0x43, 0xff,
    0xd0, 0x7f, 0xf2, 0x3f, 0xff, 0x84, 0x87, 0xff,
    0xd, 0xff, 0xf2, 0x1f, 0xfc, 0xab, 0xff, 0xf8,
    0x72, 0x1f, 0xd7, 0xff, 0xa0, 0xff, 0xe6, 0xbf,
    0xff, 0xc5, 0xe, 0x7f, 0xff, 0x80, 0x87, 0xff,
    0x42, 0xff, 0xfe, 0x12, 0x7, 0xff, 0xf8, 0x30,
    0x7f, 0xf5, 0x3f, 0xff, 0x81, 0x4, 0xff, 0xfd,
    0x7, 0xff, 0x5d, 0xff, 0xf0, 0x73, 0xff, 0xc8,
    0x7f, 0xf6, 0x9f, 0xf9, 0xf, 0x5f, 0xe4, 0x3f,
    0xfb, 0xcd, 0xf8, 0x3f, 0x7d, 0x7, 0xff, 0x91,
    0xd0, 0xfc, 0xc1, 0xff, 0xed,

    /* U+5185 "内" */
    0xf, 0xff, 0xf8, 0x7f, 0xbf, 0xe0, 0xff, 0xf4,
    0x7f, 0xa0, 0xff, 0xf4, 0x7f, 0x90, 0xff, 0xf4,
    0x7f, 0x83, 0xff, 0xd3, 0x7f, 0x7, 0xff, 0xa6,
    0xfe, 0xf, 0xff, 0x4d, 0xfc, 0x1f, 0xfe, 0x9b,
    0xf8, 0x3f, 0xfd, 0x37, 0xe8, 0x3f, 0xfd, 0x37,
    0xe8, 0x3f, 0xfd, 0x37, 0xe8, 0x3f, 0xfa, 0x1f,
    0xff, 0xed, 0x4f, 0xff, 0xf6, 0x83, 0xff, 0xfd,
    0xa0, 0xff, 0xff, 0x68, 0x3f, 0xff, 0xda, 0xf,
    0xf0, 0x7f, 0xf1, 0xff, 0x90, 0xff, 0xe4, 0x7f,
    0x81, 0xfe, 0xf, 0xfe, 0x3f, 0xf2, 0x1f, 0xfc,
    0x8f, 0xf0, 0x3f, 0xc1, 0xff, 0xc7, 0xfe, 0x43,
    0xff, 0x91, 0xfe, 0x7, 0xf8, 0x3f, 0xf8, 0xcf,
    0xf0, 0x7f, 0xf2, 0x7f, 0xc0, 0xff, 0x7, 0xff,
    0x19, 0xfe, 0xf, 0xfe, 0x4f, 0xf8, 0x1f, 0xe0,
    0xff, 0xe3, 0x5f, 0xc1, 0xff, 0xc9, 0xff, 0x3,
    0xfc, 0x1f, 0xfc, 0x6f, 0xf0, 0x7f, 0xf2, 0x7f,
    0xc0, 0xff, 0x7, 0xff, 0x1b, 0xfc, 0x1f, 0xfc,
    0x9f, 0xf0, 0x3f, 0xc1, 0xff, 0xc5, 0x7f, 0xa0,
    0xff, 0xe4, 0xff, 0x81, 0xfe, 0xf, 0xfe, 0x2d,
    0xfd, 0x7, 0xff, 0x27, 0xfc, 0xf, 0xf0, 0x7f,
    0xf1, 0x7f, 0xe8, 0x3f, 0xf9, 0x1f, 0xe0, 0x7f,
    0x83, 0xff, 0x88, 0xff, 0xf0, 0x7f, 0xf1, 0xff,
    0xc0, 0xff, 0x7, 0xff, 0x13, 0xff, 0xe4, 0x3f,
    0xf8, 0xbf, 0xe0, 0x7f, 0x83, 0xff, 0x86, 0xff,
    0xff, 0x2, 0xf, 0xfe, 0x27, 0xf8, 0x1f, 0xe0,
    0xff, 0xe1, 0xff, 0xff, 0xc, 0x3f, 0xf8, 0x7f,
    0xe0, 0x7f, 0x83, 0xff, 0x84, 0xff, 0x95, 0xff,
    0x90, 0xff, 0xe0, 0xff, 0x81, 0xfe, 0xf, 0xfe,
    0x17, 0xfa, 0xb, 0xff, 0x41, 0xff, 0xc0, 0xff,
    0x3, 0xfc, 0x1f, 0xfc, 0x1f, 0xf8, 0x3a, 0xff,
    0xc1, 0xff, 0x7f, 0x81, 0xfe, 0xf, 0xfe, 0x5,
    0xfe, 0x43, 0xd7, 0xfe, 0x43, 0xfb, 0xfc, 0xf,
    0xf0, 0x7f, 0xd7, 0xfc, 0x1f, 0x9f, 0xfc, 0x87,
    0xef, 0xf0, 0x3f, 0xc1, 0xfe, 0xbf, 0xe0, 0xff,
    0x3f, 0xfa, 0xf, 0xbf, 0xc0, 0xff, 0x7, 0xf5,
    0xff, 0x21, 0xff, 0xc0, 0xff, 0xe0, 0xf7, 0xf8,
    0x1f, 0xe0, 0xfd, 0x7f, 0xd0, 0x7f, 0xf0, 0xbf,
    0xf8, 0x3b, 0xfc, 0xf, 0xf0, 0x7d, 0x7f, 0xd0,
    0x7f, 0xf1, 0x3f, 0xf8, 0x37, 0xf8, 0x1f, 0xe0,
    0xf7, 0xff, 0x7, 0xff, 0x1b, 0xff, 0x41, 0x7f,
    0x81, 0xfe, 0xc, 0xff, 0xf0, 0x7f, 0xf2, 0x3f,
    0xd0, 0x6f, 0xf0, 0x3f, 0xc1, 0x5f, 0xfc, 0x1f,
    0xfc, 0xaf, 0xc8, 0x77, 0xf8, 0x1f, 0xe0, 0x3f,
    0xfc, 0x1f, 0xfc, 0xcf, 0x21, 0xef, 0xf0, 0x3f,
    0xc1, 0x9f, 0xf0, 0x7f, 0xf3, 0x90, 0xfb, 0xfc,
    0xf, 0xf0, 0x79, 0xf8, 0x3f, 0xfa, 0xff, 0xe0,
    0x7f, 0x83, 0xf6, 0x1f, 0xfd, 0x8f, 0xf0, 0x3f,
    0xc1, 0xff, 0xe1, 0xff, 0x3, 0xfc, 0x1f, 0xfe,
    0x1f, 0xf0, 0x3f, 0xc1, 0xff, 0xe1, 0xff, 0x3,
    0xfc, 0x1f, 0xfe, 0x1f, 0xf0, 0x3f, 0xc1, 0xff,
    0xe1, 0xff, 0x3, 0xfc, 0x1f, 0xfe, 0x1f, 0xf0,
    0x3f, 0xc1, 0xff, 0xe1, 0xff, 0x3, 0xfc, 0x1f,
    0xfe, 0x1f, 0xf0, 0x3f, 0xc1, 0xff, 0xe1, 0xff,
    0x3, 0xfc, 0x1f, 0xfe, 0xb, 0xfc, 0xf, 0xf0,
    0x7f, 0xf7, 0x9b, 0xfd, 0x3, 0xfc, 0x1f, 0xfd,
    0x6b, 0xff, 0xf8, 0x70, 0x3f, 0xc1, 0xff, 0xd7,
    0xbf, 0xff, 0x84, 0x8f, 0xf8, 0x3f, 0xfb, 0x1f,
    0xff, 0xc2, 0x3, 0xfe, 0xf, 0xfe, 0xcf, 0xff,
    0xf0, 0x2, 0x7f, 0xc1, 0xff, 0xd9, 0xbf, 0xf4,
    0x86, 0x6b, 0xc1, 0xff, 0xda, 0xfa, 0x50, 0x7f,
    0xfd, 0xc0,

    /* U+5199 "写" */
    0xbf, 0xff, 0xde, 0x5f, 0xff, 0xef, 0x2f, 0xff,
    0xf7, 0x97, 0xff, 0xfb, 0xc7, 0xff, 0xfd, 0xe3,
    0xfc, 0x1f, 0xfe, 0x47, 0xf8, 0x7f, 0x83, 0xff,
    0xc8, 0xff, 0xf, 0xf0, 0x7f, 0xf9, 0x1f, 0xe1,
    0xfe, 0xf, 0xdd, 0x4a, 0xf, 0xfe, 0xb3, 0xfc,
    0x3f, 0xc1, 0xfb, 0xfc, 0x1f, 0xfd, 0x67, 0xf8,
    0x7f, 0x83, 0xe7, 0xfa, 0xf, 0xfe, 0xb3, 0xfc,
    0x5f, 0xc1, 0xf3, 0xfd, 0x7, 0xff, 0x59, 0xfe,
    0x2f, 0xe0, 0xf9, 0xfe, 0x43, 0xff, 0xac, 0xd7,
    0x17, 0xf0, 0x7c, 0xff, 0x7, 0xff, 0xae, 0xfe,
    0xf, 0xff, 0x5d, 0xfc, 0x1f, 0xfe, 0xbb, 0xf9,
    0x7f, 0xf9, 0xd5, 0xe0, 0xff, 0xe5, 0xff, 0xff,
    0x68, 0x3f, 0xf9, 0x7f, 0xff, 0xda, 0xf, 0xfe,
    0x5f, 0xff, 0xf6, 0x83, 0xff, 0x97, 0xff, 0xfd,
    0xa0, 0xff, 0xe5, 0xff, 0x41, 0xff, 0xd3, 0x43,
    0xff, 0x94, 0xff, 0x21, 0xff, 0xea, 0x7f, 0x90,
    0xff, 0xf5, 0x3f, 0xc1, 0xff, 0xeb, 0xbf, 0x83,
    0xff, 0xd7, 0x7f, 0x7, 0xff, 0xaf, 0xfc, 0x1f,
    0xfe, 0xbf, 0xe8, 0x3f, 0xfd, 0x7f, 0xd0, 0x7f,
    0xfa, 0xff, 0xff, 0xc0, 0x1f, 0xfc, 0x5f, 0xff,
    0xf0, 0x7, 0xff, 0x11, 0xff, 0xff, 0x0, 0x7f,
    0xf1, 0x1f, 0xff, 0xf0, 0x7, 0xff, 0x16, 0xbf,
    0xfb, 0x5f, 0xe0, 0xff, 0xf5, 0xff, 0x83, 0xff,
    0xd7, 0xfe, 0xf, 0xff, 0x5f, 0xf8, 0x3f, 0xfd,
    0x7f, 0xd0, 0x7f, 0xfa, 0xff, 0xa0, 0xff, 0xf5,
    0xff, 0x41, 0xff, 0xea, 0x7f, 0xa0, 0xff, 0xf5,
    0x3f, 0xc8, 0x7b, 0xff, 0xfb, 0x90, 0x7c, 0xff,
    0x21, 0xef, 0xff, 0xee, 0x41, 0xf3, 0xfc, 0x87,
    0xbf, 0xff, 0xb9, 0x7, 0xd7, 0xf0, 0x7d, 0xff,
    0xfd, 0xc8, 0x3e, 0xbf, 0x83, 0xef, 0xff, 0xee,
    0x41, 0xf7, 0xf8, 0x3f, 0xfd, 0x7f, 0xe0, 0xff,
    0xf5, 0xff, 0x41, 0xff, 0xea, 0x7f, 0xa0, 0xff,
    0xf5, 0x5f, 0xc8, 0x7f, 0xfa, 0x6f, 0xf0, 0x7f,
    0xfa, 0x6f, 0xf4, 0x1f, 0xfe, 0x5, 0xab, 0x7f,
    0xf2, 0x1f, 0xfe, 0xf, 0xff, 0xe2, 0x7, 0xff,
    0x86, 0xff, 0xfe, 0x12, 0x1f, 0xfe, 0x2f, 0xff,
    0xe0, 0xa1, 0xff, 0xe3, 0xbf, 0xfa, 0x43, 0xff,
    0xca, 0xff, 0x4a, 0xf, 0xff, 0x4a, 0x83, 0xff,
    0x90,

    /* U+51AC "冬" */
    0xf, 0xff, 0xf8, 0x7f, 0xf0, 0x68, 0x1f, 0xff,
    0x5f, 0xa4, 0x3f, 0xfe, 0x2f, 0xf9, 0xf, 0xff,
    0x7f, 0xfc, 0x1f, 0xfe, 0xf7, 0xfc, 0x87, 0xff,
    0xbf, 0xfd, 0x7, 0xff, 0xbd, 0xff, 0x7, 0xff,
    0xc3, 0xfc, 0x87, 0xff, 0xbe, 0xff, 0xfe, 0xd0,
    0x7f, 0xf3, 0xdf, 0xff, 0xed, 0x21, 0xff, 0xcf,
    0xff, 0xfe, 0xd4, 0x1f, 0xfc, 0xff, 0xff, 0xed,
    0x87, 0xff, 0x3e, 0xff, 0x97, 0xff, 0x99, 0xff,
    0x21, 0xff, 0xce, 0x7f, 0xf4, 0x1f, 0xfc, 0xa7,
    0xfd, 0x7, 0xff, 0x3f, 0xff, 0xc8, 0x7f, 0xf2,
    0x7f, 0xe0, 0xff, 0xe7, 0xff, 0xff, 0x1, 0xf,
    0xfe, 0x3f, 0xfc, 0x1f, 0xfc, 0xff, 0xfa, 0xff,
    0x21, 0xff, 0xc5, 0xff, 0x90, 0xff, 0xe7, 0x5f,
    0xe8, 0x7f, 0xc1, 0xff, 0xc4, 0xff, 0x90, 0xff,
    0xe7, 0x5f, 0xf0, 0x57, 0xf8, 0x3f, 0xf8, 0x57,
    0xfa, 0xf, 0xfe, 0x75, 0xff, 0x7, 0x7f, 0xc1,
    0xff, 0xc0, 0xbf, 0xd0, 0x7f, 0xf3, 0xaf, 0xf8,
    0x3e, 0xff, 0x83, 0xfd, 0x7f, 0xc1, 0xff, 0xce,
    0xbf, 0xe0, 0xfe, 0xff, 0x83, 0xf5, 0xff, 0x7,
    0xff, 0x3b, 0xff, 0x21, 0xfc, 0xff, 0xc1, 0xeb,
    0xfe, 0xf, 0xfe, 0x77, 0xfe, 0x43, 0xfe, 0x7f,
    0xe4, 0x2f, 0xfc, 0x1f, 0xfd, 0xf, 0xf2, 0x1f,
    0xfc, 0x17, 0xfe, 0x4f, 0xfc, 0x1f, 0xfd, 0x2b,
    0xe8, 0x3f, 0xf8, 0x6f, 0xff, 0xf0, 0xc3, 0xff,
    0xa9, 0x70, 0x7f, 0xf1, 0x5f, 0xff, 0xe0, 0x41,
    0xff, 0xd6, 0x43, 0xff, 0x8e, 0xff, 0xfa, 0xf,
    0xff, 0x5b, 0xff, 0xd0, 0x7f, 0xfa, 0x9f, 0xff,
    0xe0, 0xa1, 0xff, 0xe6, 0x7f, 0xff, 0x8b, 0x7,
    0xff, 0x8a, 0xff, 0xfe, 0x52, 0x1f, 0xfd, 0xc7,
    0xff, 0xf8, 0x8, 0x2f, 0xff, 0xa4, 0x3f, 0xfa,
    0xcf, 0xff, 0xf0, 0x50, 0xf5, 0xff, 0xfc, 0x9,
    0xf, 0xfe, 0x85, 0xff, 0xfc, 0x24, 0x3f, 0x9f,
    0xff, 0xe1, 0xc8, 0x7f, 0xf2, 0x1b, 0xff, 0xf8,
    0x68, 0x7f, 0xf0, 0x5f, 0xff, 0xe3, 0x4a, 0xf,
    0xe6, 0xff, 0xfe, 0x2c, 0x1f, 0xfc, 0x7b, 0xff,
    0xf9, 0x30, 0xdf, 0xff, 0xc7, 0x43, 0xff, 0x96,
    0xff, 0xff, 0x1d, 0x7, 0xff, 0xf1, 0x60, 0xe5,
    0x83, 0xff, 0x90, 0xdf, 0xff, 0xc3, 0x83, 0x7f,
    0xff, 0x6, 0x43, 0xeb, 0xf5, 0x10, 0xff, 0xe3,
    0x37, 0xff, 0xf0, 0x3, 0xaf, 0xfe, 0x90, 0xff,
    0x7f, 0xfa, 0xf, 0xfe, 0x33, 0x7f, 0xe4, 0x3d,
    0xfe, 0x90, 0xff, 0xe0, 0xff, 0xff, 0x6, 0x43,
    0xff, 0x8a, 0xdf, 0xc1, 0xf5, 0xe9, 0xf, 0xfe,
    0x1b, 0xff, 0xfc, 0x54, 0x3f, 0xf8, 0xcc, 0x87,
    0xff, 0x3e, 0xff, 0xfe, 0x42, 0x1f, 0xfe, 0x36,
    0xff, 0xfe, 0x3a, 0x1f, 0xfe, 0x56, 0xff, 0xfe,
    0x18, 0x7f, 0xfa, 0x9b, 0xff, 0xd0, 0x7f, 0xfb,
    0x5b, 0xfe, 0xf, 0xff, 0x8b, 0x7e, 0xf, 0xff,
    0xad, 0x3, 0xff, 0xfe, 0x1f, 0xfd, 0x37, 0xd2,
    0x1f, 0xff, 0x27, 0xfd, 0x21, 0xff, 0xee, 0xbf,
    0xfd, 0x21, 0xff, 0xea, 0xff, 0xfe, 0x1c, 0x87,
    0xff, 0x95, 0xff, 0xfe, 0x34, 0x87, 0xff, 0x8a,
    0xff, 0xfe, 0x54, 0x87, 0xff, 0x85, 0xbf, 0xff,
    0x95, 0x7, 0xff, 0x89, 0xbf, 0xff, 0x93, 0x21,
    0xff, 0xe2, 0x6f, 0xff, 0xe3, 0xa1, 0xff, 0xe5,
    0x6f, 0xff, 0xe1, 0x87, 0xff, 0xa9, 0xbf, 0xfd,
    0x7, 0xff, 0xb5, 0xbf, 0xe0, 0xff, 0xf9, 0x5f,
    0x83, 0xff, 0xeb, 0x40, 0xff, 0xff, 0x87, 0xff,
    0x0,

    /* U+51B0 "冰" */
    0xf, 0xff, 0xf8, 0x7f, 0xf4, 0xaf, 0xe8, 0x3f,
    0xfe, 0x17, 0xf4, 0x1f, 0xff, 0xb, 0xf9, 0xf,
    0xff, 0x85, 0xfc, 0x87, 0xff, 0xc1, 0xfe, 0x43,
    0xff, 0xe0, 0xff, 0x21, 0xff, 0xd0, 0xe0, 0xff,
    0xe9, 0x3f, 0xc1, 0xff, 0xd0, 0xfa, 0xf, 0xfe,
    0x8b, 0xfc, 0x1f, 0xfc, 0xff, 0xe4, 0x3f, 0xfa,
    0xf, 0xf0, 0x7f, 0xf3, 0xbf, 0xe4, 0x3f, 0xf9,
    0xef, 0xf0, 0x7f, 0xf3, 0xaf, 0xf8, 0x3f, 0xf9,
    0xef, 0xf0, 0x7f, 0xf3, 0xff, 0xf0, 0x7f, 0xf3,
    0x9f, 0xe0, 0xff, 0xe8, 0x7f, 0xd0, 0x7f, 0xf3,
    0x5f, 0xe4, 0x3f, 0xf9, 0xef, 0xfc, 0x87, 0xff,
    0x31, 0xfe, 0x43, 0xff, 0x81, 0x61, 0xff, 0xc2,
    0xbf, 0xe4, 0x3f, 0xf9, 0x6f, 0xf2, 0x1f, 0xfc,
    0xf, 0x83, 0xff, 0x85, 0xff, 0x83, 0xff, 0x96,
    0xff, 0x21, 0xff, 0x7f, 0x7, 0xff, 0xb, 0xff,
    0x7, 0xff, 0x29, 0xfe, 0x83, 0xfc, 0xff, 0x83,
    0xff, 0x82, 0xff, 0xd0, 0x7f, 0xf2, 0x5f, 0xe8,
    0x3f, 0xdf, 0xf8, 0x3f, 0xf8, 0x37, 0xfc, 0xf,
    0xff, 0xe2, 0x4, 0xff, 0x83, 0xfb, 0xff, 0x41,
    0xff, 0xc2, 0xfe, 0x42, 0xff, 0xfe, 0x20, 0x4f,
    0xf8, 0x3f, 0x5f, 0xf2, 0x1f, 0xfc, 0x4f, 0x83,
    0xbf, 0xff, 0x88, 0x13, 0xfe, 0x43, 0xcf, 0xfc,
    0x1f, 0xfc, 0x6a, 0x7, 0xbf, 0xff, 0x88, 0x13,
    0xfe, 0x83, 0xdf, 0xf0, 0x7f, 0xf3, 0xff, 0xff,
    0x88, 0x13, 0xff, 0x7, 0x7f, 0xc1, 0xff, 0xd0,
    0x58, 0x3e, 0x7f, 0x41, 0x3f, 0xf0, 0x6f, 0xf8,
    0x3f, 0xfb, 0x6f, 0xe8, 0x27, 0xfe, 0x81, 0xff,
    0x7, 0xff, 0x71, 0xfc, 0x84, 0xff, 0xe3, 0xfe,
    0xf, 0xfe, 0xed, 0xf9, 0x9, 0xff, 0xfe, 0x1a,
    0x1f, 0xfd, 0xdf, 0xe0, 0xcf, 0xff, 0xf0, 0x90,
    0xff, 0xe7, 0xc1, 0xff, 0xc2, 0xfe, 0xc, 0xff,
    0xff, 0x5, 0xf, 0xfe, 0x87, 0x83, 0xff, 0x83,
    0xfc, 0x19, 0xff, 0xfe, 0x2, 0x1f, 0xfd, 0xb,
    0xd0, 0x7f, 0xcf, 0xe8, 0x33, 0xff, 0xf2, 0x1f,
    0xfd, 0x1f, 0xc8, 0x7f, 0xaf, 0xc8, 0x67, 0xfa,
    0xfd, 0x7, 0xff, 0x46, 0xfe, 0x43, 0xfb, 0xf8,
    0x39, 0xfe, 0x7f, 0x83, 0xff, 0xa3, 0xfe, 0xf,
    0xf7, 0xf0, 0x73, 0xfc, 0x7f, 0x83, 0xff, 0x9f,
    0x7f, 0x41, 0xfc, 0xff, 0x7, 0x3f, 0xc3, 0xfc,
    0x87, 0xff, 0x3b, 0xfc, 0x1f, 0xeb, 0xf4, 0x1c,
    0xff, 0x3, 0xfc, 0x1f, 0xfc, 0xdf, 0xf2, 0x1f,
    0xef, 0xe4, 0x39, 0xfe, 0x5, 0xfc, 0x87, 0xff,
    0x2d, 0xfe, 0x83, 0xfc, 0xff, 0x7, 0x9f, 0xe0,
    0xbf, 0xc1, 0xff, 0xcb, 0xff, 0x7, 0xfd, 0xfd,
    0x7, 0x9f, 0xe0, 0xaf, 0xe8, 0x3f, 0xf9, 0x37,
    0xf4, 0x1f, 0xe7, 0xf9, 0xf, 0x3f, 0xc1, 0xbf,
    0xc8, 0x7f, 0xf2, 0x3f, 0xc1, 0xff, 0x7f, 0x83,
    0xe7, 0xf8, 0x35, 0xfe, 0xf, 0xfe, 0x3d, 0xfc,
    0x87, 0xf9, 0xfe, 0x83, 0xe7, 0xf8, 0x3b, 0xfd,
    0x7, 0xff, 0x15, 0xff, 0x7, 0xfd, 0xfe, 0xf,
    0xcf, 0xf0, 0x75, 0xfe, 0x43, 0xff, 0x89, 0xfe,
    0x43, 0xfc, 0xff, 0x83, 0xf3, 0xfc, 0x1e, 0xff,
    0x83, 0xff, 0x87, 0x7f, 0x83, 0xfe, 0xff, 0x21,
    0xf9, 0xfe, 0xf, 0x3f, 0xf0, 0x7f, 0xf0, 0x5f,
    0xf2, 0x1f, 0xeb, 0xfc, 0x1f, 0xcf, 0xf0, 0x7d,
    0x7f, 0xc1, 0xff, 0xc0, 0xff, 0x41, 0xfe, 0x7f,
    0xc8, 0x7f, 0x3f, 0xc1, 0xfb, 0xff, 0x7, 0xfb,
    0xfe, 0xf, 0xfb, 0xfe, 0xf, 0xf3, 0xfc, 0x1f,
    0x9f, 0xfc, 0x1f, 0xaf, 0xf4, 0x1f, 0xef, 0xf8,
    0x3f, 0xe7, 0xf8, 0x3f, 0xaf, 0xfc, 0x87, 0x3f,
    0xf0, 0x7f, 0xaf, 0xf4, 0x1f, 0xf3, 0xfc, 0x1f,
    0xef, 0xfe, 0x43, 0x7f, 0xd0, 0x7f, 0x5f, 0xf0,
    0x7f, 0xf0, 0x1f, 0xe0, 0xff, 0xbf, 0xfa, 0x9,
    0xff, 0x7, 0xf3, 0xff, 0x21, 0xff, 0xc0, 0x7f,
    0x83, 0xfe, 0x7f, 0xfc, 0x81, 0xfc, 0x87, 0xe7,
    0xfe, 0x83, 0xff, 0x82, 0xff, 0x7, 0xff, 0x1,
    0xff, 0xe4, 0x27, 0xe0, 0xfd, 0x7f, 0xe0, 0xff,
    0xe1, 0x3f, 0xc1, 0xff, 0xc1, 0xbf, 0xc8, 0x7a,
    0xd0, 0xfb, 0xff, 0x90, 0xff, 0xe1, 0x3f, 0xc1,
    0xff, 0xc2, 0xbf, 0x21, 0xfa, 0xf, 0xcf, 0xfd,
    0x7, 0xff, 0xe, 0xfe, 0xf, 0xfe, 0x1d, 0xe4,
    0x3f, 0xf9, 0xf, 0xf0, 0x7f, 0xf1, 0x3f, 0xc1,
    0xff, 0xc4, 0xa0, 0x7f, 0xf2, 0xfe, 0xf, 0xfe,
    0x23, 0xfe, 0xf, 0xfe, 0xf6, 0x1f, 0xf7, 0xff,
    0xf0, 0x43, 0xff, 0xd4, 0xff, 0xfd, 0x7, 0xff,
    0xaf, 0xff, 0xe4, 0x3f, 0xfd, 0x77, 0xff, 0x83,
    0xff, 0xd8, 0xff, 0xf0, 0x7f, 0xfb, 0xbf, 0xe4,
    0x3f, 0xfd, 0xff, 0x48, 0x7f, 0xff, 0xc3, 0xff,
    0x92,

    /* U+51E0 "几" */
    0xf, 0xfe, 0x2b, 0xff, 0xfd, 0x14, 0x3f, 0xfb,
    0x2f, 0xff, 0xf4, 0x43, 0xff, 0xb4, 0xff, 0xff,
    0x44, 0x3f, 0xfb, 0x4f, 0xff, 0xf4, 0x43, 0xff,
    0xb4, 0xff, 0xff, 0x44, 0x3f, 0xfb, 0x4f, 0xf9,
    0x7f, 0xf8, 0xbf, 0xe0, 0xff, 0xed, 0x3f, 0xd0,
    0x7f, 0xf1, 0x7f, 0xc1, 0xff, 0xda, 0x7f, 0xa0,
    0xff, 0xe2, 0xff, 0x83, 0xff, 0xb4, 0xff, 0x41,
    0xff, 0xc5, 0xff, 0x7, 0xff, 0x69, 0xfe, 0x83,
    0xff, 0x8b, 0xfe, 0xf, 0xfe, 0xd3, 0xfd, 0x7,
    0xff, 0x17, 0xfc, 0x1f, 0xfd, 0xa7, 0xfa, 0xf,
    0xfe, 0x2f, 0xf8, 0x3f, 0xfb, 0x7f, 0xd0, 0x7f,
    0xf1, 0x7f, 0xc1, 0xff, 0xdb, 0xfe, 0x83, 0xff,
    0x8b, 0xfe, 0xf, 0xfe, 0xdf, 0xf4, 0x1f, 0xfc,
    0x5f, 0xf0, 0x7f, 0xf6, 0xff, 0xa0, 0xff, 0xe2,
    0xff, 0x83, 0xff, 0xb7, 0xfd, 0x7, 0xff, 0x17,
    0xfc, 0x1f, 0xfd, 0xbf, 0xe8, 0x3f, 0xf8, 0xbf,
    0xe0, 0xff, 0xed, 0x3f, 0xd0, 0x7f, 0xf1, 0x7f,
    0xc1, 0xff, 0xda, 0x7f, 0xa0, 0xff, 0xe2, 0xff,
    0x83, 0xff, 0xb4, 0xff, 0x41, 0xff, 0xc5, 0xff,
    0x7, 0xff, 0x69, 0xfe, 0x83, 0xff, 0x8b, 0xfe,
    0xf, 0xfe, 0xd3, 0xfd, 0x7, 0xff, 0x17, 0xfc,
    0x1f, 0xfd, 0xa7, 0xfa, 0xf, 0xfe, 0x2f, 0xf8,
    0x3f, 0xfb, 0x4f, 0xf4, 0x1f, 0xfc, 0x5f, 0xf0,
    0x7f, 0xf6, 0x9f, 0xe8, 0x3f, 0xf8, 0xbf, 0xe0,
    0xff, 0xed, 0x3f, 0xc8, 0x7f, 0xf1, 0x7f, 0xc1,
    0xff, 0xda, 0xbf, 0x90, 0xff, 0xe2, 0xff, 0x83,
    0xff, 0xb5, 0x7f, 0x21, 0xff, 0xc5, 0xff, 0x7,
    0xff, 0x6a, 0xfe, 0xf, 0xfe, 0x37, 0xf8, 0x3f,
    0xfb, 0x5f, 0xe0, 0xff, 0xe3, 0x7f, 0x83, 0xff,
    0xb5, 0xfe, 0xf, 0xfe, 0x37, 0xf8, 0x3f, 0xfb,
    0x5f, 0xe0, 0xff, 0xe3, 0x7f, 0x83, 0xff, 0xb5,
    0xfd, 0x7, 0xff, 0x1b, 0xfc, 0x1f, 0xfd, 0x97,
    0xfa, 0xf, 0xfe, 0x37, 0xf8, 0x3f, 0xfb, 0x37,
    0xf2, 0x1f, 0xfc, 0x6f, 0xf0, 0x7f, 0xf6, 0x7f,
    0xc1, 0xff, 0xc7, 0xff, 0x7, 0xff, 0x67, 0xfc,
    0x1f, 0xfc, 0x7f, 0xf0, 0x7f, 0xf6, 0x2f, 0xf0,
    0x7f, 0xf1, 0xff, 0xc1, 0xff, 0xd8, 0xff, 0x41,
    0xff, 0xc7, 0xff, 0x7, 0xff, 0x5d, 0xff, 0x7,
    0xff, 0x23, 0xfc, 0x1f, 0xfd, 0x7b, 0xfc, 0x1f,
    0xfc, 0x8f, 0xf0, 0x7f, 0xf5, 0xff, 0xd0, 0x7f,
    0xf2, 0x3f, 0xc1, 0xff, 0xd6, 0xbf, 0xc1, 0xff,
    0xc9, 0xff, 0x7, 0xff, 0x5, 0x41, 0xff, 0xc7,
    0xff, 0x83, 0xff, 0x93, 0xfe, 0xf, 0xfe, 0xd,
    0xe0, 0xff, 0xe2, 0xdf, 0xe4, 0x3f, 0xf9, 0x3f,
    0xe0, 0xff, 0xe0, 0xdf, 0x41, 0xff, 0xc2, 0x7f,
    0xe0, 0xff, 0xe5, 0x7f, 0x83, 0xff, 0x83, 0xff,
    0x7, 0xff, 0x3, 0xfe, 0x43, 0xff, 0x95, 0xfe,
    0xf, 0xfe, 0xf, 0xfc, 0x1f, 0xf5, 0xff, 0x7,
    0xff, 0x2f, 0xfc, 0x1f, 0xfc, 0x1f, 0xf4, 0x1f,
    0xe7, 0xfe, 0x43, 0xff, 0x97, 0xfe, 0xf, 0xfe,
    0x3, 0xfe, 0x43, 0xfd, 0xff, 0x41, 0xff, 0xcc,
    0xff, 0x7, 0xff, 0x2, 0xff, 0x7, 0xfb, 0xff,
    0x7, 0xff, 0x37, 0xfc, 0x87, 0xfd, 0xff, 0x7,
    0xf7, 0xfe, 0x43, 0xff, 0x9b, 0xff, 0x41, 0xf9,
    0xff, 0x90, 0xf9, 0xff, 0xd0, 0x7f, 0xf3, 0xbf,
    0xff, 0x98, 0x1f, 0x5f, 0xfa, 0xf, 0xfe, 0x7d,
    0xff, 0xfc, 0xa8, 0x3d, 0xff, 0xe0, 0xff, 0xe8,
    0xff, 0xff, 0x28, 0x3a, 0xff, 0xf0, 0x7f, 0xf4,
    0xaf, 0xff, 0xe4, 0x41, 0xd7, 0xff, 0x7, 0xff,
    0x51, 0xff, 0xfe, 0x34, 0x1f, 0x3f, 0xf0, 0x7f,
    0xf5, 0xd5, 0x5f, 0xfc, 0x4, 0x3f, 0xf8, 0x1f,
    0xc1, 0xff, 0xf4, 0xf8, 0x3f, 0xfe, 0xd8, 0x7f,
    0xff, 0xc3, 0xff, 0xd4,

    /* U+5200 "刀" */
    0xf, 0x5f, 0xea, 0xff, 0xf2, 0x87, 0xd7, 0xff,
    0xfa, 0xd0, 0xf5, 0xff, 0xfe, 0xb0, 0xfa, 0xff,
    0xff, 0x58, 0x7d, 0x7f, 0xff, 0xac, 0x3f, 0x2c,
    0x1f, 0xfc, 0x5f, 0xf2, 0x1f, 0xfc, 0xaf, 0xf0,
    0x7f, 0xf4, 0x3f, 0xc8, 0x7f, 0xf2, 0xbf, 0xc1,
    0xff, 0xd0, 0xff, 0x21, 0xff, 0xca, 0xff, 0x7,
    0xff, 0x43, 0xfc, 0x1f, 0xfc, 0xbf, 0xe8, 0x3f,
    0xfa, 0x1f, 0xe0, 0xff, 0xe5, 0x3f, 0xd0, 0x7f,
    0xf4, 0x3f, 0xc1, 0xff, 0xca, 0x7f, 0xa0, 0xff,
    0xe8, 0x7f, 0x83, 0xff, 0x94, 0xff, 0x41, 0xff,
    0xd0, 0xff, 0x7, 0xff, 0x29, 0xfe, 0x83, 0xff,
    0xa1, 0xfe, 0xf, 0xfe, 0x53, 0xfd, 0x7, 0xff,
    0x3d, 0xfe, 0x83, 0xff, 0x94, 0xff, 0x21, 0xff,
    0xcf, 0x7f, 0xa0, 0xff, 0xe5, 0x5f, 0xc8, 0x7f,
    0xf3, 0xef, 0xe4, 0x3f, 0xf9, 0x57, 0xf2, 0x1f,
    0xfc, 0xfb, 0xf9, 0xf, 0xfe, 0x55, 0xfc, 0x87,
    0xff, 0x3f, 0xfc, 0x87, 0xff, 0x2a, 0xfe, 0x43,
    0xff, 0x9f, 0xfe, 0xf, 0xfe, 0x5d, 0xfc, 0x87,
    0xff, 0x3f, 0xfc, 0x1f, 0xfc, 0xbb, 0xf8, 0x3f,
    0xfa, 0x1f, 0xe0, 0xff, 0xe5, 0xff, 0x83, 0xff,
    0x9e, 0xff, 0x41, 0xff, 0xcb, 0xff, 0x7, 0xff,
    0x3e, 0xfe, 0x83, 0xff, 0x97, 0xfe, 0xf, 0xfe,
    0x7f, 0xf9, 0xf, 0xfe, 0x5f, 0xf8, 0x3f, 0xf9,
    0xff, 0xe0, 0xff, 0xe6, 0x7f, 0x83, 0xff, 0x9c,
    0xff, 0x83, 0xff, 0x99, 0xfe, 0xf, 0xfe, 0x75,
    0xfd, 0x7, 0xff, 0x33, 0xfc, 0x1f, 0xfc, 0xef,
    0xf2, 0x1f, 0xfc, 0xcf, 0xf0, 0x7f, 0xf3, 0xbf,
    0xc1, 0xff, 0xcd, 0xff, 0x7, 0xff, 0x35, 0xff,
    0x7, 0xff, 0x37, 0xfc, 0x1f, 0xfc, 0xdf, 0xf4,
    0x1f, 0xfc, 0xdf, 0xf0, 0x7f, 0xf3, 0x1f, 0xf0,
    0x7f, 0xf3, 0x5f, 0xe8, 0x3f, 0xf9, 0x97, 0xf8,
    0x3f, 0xf9, 0xaf, 0xf4, 0x1f, 0xfc, 0xcf, 0xf2,
    0x1f, 0xfc, 0xd7, 0xfa, 0xf, 0xfe, 0x5d, 0xfe,
    0xf, 0xfe, 0x73, 0xfd, 0x7, 0xff, 0x2f, 0xfd,
    0x7, 0xff, 0x39, 0xfe, 0x83, 0xff, 0x95, 0xff,
    0x7, 0xff, 0x3d, 0xfe, 0x83, 0xff, 0x92, 0xff,
    0xa0, 0xff, 0xe7, 0xdf, 0xc8, 0x7f, 0xf2, 0x7f,
    0xe0, 0xff, 0xe8, 0x5f, 0xc8, 0x7f, 0xf2, 0x3f,
    0xe8, 0x3f, 0xfa, 0x17, 0xf2, 0x1f, 0xfc, 0x7b,
    0xfe, 0xf, 0xfe, 0x8d, 0xfc, 0x87, 0xff, 0x1a,
    0xff, 0x90, 0xff, 0xe8, 0xdf, 0xc8, 0x7f, 0xf1,
    0x6f, 0xfa, 0xf, 0xfe, 0x95, 0xfc, 0x87, 0xff,
    0x12, 0xff, 0xc1, 0xff, 0xd3, 0xff, 0x7, 0xff,
    0x12, 0xff, 0xc1, 0xff, 0xd4, 0xff, 0x7, 0xff,
    0xf, 0xff, 0x83, 0xff, 0xab, 0xfe, 0xf, 0xfe,
    0x17, 0xff, 0x7, 0xff, 0x5b, 0xfc, 0x1f, 0xfc,
    0xb, 0xff, 0x83, 0xff, 0xad, 0x7f, 0x83, 0xfe,
    0xff, 0xf0, 0x7f, 0xf5, 0xff, 0xd0, 0x7f, 0x5f,
    0xfe, 0xf, 0xfe, 0xb3, 0xff, 0x41, 0xf5, 0xff,
    0xe8, 0x3f, 0xf9, 0xad, 0x77, 0xff, 0xf0, 0x3,
    0xd7, 0xff, 0xd0, 0x7f, 0xf3, 0xff, 0xff, 0x8a,
    0x1d, 0x7f, 0xfc, 0x87, 0xff, 0x42, 0xff, 0xfe,
    0x1a, 0x1e, 0x7f, 0xf8, 0x3f, 0xfa, 0x4f, 0xff,
    0xf0, 0xa0, 0xfe, 0xff, 0x41, 0xff, 0xd4, 0xff,
    0xfe, 0xa, 0x1f, 0xf7, 0xe0, 0xff, 0xeb, 0x5f,
    0xfd, 0x21, 0xff, 0xc2, 0xe0, 0xff, 0xeb, 0xbf,
    0xd2, 0x83, 0xff, 0xd6, 0xa0, 0xff, 0xe2, 0x80,

    /* U+529B "力" */
    0xf, 0xfe, 0x7a, 0x83, 0xff, 0xe1, 0xfe, 0x83,
    0xff, 0xd7, 0xfe, 0x83, 0xff, 0xd7, 0xfe, 0x43,
    0xff, 0xd7, 0xfe, 0x43, 0xff, 0xd7, 0xfe, 0xf,
    0xff, 0x67, 0xf8, 0x3f, 0xfd, 0x9f, 0xe0, 0xff,
    0xf6, 0x7f, 0x83, 0xff, 0xd9, 0xfe, 0xf, 0xff,
    0x67, 0xf8, 0x3f, 0xfd, 0x9f, 0xe0, 0xff, 0xf6,
    0x7f, 0x83, 0xff, 0xd9, 0xfe, 0xf, 0xff, 0x67,
    0xf8, 0x3f, 0xfd, 0x9f, 0xe0, 0xff, 0xf6, 0x7f,
    0x83, 0xff, 0xa8, 0xff, 0xff, 0xb6, 0x9, 0xff,
    0xff, 0x6c, 0x13, 0xff, 0xfe, 0xd4, 0x27, 0xff,
    0xfd, 0xa8, 0x4f, 0xff, 0xfb, 0x50, 0xcb, 0x83,
    0xff, 0x8c, 0xff, 0x83, 0xff, 0x92, 0xff, 0x83,
    0xff, 0x9e, 0xff, 0x83, 0xff, 0x95, 0xfe, 0xf,
    0xfe, 0x7b, 0xfd, 0x7, 0xff, 0x25, 0xff, 0x7,
    0xff, 0x3e, 0xfe, 0x83, 0xff, 0x92, 0xff, 0x83,
    0xff, 0x9f, 0x7f, 0x21, 0xff, 0xc9, 0x7f, 0xc1,
    0xff, 0xcf, 0xff, 0x21, 0xff, 0xc9, 0x7f, 0xc1,
    0xff, 0xcf, 0xff, 0x7, 0xff, 0x29, 0xff, 0x7,
    0xff, 0x3f, 0xfc, 0x1f, 0xfc, 0xab, 0xfa, 0xf,
    0xfe, 0x73, 0xfe, 0xf, 0xfe, 0x55, 0xfd, 0x7,
    0xff, 0x39, 0xff, 0x7, 0xff, 0x2a, 0xfe, 0x83,
    0xff, 0x9d, 0x7f, 0x41, 0xff, 0xca, 0xbf, 0xa0,
    0xff, 0xe7, 0x7f, 0x90, 0xff, 0xe5, 0x5f, 0xc8,
    0x7f, 0xf3, 0xbf, 0xc1, 0xff, 0xcb, 0xff, 0x21,
    0xff, 0xcd, 0x7f, 0xc1, 0xff, 0xcb, 0xff, 0x21,
    0xff, 0xcd, 0xbf, 0xa0, 0xff, 0xe5, 0xff, 0x90,
    0xff, 0xe6, 0xff, 0x90, 0xff, 0xe5, 0xff, 0x83,
    0xff, 0x9d, 0xfe, 0xf, 0xfe, 0x67, 0xf8, 0x3f,
    0xf9, 0xb7, 0xf8, 0x3f, 0xf9, 0x9f, 0xe0, 0xff,
    0xe6, 0xff, 0xa0, 0xff, 0xe6, 0x7f, 0x83, 0xff,
    0x98, 0xff, 0x83, 0xff, 0x9b, 0xfe, 0xf, 0xfe,
    0x67, 0xfc, 0x1f, 0xfc, 0xdf, 0xf0, 0x7f, 0xf2,
    0xdf, 0xf2, 0x1f, 0xfc, 0xc7, 0xfc, 0x1f, 0xfc,
    0xbf, 0xf8, 0x3f, 0xf9, 0xaf, 0xf8, 0x3f, 0xf9,
    0x57, 0xf9, 0xf, 0xfe, 0x6b, 0xfd, 0x7, 0xff,
    0x2b, 0xfe, 0xf, 0xfe, 0x75, 0xfd, 0x7, 0xff,
    0x27, 0xfe, 0x43, 0xff, 0x9d, 0x7f, 0x41, 0xff,
    0xc8, 0xbf, 0xe0, 0xff, 0xe7, 0xff, 0x90, 0xff,
    0xe3, 0xdf, 0xf0, 0x7f, 0xf4, 0x3f, 0xc8, 0x7f,
    0xf1, 0x9f, 0xfa, 0xf, 0xfe, 0x87, 0xf8, 0x3f,
    0xf8, 0xcf, 0xfe, 0xf, 0xfe, 0x8f, 0xf8, 0x3f,
    0xf8, 0xaf, 0xfe, 0xf, 0xfe, 0x97, 0xf8, 0x3f,
    0xf8, 0x8f, 0xfe, 0x43, 0xff, 0xa2, 0xff, 0x83,
    0xff, 0x87, 0x7f, 0xe4, 0x3f, 0xfa, 0x5f, 0xe8,
    0x3f, 0xf8, 0x5f, 0xfd, 0x7, 0xff, 0x49, 0xff,
    0x41, 0xff, 0xc0, 0x7f, 0xfa, 0xf, 0xfe, 0x95,
    0xff, 0x21, 0xff, 0x5f, 0xfc, 0x87, 0xff, 0x39,
    0x6b, 0xff, 0x83, 0xfc, 0xff, 0xf9, 0xf, 0xfe,
    0x4f, 0xff, 0xf1, 0xa0, 0xfe, 0xff, 0xf9, 0xf,
    0xfe, 0x53, 0xff, 0xfc, 0x50, 0xfd, 0x7f, 0xfc,
    0x1f, 0xfc, 0xdf, 0xff, 0xe2, 0x21, 0xeb, 0xff,
    0xe8, 0x3f, 0xf9, 0xd7, 0xff, 0xf0, 0xa0, 0xfd,
    0xff, 0xe4, 0x3f, 0xfa, 0x1f, 0xff, 0xc1, 0x43,
    0xfd, 0x7f, 0xc1, 0xff, 0xd2, 0xff, 0xe9, 0xf,
    0xfe, 0x13, 0xfa, 0xf, 0xfe, 0x9d, 0xf5, 0x10,
    0xff, 0xe3, 0xbe, 0xf, 0xff, 0x82, 0x1f, 0xfe,
    0xb0,

    /* U+52A0 "加" */
    0xf, 0xfe, 0x17, 0xaa, 0x50, 0x7f, 0xfa, 0xff,
    0xd0, 0x7f, 0xfa, 0xff, 0xd0, 0x7f, 0xfa, 0xff,
    0xc8, 0x7f, 0xfa, 0xff, 0xc1, 0xff, 0xec, 0xff,
    0x7, 0xff, 0xb3, 0xfc, 0x1f, 0xfe, 0xcf, 0xf0,
    0x7f, 0xfb, 0x3f, 0xc1, 0xff, 0xec, 0xfe, 0x83,
    0xff, 0xd9, 0xfd, 0x7, 0xff, 0x1e, 0xbf, 0xf9,
    0x41, 0xff, 0xc3, 0xfe, 0x83, 0xff, 0x8c, 0xff,
    0xff, 0x28, 0x3f, 0xf8, 0x7f, 0xd0, 0x7f, 0xf1,
    0x9f, 0xff, 0xe5, 0x6, 0xa2, 0x83, 0xef, 0xe8,
    0x3f, 0xf8, 0xcf, 0xff, 0xf2, 0x83, 0x7f, 0xff,
    0x4e, 0x9, 0xff, 0xfe, 0x50, 0x6f, 0xff, 0xe9,
    0xc1, 0x3f, 0xd5, 0xff, 0xc0, 0xfe, 0xd, 0xff,
    0xfd, 0x34, 0x37, 0xf0, 0x7f, 0xf0, 0x3f, 0x83,
    0x7f, 0xff, 0x4d, 0xd, 0xfc, 0x1f, 0xfc, 0xf,
    0xe0, 0xd7, 0xab, 0xef, 0xf5, 0x7f, 0xbf, 0x90,
    0xdf, 0xc1, 0xff, 0xc0, 0xfe, 0xf, 0xfe, 0x13,
    0xfc, 0x1f, 0xef, 0xe4, 0x37, 0xf0, 0x7f, 0xf0,
    0x3f, 0x83, 0xff, 0x85, 0x7f, 0x7, 0xfb, 0xf9,
    0xd, 0xfc, 0x1f, 0xfc, 0xf, 0xe0, 0xff, 0xe1,
    0x5f, 0xc1, 0xfe, 0xfe, 0xe, 0xfe, 0xf, 0xfe,
    0x7, 0xf0, 0x7f, 0xf0, 0xaf, 0xe0, 0xff, 0x7f,
    0x7, 0x7f, 0x7, 0xff, 0x3, 0xf8, 0x3f, 0xf8,
    0x57, 0xf0, 0x7f, 0xbf, 0x83, 0xbf, 0x83, 0xff,
    0x81, 0xfc, 0x1f, 0xfc, 0x2f, 0xf0, 0x7f, 0x3f,
    0xc1, 0xdf, 0xc1, 0xff, 0xc0, 0xfe, 0xf, 0xfe,
    0x17, 0xf8, 0x3f, 0x9f, 0xe0, 0xef, 0xe0, 0xff,
    0xe0, 0x7f, 0x7, 0xff, 0xb, 0xfa, 0xf, 0xe7,
    0xf8, 0x3b, 0xf8, 0x3f, 0xf8, 0x1f, 0xc1, 0xff,
    0xc2, 0xfe, 0x83, 0xf9, 0xfe, 0xe, 0xfe, 0xf,
    0xfe, 0x7, 0xf0, 0x7f, 0xf0, 0xbf, 0x90, 0xfe,
    0xbf, 0x83, 0xbf, 0x83, 0xff, 0x81, 0xfc, 0x1f,
    0xfc, 0x2f, 0xe4, 0x3f, 0xaf, 0xd0, 0x77, 0xf0,
    0x7f, 0xf0, 0x3f, 0x83, 0xff, 0x82, 0xff, 0x7,
    0xfa, 0xfd, 0x7, 0x7f, 0x7, 0xff, 0x3, 0xf8,
    0x3f, 0xf8, 0x2f, 0xf0, 0x7f, 0xaf, 0xd0, 0x77,
    0xf0, 0x7f, 0xf0, 0x3f, 0x83, 0xff, 0x83, 0x7f,
    0x7, 0xfa, 0xfd, 0x7, 0x7f, 0x7, 0xff, 0x3,
    0xf8, 0x3f, 0xf8, 0x37, 0xf0, 0x7f, 0xbf, 0x90,
    0xef, 0xe0, 0xff, 0xe0, 0x7f, 0x7, 0xff, 0x7,
    0xfa, 0xf, 0xf7, 0xf2, 0x1d, 0xfc, 0x1f, 0xfc,
    0xf, 0xe0, 0xff, 0xe0, 0xff, 0x21, 0xfe, 0xfe,
    0x43, 0xbf, 0x83, 0xff, 0x81, 0xfc, 0x1f, 0xfc,
    0x7, 0xf9, 0xf, 0xf7, 0xf2, 0x1d, 0xfc, 0x1f,
    0xfc, 0xf, 0xe0, 0xff, 0xe0, 0x3f, 0xc1, 0xff,
    0x7f, 0x7, 0xbf, 0x83, 0xff, 0x81, 0xfc, 0x1f,
    0xfc, 0xb, 0xf8, 0x3f, 0xef, 0xe0, 0xf7, 0xf0,
    0x7f, 0xf0, 0x3f, 0x83, 0xff, 0x81, 0xfd, 0x7,
    0xfd, 0xfc, 0x1e, 0xfe, 0xf, 0xfe, 0x7, 0xf0,
    0x7f, 0xf0, 0x3f, 0x90, 0xff, 0xbf, 0x83, 0xdf,
    0xc1, 0xff, 0xc0, 0xfe, 0xf, 0xf9, 0xfe, 0xf,
    0xf9, 0xfe, 0xf, 0x7f, 0x7, 0xff, 0x3, 0xf8,
    0x3f, 0xef, 0xf0, 0x7f, 0xcf, 0xf0, 0x7b, 0xf8,
    0x3f, 0xf8, 0x1f, 0xc1, 0xff, 0x7f, 0x41, 0xff,
    0x3f, 0xc1, 0xef, 0xe0, 0xff, 0xe0, 0x7f, 0x7,
    0xf9, 0xfe, 0x43, 0xfe, 0x7f, 0x83, 0xdf, 0xc1,
    0xff, 0xc0, 0xfe, 0xf, 0xf7, 0xf8, 0x3f, 0xf8,
    0x17, 0xe8, 0x3d, 0xfc, 0x1f, 0xfc, 0xf, 0xe0,
    0xff, 0x7f, 0x83, 0xff, 0x81, 0x7e, 0x83, 0xdf,
    0xc1, 0xff, 0xc0, 0xfe, 0xf, 0xeb, 0xf9, 0xf,
    0xfe, 0x5, 0xfa, 0xf, 0x7f, 0x7, 0xff, 0x3,
    0xf8, 0x3f, 0xbf, 0xc1, 0xff, 0xc1, 0xbf, 0x41,
    0xef, 0xe0, 0xff, 0xe0, 0x7f, 0x7, 0xeb, 0xfc,
    0x1f, 0xfc, 0x1b, 0xf2, 0x1e, 0xff, 0xfe, 0x50,
    0x7e, 0xff, 0x21, 0xff, 0xc1, 0xfe, 0x43, 0xdf,
    0xff, 0xca, 0xf, 0xaf, 0xf0, 0x7f, 0xf0, 0xbf,
    0x90, 0xf7, 0xff, 0xf2, 0x83, 0xef, 0xf2, 0x1f,
    0xfc, 0x2f, 0xe4, 0x3d, 0xff, 0xfc, 0xa0, 0xf7,
    0xfc, 0x1f, 0xfc, 0x3f, 0xe0, 0xfb, 0xff, 0xf9,
    0x41, 0xcf, 0xfa, 0xf, 0xfe, 0x15, 0xfc, 0x1f,
    0x7f, 0x57, 0xff, 0x3, 0xf8, 0x3b, 0xfe, 0xf,
    0x97, 0xef, 0xf8, 0x3e, 0xfe, 0xf, 0xfe, 0x7,
    0xf0, 0x6f, 0xf9, 0xf, 0xaf, 0xff, 0xe0, 0x41,
    0xf7, 0xf0, 0x7f, 0xf0, 0x3f, 0x82, 0xbf, 0xe0,
    0xfe, 0xff, 0xfe, 0x2, 0x1e, 0x7f, 0x83, 0xff,
    0x81, 0xfc, 0xb, 0xfe, 0xf, 0xf7, 0xff, 0xf0,
    0x3, 0xe7, 0xf8, 0x3f, 0xf8, 0x1f, 0xc5, 0xff,
    0x41, 0xfe, 0xbf, 0xfc, 0x1f, 0x9f, 0xe0, 0xff,
    0xe0, 0x7f, 0x2, 0xff, 0x7, 0xfc, 0xff, 0xe4,
    0x3f, 0x9f, 0xe0, 0xff, 0xe0, 0x7f, 0x6, 0xfc,
    0x87, 0xfc, 0xfd, 0x28, 0x3f, 0xf8, 0xf, 0xf0,
    0x7f, 0xf2, 0xae, 0xf, 0xfe, 0xa2, 0xf0, 0x7f,
    0xf2, 0xd0, 0xff, 0xf6, 0x0,

    /* U+5305 "包" */
    0xf, 0xfe, 0x42, 0x1f, 0xff, 0x6b, 0x83, 0xff,
    0xeb, 0xfa, 0x43, 0xff, 0xe2, 0xff, 0xc8, 0x7f,
    0xfb, 0xff, 0xe8, 0x3f, 0xfd, 0xef, 0xfc, 0x1f,
    0xff, 0xf, 0xf8, 0x3f, 0xfe, 0xf, 0xfa, 0xf,
    0xff, 0x87, 0xfc, 0x1f, 0xff, 0x7, 0xfc, 0x87,
    0xff, 0xc3, 0xfe, 0xaf, 0xfe, 0xc2, 0x1f, 0xfc,
    0xbb, 0xff, 0xfc, 0x1, 0xff, 0xcb, 0xff, 0xff,
    0x4, 0x1f, 0xfc, 0xaf, 0xff, 0xf0, 0xc1, 0xff,
    0xc9, 0x7f, 0xff, 0xc3, 0x7, 0xff, 0x27, 0xfe,
    0xf, 0xfe, 0xb7, 0xf4, 0x1f, 0xfc, 0x8f, 0xf8,
    0x3f, 0xfa, 0xff, 0xd0, 0x7f, 0xf1, 0xef, 0xf2,
    0x1f, 0xfd, 0x7f, 0xe8, 0x3f, 0xf8, 0xd7, 0xfa,
    0xf, 0xfe, 0xc7, 0xf4, 0x1f, 0xfc, 0x57, 0xfe,
    0xf, 0xfe, 0xcf, 0xf4, 0x1f, 0xfc, 0x47, 0xfe,
    0x43, 0xff, 0xb3, 0xfc, 0x87, 0xff, 0x13, 0xfe,
    0x83, 0xff, 0xb5, 0xfc, 0x87, 0xff, 0xf, 0xff,
    0x7, 0xff, 0x6f, 0xf9, 0xf, 0xfe, 0x17, 0xfe,
    0x43, 0xff, 0xb7, 0xfc, 0x87, 0xff, 0x7, 0xff,
    0xfb, 0x48, 0x7f, 0xbf, 0x90, 0xff, 0x9f, 0xfc,
    0xff, 0xff, 0x49, 0xf, 0xe7, 0xf9, 0xf, 0xf3,
    0xff, 0x93, 0xff, 0xfa, 0x41, 0xfe, 0x7f, 0x90,
    0xfe, 0x7f, 0xf2, 0xf, 0xff, 0xe9, 0x7, 0xf9,
    0xfe, 0xf, 0xf9, 0xff, 0x21, 0x7f, 0xab, 0xff,
    0x8d, 0xfe, 0xf, 0xf3, 0xfc, 0x1f, 0xfc, 0x1f,
    0xc8, 0x6f, 0xe8, 0x3f, 0xf8, 0xd7, 0xf0, 0x7f,
    0x9f, 0xe0, 0xff, 0xe1, 0x78, 0x3d, 0xfd, 0x7,
    0xff, 0x1a, 0xfe, 0xf, 0xf3, 0xfc, 0x1f, 0xfc,
    0xaf, 0xe8, 0x3f, 0xf8, 0xd7, 0xf0, 0x7f, 0x9f,
    0xe0, 0xff, 0xe5, 0x7f, 0x41, 0xff, 0xc6, 0xbf,
    0x83, 0xfc, 0xff, 0x7, 0xff, 0x2b, 0xfa, 0xf,
    0xfe, 0x35, 0xfc, 0x1f, 0xe7, 0xf8, 0x3f, 0xf9,
    0x5f, 0xd0, 0x7f, 0xf1, 0xaf, 0xe0, 0xff, 0x3f,
    0xc1, 0xff, 0xca, 0xfe, 0x83, 0xff, 0x8d, 0x7f,
    0x7, 0xfa, 0xfe, 0xf, 0xfe, 0x57, 0xf4, 0x1f,
    0xfc, 0x6b, 0xf8, 0x3f, 0xd7, 0xf0, 0x7f, 0xf2,
    0xbf, 0xa0, 0xff, 0xe3, 0x5f, 0xc1, 0xfe, 0xbf,
    0x83, 0xff, 0x95, 0xfd, 0x7, 0xff, 0x1a, 0xfe,
    0xf, 0xf5, 0xfc, 0x1f, 0xfc, 0xaf, 0xff, 0xe9,
    0x7, 0xfa, 0xfe, 0xf, 0xfe, 0x57, 0xff, 0xf4,
    0x83, 0xfd, 0x7f, 0x7, 0xff, 0x2b, 0xff, 0xfa,
    0x41, 0xfe, 0xfe, 0x83, 0xff, 0x95, 0xff, 0xfd,
    0x24, 0x3f, 0xbf, 0xa0, 0xff, 0xe5, 0x7f, 0xff,
    0x49, 0xf, 0xef, 0xe8, 0x3f, 0xf9, 0x5f, 0xd0,
    0x7f, 0xf5, 0x5f, 0xe8, 0x3f, 0xf9, 0x5f, 0xd0,
    0x7f, 0xf5, 0x7f, 0xc8, 0x7f, 0xf2, 0xbf, 0xa0,
    0xff, 0xe6, 0x2f, 0x53, 0xff, 0x21, 0xff, 0xca,
    0xfe, 0x83, 0xff, 0x99, 0xff, 0xfc, 0x30, 0xff,
    0xe5, 0xff, 0x41, 0xff, 0xcc, 0xbf, 0xff, 0x83,
    0x7, 0xff, 0x2f, 0xfa, 0xf, 0xfe, 0x6f, 0xff,
    0xf0, 0x20, 0xff, 0xe6, 0x7f, 0x41, 0xff, 0xcd,
    0xbf, 0xfc, 0x87, 0xb0, 0xff, 0xe3, 0x7f, 0x41,
    0xff, 0xcd, 0x7f, 0xe9, 0xf, 0x9f, 0x41, 0xff,
    0xc4, 0xfe, 0x83, 0xff, 0x9d, 0xe9, 0x41, 0xff,
    0x5f, 0xd0, 0x7f, 0xf0, 0x7f, 0xa0, 0xff, 0xef,
    0x7f, 0xc1, 0xff, 0xc1, 0xfe, 0x83, 0xff, 0xbd,
    0xff, 0x7, 0xff, 0x7, 0xfc, 0x1f, 0xfd, 0xdb,
    0xfd, 0x7, 0xff, 0x7, 0xfc, 0x1f, 0xfd, 0xdf,
    0xf8, 0x3f, 0xf8, 0x5f, 0xe4, 0x3f, 0xfb, 0x77,
    0xfc, 0x1f, 0xfc, 0x2b, 0xfc, 0x87, 0xff, 0x66,
    0xff, 0x90, 0xff, 0xe1, 0x3f, 0xf9, 0x60, 0xff,
    0xe9, 0xdf, 0xfc, 0x1f, 0xfc, 0x4f, 0xff, 0xe5,
    0x57, 0xff, 0x3, 0xff, 0xf8, 0xb0, 0x7f, 0xf1,
    0x1f, 0xff, 0xf3, 0x7, 0xff, 0x1a, 0xff, 0xff,
    0x20, 0x7f, 0xf2, 0x6f, 0xff, 0xf0, 0x41, 0xff,
    0xcc, 0x5a, 0xbe, 0xff, 0xfe, 0x45, 0x7c, 0xb8,
    0x3f, 0xff, 0xe0,

    /* U+5317 "北" */
    0xf, 0xfe, 0x52, 0xf0, 0x7f, 0xcb, 0xc1, 0xff,
    0xe1, 0xbf, 0x83, 0xfd, 0x7f, 0x7, 0xff, 0x86,
    0xfe, 0xf, 0xf5, 0xfc, 0x1f, 0xfe, 0x1b, 0xf8,
    0x3f, 0xcf, 0xf0, 0x7f, 0xf8, 0x5f, 0xe0, 0xff,
    0x3f, 0xc1, 0xff, 0xe1, 0x7f, 0x83, 0xfc, 0xff,
    0x7, 0xff, 0x85, 0xfe, 0xf, 0xf3, 0xfc, 0x1f,
    0xfe, 0x17, 0xf8, 0x3f, 0xcf, 0xf0, 0x7f, 0xf8,
    0x5f, 0xe0, 0xff, 0x3f, 0xc1, 0xff, 0xe1, 0x7f,
    0x83, 0xfc, 0xff, 0x7, 0xff, 0x85, 0xfe, 0xf,
    0xf3, 0xfc, 0x1f, 0xfe, 0x17, 0xf8, 0x3f, 0xcf,
    0xf0, 0x7f, 0xf8, 0x5f, 0xe0, 0xff, 0x3f, 0xc1,
    0xff, 0xe1, 0x7f, 0x83, 0xfc, 0xff, 0x7, 0xff,
    0x85, 0xfe, 0xf, 0xf3, 0xfc, 0x1f, 0xfe, 0x17,
    0xf8, 0x3f, 0xcf, 0xf0, 0x7f, 0xf0, 0xdf, 0x7,
    0xff, 0x3d, 0xfe, 0xf, 0xf3, 0xfc, 0x1f, 0xfc,
    0x27, 0xe8, 0x3f, 0xf9, 0xcf, 0xf0, 0x7f, 0x9f,
    0xe0, 0xff, 0xe0, 0xdf, 0xc8, 0x7f, 0xf3, 0x5f,
    0xe0, 0xff, 0x3f, 0xc1, 0xff, 0xc0, 0xff, 0xc8,
    0x7f, 0xf3, 0x1f, 0xe0, 0xff, 0x3f, 0xc1, 0xfe,
    0xbf, 0xfc, 0x87, 0x96, 0xf, 0xfe, 0x13, 0xfc,
    0x1f, 0xe7, 0xf8, 0x3f, 0xbf, 0xfe, 0x43, 0xef,
    0xff, 0xe5, 0x87, 0xf9, 0xfe, 0xf, 0xaf, 0xff,
    0x21, 0xfd, 0xff, 0xfc, 0xb0, 0xff, 0x3f, 0xc1,
    0xcf, 0xff, 0x90, 0xff, 0xbf, 0xff, 0x96, 0x1f,
    0xe7, 0xf8, 0x27, 0xff, 0xc8, 0x7f, 0xf0, 0x7f,
    0xff, 0x96, 0x1f, 0xe7, 0xf8, 0x7f, 0xfc, 0x87,
    0xff, 0xf, 0xf5, 0x7f, 0xf0, 0x7f, 0xc1, 0xfe,
    0x7f, 0xff, 0x86, 0x87, 0xff, 0x59, 0xfe, 0xf,
    0xf3, 0xff, 0xfc, 0x14, 0x3f, 0xfb, 0xf, 0xf0,
    0x7f, 0x9f, 0xff, 0x90, 0xff, 0xed, 0x3f, 0xc1,
    0xfe, 0x7f, 0xf9, 0xf, 0xfe, 0xe3, 0xfc, 0x1f,
    0xe7, 0xfd, 0x21, 0xff, 0xde, 0x7f, 0x83, 0xfc,
    0xff, 0x7, 0xff, 0x85, 0xfe, 0xf, 0xf3, 0xfc,
    0x1f, 0xfe, 0x17, 0xf8, 0x3f, 0xcf, 0xf0, 0x7f,
    0xf8, 0x5f, 0xe0, 0xff, 0x3f, 0xc1, 0xff, 0xe1,
    0x7f, 0x83, 0xfc, 0xff, 0x7, 0xff, 0x85, 0xfe,
    0xf, 0xf3, 0xfc, 0x1f, 0xfe, 0x17, 0xf8, 0x3f,
    0xcf, 0xf0, 0x7f, 0xf8, 0x5f, 0xe0, 0xff, 0x3f,
    0xc1, 0xff, 0xe1, 0x7f, 0x83, 0xfc, 0xff, 0x7,
    0xff, 0x85, 0xfe, 0xf, 0xf3, 0xfc, 0x1f, 0xfe,
    0x17, 0xf8, 0x3f, 0xcf, 0xf0, 0x7f, 0xf8, 0x5f,
    0xe0, 0xff, 0x3f, 0xc1, 0xff, 0xe1, 0x7f, 0x83,
    0xfc, 0xff, 0x7, 0xff, 0x85, 0xfe, 0xf, 0xf3,
    0xfc, 0x1f, 0xfe, 0x17, 0xf8, 0x3f, 0xcf, 0xf0,
    0x7f, 0xf8, 0x5f, 0xe0, 0xff, 0x3f, 0xc1, 0xff,
    0xe1, 0xbf, 0x83, 0xfc, 0xff, 0x7, 0xff, 0x7a,
    0xff, 0xc1, 0xfe, 0x7f, 0x83, 0xff, 0xb4, 0xdf,
    0xff, 0x7, 0xf9, 0xfe, 0xf, 0xfe, 0x2c, 0x1f,
    0xfc, 0x36, 0x9f, 0xff, 0xc3, 0xf, 0xf3, 0xfc,
    0x1f, 0xfc, 0x5f, 0x21, 0xfc, 0xdf, 0xff, 0xc8,
    0xf, 0xf3, 0xfc, 0x1f, 0xfc, 0x5f, 0xd2, 0xb,
    0xff, 0xf9, 0xa1, 0xfe, 0x7f, 0x83, 0xff, 0x88,
    0xff, 0xa3, 0xff, 0xf8, 0x92, 0x7, 0xf8, 0x3f,
    0xcf, 0xf0, 0x7f, 0xf1, 0x2f, 0xf0, 0x1f, 0xff,
    0xe0, 0x48, 0x73, 0xfc, 0x1f, 0xe7, 0xf9, 0xf,
    0xfe, 0x1f, 0xfc, 0x15, 0xff, 0x90, 0xfe, 0x7f,
    0x83, 0xfc, 0xff, 0x83, 0xff, 0x84, 0xff, 0x90,
    0xdf, 0xc8, 0x7f, 0xf0, 0x1f, 0xe0, 0xff, 0xbf,
    0xd0, 0x7f, 0xf0, 0x1f, 0xf8, 0x3a, 0xe4, 0x3f,
    0xf8, 0x4f, 0xf0, 0x7f, 0xdf, 0xff, 0xce, 0x43,
    0xff, 0x97, 0x7f, 0x7, 0xfd, 0x7f, 0xff, 0x32,
    0xf, 0xfe, 0x65, 0xfc, 0x1f, 0xfc, 0xf, 0xff,
    0xe6, 0x7, 0xff, 0x36, 0xfe, 0xf, 0xfe, 0xf,
    0xff, 0xf2, 0x83, 0xff, 0x9d, 0x7f, 0x7, 0xff,
    0x9, 0xbf, 0xff, 0x89, 0x21, 0xff, 0xcf, 0xbf,
    0x83, 0xff, 0xe2, 0xbe, 0xf, 0xfe, 0xe0,

    /* U+533B "医" */
    0xf, 0xff, 0xad, 0x7f, 0xfa, 0x3f, 0xf0, 0x6f,
    0xff, 0xf8, 0x6, 0xff, 0xff, 0x80, 0x6f, 0xff,
    0xf8, 0x6, 0xff, 0xff, 0x80, 0x6f, 0xf0, 0x7f,
    0xfb, 0xbf, 0xc1, 0xff, 0xee, 0xff, 0x7, 0xff,
    0xbb, 0xfc, 0x1f, 0xfc, 0x34, 0x3f, 0xfb, 0xdf,
    0xe0, 0xff, 0xe1, 0xfa, 0x43, 0xff, 0xb7, 0xfe,
    0xf, 0xfe, 0x13, 0xfd, 0x21, 0xff, 0xd8, 0xff,
    0x7, 0xff, 0xb, 0xff, 0x21, 0xff, 0xd7, 0xff,
    0x7, 0xff, 0x5, 0xff, 0x90, 0xff, 0xec, 0x7f,
    0x83, 0xff, 0x83, 0xff, 0x41, 0xff, 0xd9, 0xff,
    0x7, 0xff, 0x1, 0xff, 0x83, 0xff, 0xb5, 0xfe,
    0xf, 0xfe, 0x7, 0xfc, 0x1f, 0xfd, 0xbf, 0xf0,
    0x7f, 0xd7, 0xff, 0xf6, 0x3, 0xfd, 0xfe, 0xf,
    0xfb, 0xff, 0xfb, 0x21, 0xfe, 0xff, 0x7, 0xfb,
    0xff, 0xfb, 0x41, 0xfe, 0xff, 0x7, 0xf7, 0xff,
    0xf6, 0xc3, 0xfd, 0xfe, 0xf, 0xd7, 0xfd, 0x5f,
    0xbf, 0xea, 0xfe, 0xff, 0xc1, 0xfe, 0xff, 0x7,
    0xd7, 0xfc, 0x1f, 0xef, 0xf0, 0x7f, 0xf3, 0xff,
    0xc1, 0xeb, 0xfe, 0x43, 0xf9, 0xff, 0x7, 0xff,
    0x3f, 0xfc, 0x1d, 0x7f, 0xd0, 0x7f, 0x9f, 0xf0,
    0x7f, 0xf3, 0xff, 0xc1, 0xcf, 0xfc, 0x1f, 0xf3,
    0xfe, 0xf, 0xfe, 0x7f, 0xf8, 0x3e, 0xbf, 0x7,
    0xff, 0x1, 0xfe, 0x83, 0xff, 0x9f, 0xfe, 0xf,
    0xea, 0x7, 0xff, 0x5, 0xfe, 0x83, 0xff, 0x9f,
    0xfe, 0xf, 0xfe, 0x63, 0xfd, 0x7, 0xff, 0x3f,
    0xfc, 0x1f, 0xfc, 0xcb, 0xfa, 0xf, 0xfe, 0x7f,
    0xf8, 0x3f, 0xf9, 0x97, 0xf4, 0x1f, 0xfc, 0xff,
    0xf0, 0x7f, 0xf3, 0x2f, 0xe4, 0x3f, 0xf9, 0xff,
    0xe0, 0xcf, 0xfe, 0xaf, 0xfb, 0xfe, 0xaf, 0xfe,
    0xf, 0xfd, 0x7, 0xbf, 0xc1, 0x9f, 0xff, 0xf1,
    0x41, 0xef, 0xf0, 0x67, 0xff, 0xfc, 0x50, 0x7b,
    0xfc, 0x19, 0xff, 0xff, 0x14, 0x1e, 0xff, 0x6,
    0x7f, 0xff, 0xc5, 0x7, 0xbf, 0xc1, 0xff, 0xcb,
    0xff, 0x21, 0xff, 0xd0, 0xff, 0x7, 0xff, 0x29,
    0xff, 0x83, 0xff, 0xa1, 0xfe, 0xf, 0xfe, 0x57,
    0xff, 0x90, 0xff, 0xe6, 0xff, 0x83, 0xff, 0x92,
    0xff, 0xff, 0x1, 0xf, 0xfe, 0x5f, 0xf8, 0x3f,
    0xf9, 0x3f, 0xff, 0xc3, 0x43, 0xff, 0x93, 0xfe,
    0xf, 0xfe, 0x47, 0xff, 0xf1, 0x60, 0xff, 0xe4,
    0x7f, 0x83, 0xff, 0x8f, 0x7f, 0xa1, 0xbf, 0xfa,
    0xf, 0xfe, 0x37, 0xf8, 0x3f, 0xf8, 0xdf, 0xf8,
    0x3b, 0xff, 0xc8, 0x7f, 0xf1, 0x3f, 0xc1, 0xff,
    0xc5, 0xff, 0xc1, 0xf3, 0xff, 0xe0, 0xff, 0xe1,
    0xff, 0x83, 0xff, 0x87, 0x7f, 0xe0, 0xff, 0x5f,
    0xfd, 0x7, 0xff, 0x7, 0xfc, 0x1f, 0xfc, 0x1b,
    0xff, 0x83, 0xff, 0x83, 0xff, 0xe4, 0x3f, 0xef,
    0xf0, 0x7f, 0x9b, 0xff, 0xa0, 0xff, 0xe1, 0xdf,
    0xfd, 0x7, 0xfb, 0xfc, 0x1f, 0xaf, 0xff, 0x90,
    0xff, 0xe3, 0x7f, 0xf8, 0x3f, 0xbf, 0xc1, 0x9b,
    0xff, 0xf8, 0x21, 0xff, 0xc9, 0xbf, 0xf9, 0xf,
    0xbf, 0xc1, 0x3f, 0xff, 0xc1, 0x43, 0xff, 0x97,
    0x7f, 0xd0, 0x7e, 0xff, 0x6, 0x7f, 0xfd, 0x7,
    0xff, 0x39, 0xfe, 0x43, 0xfb, 0xfc, 0x1e, 0xff,
    0xa0, 0xff, 0xe8, 0xbf, 0x21, 0xfe, 0xff, 0x7,
    0x9f, 0xe4, 0x3f, 0xfa, 0x6f, 0x7, 0xfd, 0xfe,
    0xf, 0x9f, 0x21, 0xff, 0xe3, 0xff, 0x7, 0xe4,
    0x3f, 0xfc, 0xbf, 0xe0, 0xff, 0xf7, 0x7f, 0x97,
    0xff, 0xd3, 0x50, 0x3f, 0xff, 0xe4, 0x9f, 0xff,
    0xf2, 0x4f, 0xff, 0xf9, 0x27, 0xff, 0xfc, 0x90,
    0xff, 0xfa, 0x0,

    /* U+5341 "十" */
    0xf, 0xfe, 0x95, 0x78, 0x3f, 0xfd, 0xef, 0xf9,
    0xf, 0xff, 0x73, 0xfe, 0x43, 0xff, 0xdf, 0xfe,
    0xf, 0xff, 0x87, 0xf8, 0x3f, 0xfe, 0x1f, 0xe0,
    0xff, 0xf8, 0x7f, 0x83, 0xff, 0xe1, 0xfe, 0xf,
    0xff, 0x87, 0xf8, 0x3f, 0xfe, 0x1f, 0xe0, 0xff,
    0xf8, 0x7f, 0x83, 0xff, 0xe1, 0xfe, 0xf, 0xff,
    0x87, 0xf8, 0x3f, 0xfe, 0x1f, 0xe0, 0xff, 0xf8,
    0x7f, 0x83, 0xff, 0xe1, 0xfe, 0xf, 0xff, 0x87,
    0xf8, 0x3f, 0xfe, 0x1f, 0xe0, 0xff, 0xf8, 0x7f,
    0x83, 0xff, 0xe1, 0xfe, 0xf, 0xff, 0x87, 0xf8,
    0x3f, 0xfe, 0x1f, 0xe0, 0xff, 0xf8, 0x7f, 0x83,
    0xff, 0xe1, 0xfe, 0xf, 0xff, 0x87, 0xf8, 0x3f,
    0xfa, 0x75, 0x2f, 0xff, 0x3b, 0xfc, 0xbf, 0xfc,
    0xfa, 0x2b, 0xff, 0xfe, 0x93, 0xff, 0xff, 0x49,
    0xff, 0xff, 0xa4, 0xff, 0xff, 0xd2, 0x7f, 0xea,
    0xff, 0xe5, 0x7f, 0xab, 0xff, 0x95, 0xff, 0x41,
    0xff, 0xd2, 0xff, 0x7, 0xff, 0xc3, 0xfc, 0x1f,
    0xff, 0xf, 0xf0, 0x7f, 0xfc, 0x3f, 0xc1, 0xff,
    0xf0, 0xff, 0x7, 0xff, 0xc3, 0xfc, 0x1f, 0xff,
    0xf, 0xf0, 0x7f, 0xfc, 0x3f, 0xc1, 0xff, 0xf0,
    0xff, 0x7, 0xff, 0xc3, 0xfc, 0x1f, 0xff, 0xf,
    0xf0, 0x7f, 0xfc, 0x3f, 0xc1, 0xff, 0xf0, 0xff,
    0x7, 0xff, 0xc3, 0xfc, 0x1f, 0xff, 0xf, 0xf0,
    0x7f, 0xfc, 0x3f, 0xc1, 0xff, 0xf0, 0xff, 0x7,
    0xff, 0xc3, 0xfc, 0x1f, 0xff, 0xf, 0xf0, 0x7f,
    0xfc, 0x3f, 0xc1, 0xff, 0xf0, 0xff, 0x7, 0xff,
    0xc3, 0xfc, 0x1f, 0xff, 0xf, 0xf0, 0x7f, 0xfc,
    0x3f, 0xc1, 0xff, 0xf0, 0xff, 0x7, 0xff, 0xc3,
    0xfc, 0x1f, 0xff, 0xf, 0xf0, 0x7f, 0xfc, 0x3f,
    0xc1, 0xff, 0xf0, 0xff, 0x7, 0xff, 0xbd, 0xff,
    0x21, 0xff, 0xee, 0x7f, 0xc8, 0x7f, 0xfb, 0x9f,
    0xf2, 0x1f, 0xfe, 0xfa, 0xf0, 0x7f, 0xf4, 0x80,

    /* U+5347 "升" */
    0xf, 0xfe, 0xa3, 0x7, 0xfa, 0xbc, 0x87, 0xff,
    0x8d, 0xfa, 0xf, 0xef, 0xf2, 0x1f, 0xfe, 0x17,
    0xfc, 0x87, 0xef, 0xf2, 0x1f, 0xfd, 0xf7, 0xff,
    0x90, 0xfb, 0xfc, 0x87, 0xff, 0x71, 0xbf, 0xff,
    0x80, 0x87, 0xaf, 0xe4, 0x3f, 0xfb, 0x57, 0xff,
    0xf1, 0x3, 0xd7, 0xf2, 0x1f, 0xfd, 0x66, 0xff,
    0xfe, 0x2c, 0x87, 0xaf, 0xe4, 0x3f, 0xfa, 0x6f,
    0xff, 0xf1, 0x90, 0xff, 0x5f, 0xc8, 0x7f, 0xf3,
    0x9a, 0x7f, 0xff, 0x1a, 0xf, 0xfe, 0xd, 0xfc,
    0x87, 0xff, 0x29, 0xff, 0xfe, 0x52, 0x1f, 0xfc,
    0x3b, 0xf9, 0xf, 0xfe, 0x5f, 0xff, 0xf2, 0x83,
    0xff, 0x89, 0x7f, 0x21, 0xff, 0xcc, 0xff, 0xfe,
    0xc, 0xff, 0x83, 0xff, 0x89, 0x7f, 0x21, 0xff,
    0xcc, 0x7f, 0xf4, 0x86, 0xff, 0x7, 0xff, 0x12,
    0xfe, 0x43, 0xff, 0x9b, 0x7d, 0x21, 0xfb, 0xfc,
    0x1f, 0xfc, 0x4b, 0xf9, 0xf, 0xfe, 0x74, 0x87,
    0xfd, 0xfe, 0xf, 0xfe, 0x25, 0xfc, 0x87, 0xff,
    0x6f, 0xfc, 0x1f, 0xfc, 0x4b, 0xf9, 0xf, 0xfe,
    0xdf, 0xf8, 0x3f, 0xf8, 0x97, 0xf2, 0x1f, 0xfd,
    0xbf, 0xf0, 0x7f, 0xf1, 0x2f, 0xe4, 0x3f, 0xfb,
    0x7f, 0xe0, 0xff, 0xe2, 0x5f, 0xc8, 0x7f, 0xf6,
    0xff, 0xc1, 0xff, 0xc4, 0xbf, 0x90, 0xff, 0xed,
    0xff, 0x83, 0xff, 0x89, 0x7f, 0x21, 0xff, 0xdb,
    0xff, 0x7, 0xff, 0x12, 0xfe, 0x43, 0xff, 0xb7,
    0xfe, 0xf, 0xfe, 0x25, 0xfc, 0x87, 0xff, 0x6f,
    0xfc, 0x1f, 0xfc, 0x4b, 0xf9, 0xf, 0xfe, 0xdf,
    0xf8, 0x3f, 0xf8, 0x97, 0xf2, 0x1f, 0xfd, 0xbf,
    0xf0, 0x7f, 0xf1, 0x2f, 0xe4, 0x3f, 0xf8, 0xaf,
    0xff, 0xfd, 0x95, 0xff, 0xff, 0x65, 0x7f, 0xff,
    0xd9, 0x5f, 0xff, 0xf6, 0x57, 0xff, 0xfd, 0x91,
    0x41, 0xff, 0xc6, 0xbf, 0xa0, 0xff, 0xe2, 0x5f,
    0xc8, 0x7f, 0xf0, 0x56, 0xf, 0xfe, 0x55, 0xfd,
    0x7, 0xff, 0x12, 0xfe, 0x43, 0xff, 0xb5, 0x7f,
    0x21, 0xff, 0xc4, 0xbf, 0x90, 0xff, 0xed, 0x7f,
    0x90, 0xff, 0xe2, 0x5f, 0xc8, 0x7f, 0xf6, 0xbf,
    0xc1, 0xff, 0xc5, 0xbf, 0x90, 0xff, 0xec, 0xbf,
    0xe0, 0xff, 0xe2, 0xdf, 0xc8, 0x7f, 0xf6, 0x6f,
    0xe8, 0x3f, 0xf8, 0xb7, 0xf2, 0x1f, 0xfd, 0x9f,
    0xf2, 0x1f, 0xfc, 0x5b, 0xf9, 0xf, 0xfe, 0xc3,
    0xfe, 0xf, 0xfe, 0x35, 0xfc, 0x87, 0xff, 0x63,
    0xfd, 0x7, 0xff, 0x1a, 0xfe, 0x43, 0xff, 0xae,
    0xff, 0x90, 0xff, 0xe3, 0x5f, 0xc8, 0x7f, 0xf5,
    0xff, 0xe0, 0xff, 0xe3, 0xdf, 0xc8, 0x7f, 0xf5,
    0xaf, 0xf2, 0x1f, 0xfc, 0x7b, 0xf9, 0xf, 0xfe,
    0xab, 0xff, 0x7, 0xff, 0x22, 0xfe, 0x43, 0xff,
    0xab, 0xff, 0x21, 0xff, 0xc8, 0xbf, 0x90, 0xff,
    0xea, 0x7f, 0xd0, 0x7f, 0xf2, 0x6f, 0xe4, 0x3f,
    0xfa, 0x77, 0xfc, 0x1f, 0xfc, 0xab, 0xf9, 0xf,
    0xfe, 0x93, 0xff, 0x21, 0xff, 0xca, 0xbf, 0x90,
    0xff, 0xe8, 0xbf, 0xf4, 0x1f, 0xfc, 0xbb, 0xf9,
    0xf, 0xfe, 0x83, 0xff, 0x83, 0xff, 0x99, 0x7f,
    0x21, 0xff, 0xcf, 0x7f, 0xf0, 0x7f, 0xf3, 0x6f,
    0xe4, 0x3f, 0xf9, 0xd7, 0xfe, 0xf, 0xfe, 0x75,
    0xfc, 0x87, 0xff, 0x36, 0xff, 0xc8, 0x7f, 0xf3,
    0xaf, 0xe4, 0x3f, 0xf9, 0x9f, 0xfc, 0x87, 0xff,
    0x3e, 0xfe, 0x43, 0xff, 0x94, 0xff, 0xf2, 0x1f,
    0xfd, 0xb, 0xf9, 0xf, 0xfe, 0x4d, 0xff, 0xc8,
    0x7f, 0xf4, 0x6f, 0xe4, 0x3f, 0xf8, 0xef, 0xff,
    0x83, 0xff, 0xa7, 0x7f, 0x21, 0xff, 0xc6, 0xbf,
    0xfc, 0x1f, 0xfd, 0x4f, 0xf2, 0x1f, 0xfc, 0x77,
    0xfe, 0x83, 0xff, 0xab, 0xfe, 0x43, 0xff, 0x93,
    0xfc, 0x87, 0xff, 0x5b, 0xfc, 0x87, 0xff, 0x2b,
    0xe0, 0xff, 0xec, 0x7f, 0x90, 0xff, 0xe5, 0xc1,
    0xff, 0xd9, 0xff, 0x21, 0xff, 0xf1, 0x5f, 0x7,
    0xff, 0x18,

    /* U+5348 "午" */
    0xf, 0xfe, 0x34, 0x87, 0xff, 0xcb, 0xe8, 0x3f,
    0xfd, 0xf7, 0xf9, 0xf, 0xff, 0x67, 0xfc, 0x1f,
    0xfe, 0xdf, 0xf0, 0x7f, 0xfb, 0x6f, 0xe8, 0x3f,
    0xfd, 0xbf, 0xe0, 0xff, 0xf6, 0xbf, 0xc8, 0x7f,
    0xfb, 0x7f, 0xc1, 0xff, 0xed, 0x7f, 0x90, 0xff,
    0xf6, 0xff, 0x83, 0xff, 0xda, 0xff, 0x21, 0xff,
    0xed, 0xff, 0x57, 0xff, 0x67, 0xd0, 0x7f, 0xf1,
    0x5f, 0xff, 0xf0, 0xc1, 0xff, 0xc5, 0xff, 0xff,
    0x14, 0x1f, 0xfc, 0x4b, 0xff, 0xfc, 0x50, 0x7f,
    0xf1, 0x3f, 0xff, 0xc7, 0x7, 0xff, 0xf, 0xfc,
    0x87, 0xff, 0xa, 0xfe, 0xf, 0xfe, 0xc5, 0xfd,
    0x7, 0xff, 0xd, 0xfe, 0xf, 0xfe, 0xc7, 0xf8,
    0x3f, 0xf8, 0x8f, 0xf0, 0x7f, 0xf5, 0xff, 0xc8,
    0x7f, 0xf1, 0x1f, 0xe0, 0xff, 0xeb, 0x5f, 0xe0,
    0xff, 0xe2, 0xbf, 0xc1, 0xff, 0xd5, 0x7f, 0xc1,
    0xff, 0xc6, 0x7f, 0x83, 0xff, 0xa8, 0xff, 0xa0,
    0xff, 0xe3, 0x3f, 0xc1, 0xff, 0xd4, 0xff, 0x83,
    0xff, 0x8e, 0xff, 0x7, 0xff, 0x4f, 0xfe, 0xf,
    0xfe, 0x43, 0xfc, 0x1f, 0xfd, 0x2f, 0xfa, 0xf,
    0xfe, 0x43, 0xfc, 0x1f, 0xfd, 0x26, 0xfe, 0xf,
    0xfe, 0x4b, 0xfc, 0x1f, 0xfd, 0x5b, 0xc1, 0xff,
    0xca, 0x7f, 0x83, 0xff, 0xac, 0xa0, 0xff, 0xe5,
    0x3f, 0xc1, 0xff, 0xee, 0x7f, 0x83, 0xff, 0xdc,
    0xff, 0x7, 0xff, 0xb9, 0xfe, 0xf, 0xff, 0x73,
    0xfc, 0x1f, 0xfe, 0xe7, 0xf8, 0x3f, 0xfa, 0xb,
    0x7, 0xff, 0x3d, 0xfe, 0xf, 0xfe, 0x52, 0xd4,
    0x3f, 0xff, 0xe6, 0x7f, 0xff, 0xcc, 0xff, 0xff,
    0x99, 0xff, 0xff, 0x33, 0xf5, 0x7f, 0xf3, 0xbf,
    0xd5, 0xff, 0xcf, 0xf, 0xfe, 0x9b, 0xfc, 0x1f,
    0xfe, 0xe7, 0xf8, 0x3f, 0xfd, 0xcf, 0xf0, 0x7f,
    0xfb, 0x9f, 0xe0, 0xff, 0xf7, 0x3f, 0xc1, 0xff,
    0xee, 0x7f, 0x83, 0xff, 0xdc, 0xff, 0x7, 0xff,
    0xb9, 0xfe, 0xf, 0xff, 0x73, 0xfc, 0x1f, 0xfe,
    0xe7, 0xf8, 0x3f, 0xfd, 0xcf, 0xf0, 0x7f, 0xfb,
    0x9f, 0xe0, 0xff, 0xf7, 0x3f, 0xc1, 0xff, 0xee,
    0x7f, 0x83, 0xff, 0xdc, 0xff, 0x7, 0xff, 0xb9,
    0xfe, 0xf, 0xff, 0x73, 0xfc, 0x1f, 0xfe, 0xeb,
    0xf8, 0x3f, 0xfd, 0xd7, 0xf0, 0x7f, 0xfb, 0xaf,
    0xe0, 0xff, 0xf7, 0x5f, 0xc1, 0xff, 0xee, 0xbf,
    0x83, 0xff, 0xdd, 0xfe, 0xf, 0xff, 0x77, 0xf8,
    0x3f, 0xfd, 0xcb, 0xe0, 0xff, 0xe7, 0x80,

    /* U+5357 "南" */
    0xf, 0xff, 0xf8, 0x7f, 0xf1, 0x9f, 0xa8, 0x87,
    0xff, 0xb5, 0xff, 0x7, 0xff, 0xb5, 0xfe, 0x83,
    0xff, 0xda, 0xff, 0x21, 0xff, 0xed, 0xbf, 0x83,
    0xff, 0xdd, 0x7f, 0x7, 0xff, 0xbb, 0xfc, 0x1f,
    0xfd, 0x25, 0xc1, 0xff, 0xcc, 0xfe, 0x83, 0xff,
    0xa5, 0xff, 0xff, 0x33, 0xff, 0xfe, 0x67, 0xff,
    0xfc, 0xcf, 0xff, 0xf9, 0x9d, 0x72, 0xff, 0xf2,
    0x7f, 0xcb, 0xff, 0xd2, 0xf, 0xfe, 0x87, 0xf4,
    0x1f, 0xfe, 0xef, 0xe8, 0x3f, 0xfd, 0xdf, 0xc8,
    0x7f, 0xfb, 0x5f, 0xe0, 0xff, 0xf7, 0x5f, 0xc1,
    0xff, 0xee, 0xff, 0x7, 0xff, 0xbb, 0xfa, 0xf,
    0xfe, 0xab, 0xff, 0xfe, 0xe0, 0xe7, 0xff, 0xfd,
    0xc1, 0xcf, 0xff, 0xfb, 0x83, 0xdf, 0xff, 0xee,
    0xf, 0x7f, 0x97, 0xff, 0xc5, 0xfe, 0xf, 0x7f,
    0x41, 0xff, 0xe2, 0xfe, 0x83, 0xdf, 0xd0, 0x7f,
    0xf0, 0x2c, 0x3f, 0xf8, 0x8a, 0xf, 0xfe, 0x17,
    0xf4, 0x1e, 0xfe, 0x83, 0xfe, 0xfa, 0xf, 0xfe,
    0x1f, 0xc8, 0x7f, 0xf0, 0x3f, 0xa0, 0xf7, 0xf4,
    0x1f, 0xcf, 0xf4, 0x1f, 0xfc, 0x1b, 0xf9, 0xf,
    0xf7, 0xf4, 0x1e, 0xfe, 0x83, 0xfd, 0xfe, 0x43,
    0xff, 0x81, 0xff, 0x21, 0xfd, 0xfd, 0x7, 0xbf,
    0xa0, 0xff, 0xbf, 0xc1, 0xff, 0x5f, 0xe0, 0xff,
    0xbf, 0xa0, 0xf7, 0xf4, 0x1f, 0xf3, 0xfe, 0xf,
    0xf7, 0xf8, 0x3f, 0xf8, 0x1f, 0xd0, 0x7b, 0xfa,
    0xf, 0xfe, 0x5, 0xfd, 0x7, 0xeb, 0xf9, 0xf,
    0xfe, 0x7, 0xf4, 0x1e, 0xfe, 0x83, 0xff, 0x83,
    0xfc, 0x87, 0xef, 0xf0, 0x7f, 0xf0, 0x7f, 0xa0,
    0xf7, 0xf4, 0x1f, 0xfc, 0x17, 0xd0, 0x7f, 0x5f,
    0xc8, 0x7f, 0xf0, 0x7f, 0xa0, 0xf7, 0xf4, 0x1f,
    0xfc, 0x29, 0xf, 0xe7, 0xfa, 0xf, 0xfe, 0x17,
    0xf4, 0x1e, 0xfe, 0x83, 0x97, 0x7, 0xff, 0x13,
    0xfc, 0x1f, 0xfc, 0x3f, 0xe8, 0x3d, 0xfd, 0x7,
    0x5f, 0xff, 0xd6, 0x83, 0xbf, 0xa0, 0xf7, 0xf4,
    0x1d, 0x7f, 0xff, 0x5a, 0xe, 0xfe, 0x83, 0xdf,
    0xd0, 0x75, 0xff, 0xfd, 0x68, 0x3b, 0xfa, 0xf,
    0x7f, 0x41, 0xd7, 0xff, 0xf5, 0xa0, 0xef, 0xe8,
    0x3d, 0xfd, 0x7, 0x2f, 0x7, 0xfb, 0xfc, 0x1f,
    0xf2, 0xe0, 0xef, 0xe8, 0x3d, 0xfd, 0x7, 0xff,
    0x23, 0xfc, 0x1f, 0xfc, 0x8f, 0xe8, 0x3d, 0xfd,
    0x7, 0xff, 0x23, 0xfc, 0x1f, 0xfc, 0x8f, 0xe8,
    0x3d, 0xfd, 0x7, 0xff, 0x23, 0xfc, 0x1f, 0xfc,
    0x8f, 0xe8, 0x3d, 0xfd, 0x7, 0xff, 0x23, 0xfc,
    0x1f, 0xfc, 0x8f, 0xe8, 0x3d, 0xfd, 0x5, 0xf5,
    0x65, 0xff, 0x7f, 0x97, 0xff, 0x81, 0x59, 0xb,
    0xfa, 0xf, 0x7f, 0x41, 0x7f, 0xff, 0x6e, 0xb,
    0xfa, 0xf, 0x7f, 0x41, 0x7f, 0xff, 0x6e, 0xb,
    0xfa, 0xf, 0x7f, 0x41, 0x7f, 0xff, 0x6e, 0xb,
    0xfa, 0xf, 0x7f, 0x41, 0x7f, 0xff, 0x6e, 0xb,
    0xfa, 0xf, 0x7f, 0x41, 0x21, 0xff, 0xc4, 0xff,
    0x7, 0xff, 0x23, 0xfa, 0xf, 0x7f, 0x41, 0xff,
    0xc8, 0xff, 0x7, 0xff, 0x23, 0xfa, 0xf, 0x7f,
    0x41, 0xff, 0xc8, 0xff, 0x7, 0xff, 0x23, 0xfa,
    0xf, 0x7f, 0x41, 0xff, 0xc8, 0xff, 0x7, 0xff,
    0x23, 0xfa, 0xf, 0x7f, 0x41, 0xff, 0xc8, 0xff,
    0x7, 0xff, 0x23, 0xfa, 0xf, 0x7f, 0x41, 0xff,
    0xc8, 0xff, 0x7, 0xff, 0x23, 0xfa, 0xf, 0x7f,
    0x41, 0xff, 0xc8, 0xff, 0x7, 0xff, 0x23, 0xfa,
    0xf, 0x7f, 0x41, 0xff, 0xc8, 0xff, 0x7, 0xff,
    0x23, 0xfa, 0xf, 0x7f, 0x41, 0xff, 0xc8, 0xff,
    0x7, 0xff, 0x1e, 0xfe, 0x83, 0xdf, 0xd0, 0x7f,
    0xf2, 0x3f, 0xc1, 0xff, 0xc0, 0x7f, 0xff, 0x80,
    0x87, 0xbf, 0xa0, 0xff, 0xe4, 0x7f, 0x83, 0xff,
    0x83, 0xff, 0xfc, 0x0, 0xfb, 0xfa, 0xf, 0xfe,
    0x47, 0xf8, 0x3f, 0xf8, 0x2f, 0xff, 0xa0, 0xf3,
    0xfd, 0x7, 0xff, 0x73, 0xff, 0xc1, 0xf3, 0xfd,
    0x7, 0xff, 0x71, 0xff, 0x48, 0x7e, 0x6b, 0x90,
    0xff, 0xee, 0xf2, 0x1f, 0xf0,

    /* U+536B "卫" */
    0xf, 0xff, 0xeb, 0xff, 0xfe, 0x80, 0xff, 0xe1,
    0x3f, 0xff, 0xe8, 0xf, 0xfe, 0x13, 0xff, 0xfe,
    0x80, 0xff, 0xe1, 0x3f, 0xff, 0xe7, 0x83, 0xff,
    0x84, 0xff, 0xff, 0x9e, 0xf, 0xfe, 0x13, 0x59,
    0x7f, 0xf8, 0x7f, 0xe5, 0xff, 0xe4, 0x5f, 0xd0,
    0x7f, 0xf5, 0xbf, 0xc1, 0xff, 0xc8, 0xbf, 0xa0,
    0xff, 0xeb, 0x7f, 0x83, 0xff, 0x91, 0x7f, 0x41,
    0xff, 0xd6, 0xff, 0x7, 0xff, 0x22, 0xfe, 0x83,
    0xff, 0xad, 0xfe, 0xf, 0xfe, 0x45, 0xfd, 0x7,
    0xff, 0x5b, 0xfc, 0x1f, 0xfc, 0x8b, 0xfa, 0xf,
    0xfe, 0xb7, 0xf8, 0x3f, 0xf9, 0x17, 0xf4, 0x1f,
    0xfd, 0x6f, 0xf0, 0x7f, 0xf2, 0x2f, 0xe8, 0x3f,
    0xfa, 0xdf, 0xe0, 0xff, 0xe4, 0x5f, 0xd0, 0x7f,
    0xf5, 0xbf, 0xc1, 0xff, 0xc8, 0xbf, 0x90, 0xff,
    0xeb, 0x7f, 0x83, 0xff, 0x91, 0x7f, 0x21, 0xff,
    0xd6, 0xff, 0x7, 0xff, 0x22, 0xfe, 0x43, 0xff,
    0xad, 0xfe, 0xf, 0xfe, 0x45, 0xfc, 0x87, 0xff,
    0x5b, 0xfc, 0x1f, 0xfc, 0x8b, 0xf9, 0xf, 0xfe,
    0xb7, 0xf8, 0x3f, 0xf9, 0x1f, 0xe4, 0x3f, 0xfa,
    0xdf, 0xe0, 0xff, 0xe4, 0x7f, 0x90, 0xff, 0xeb,
    0x7f, 0x83, 0xff, 0x91, 0xfe, 0x43, 0xff, 0xad,
    0xfe, 0xf, 0xfe, 0x47, 0xf9, 0xf, 0xfe, 0xb7,
    0xf8, 0x3f, 0xf9, 0x1f, 0xe0, 0xff, 0xeb, 0xff,
    0x83, 0xff, 0x91, 0xfe, 0xf, 0xfe, 0xbf, 0xf8,
    0x3f, 0xf9, 0x1f, 0xe0, 0xff, 0xeb, 0xff, 0x83,
    0xff, 0x91, 0xfe, 0xf, 0xfe, 0xbf, 0xf8, 0x3f,
    0xf9, 0x1f, 0xe0, 0xff, 0xeb, 0xff, 0x83, 0xff,
    0x91, 0xfe, 0xf, 0xfe, 0xbf, 0xf8, 0x3f, 0xf9,
    0x1f, 0xe0, 0xff, 0xeb, 0xff, 0x83, 0xff, 0x91,
    0xfe, 0xf, 0xfe, 0xbf, 0xf8, 0x3f, 0xf8, 0xef,
    0xf8, 0x3f, 0xfa, 0xff, 0xe0, 0xff, 0xe3, 0xff,
    0xa0, 0xff, 0xeb, 0xff, 0x83, 0xf9, 0xaf, 0xdf,
    0xf2, 0x1f, 0xfd, 0x7f, 0xf0, 0x7f, 0x3f, 0xff,
    0xc3, 0xf, 0xfe, 0xc7, 0xf8, 0x3f, 0xdf, 0xff,
    0xc3, 0xf, 0xfe, 0xc7, 0xf8, 0x3f, 0xd7, 0xff,
    0xf0, 0x43, 0xff, 0xb3, 0xfe, 0xf, 0xfb, 0xff,
    0xf8, 0x8, 0x7f, 0xf6, 0x7f, 0xc1, 0xff, 0x7f,
    0xfa, 0xf, 0xfe, 0xdf, 0xf8, 0x3f, 0xeb, 0xa9,
    0x41, 0xff, 0xdf, 0xff, 0x7, 0xff, 0xc7, 0xfc,
    0x1f, 0xff, 0x1f, 0xf0, 0x7f, 0xfc, 0x7f, 0xc1,
    0xff, 0xf1, 0xff, 0x7, 0xff, 0xc7, 0xfc, 0x1f,
    0xff, 0x1f, 0xf0, 0x7f, 0xfc, 0x7f, 0xc1, 0xff,
    0xf1, 0xff, 0x7, 0xff, 0xc7, 0xfc, 0x1f, 0xff,
    0x1f, 0xf0, 0x7f, 0xf6, 0x3f, 0xff, 0xea, 0xf,
    0xff, 0xfa, 0x83, 0xff, 0xfe, 0xa0, 0xff, 0xff,
    0xa8, 0x3f, 0xff, 0xea, 0xf, 0xff, 0xfa, 0x81,
    0xf, 0xff, 0xa8,

    /* U+5382 "厂" */
    0xf, 0xff, 0x82, 0xe9, 0xf, 0xcf, 0xff, 0xfb,
    0x20, 0xfe, 0xff, 0xff, 0x64, 0x1f, 0xdf, 0xff,
    0xec, 0x83, 0xfb, 0xff, 0xfd, 0x90, 0x7f, 0x7f,
    0xff, 0xb2, 0xf, 0xef, 0xf2, 0x1f, 0xfe, 0x15,
    0xe0, 0xfe, 0xff, 0x7, 0xff, 0xc3, 0xfc, 0x1f,
    0xff, 0xb, 0xf8, 0x3f, 0xfe, 0x17, 0xf0, 0x7f,
    0xfc, 0x2f, 0xe0, 0xff, 0xf8, 0x5f, 0xc1, 0xff,
    0xf0, 0xbf, 0x83, 0xff, 0xe1, 0x7f, 0x7, 0xff,
    0xc2, 0xfe, 0x43, 0xff, 0xde, 0xff, 0x21, 0xff,
    0xef, 0x7f, 0x90, 0xff, 0xf7, 0xbf, 0xc8, 0x7f,
    0xfb, 0xdf, 0xe4, 0x3f, 0xfd, 0xef, 0xf2, 0x1f,
    0xfe, 0xf7, 0xf9, 0xf, 0xff, 0x7b, 0xfc, 0x87,
    0xff, 0xbd, 0xfe, 0x43, 0xff, 0xde, 0xff, 0x21,
    0xff, 0xef, 0x7f, 0x90, 0xff, 0xf7, 0xbf, 0xc8,
    0x7f, 0xfb, 0xdf, 0xe4, 0x3f, 0xfd, 0xef, 0xf2,
    0x1f, 0xfe, 0xf7, 0xf9, 0xf, 0xff, 0x7b, 0xfc,
    0x87, 0xff, 0xbe, 0xfe, 0xf, 0xff, 0x85, 0xfc,
    0x1f, 0xff, 0xb, 0xf8, 0x3f, 0xfe, 0x1f, 0xe0,
    0xff, 0xf8, 0x7f, 0x83, 0xff, 0xe1, 0xfe, 0xf,
    0xff, 0x87, 0xf4, 0x1f, 0xfe, 0xf7, 0xfa, 0xf,
    0xff, 0x7d, 0xfc, 0x87, 0xff, 0xbf, 0xfc, 0x87,
    0xff, 0xbf, 0xfc, 0x1f, 0xfe, 0xf7, 0xfc, 0x1f,
    0xfe, 0xfb, 0xfa, 0xf, 0xff, 0x7f, 0xfa, 0xf,
    0xff, 0x7f, 0xf9, 0xf, 0xff, 0x73, 0xfe, 0xf,
    0xff, 0x7f, 0xfa, 0xf, 0xff, 0x7f, 0xf9, 0xf,
    0xff, 0x75, 0xfe, 0xf, 0xff, 0x7f, 0xfc, 0x1f,
    0xfe, 0xeb, 0xfc, 0x87, 0xff, 0xbb, 0xfe, 0xf,
    0xff, 0x75, 0xfe, 0x83, 0xff, 0xdd, 0xff, 0x21,
    0xff, 0xed, 0xbf, 0xe0, 0xff, 0xf6, 0xbf, 0xf4,
    0x1f, 0xfe, 0xdf, 0xfc, 0x1f, 0xfe, 0xd7, 0xfe,
    0x83, 0xff, 0xde, 0xff, 0x7, 0xff, 0xc9, 0xf4,
    0x1f, 0xff, 0x44, 0x3f, 0xfd, 0xe0,

    /* U+539F "原" */
    0xf, 0xff, 0x8a, 0x1f, 0xeb, 0xff, 0xfd, 0x28,
    0x7f, 0x5f, 0xff, 0xe9, 0x43, 0xfa, 0xff, 0xff,
    0x4a, 0x1f, 0xcf, 0xff, 0xfa, 0x50, 0xfe, 0x7f,
    0xa5, 0xff, 0xef, 0xd6, 0xf, 0xf3, 0xfc, 0x1f,
    0xfc, 0x89, 0xf, 0xfe, 0xc3, 0xfc, 0x1f, 0xfc,
    0x8f, 0xd2, 0x1f, 0xfd, 0x47, 0xf8, 0x3f, 0xf9,
    0x1f, 0xe0, 0xff, 0xea, 0x3f, 0xc1, 0xff, 0xc7,
    0x7f, 0x90, 0xff, 0xea, 0x3f, 0xc1, 0xff, 0xc7,
    0xbf, 0x83, 0xff, 0xaa, 0xff, 0x7, 0xff, 0x1f,
    0xf9, 0xf, 0xfe, 0xab, 0xfc, 0x1f, 0xfc, 0x7f,
    0xe0, 0xff, 0xeb, 0x3f, 0xc1, 0xff, 0xc6, 0x7f,
    0x41, 0xff, 0xd6, 0x7f, 0x83, 0xef, 0xff, 0xec,
    0xa1, 0xff, 0xc1, 0x7f, 0x83, 0xef, 0xff, 0xec,
    0x87, 0xff, 0x9, 0xfe, 0xf, 0xbf, 0xff, 0xb2,
    0x1f, 0xfc, 0x27, 0xf8, 0x3e, 0xff, 0xfe, 0xc8,
    0x7f, 0xf0, 0x9f, 0xe0, 0xfb, 0xfa, 0x5f, 0xfe,
    0x6d, 0xfc, 0x1f, 0xfc, 0x27, 0xf8, 0x3e, 0xfe,
    0x43, 0xff, 0x9b, 0x7f, 0x7, 0xff, 0x9, 0xfe,
    0xf, 0xbf, 0x90, 0xff, 0xe6, 0xdf, 0xc1, 0xff,
    0xc2, 0x7f, 0x83, 0xef, 0xe4, 0x3f, 0xf9, 0xb7,
    0xf0, 0x7f, 0xf0, 0x9f, 0xe0, 0xfb, 0xf9, 0xf,
    0xfe, 0x6d, 0xfc, 0x1f, 0xfc, 0x27, 0xf8, 0x3e,
    0xfe, 0x43, 0xff, 0x9b, 0x7f, 0x7, 0xff, 0x9,
    0xfe, 0xf, 0xbf, 0xa0, 0xff, 0xe6, 0xdf, 0xc1,
    0xff, 0xc2, 0x7f, 0x83, 0xef, 0xff, 0xec, 0x87,
    0xff, 0x9, 0xfe, 0xf, 0xbf, 0xff, 0xb2, 0x1f,
    0xfc, 0x27, 0xf8, 0x3e, 0xff, 0xfe, 0xc8, 0x7f,
    0xf0, 0x9f, 0xe0, 0xfb, 0xff, 0xfb, 0x21, 0xff,
    0xc2, 0x7f, 0x83, 0xef, 0xe4, 0x3f, 0xf9, 0xb7,
    0xf0, 0x7f, 0xf0, 0x9f, 0xe0, 0xfb, 0xf9, 0xf,
    0xfe, 0x6d, 0xfc, 0x1f, 0xfc, 0x27, 0xf8, 0x3e,
    0xfe, 0x43, 0xff, 0x9b, 0x7f, 0x7, 0xff, 0xa,
    0xfe, 0xf, 0xbf, 0x90, 0xff, 0xe6, 0xdf, 0xc1,
    0xff, 0xc2, 0xbf, 0x83, 0xef, 0xe4, 0x3f, 0xf9,
    0xb7, 0xf0, 0x7f, 0xf0, 0xaf, 0xe0, 0xfb, 0xf9,
    0xf, 0xfe, 0x6d, 0xfc, 0x1f, 0xfc, 0x2b, 0xf8,
    0x3e, 0xff, 0xfe, 0xc8, 0x7f, 0xf0, 0xbf, 0xc1,
    0xf7, 0xff, 0xf6, 0x43, 0xff, 0x85, 0xfd, 0x7,
    0xdf, 0xff, 0xd9, 0x43, 0xff, 0x83, 0xfd, 0x7,
    0xdf, 0xff, 0xd9, 0x43, 0xff, 0x80, 0xff, 0x21,
    0xf2, 0xff, 0xf1, 0x3f, 0xcb, 0xff, 0xc3, 0xf,
    0xfe, 0xb, 0xfc, 0x87, 0xff, 0x2f, 0xfa, 0xf,
    0xfe, 0x85, 0xfc, 0x1f, 0xfc, 0xcf, 0xe8, 0x3f,
    0xfa, 0x1f, 0xe0, 0xff, 0xe6, 0x7f, 0x41, 0xff,
    0xd0, 0xff, 0x7, 0xff, 0x33, 0xfa, 0xf, 0xfe,
    0x87, 0xf8, 0x3f, 0xf8, 0x14, 0xf, 0xf7, 0xf4,
    0x1f, 0xb0, 0xff, 0xe3, 0x3f, 0xd0, 0x7f, 0xcf,
    0xa0, 0xfe, 0xfe, 0x83, 0xef, 0x83, 0xff, 0x8b,
    0x7f, 0x21, 0xff, 0x7f, 0x7, 0xef, 0xe8, 0x3d,
    0xfc, 0x1f, 0xfc, 0x4f, 0xf0, 0x7f, 0xd7, 0xf8,
    0x3e, 0xfe, 0x83, 0xbf, 0xe4, 0x3f, 0xf8, 0x5f,
    0xe0, 0xff, 0x3f, 0xe8, 0x3e, 0xfe, 0x83, 0xaf,
    0xf9, 0xf, 0xfe, 0x5, 0xfd, 0x7, 0xf3, 0xff,
    0x7, 0xef, 0xe8, 0x3c, 0xff, 0xc8, 0x7f, 0xdf,
    0xe4, 0x3f, 0xbf, 0xe0, 0xfe, 0xfe, 0x83, 0xe7,
    0xfe, 0x83, 0xf9, 0xff, 0x7, 0xf7, 0xfc, 0x1f,
    0xef, 0xe8, 0x3f, 0x3f, 0xf4, 0x1f, 0xaf, 0xe8,
    0x3f, 0x7f, 0xc1, 0xff, 0x7f, 0x41, 0xfe, 0xff,
    0xa0, 0xfb, 0xfc, 0x87, 0x9f, 0xf8, 0x3f, 0xf8,
    0x1f, 0xd0, 0x7f, 0xdf, 0xf4, 0x1d, 0x7f, 0x83,
    0xcf, 0xfc, 0x87, 0xff, 0x3, 0xfa, 0xf, 0xfe,
    0x7, 0xfd, 0x6, 0xff, 0x21, 0xd7, 0xfc, 0x87,
    0xff, 0x7, 0xfa, 0xf, 0xfe, 0xf, 0xfc, 0x82,
    0xff, 0x7, 0x7f, 0xe4, 0x3e, 0x5f, 0x7f, 0xa0,
    0xff, 0xe1, 0x7f, 0x80, 0xff, 0xa0, 0xe7, 0xfc,
    0x1f, 0xdf, 0xff, 0xc0, 0x83, 0xff, 0x87, 0xf8,
    0x2f, 0xf8, 0x3e, 0x7f, 0x7, 0xf9, 0xff, 0xf9,
    0xf, 0xfe, 0x1b, 0xe0, 0xaf, 0xf4, 0x1f, 0x9f,
    0x7, 0xff, 0x3, 0xff, 0xe0, 0xff, 0xe2, 0xa1,
    0xeb, 0xf0, 0x7f, 0x90, 0xff, 0xe0, 0xff, 0xf9,
    0xf, 0xfe, 0x75, 0xc1, 0xff, 0xcc, 0xbf, 0xe9,
    0xf, 0xff, 0x53, 0xf4, 0x87, 0xff, 0xfc, 0x3f,
    0xf8, 0x80,

    /* U+53BB "去" */
    0xf, 0xfe, 0x9a, 0xfc, 0x1f, 0xff, 0x1f, 0xf4,
    0x1f, 0xff, 0x1f, 0xf2, 0x1f, 0xff, 0x1f, 0xf2,
    0x1f, 0xff, 0x1f, 0xf2, 0x1f, 0xff, 0x1f, 0xf2,
    0x1f, 0xff, 0x1f, 0xf0, 0x7f, 0xfc, 0xbf, 0xc1,
    0xff, 0xf2, 0xff, 0x7, 0xff, 0xcb, 0xfc, 0x1f,
    0xff, 0x2f, 0xf0, 0x7f, 0xfc, 0xbf, 0xc1, 0xff,
    0xf2, 0xff, 0x7, 0xff, 0xcb, 0xfc, 0x1f, 0xfd,
    0xcf, 0xea, 0xff, 0xe2, 0xff, 0xab, 0xff, 0x89,
    0xfe, 0xf, 0xfe, 0x2b, 0xff, 0xfe, 0x60, 0xff,
    0xe2, 0xbf, 0xff, 0xe6, 0xf, 0xfe, 0x2b, 0xff,
    0xfe, 0x60, 0xff, 0xe2, 0xbf, 0xff, 0xe6, 0xf,
    0xfe, 0xe7, 0xf8, 0x3f, 0xfe, 0x5f, 0xe0, 0xff,
    0xf9, 0x7f, 0x83, 0xff, 0xe5, 0xfe, 0xf, 0xff,
    0x97, 0xf8, 0x3f, 0xfe, 0x5f, 0xe0, 0xff, 0xf9,
    0x7f, 0x83, 0xff, 0xe5, 0xfe, 0xf, 0xff, 0x97,
    0xf8, 0x3f, 0xfe, 0x5f, 0xe0, 0xff, 0xf9, 0x7f,
    0x83, 0xff, 0xe5, 0xfe, 0xf, 0xff, 0x97, 0xf8,
    0x3f, 0xfa, 0x6f, 0xff, 0x57, 0xff, 0x27, 0xfe,
    0xaf, 0xfe, 0x37, 0xff, 0xca, 0xff, 0xff, 0xb2,
    0xbf, 0xff, 0xec, 0xaf, 0xff, 0xfb, 0x2b, 0xff,
    0xfe, 0xc8, 0x7f, 0xf3, 0xdf, 0x41, 0xff, 0xf4,
    0xfe, 0x43, 0xff, 0xe2, 0xff, 0xa0, 0xff, 0xf8,
    0x7f, 0xf0, 0x7f, 0xfb, 0x9f, 0xfc, 0x1f, 0xfe,
    0xff, 0xfc, 0x1f, 0xfe, 0xfb, 0xfe, 0xf, 0xfe,
    0x7, 0x83, 0xff, 0xc2, 0xff, 0xc1, 0xff, 0x5f,
    0x41, 0xff, 0xe0, 0xff, 0x83, 0xfc, 0xff, 0xa0,
    0xff, 0xef, 0x7f, 0xc1, 0xff, 0x5f, 0xf2, 0x1f,
    0xfd, 0xcb, 0xfc, 0x87, 0xff, 0x2, 0xff, 0x90,
    0xff, 0xed, 0x3f, 0xe4, 0x3f, 0xf8, 0x57, 0xfc,
    0x87, 0xff, 0x61, 0xff, 0x41, 0xff, 0xc4, 0xbf,
    0xe0, 0xff, 0xeb, 0xbf, 0xe8, 0x3f, 0xf8, 0xdf,
    0xf8, 0x3f, 0xfa, 0xaf, 0xfc, 0x1f, 0xfc, 0x8f,
    0xfc, 0x1f, 0xfd, 0x37, 0xfe, 0xf, 0xfe, 0x57,
    0xfd, 0x7, 0xff, 0x45, 0xff, 0x83, 0xff, 0x99,
    0xff, 0x41, 0xff, 0xcf, 0x7f, 0xe0, 0xff, 0xe6,
    0xbf, 0xf4, 0x1f, 0xfc, 0xd7, 0xfe, 0xf, 0xfe,
    0x62, 0xaf, 0xfc, 0x87, 0xff, 0x2e, 0xff, 0x83,
    0xff, 0x8a, 0xaa, 0x7f, 0xff, 0x11, 0xf, 0xfe,
    0x43, 0xff, 0x83, 0xf2, 0xd4, 0xff, 0xfe, 0x72,
    0x1f, 0xfc, 0x6b, 0xff, 0x2a, 0x9f, 0xff, 0xd9,
    0xf, 0xfe, 0x2f, 0xff, 0xf6, 0xe8, 0xab, 0xff,
    0x7, 0xff, 0x11, 0xff, 0xfe, 0x8d, 0x14, 0x1f,
    0xeb, 0xff, 0x7, 0xff, 0x13, 0xff, 0xf9, 0x34,
    0x50, 0x7f, 0xf1, 0xff, 0xf8, 0x3f, 0xf8, 0x6f,
    0xff, 0xf0, 0x68, 0x87, 0xff, 0x43, 0xfe, 0x83,
    0xff, 0x89, 0xff, 0xa5, 0x7, 0xff, 0x55, 0xfd,
    0x7, 0xff, 0x1a, 0xfa, 0x43, 0xff, 0xb7, 0x79,
    0xf, 0xfe, 0x44, 0x1f, 0xfe, 0x8, 0x3f, 0xe0,

    /* U+53C2 "参" */
    0xf, 0xff, 0xf8, 0x7f, 0xf2, 0xbc, 0x1f, 0xff,
    0x5b, 0xe4, 0x3f, 0xfe, 0x4f, 0xf4, 0x1f, 0xff,
    0x1f, 0xfc, 0x1f, 0xfe, 0xff, 0xfc, 0x1f, 0xfe,
    0xff, 0xfa, 0xf, 0xd7, 0x7, 0xff, 0x93, 0xfe,
    0x43, 0xf5, 0xf8, 0x3f, 0xfc, 0x5f, 0xf0, 0x7f,
    0x5f, 0xe4, 0x3f, 0xfb, 0xff, 0xf0, 0x7f, 0xbf,
    0xf4, 0x1f, 0xfd, 0xdf, 0xf8, 0x3f, 0xf8, 0x17,
    0xfe, 0xf, 0xfe, 0xd3, 0xfe, 0x83, 0xff, 0x84,
    0xff, 0xe4, 0x3f, 0xfa, 0xf7, 0xfa, 0xf, 0xfe,
    0x2f, 0xfe, 0x83, 0xff, 0xab, 0xff, 0x21, 0xff,
    0xc7, 0xff, 0xe0, 0xff, 0xe9, 0x5f, 0xf0, 0x7f,
    0xf0, 0x97, 0xeb, 0xff, 0x83, 0xff, 0x9f, 0x7f,
    0xff, 0x75, 0xf, 0xfe, 0x6f, 0xff, 0xf7, 0xd0,
    0xff, 0xe6, 0x3f, 0xff, 0xdf, 0x43, 0xff, 0x99,
    0xff, 0xfc, 0xda, 0xfc, 0xab, 0xfe, 0x43, 0xff,
    0x99, 0x7f, 0xd5, 0x2a, 0xfe, 0x83, 0xff, 0x88,
    0xff, 0x7, 0xff, 0x3e, 0x43, 0xfd, 0xfe, 0xf,
    0xfe, 0x33, 0xf0, 0x7f, 0xf6, 0xdf, 0xe8, 0x3f,
    0xf9, 0x18, 0x7f, 0xf7, 0x3f, 0xc1, 0xff, 0xdb,
    0x43, 0xff, 0x93, 0x7f, 0x21, 0xff, 0xd4, 0x43,
    0xbf, 0xff, 0xe6, 0x1d, 0xff, 0xff, 0x30, 0xef,
    0xff, 0xf9, 0x87, 0x7f, 0xff, 0xcc, 0x3a, 0xbf,
    0x97, 0xfd, 0xff, 0x4b, 0xff, 0xc0, 0xff, 0x2f,
    0xff, 0x2, 0xbc, 0x1f, 0xfc, 0xbb, 0xfd, 0x7,
    0xff, 0x5, 0xfe, 0x83, 0xff, 0xb7, 0x7f, 0xa0,
    0xff, 0xe1, 0xdf, 0xd0, 0x7f, 0xf6, 0x7f, 0xe8,
    0x3f, 0xcc, 0x1d, 0xff, 0x7, 0xff, 0x59, 0xff,
    0x90, 0xff, 0x3e, 0x83, 0xbf, 0xe4, 0x3f, 0xfa,
    0x77, 0xfc, 0x87, 0xfa, 0xfd, 0x7, 0x7f, 0xd0,
    0x7f, 0xf4, 0x1f, 0xfc, 0x1f, 0xe7, 0xfe, 0x83,
    0xbf, 0xf2, 0x1f, 0xfc, 0xc7, 0xff, 0x41, 0xfc,
    0xff, 0xfa, 0xe, 0xbf, 0xe8, 0x3f, 0xf9, 0x2f,
    0xff, 0x21, 0xf9, 0xff, 0xf4, 0x87, 0xd7, 0xfe,
    0x83, 0xff, 0x8a, 0xff, 0xf4, 0x1f, 0x9f, 0xff,
    0x41, 0xff, 0x3f, 0xfd, 0x21, 0xff, 0xc0, 0xbf,
    0xfc, 0x1f, 0x37, 0xff, 0xa0, 0xfc, 0x87, 0xbf,
    0xfe, 0x43, 0xeb, 0xff, 0xe4, 0x39, 0xbf, 0xfe,
    0x83, 0xf3, 0xe8, 0x3d, 0x7f, 0xfd, 0x21, 0x3f,
    0xfe, 0x82, 0x6f, 0xff, 0xe0, 0xc1, 0xfd, 0x7e,
    0x83, 0xcf, 0xff, 0xf0, 0x10, 0xdf, 0xf4, 0x13,
    0xff, 0xfc, 0x24, 0x3f, 0x9f, 0xfa, 0xf, 0xaf,
    0xfe, 0xf, 0xbf, 0x41, 0xe7, 0xff, 0xd0, 0x7f,
    0xd7, 0xff, 0x83, 0xe7, 0xfe, 0xf, 0xee, 0xf,
    0xeb, 0xfd, 0x21, 0xff, 0x3f, 0xfe, 0x83, 0xfc,
    0xfe, 0xf, 0xfe, 0x57, 0xd2, 0x1f, 0xfc, 0x7,
    0xff, 0xc8, 0x7f, 0xf0, 0xad, 0xf, 0xfe, 0x52,
    0x83, 0xff, 0x82, 0xff, 0xfa, 0xf, 0xcc, 0x1f,
    0xfd, 0xf6, 0xff, 0xf4, 0x1f, 0xd7, 0x90, 0xff,
    0xee, 0x5f, 0xff, 0x41, 0xfe, 0xbf, 0x21, 0xff,
    0xd7, 0x6f, 0xff, 0xe0, 0x41, 0xff, 0x7f, 0xc8,
    0x7f, 0xf4, 0x9b, 0xff, 0xf8, 0x48, 0x7f, 0xd7,
    0xff, 0x41, 0xff, 0xca, 0x6f, 0xff, 0xe3, 0x48,
    0x7f, 0xcf, 0xff, 0xc8, 0x7f, 0xf2, 0xff, 0xff,
    0x8a, 0x87, 0xff, 0x6, 0xff, 0xf2, 0x1f, 0xfc,
    0xef, 0xff, 0xe0, 0xa1, 0xff, 0xc2, 0xbf, 0xfc,
    0x87, 0xff, 0x41, 0xff, 0xd2, 0x1f, 0xfc, 0x3b,
    0xff, 0xc8, 0x7f, 0xf4, 0xff, 0x51, 0xf, 0xfe,
    0x25, 0xff, 0xe4, 0x3f, 0xfa, 0xc8, 0x7f, 0xf1,
    0x9f, 0xff, 0x90, 0xff, 0xf4, 0x37, 0xff, 0xc8,
    0x7f, 0xf9, 0xdb, 0xff, 0xe9, 0xf, 0xff, 0x2b,
    0x7f, 0xff, 0x6, 0xf, 0xff, 0x1b, 0x7f, 0xff,
    0x11, 0xf, 0xfe, 0xd2, 0xea, 0xbf, 0xff, 0x8e,
    0x87, 0xff, 0x77, 0xff, 0xf9, 0x68, 0x7f, 0xf8,
    0x7f, 0xff, 0x8d, 0x21, 0xff, 0xe4, 0x7f, 0xff,
    0x83, 0x21, 0xff, 0xe9, 0xff, 0xd2, 0x83, 0xff,
    0xda, 0xf2, 0x83, 0xff, 0xd0,

    /* U+53CC "双" */
    0x2, 0xe0, 0xff, 0xe6, 0xdf, 0xfa, 0xbf, 0xf9,
    0x21, 0xfa, 0xff, 0xfe, 0x72, 0x5f, 0xff, 0xd0,
    0x83, 0xf5, 0xff, 0xfc, 0xe0, 0x5f, 0xff, 0xd0,
    0x83, 0xf5, 0xff, 0xfc, 0xe0, 0x5f, 0xff, 0xd0,
    0x43, 0xf5, 0xff, 0xfc, 0xe0, 0x5f, 0xff, 0xd0,
    0x43, 0xf5, 0xff, 0xfc, 0xe0, 0x95, 0xfd, 0x2f,
    0xff, 0xb, 0xfc, 0x1f, 0xfd, 0x2f, 0xe8, 0x3b,
    0xfa, 0xf, 0xfe, 0x17, 0xf8, 0x3f, 0xfa, 0x5f,
    0xd0, 0x75, 0xfa, 0xf, 0xfe, 0x17, 0xf8, 0x3f,
    0xfa, 0x2f, 0xf2, 0x1d, 0x7e, 0x83, 0xff, 0x85,
    0xfd, 0x7, 0xff, 0x45, 0xfe, 0x43, 0x9f, 0xe0,
    0xff, 0xe1, 0x7f, 0x41, 0xff, 0xd1, 0x7f, 0x83,
    0xcf, 0xf0, 0x7f, 0xf0, 0x5f, 0xe4, 0x3f, 0xfa,
    0x37, 0xf0, 0x79, 0xfe, 0xf, 0xfe, 0xb, 0xfc,
    0x1f, 0xfd, 0x2b, 0xf8, 0x3e, 0xfe, 0xf, 0xfe,
    0xd, 0xfc, 0x1f, 0xfc, 0x34, 0x3f, 0xf8, 0x5f,
    0xd0, 0x7d, 0xfc, 0x1f, 0xfc, 0x1b, 0xf8, 0x3f,
    0xf8, 0x5e, 0x43, 0xff, 0x83, 0xfd, 0x7, 0xdf,
    0xc8, 0x7f, 0xf0, 0x3f, 0xa0, 0xff, 0xe0, 0xfe,
    0x43, 0xff, 0x81, 0xfc, 0x87, 0xdf, 0xc8, 0x7f,
    0xf0, 0x3f, 0x90, 0xff, 0xe0, 0x7f, 0x90, 0xff,
    0x3f, 0xc1, 0xfa, 0xfd, 0x7, 0xfc, 0xff, 0x7,
    0xff, 0x1, 0xff, 0x83, 0xfc, 0xff, 0x7, 0xeb,
    0xf4, 0x1f, 0xf5, 0xfc, 0x1f, 0xfc, 0x1b, 0xfe,
    0xf, 0xeb, 0xf8, 0x3f, 0x3f, 0xc1, 0xff, 0x7f,
    0x83, 0xff, 0x85, 0x7f, 0xc1, 0xfb, 0xfa, 0xf,
    0xcf, 0xf0, 0x7f, 0xdf, 0xd0, 0x7f, 0xf0, 0xef,
    0xf8, 0x3e, 0xfe, 0x43, 0xfb, 0xf8, 0x3f, 0xcf,
    0xf2, 0x1f, 0xfc, 0x4b, 0xfe, 0xe, 0x7f, 0x83,
    0xfd, 0xfc, 0x87, 0xf5, 0xfc, 0x1f, 0xfc, 0x6b,
    0xfd, 0x6, 0xbf, 0x83, 0xfd, 0xfd, 0x7, 0xf7,
    0xf8, 0x3f, 0xf8, 0xff, 0xf4, 0x17, 0xf4, 0x1f,
    0xeb, 0xf4, 0x1f, 0xdf, 0xd0, 0x7f, 0xf2, 0x3f,
    0xe4, 0x7f, 0x90, 0xff, 0x3f, 0xc1, 0xf9, 0xfe,
    0x43, 0xff, 0x93, 0xff, 0x17, 0xf0, 0x7f, 0xf0,
    0x3f, 0x83, 0xf5, 0xfc, 0x1f, 0xfc, 0xbf, 0xff,
    0xe0, 0x41, 0xff, 0xc0, 0xfe, 0x83, 0xef, 0xf0,
    0x7f, 0xf2, 0xdf, 0xff, 0x90, 0xff, 0xe0, 0x5f,
    0xc1, 0xe7, 0xf9, 0xf, 0xfe, 0x63, 0xff, 0xe0,
    0xff, 0xe0, 0xbf, 0xc1, 0xef, 0xf0, 0x7f, 0xf3,
    0xaf, 0xfd, 0x7, 0xff, 0xb, 0xf9, 0xe, 0xff,
    0x7, 0xff, 0x3e, 0xff, 0xa0, 0xff, 0xe1, 0x7f,
    0x83, 0x5f, 0xc8, 0x7f, 0xf4, 0x3f, 0xf2, 0x1f,
    0xfc, 0x1b, 0xf8, 0x37, 0xf8, 0x3f, 0xfa, 0x2f,
    0xfe, 0xf, 0xfe, 0x17, 0xf4, 0x7, 0xfa, 0xf,
    0xfe, 0x8f, 0xff, 0x83, 0xff, 0x83, 0xfe, 0x7,
    0xf9, 0xf, 0xfe, 0x8f, 0xff, 0xc1, 0xff, 0xc0,
    0xbf, 0x95, 0xfe, 0xf, 0xfe, 0x8d, 0xff, 0xf4,
    0x1f, 0xfc, 0xf, 0xeb, 0xfc, 0x87, 0xff, 0x47,
    0xff, 0xf8, 0x28, 0x7f, 0xdf, 0xff, 0xc0, 0xf,
    0xfe, 0x8d, 0xfc, 0x9f, 0xf0, 0x7f, 0xcf, 0xff,
    0xa0, 0xff, 0xe8, 0xff, 0x80, 0xff, 0xc1, 0xff,
    0x7f, 0xf8, 0x3f, 0xfa, 0x37, 0xf0, 0x6b, 0xfd,
    0x7, 0xfa, 0xff, 0xc8, 0x7f, 0xf4, 0x7f, 0xa0,
    0xef, 0xf9, 0xf, 0xe7, 0xff, 0x7, 0xff, 0x47,
    0xfc, 0x1f, 0x7f, 0xc1, 0xfe, 0xff, 0x90, 0xff,
    0xe8, 0x3f, 0xd0, 0x7c, 0xff, 0xc1, 0xfb, 0xff,
    0x41, 0xff, 0xd0, 0xff, 0x7, 0xf5, 0xfe, 0x83,
    0xd7, 0xff, 0x21, 0xff, 0xce, 0xff, 0x21, 0xfe,
    0xff, 0x83, 0xaf, 0xff, 0x83, 0xff, 0x9b, 0x7f,
    0x83, 0xfe, 0x7f, 0x41, 0xcf, 0xff, 0xf0, 0x43,
    0xff, 0x96, 0xff, 0x83, 0xff, 0x83, 0x79, 0xe,
    0x7f, 0xe7, 0xfe, 0xf, 0xfe, 0x57, 0xfa, 0xf,
    0xfe, 0x16, 0x1e, 0x7f, 0xe4, 0xbf, 0xe0, 0xff,
    0xe4, 0x7f, 0xc1, 0xff, 0xc9, 0xbf, 0xe4, 0x2b,
    0xfe, 0x43, 0xff, 0x8b, 0xff, 0x7, 0xff, 0x26,
    0xff, 0x90, 0xeb, 0xfe, 0x83, 0xff, 0x87, 0xff,
    0x21, 0xff, 0xc8, 0xff, 0xc8, 0x7d, 0xff, 0xa0,
    0xff, 0xe0, 0xff, 0xd0, 0x7f, 0xf2, 0x3f, 0xf2,
    0x1f, 0xdf, 0xfc, 0x87, 0xfb, 0xfe, 0x83, 0xff,
    0x8e, 0xff, 0xe4, 0x3f, 0xef, 0xfe, 0x83, 0xe7,
    0xff, 0x7, 0xff, 0x1e, 0xff, 0xc1, 0xff, 0xc2,
    0xbf, 0xfa, 0xe, 0x7f, 0xe0, 0xff, 0xe3, 0x3f,
    0xfc, 0x1f, 0xfc, 0x4b, 0xff, 0xd0, 0x73, 0xf8,
    0x3f, 0xf8, 0xdf, 0xfd, 0x7, 0xff, 0x19, 0xff,
    0xf9, 0xe, 0xf0, 0x7f, 0xf1, 0x6f, 0xfe, 0x43,
    0xff, 0x93, 0xff, 0xa0, 0xff, 0xe6, 0x3f, 0xfe,
    0xf, 0xfe, 0x65, 0xfc, 0x87, 0xff, 0x39, 0xff,
    0xa0, 0xff, 0xe7, 0x3f, 0x21, 0xff, 0xd1, 0xfe,
    0xf, 0xfe, 0x97, 0x7, 0xff, 0x4f, 0xd0, 0x7f,
    0xff, 0xc3, 0xff, 0xa4,

    /* U+53CD "反" */
    0xf, 0xff, 0xf8, 0x7f, 0xf7, 0x1b, 0xe0, 0xff,
    0xf5, 0x34, 0xff, 0x90, 0xff, 0xf0, 0xaa, 0xaf,
    0xff, 0xe1, 0x7, 0xff, 0x55, 0x6a, 0xbf, 0xff,
    0x9b, 0x7, 0xff, 0x17, 0xff, 0xfc, 0x61, 0xff,
    0xc5, 0xff, 0xff, 0x20, 0x7f, 0xf1, 0x3f, 0xff,
    0xb3, 0x52, 0xe0, 0xff, 0xe4, 0x7f, 0xff, 0x36,
    0xa5, 0x83, 0xff, 0xab, 0xfe, 0xaf, 0xcb, 0xc1,
    0xff, 0xe1, 0xfe, 0x43, 0xff, 0xdd, 0xfc, 0x87,
    0xff, 0xbb, 0xf9, 0xf, 0xff, 0x77, 0xf2, 0x1f,
    0xfe, 0xef, 0xe4, 0x3f, 0xfd, 0xdf, 0xc8, 0x7f,
    0xfb, 0xbf, 0x90, 0xff, 0xf7, 0x7f, 0x21, 0xff,
    0xee, 0xfe, 0x43, 0xff, 0xdd, 0xfc, 0x87, 0xff,
    0xbb, 0xff, 0xfc, 0x41, 0xff, 0xc6, 0xff, 0xff,
    0x10, 0x7f, 0xf1, 0xbf, 0xff, 0xc2, 0x87, 0xff,
    0x1b, 0xff, 0xfc, 0x21, 0xff, 0xc6, 0x7f, 0xff,
    0xc2, 0x1f, 0xfc, 0x67, 0xfa, 0x5b, 0xfc, 0xbf,
    0xfc, 0xbf, 0xf2, 0x1f, 0xfc, 0x67, 0xf9, 0xa,
    0xfe, 0xf, 0xfe, 0x53, 0xfe, 0xf, 0xfe, 0x3b,
    0xfc, 0x1d, 0xfd, 0x7, 0xff, 0x27, 0xfd, 0x7,
    0xff, 0x1e, 0xfe, 0xe, 0xff, 0x7, 0xff, 0x27,
    0xfc, 0x1f, 0xfc, 0x8b, 0xf8, 0x39, 0xfe, 0x43,
    0xff, 0x8f, 0x7f, 0x41, 0xff, 0xc8, 0xbf, 0x83,
    0xdf, 0xe0, 0xff, 0xe3, 0xff, 0x90, 0xff, 0xe4,
    0x7f, 0x83, 0xd7, 0xf0, 0x7f, 0xf1, 0x9f, 0xf0,
    0x7f, 0xf2, 0x7f, 0xc1, 0xe7, 0xfa, 0xf, 0xfe,
    0x2f, 0xf9, 0xf, 0xfe, 0x4f, 0xf4, 0x1f, 0x7f,
    0x83, 0xff, 0x89, 0x7f, 0x83, 0xff, 0x95, 0xfd,
    0x7, 0xcf, 0xf4, 0x1f, 0xfc, 0x3f, 0xf2, 0x1f,
    0xfc, 0x97, 0xf9, 0xf, 0xdf, 0xe0, 0xff, 0xe1,
    0x5f, 0xe0, 0xff, 0xe5, 0x5f, 0xc8, 0x7e, 0x7f,
    0xc1, 0xff, 0xc1, 0xff, 0x21, 0xff, 0xca, 0xbf,
    0x83, 0xfd, 0xfe, 0x43, 0xfe, 0xbf, 0xc1, 0xff,
    0xcb, 0xff, 0x7, 0xf9, 0xff, 0x7, 0xf9, 0xff,
    0x21, 0xff, 0xcb, 0xff, 0x7, 0xfd, 0xfe, 0x83,
    0xfb, 0xfe, 0xf, 0xfe, 0x5b, 0xfd, 0x7, 0xff,
    0x3, 0xfc, 0x87, 0xd7, 0xf8, 0x3f, 0xf9, 0x97,
    0xf2, 0x1f, 0xfc, 0xb, 0xfc, 0x1e, 0x7f, 0xd0,
    0x7f, 0xf3, 0x3f, 0xc1, 0xff, 0xc2, 0xff, 0x83,
    0xbf, 0xe0, 0xff, 0xe6, 0xff, 0x83, 0xff, 0x84,
    0xff, 0xa0, 0xbf, 0xe4, 0x3f, 0xf9, 0x97, 0xf4,
    0x1f, 0xfc, 0x3b, 0xfd, 0x17, 0xfa, 0xf, 0xfe,
    0x6f, 0xf9, 0xf, 0xfe, 0x27, 0xff, 0xf0, 0xc3,
    0xff, 0x9d, 0xfe, 0xf, 0xfe, 0x37, 0xff, 0xf0,
    0x43, 0xff, 0x9d, 0x7f, 0x83, 0xff, 0x8c, 0xff,
    0xfc, 0x87, 0xff, 0x3b, 0xfc, 0x87, 0xff, 0x1d,
    0xff, 0xe8, 0x3f, 0xf9, 0xcf, 0xf8, 0x3f, 0xf9,
    0x3f, 0xfc, 0x1f, 0xfc, 0xff, 0xf4, 0x1f, 0xfc,
    0x8f, 0xff, 0x90, 0xff, 0xe6, 0x3f, 0xe0, 0xff,
    0xe3, 0xdf, 0xff, 0xc2, 0xf, 0xfe, 0x5f, 0xfc,
    0x1f, 0xfc, 0x57, 0xff, 0xf8, 0xb2, 0x1f, 0xfc,
    0x77, 0xfc, 0x87, 0xff, 0xd, 0xff, 0xf3, 0xff,
    0xf2, 0x1f, 0xfc, 0x5f, 0xf8, 0x3f, 0xf8, 0x57,
    0xff, 0xa0, 0xaf, 0xff, 0xa4, 0x3f, 0xf8, 0x2f,
    0xf9, 0xf, 0xf9, 0xbf, 0xfe, 0xf, 0x3f, 0xff,
    0xc1, 0x90, 0xff, 0x7f, 0xc1, 0xfe, 0xbf, 0xff,
    0x80, 0x87, 0xf5, 0xff, 0xfc, 0x29, 0xf, 0x7f,
    0xc8, 0x79, 0xbf, 0xff, 0x83, 0x7, 0xff, 0x1,
    0xff, 0xfe, 0x2d, 0x7, 0xfe, 0x9, 0x57, 0xff,
    0xf0, 0xa0, 0xff, 0xe2, 0x3f, 0xff, 0xc4, 0x80,
    0xff, 0x20, 0x7f, 0xff, 0x87, 0x7, 0xff, 0x21,
    0xbf, 0xff, 0x81, 0x7, 0x3e, 0x83, 0x3f, 0xff,
    0xc0, 0x43, 0xff, 0x9b, 0x7f, 0xf8, 0x3f, 0x61,
    0xeb, 0xff, 0x41, 0xff, 0xd2, 0x6f, 0xf2, 0x1f,
    0xfc, 0x4f, 0xe9, 0xf, 0xfe, 0xbb, 0x7c, 0x1f,
    0xfc, 0x5b, 0x90, 0xff, 0xef, 0x21, 0xff, 0xf8,

    /* U+53E3 "口" */
    0xf, 0xff, 0x37, 0xff, 0xff, 0xff, 0xff, 0x9b,
    0x7f, 0xff, 0x96, 0xff, 0xff, 0x2d, 0xfd, 0x5f,
    0xfd, 0xaf, 0xf5, 0xfc, 0x1f, 0xfd, 0xaf, 0xf5,
    0xfc, 0x1f, 0xfd, 0xaf, 0xea, 0x7f, 0x7, 0xff,
    0x6b, 0xfa, 0x9f, 0xc1, 0xff, 0xda, 0xfe, 0xa7,
    0xf0, 0x7f, 0xf6, 0xbf, 0xa9, 0xfc, 0x1f, 0xfd,
    0xaf, 0xea, 0x7f, 0x7, 0xff, 0x6b, 0xfa, 0x9f,
    0xc1, 0xff, 0xda, 0xfe, 0xa7, 0xf0, 0x7f, 0xf6,
    0xbf, 0xa9, 0xfc, 0x1f, 0xfd, 0xaf, 0xea, 0x7f,
    0x7, 0xff, 0x6b, 0xfa, 0x9f, 0xc1, 0xff, 0xda,
    0xfe, 0xa7, 0xf0, 0x7f, 0xf6, 0xbf, 0xa9, 0xfc,
    0x1f, 0xfd, 0xaf, 0xea, 0x7f, 0x7, 0xff, 0x6b,
    0xfa, 0x9f, 0xc1, 0xff, 0xda, 0xfe, 0xa7, 0xf0,
    0x7f, 0xf6, 0xbf, 0xa9, 0xfc, 0x1f, 0xfd, 0xaf,
    0xea, 0x7f, 0x7, 0xff, 0x6b, 0xfa, 0x9f, 0xc1,
    0xff, 0xda, 0xfe, 0xa7, 0xf0, 0x7f, 0xf6, 0xbf,
    0xa9, 0xfc, 0x1f, 0xfd, 0xaf, 0xea, 0x7f, 0x7,
    0xff, 0x6b, 0xfa, 0x9f, 0xc1, 0xff, 0xda, 0xfe,
    0xa7, 0xf0, 0x7f, 0xf6, 0xbf, 0xa9, 0xfc, 0x1f,
    0xfd, 0xaf, 0xea, 0x7f, 0x7, 0xff, 0x6b, 0xfa,
    0x9f, 0xc1, 0xff, 0xda, 0xfe, 0xa7, 0xf0, 0x7f,
    0xf6, 0xbf, 0xa9, 0xfc, 0x1f, 0xfd, 0xaf, 0xea,
    0x7f, 0x7, 0xff, 0x6b, 0xfa, 0x9f, 0xc1, 0xff,
    0xda, 0xfe, 0xa7, 0xf0, 0x7f, 0xf6, 0xbf, 0xa9,
    0xfc, 0x1f, 0xfd, 0xaf, 0xea, 0x7f, 0x7, 0xff,
    0x6b, 0xfa, 0x9f, 0xc1, 0xff, 0xda, 0xfe, 0xa7,
    0xf0, 0x7f, 0xf6, 0xbf, 0xa9, 0xff, 0xfe, 0x4a,
    0x7f, 0xff, 0x92, 0x9f, 0xff, 0xe4, 0xa7, 0xff,
    0xf9, 0x29, 0xff, 0xfe, 0x4a, 0x7f, 0x7, 0xff,
    0x6b, 0xfd, 0x7f, 0x7, 0xff, 0x6b, 0xfd, 0x7f,
    0x7, 0xff, 0x6b, 0xfd, 0x7f, 0x7, 0xff, 0x6b,
    0xff, 0xf8, 0x1, 0xff, 0xda, 0xff, 0x57, 0x83,
    0xff, 0xb5, 0x5e,

    /* U+53E5 "句" */
    0xf, 0xfe, 0x3a, 0x1f, 0xff, 0x27, 0xc8, 0x7f,
    0xfc, 0x3f, 0x90, 0xff, 0xf7, 0x7f, 0xd0, 0x7f,
    0xfa, 0xef, 0xfa, 0xf, 0xff, 0x5f, 0xfd, 0x7,
    0xff, 0xad, 0xff, 0x83, 0xff, 0xd9, 0xff, 0x21,
    0xff, 0xeb, 0x7f, 0xd0, 0x7f, 0xfb, 0x3f, 0xe0,
    0xff, 0xf6, 0x5f, 0xe8, 0x3f, 0xfd, 0x9f, 0xf0,
    0x7f, 0xfb, 0x3f, 0xff, 0xcc, 0x1f, 0xfc, 0x17,
    0xff, 0xfc, 0xc1, 0xff, 0xc1, 0xff, 0xff, 0x38,
    0x7f, 0xf0, 0x3f, 0xff, 0xd0, 0x1f, 0xf5, 0xff,
    0xfe, 0x80, 0xff, 0x3f, 0xf0, 0x7f, 0xf6, 0xdf,
    0xf0, 0x7f, 0xbf, 0xe4, 0x3f, 0xfb, 0x6f, 0xf8,
    0x3f, 0xbf, 0xe8, 0x3f, 0xfb, 0x8f, 0xf8, 0x3f,
    0x5f, 0xf0, 0x7f, 0xf7, 0x5f, 0xf0, 0x7d, 0x7f,
    0xc1, 0xff, 0xde, 0x7f, 0xc1, 0xeb, 0xfe, 0x43,
    0xff, 0xbc, 0xff, 0x41, 0xd7, 0xfc, 0x87, 0xff,
    0x7d, 0xfe, 0x83, 0x5f, 0xf4, 0x1f, 0xfe, 0x7,
    0xfa, 0xb, 0xff, 0x83, 0xff, 0xc3, 0x7f, 0x43,
    0xff, 0xc1, 0xff, 0xe2, 0xbf, 0xa0, 0x3f, 0xf0,
    0x6f, 0xff, 0xe9, 0x21, 0xff, 0xc0, 0xbf, 0xa0,
    0xd7, 0xe4, 0x37, 0xff, 0xf4, 0x90, 0xff, 0xe0,
    0x5f, 0xc8, 0x75, 0xe4, 0x3b, 0xff, 0xfa, 0x48,
    0x7f, 0xf0, 0x2f, 0xe4, 0x3d, 0x40, 0xf7, 0xff,
    0xf4, 0x90, 0xff, 0xe0, 0x5f, 0xc8, 0x7f, 0xf0,
    0xbf, 0xff, 0xa4, 0x1f, 0xfc, 0x1b, 0xf9, 0xf,
    0xfe, 0x17, 0xf8, 0x3f, 0xf8, 0xdf, 0xe0, 0xff,
    0xe0, 0xff, 0x90, 0xff, 0xe1, 0x7f, 0x83, 0xff,
    0x8d, 0x7f, 0x7, 0xff, 0x7, 0xfc, 0x87, 0xff,
    0xb, 0xfc, 0x1f, 0xfc, 0x6b, 0xf8, 0x3f, 0xf8,
    0x3f, 0xe0, 0xff, 0xe1, 0xff, 0x83, 0xff, 0x8d,
    0x7f, 0x7, 0xff, 0x7, 0xfc, 0x1f, 0xfc, 0x3f,
    0xf0, 0x7f, 0xf1, 0xaf, 0xe0, 0xff, 0xe0, 0xff,
    0x83, 0xff, 0x87, 0xfe, 0xf, 0xfe, 0x35, 0xfc,
    0x1f, 0xfc, 0x1f, 0xf0, 0x7f, 0xf0, 0xff, 0xc1,
    0xff, 0xc6, 0xbf, 0x83, 0xff, 0x83, 0xfe, 0xf,
    0xfe, 0x1f, 0xf8, 0x3f, 0xf8, 0xd7, 0xf0, 0x7f,
    0xf0, 0x7f, 0xc1, 0xff, 0xc3, 0xff, 0x7, 0xff,
    0x1a, 0xfe, 0xf, 0xfe, 0xf, 0xf8, 0x3f, 0xf8,
    0x7f, 0xe0, 0xff, 0xe3, 0x5f, 0xc1, 0xff, 0xc0,
    0x7f, 0xc1, 0xff, 0xc3, 0xff, 0x7, 0xff, 0x1a,
    0xfe, 0xf, 0xfe, 0x3, 0xfe, 0xf, 0xfe, 0x1f,
    0xf8, 0x3f, 0xf8, 0xd7, 0xf0, 0x7f, 0xf0, 0x1f,
    0xe8, 0x3f, 0xf8, 0x7f, 0xe0, 0xff, 0xe3, 0x5f,
    0xc1, 0xff, 0xc0, 0x7f, 0xa0, 0xff, 0xe1, 0xff,
    0x83, 0xff, 0x8d, 0x7f, 0x7, 0xff, 0x2, 0xfe,
    0x83, 0xff, 0x87, 0xfe, 0x5f, 0xfe, 0x37, 0xf8,
    0x3f, 0xf8, 0x17, 0xf4, 0x1f, 0xfc, 0x3f, 0xff,
    0xe9, 0x7, 0xff, 0x3, 0xfc, 0x87, 0xff, 0xf,
    0xff, 0xfa, 0x41, 0xff, 0xc0, 0xff, 0x21, 0xff,
    0xc3, 0xff, 0xfe, 0x90, 0x7f, 0xf0, 0x3f, 0xc8,
    0x7f, 0xf0, 0xff, 0xff, 0xa4, 0x1f, 0xfc, 0xf,
    0xf0, 0x7f, 0xf1, 0x3f, 0xff, 0xa4, 0x1f, 0xfc,
    0xf, 0xf0, 0x7f, 0xf1, 0x3f, 0xc1, 0xff, 0xc6,
    0xbf, 0x90, 0xff, 0xbf, 0xc1, 0xff, 0xc4, 0xff,
    0x7, 0xff, 0x1a, 0xfe, 0x43, 0xfc, 0xff, 0x83,
    0xff, 0x89, 0xfe, 0xf, 0xfe, 0x35, 0xfc, 0x87,
    0xf9, 0xff, 0x7, 0xff, 0x13, 0xfc, 0x1f, 0xfc,
    0x6b, 0xf9, 0xf, 0xf5, 0xfe, 0xf, 0xfe, 0x27,
    0xf8, 0x3f, 0xfa, 0xf7, 0xf8, 0x3f, 0xfd, 0xbf,
    0xe8, 0x3f, 0xfd, 0xbf, 0xe8, 0x3f, 0xfd, 0x9f,
    0xf2, 0x1f, 0xfe, 0x2f, 0xff, 0xe2, 0x87, 0xff,
    0x8d, 0xff, 0xfe, 0x20, 0x7f, 0xf9, 0x3f, 0xff,
    0x86, 0x87, 0xff, 0x93, 0xff, 0xf8, 0x61, 0xff,
    0xe5, 0xbf, 0xff, 0x82, 0x1f, 0xfe, 0x67, 0xff,
    0xe8, 0x3f, 0xfd, 0x1f, 0xf4, 0x87, 0xff, 0xad,
    0x41, 0xff, 0xc5,

    /* U+53EF "可" */
    0xf, 0xff, 0xb7, 0xff, 0xfd, 0xf, 0xff, 0xfa,
    0x1f, 0xff, 0xf4, 0x3f, 0xff, 0xe8, 0x7f, 0xff,
    0xd0, 0x3f, 0xfc, 0x9f, 0xe0, 0xff, 0xf7, 0xff,
    0x83, 0xff, 0xdf, 0xfe, 0xf, 0xff, 0x7f, 0xf8,
    0x3f, 0xfd, 0xff, 0xe0, 0xff, 0xf7, 0xff, 0x83,
    0xff, 0xdf, 0xfe, 0xf, 0xff, 0x7f, 0xf8, 0x3f,
    0xfd, 0xff, 0xe0, 0xff, 0xe4, 0xff, 0xff, 0x3d,
    0xf, 0xf7, 0xf8, 0x3f, 0xf9, 0x3f, 0xff, 0xcf,
    0x43, 0xfd, 0xfe, 0xf, 0xfe, 0x4f, 0xff, 0xf3,
    0xc3, 0xfe, 0xff, 0x7, 0xff, 0x27, 0xff, 0xf9,
    0xe1, 0xff, 0x7f, 0x83, 0xff, 0x93, 0xfe, 0xaf,
    0xfe, 0x1f, 0xf8, 0x3f, 0xef, 0xf0, 0x7f, 0xf2,
    0x7f, 0x90, 0xff, 0xe1, 0xdf, 0xc1, 0xff, 0x7f,
    0x83, 0xff, 0x93, 0xfc, 0x87, 0xff, 0xe, 0xfe,
    0xf, 0xfb, 0xfc, 0x1f, 0xfc, 0x9f, 0xe4, 0x3f,
    0xf8, 0x77, 0xf0, 0x7f, 0xdf, 0xe0, 0xff, 0xe4,
    0xff, 0x21, 0xff, 0xc3, 0xbf, 0x83, 0xfe, 0xff,
    0x7, 0xff, 0x27, 0xf9, 0xf, 0xfe, 0x1d, 0xfc,
    0x1f, 0xf7, 0xf8, 0x3f, 0xf9, 0x3f, 0xc8, 0x7f,
    0xf0, 0xef, 0xe0, 0xff, 0xbf, 0xc1, 0xff, 0xc9,
    0xfe, 0x43, 0xff, 0x87, 0x7f, 0x7, 0xfd, 0xfe,
    0xf, 0xfe, 0x4f, 0xf2, 0x1f, 0xfc, 0x3b, 0xf8,
    0x3f, 0xef, 0xf0, 0x7f, 0xf2, 0x7f, 0x90, 0xff,
    0xe1, 0xdf, 0xc1, 0xff, 0x7f, 0x83, 0xff, 0x93,
    0xfc, 0x87, 0xff, 0xe, 0xfe, 0xf, 0xfb, 0xfc,
    0x1f, 0xfc, 0x9f, 0xe4, 0x3f, 0xf8, 0x77, 0xf0,
    0x7f, 0xdf, 0xe0, 0xff, 0xe4, 0xff, 0x21, 0xff,
    0xc3, 0xbf, 0x83, 0xfe, 0xff, 0x7, 0xff, 0x27,
    0xf9, 0xf, 0xfe, 0x1d, 0xfc, 0x1f, 0xf7, 0xf8,
    0x3f, 0xf9, 0x3f, 0xc8, 0x7f, 0xf0, 0xef, 0xe0,
    0xff, 0xbf, 0xc1, 0xff, 0xc9, 0xfe, 0x43, 0xff,
    0x87, 0x7f, 0x7, 0xfd, 0xfe, 0xf, 0xfe, 0x4f,
    0xff, 0xf3, 0xc3, 0xfe, 0xff, 0x7, 0xff, 0x27,
    0xff, 0xf9, 0xe1, 0xff, 0x7f, 0x83, 0xff, 0x93,
    0xff, 0xfc, 0xf0, 0xff, 0xbf, 0xc1, 0xff, 0xc9,
    0xff, 0xfe, 0x78, 0x7f, 0xdf, 0xe0, 0xff, 0xe4,
    0xff, 0xab, 0xff, 0x87, 0xfe, 0xf, 0xfb, 0xfc,
    0x1f, 0xfc, 0x9f, 0xe4, 0x3f, 0xf8, 0x77, 0xf0,
    0x7f, 0xdf, 0xe0, 0xff, 0xe4, 0xff, 0x21, 0xff,
    0xc3, 0xbf, 0x83, 0xfe, 0xff, 0x7, 0xff, 0x27,
    0xf9, 0xf, 0xfe, 0x1d, 0xfc, 0x1f, 0xf7, 0xf8,
    0x3f, 0xf9, 0x3f, 0xc8, 0x7f, 0xf0, 0xef, 0xe4,
    0x3f, 0xdf, 0xe0, 0xff, 0xe4, 0xff, 0x21, 0xff,
    0xc3, 0x7f, 0x90, 0xff, 0x7f, 0x83, 0xff, 0x93,
    0xfc, 0x87, 0xff, 0x53, 0xfc, 0x1f, 0xfc, 0x9f,
    0xe4, 0x3f, 0xfa, 0x9f, 0xe0, 0xff, 0xe4, 0xaf,
    0x7, 0xff, 0x57, 0xfc, 0x1f, 0xfe, 0xff, 0xf0,
    0x7f, 0xfb, 0xff, 0xc1, 0xff, 0xef, 0xff, 0x7,
    0xff, 0xbf, 0xfc, 0x1f, 0xfe, 0xe7, 0xfc, 0x1f,
    0xfe, 0xef, 0xf8, 0x3f, 0xfd, 0x8f, 0xfe, 0xf,
    0xff, 0x27, 0xff, 0xf1, 0x20, 0xff, 0xf2, 0x3f,
    0xff, 0xc3, 0x43, 0xff, 0xcb, 0xff, 0xfc, 0x30,
    0xff, 0xf3, 0x5f, 0xff, 0xc1, 0xf, 0xff, 0x3b,
    0xff, 0xf4, 0x1f, 0xfe, 0x9f, 0xfa, 0x43, 0xff,
    0xd9, 0x45, 0x7, 0xff, 0x28,

    /* U+53F6 "叶" */
    0xf, 0xfe, 0xfb, 0xfe, 0x43, 0xff, 0xde, 0xff,
    0x83, 0xff, 0xe3, 0xfe, 0xf, 0xff, 0x8f, 0xf8,
    0x3f, 0xfe, 0x3f, 0xe0, 0xff, 0xf8, 0xff, 0x83,
    0xff, 0x8d, 0xff, 0xfc, 0xa4, 0x3f, 0xf9, 0x1f,
    0xe0, 0xff, 0xe3, 0x7f, 0xff, 0x29, 0xf, 0xfe,
    0x47, 0xf8, 0x3f, 0xf8, 0xdf, 0xff, 0xca, 0x43,
    0xff, 0x91, 0xfe, 0xf, 0xfe, 0x37, 0xff, 0xf2,
    0x83, 0xff, 0x93, 0xfe, 0xf, 0xfe, 0x37, 0xff,
    0xf2, 0x83, 0xff, 0x93, 0xfe, 0xf, 0xfe, 0x37,
    0xf8, 0x3f, 0xd7, 0xf0, 0x7f, 0xf2, 0x7f, 0xc1,
    0xff, 0xc6, 0xff, 0x7, 0xfa, 0xfe, 0xf, 0xfe,
    0x4f, 0xf8, 0x3f, 0xf8, 0xdf, 0xe0, 0xff, 0x5f,
    0xc1, 0xff, 0xc9, 0xff, 0x7, 0xff, 0x1b, 0xfc,
    0x1f, 0xeb, 0xf8, 0x3f, 0xf9, 0x3f, 0xe0, 0xff,
    0xe3, 0x7f, 0x83, 0xfd, 0x7f, 0x7, 0xff, 0x27,
    0xfc, 0x1f, 0xfc, 0x6f, 0xf0, 0x7f, 0xaf, 0xe0,
    0xff, 0xe4, 0xff, 0x83, 0xff, 0x8d, 0xfe, 0xf,
    0xf5, 0xfc, 0x1f, 0xfc, 0x9f, 0xf0, 0x7f, 0xf1,
    0xbf, 0xc1, 0xfe, 0xbf, 0x83, 0xff, 0x93, 0xfe,
    0xf, 0xfe, 0x37, 0xf8, 0x3f, 0xd7, 0xf0, 0x7f,
    0xf2, 0x7f, 0xc1, 0xff, 0xc6, 0xff, 0x7, 0xfa,
    0xfe, 0xf, 0xfe, 0x4f, 0xf8, 0x3f, 0xf8, 0xdf,
    0xe0, 0xff, 0x5f, 0xc1, 0xff, 0xc9, 0xff, 0x7,
    0xff, 0x1b, 0xfc, 0x1f, 0xeb, 0xf8, 0x2b, 0xff,
    0xfb, 0x71, 0xfe, 0xf, 0xf5, 0xfc, 0x15, 0xff,
    0xfd, 0xb8, 0xff, 0x7, 0xfa, 0xfe, 0xa, 0xff,
    0xfe, 0xdc, 0x7f, 0x83, 0xfd, 0x7f, 0x5, 0x7f,
    0xff, 0x6e, 0x3f, 0xc1, 0xfe, 0xbf, 0x82, 0xbf,
    0xff, 0xb7, 0x1f, 0xe0, 0xff, 0x5f, 0xc1, 0xff,
    0xc9, 0xff, 0x7, 0xff, 0x1b, 0xfc, 0x1f, 0xeb,
    0xf8, 0x3f, 0xf9, 0x3f, 0xe0, 0xff, 0xe3, 0x7f,
    0x83, 0xfd, 0x7f, 0x7, 0xff, 0x27, 0xfc, 0x1f,
    0xfc, 0x6f, 0xf0, 0x7f, 0xaf, 0xe0, 0xff, 0xe4,
    0xff, 0x83, 0xff, 0x8d, 0xfe, 0xf, 0xf5, 0xfc,
    0x1f, 0xfc, 0x9f, 0xf0, 0x7f, 0xf1, 0xbf, 0xc1,
    0xfe, 0xbf, 0x83, 0xff, 0x93, 0xfe, 0xf, 0xfe,
    0x37, 0xf8, 0x3f, 0xd7, 0xf0, 0x7f, 0xf2, 0x7f,
    0xc1, 0xff, 0xc6, 0xff, 0x7, 0xfa, 0xfe, 0xf,
    0xfe, 0x4f, 0xf8, 0x3f, 0xf8, 0xdf, 0xe0, 0xff,
    0x5f, 0xc1, 0xff, 0xc9, 0xff, 0x7, 0xff, 0x1b,
    0xfc, 0x1f, 0xeb, 0xf8, 0x3f, 0xf9, 0x3f, 0xe0,
    0xff, 0xe3, 0x7f, 0x83, 0xfd, 0x7f, 0x7, 0xff,
    0x27, 0xfc, 0x1f, 0xfc, 0x6f, 0xf0, 0x7f, 0xaf,
    0xe0, 0xff, 0xe4, 0xff, 0x83, 0xff, 0x8d, 0xfe,
    0xf, 0xf5, 0xfc, 0x1f, 0xfc, 0x9f, 0xf0, 0x7f,
    0xf1, 0xbf, 0xff, 0x94, 0x1f, 0xfc, 0x9f, 0xf0,
    0x7f, 0xf1, 0xbf, 0xff, 0x94, 0x1f, 0xfc, 0x9f,
    0xf0, 0x7f, 0xf1, 0xbf, 0xff, 0x94, 0x1f, 0xfc,
    0x9f, 0xf0, 0x7f, 0xf1, 0xbf, 0xff, 0x94, 0x1f,
    0xfc, 0x9f, 0xf0, 0x7f, 0xf1, 0xbf, 0xff, 0x94,
    0x1f, 0xfc, 0x9f, 0xf0, 0x7f, 0xf1, 0xbf, 0xc1,
    0xfe, 0xbf, 0x83, 0xff, 0x93, 0xfe, 0xf, 0xfe,
    0x37, 0xf8, 0x3f, 0xd7, 0xf0, 0x7f, 0xf2, 0x7f,
    0xc1, 0xff, 0xc6, 0xff, 0x7, 0xfa, 0xfe, 0xf,
    0xfe, 0x4f, 0xf8, 0x3f, 0xf8, 0xdf, 0xe0, 0xff,
    0x5f, 0xc1, 0xff, 0xc9, 0xff, 0x7, 0xff, 0x1b,
    0xfc, 0x1f, 0xeb, 0xf8, 0x3f, 0xf9, 0x3f, 0xe0,
    0xff, 0xe3, 0x7f, 0x83, 0xfd, 0x7f, 0x21, 0xff,
    0xc8, 0xff, 0x7, 0xff, 0x1b, 0xfc, 0x1f, 0xeb,
    0xf9, 0xf, 0xfe, 0x47, 0xf8, 0x3f, 0xf8, 0xdf,
    0xe0, 0xff, 0x97, 0x83, 0xff, 0x93, 0xfe, 0xf,
    0xfe, 0x37, 0xf8, 0x3f, 0xfb, 0x3f, 0xe0, 0xff,
    0xe3, 0x7f, 0x83, 0xff, 0xb3, 0xfe, 0xf, 0xfe,
    0x37, 0xf8, 0x3f, 0xfb, 0x3f, 0xe0, 0xff, 0xe3,
    0x2f, 0x83, 0xff, 0xb3, 0xfe, 0xf, 0xff, 0x8f,
    0xf8, 0x3f, 0xfe, 0x3f, 0xe0, 0xff, 0xf8, 0xff,
    0x83, 0xff, 0xe3, 0xfe, 0xf, 0xff, 0x8f, 0xf8,
    0x3f, 0xfe, 0xf, 0xf8, 0x3f, 0xfe, 0xf, 0xf8,
    0x3f, 0xff, 0xe1, 0xfc,

    /* U+540D "名" */
    0xf, 0xff, 0xf8, 0x7d, 0xa1, 0xff, 0xec, 0x7e,
    0x83, 0xff, 0xd5, 0xfe, 0x83, 0xff, 0xce, 0xff,
    0xc1, 0xff, 0xe7, 0xff, 0x83, 0xff, 0xce, 0xff,
    0x90, 0xff, 0xf3, 0xff, 0xa0, 0xff, 0xf3, 0xdf,
    0xe0, 0xff, 0xf4, 0x7f, 0x83, 0xff, 0xd1, 0xff,
    0xfd, 0xb0, 0xff, 0xe3, 0xdf, 0xff, 0xda, 0xf,
    0xfe, 0x3b, 0xff, 0xfd, 0xa4, 0x3f, 0xf8, 0xff,
    0xff, 0xda, 0x83, 0xff, 0x8f, 0xff, 0x2f, 0xff,
    0x37, 0xfe, 0xf, 0xfe, 0x3d, 0xfe, 0xf, 0xfe,
    0x77, 0xf9, 0xf, 0xfe, 0x35, 0xfe, 0x43, 0xff,
    0x9b, 0xfe, 0x83, 0xff, 0x8d, 0x7f, 0x90, 0xff,
    0xe6, 0xdf, 0xe0, 0xff, 0xe3, 0x5f, 0xe8, 0x3f,
    0xf9, 0xaf, 0xf8, 0x3f, 0xf8, 0xd7, 0xfa, 0xd,
    0x68, 0x7f, 0xf1, 0xff, 0xc8, 0x7f, 0xf1, 0x6f,
    0xf8, 0x33, 0xf2, 0x1f, 0xfc, 0x5f, 0xf4, 0x1f,
    0xfc, 0x5f, 0xfc, 0x19, 0xfe, 0x83, 0xff, 0x87,
    0xfe, 0x83, 0xff, 0x88, 0xff, 0xe0, 0xcf, 0xfe,
    0xf, 0xfe, 0xd, 0xfe, 0xf, 0xfe, 0x25, 0xff,
    0x83, 0xdf, 0xfc, 0x1f, 0xf5, 0xfe, 0xf, 0xfe,
    0x27, 0xff, 0x7, 0xe7, 0xff, 0x21, 0xfa, 0xff,
    0x21, 0xff, 0xc5, 0xbf, 0xc1, 0xff, 0x7f, 0xe8,
    0x3d, 0x7f, 0x90, 0xff, 0xe3, 0xbf, 0x83, 0xff,
    0x83, 0x7f, 0xd0, 0x6f, 0xf9, 0xf, 0xfe, 0x57,
    0x7, 0xff, 0xe, 0xff, 0xc0, 0xff, 0x90, 0xff,
    0xee, 0xbf, 0xff, 0xc3, 0x43, 0xff, 0xbe, 0xff,
    0xff, 0x5, 0xf, 0xff, 0x17, 0xff, 0xc1, 0xff,
    0xe5, 0xff, 0xe0, 0xff, 0xf2, 0xff, 0xe8, 0x3f,
    0xfc, 0x97, 0xfe, 0x43, 0xff, 0xc6, 0xff, 0xf0,
    0x7f, 0xf8, 0xdf, 0xfe, 0x83, 0xff, 0xc4, 0xff,
    0xf8, 0x3f, 0xfc, 0x4f, 0xff, 0xd5, 0xff, 0xcf,
    0x43, 0xff, 0x8a, 0xff, 0xff, 0x74, 0x3f, 0xf8,
    0x4d, 0xff, 0xfd, 0xf0, 0xff, 0xe0, 0x5f, 0xff,
    0xe1, 0x83, 0xf9, 0xff, 0xff, 0x24, 0x1e, 0xbf,
    0xff, 0x86, 0x87, 0xff, 0x4b, 0xfa, 0x15, 0x7f,
    0xff, 0x19, 0xf, 0xfe, 0x97, 0xf4, 0x7f, 0xff,
    0xd, 0xfe, 0x43, 0xff, 0xa5, 0xfd, 0xf, 0xff,
    0xd2, 0xf, 0xe4, 0x3f, 0xfa, 0x5f, 0xd0, 0x2f,
    0xfd, 0x7, 0x7f, 0x21, 0xff, 0xd2, 0xfe, 0x82,
    0xff, 0x21, 0xf7, 0xf2, 0x1f, 0xfd, 0x2f, 0xe8,
    0x27, 0xd0, 0x7f, 0xbf, 0x90, 0xff, 0xe9, 0x7f,
    0x41, 0xff, 0xc5, 0xfe, 0x43, 0xff, 0xa5, 0xfd,
    0x7, 0xff, 0x17, 0xf9, 0xf, 0xfe, 0x97, 0xf4,
    0x1f, 0xfc, 0x5f, 0xe4, 0x3f, 0xfa, 0x5f, 0xd0,
    0x7f, 0xf1, 0x7f, 0x90, 0xff, 0xe9, 0x7f, 0x41,
    0xff, 0xc5, 0xfe, 0x43, 0xff, 0xa5, 0xfd, 0x7,
    0xff, 0x17, 0xf9, 0xf, 0xfe, 0x97, 0xf4, 0x1f,
    0xfc, 0x5f, 0xe4, 0x3f, 0xfa, 0x5f, 0xd0, 0x7f,
    0xf1, 0x7f, 0xab, 0xff, 0xa7, 0xfd, 0x7, 0xff,
    0x17, 0xff, 0xfb, 0xb0, 0x7f, 0xf1, 0x7f, 0xff,
    0xbb, 0x7, 0xff, 0x17, 0xff, 0xfb, 0xb0, 0x7f,
    0xf1, 0x7f, 0xff, 0xbb, 0x7, 0xff, 0x17, 0xf9,
    0xf, 0xfe, 0x97, 0xf4, 0x1f, 0xfc, 0x5f, 0xe4,
    0x3f, 0xfa, 0x5f, 0xd0, 0x7f, 0xf1, 0x7f, 0x90,
    0xff, 0xe9, 0x7f, 0x41, 0xff, 0xc5, 0xfe, 0x43,
    0xff, 0xa5, 0xfe, 0xf, 0xfe, 0x2f, 0xf2, 0x1f,
    0xfd, 0x2f, 0xf0, 0x7f, 0xf1, 0x1f, 0xe4, 0x3f,
    0xfa, 0x5f, 0xe0, 0xff, 0xe2, 0xaf, 0x7, 0xff,
    0x64,

    /* U+540E "后" */
    0xf, 0xff, 0xf8, 0x7f, 0xf8, 0x5a, 0x7, 0xff,
    0xb9, 0xa7, 0xf0, 0x7f, 0xfa, 0x1a, 0x7f, 0xfd,
    0x7, 0xff, 0x7d, 0x54, 0xff, 0xfe, 0x3a, 0x1f,
    0xfd, 0x45, 0xaa, 0xff, 0xfe, 0x80, 0x7f, 0xf1,
    0x5a, 0xfb, 0xff, 0xfb, 0xc1, 0xff, 0xc4, 0xff,
    0xff, 0x5, 0x16, 0xf, 0xfe, 0x2f, 0xff, 0xf5,
    0xaa, 0x50, 0x7f, 0xf3, 0xff, 0xff, 0x9b, 0x52,
    0x83, 0xff, 0xb1, 0xff, 0xfc, 0x1a, 0x97, 0x7,
    0xff, 0x8b, 0xfc, 0x1f, 0xff, 0xf, 0xf0, 0x7f,
    0xfc, 0x3f, 0xc1, 0xff, 0xf0, 0xff, 0x7, 0xff,
    0xc3, 0xfc, 0x1f, 0xff, 0xf, 0xf0, 0x7f, 0xfc,
    0x3f, 0xc1, 0xff, 0xf0, 0xff, 0x7, 0xff, 0xc3,
    0xfc, 0x1f, 0xff, 0xf, 0xff, 0xf5, 0xa1, 0xfe,
    0xff, 0xff, 0x5a, 0x1f, 0xef, 0xff, 0xf5, 0xa1,
    0xfe, 0xff, 0xff, 0x5a, 0x1f, 0xef, 0xff, 0xf5,
    0xa1, 0xfe, 0xff, 0x7, 0xff, 0x8d, 0x41, 0xff,
    0x7f, 0x41, 0xff, 0xf0, 0xfe, 0x83, 0xff, 0xe1,
    0xfd, 0x7, 0xff, 0xc3, 0xfa, 0xf, 0xff, 0x7b,
    0xfc, 0x87, 0xff, 0xbd, 0xfe, 0x43, 0xff, 0xde,
    0xff, 0x21, 0xff, 0xef, 0xbf, 0x83, 0xff, 0xe1,
    0x7f, 0x7, 0xbf, 0xff, 0xb5, 0x7, 0xff, 0xe,
    0xfe, 0xf, 0x7f, 0xff, 0x6a, 0xf, 0xfe, 0x1f,
    0xf8, 0x3d, 0xff, 0xfd, 0xa8, 0x3f, 0xf8, 0x7f,
    0xe0, 0xf7, 0xff, 0xf6, 0xa0, 0xff, 0xe1, 0xff,
    0x41, 0xef, 0xf5, 0x7f, 0xf3, 0xff, 0xa0, 0xff,
    0xe1, 0xff, 0x21, 0xef, 0xe8, 0x3f, 0xf9, 0xff,
    0xd0, 0x7f, 0xf0, 0x9f, 0xe4, 0x3d, 0xfd, 0x7,
    0xff, 0x3f, 0xf9, 0xf, 0xfe, 0x15, 0xfc, 0x1f,
    0x7f, 0x41, 0xff, 0xcf, 0xfe, 0x43, 0xff, 0x85,
    0xfe, 0xf, 0xbf, 0xa0, 0xff, 0xe7, 0xff, 0x21,
    0xff, 0xc2, 0xff, 0x7, 0xdf, 0xd0, 0x7f, 0xf3,
    0xff, 0x90, 0xff, 0xe1, 0x7f, 0x41, 0xf7, 0xf4,
    0x1f, 0xfc, 0xff, 0xe4, 0x3f, 0xf8, 0x2f, 0xf2,
    0x1f, 0x7f, 0x41, 0xff, 0xcf, 0xfe, 0x43, 0xff,
    0x83, 0x7f, 0x7, 0xef, 0xe8, 0x3f, 0xf9, 0xff,
    0xc8, 0x7f, 0xf0, 0x7f, 0xc1, 0xfb, 0xfa, 0xf,
    0xfe, 0x7f, 0xf2, 0x1f, 0xfc, 0x7, 0xfa, 0xf,
    0xdf, 0xd0, 0x7f, 0xf3, 0xff, 0x90, 0xff, 0xe0,
    0x5f, 0xc8, 0x7e, 0xfe, 0x83, 0xff, 0x9f, 0xfc,
    0x87, 0xff, 0x3, 0xfc, 0x1f, 0xdf, 0xd0, 0x7f,
    0xf3, 0xff, 0x90, 0xff, 0x9f, 0xe8, 0x3f, 0xbf,
    0xa0, 0xff, 0xe7, 0xff, 0x21, 0xff, 0x7f, 0x90,
    0xfe, 0xfe, 0x83, 0xff, 0x9f, 0xfc, 0x87, 0xf9,
    0xff, 0x7, 0xfb, 0xfa, 0xf, 0xfe, 0x7f, 0xf2,
    0x1f, 0xef, 0xf4, 0x1f, 0xef, 0xff, 0xed, 0x21,
    0xfd, 0x7f, 0x90, 0xff, 0x7f, 0xff, 0x69, 0xf,
    0xcf, 0xfc, 0x1f, 0xf7, 0xff, 0xf6, 0x90, 0xfd,
    0xff, 0x21, 0xff, 0x7f, 0xff, 0x6a, 0xf, 0xbf,
    0xf0, 0x7f, 0xf0, 0x3f, 0xcb, 0xff, 0xcf, 0xfe,
    0x83, 0xf3, 0xfc, 0x87, 0xff, 0x3, 0xfa, 0xf,
    0xfe, 0x7f, 0xf4, 0x1f, 0xe7, 0xe0, 0xff, 0xe0,
    0xff, 0x41, 0xff, 0xcf, 0xfe, 0x83, 0xff, 0x80,
    0xa0, 0xff, 0xe0, 0xff, 0x41, 0xff, 0xcf, 0xfe,
    0x83, 0xff, 0x9f, 0xfd, 0x7, 0xff, 0x3f, 0xfc,
    0x1f, 0xfc, 0xff, 0xe8, 0x3f, 0xf9, 0xff, 0xe0,
    0xff, 0xe7, 0xff, 0x41, 0xff, 0xcf, 0x5f, 0x7,
    0x80,

    /* U+5411 "向" */
    0xf, 0xff, 0xfb, 0xe9, 0xf, 0xff, 0x4b, 0xfe,
    0x43, 0xff, 0xcd, 0x7f, 0x90, 0xff, 0xf3, 0x7f,
    0xc1, 0xff, 0xe7, 0xff, 0x41, 0xff, 0xe6, 0x7f,
    0xc1, 0xff, 0xe7, 0xbf, 0xa0, 0xff, 0xf3, 0xff,
    0x83, 0xff, 0xce, 0xff, 0x83, 0xff, 0xcf, 0x7f,
    0x21, 0xff, 0xe7, 0xff, 0x7, 0xff, 0x67, 0xff,
    0xfd, 0xb7, 0xff, 0xff, 0xff, 0xff, 0xb9, 0x7f,
    0xff, 0xb6, 0xff, 0xff, 0x6d, 0xfe, 0xf, 0xff,
    0x17, 0xf5, 0x3f, 0x83, 0xff, 0xc5, 0xfd, 0x4f,
    0xe0, 0xff, 0xf1, 0x7f, 0x53, 0xf8, 0x3f, 0xfc,
    0x5f, 0xd4, 0xfe, 0xf, 0xff, 0x17, 0xf5, 0x3f,
    0x83, 0xff, 0xc5, 0xfd, 0x4f, 0xe0, 0xff, 0xf1,
    0x7f, 0x53, 0xf8, 0x3f, 0xfc, 0x5f, 0xd4, 0xfe,
    0xf, 0xff, 0x17, 0xf5, 0x3f, 0x83, 0xff, 0xc5,
    0xfd, 0x4f, 0xe0, 0xfe, 0xff, 0xfe, 0x78, 0x7f,
    0xbf, 0xa9, 0xfc, 0x1f, 0xdf, 0xff, 0xcf, 0xf,
    0xf7, 0xf5, 0x3f, 0x83, 0xfb, 0xff, 0xf9, 0xe1,
    0xfe, 0xfe, 0xa7, 0xf0, 0x7f, 0x7f, 0xff, 0x3c,
    0x3f, 0xdf, 0xd4, 0xfe, 0xf, 0xef, 0xf5, 0x7f,
    0xf0, 0xff, 0xc1, 0xfe, 0xfe, 0xa7, 0xf0, 0x7f,
    0x7f, 0x41, 0xff, 0xc3, 0xff, 0x7, 0xfb, 0xfa,
    0x9f, 0xc1, 0xfd, 0xfd, 0x7, 0xff, 0xf, 0xfc,
    0x1f, 0xef, 0xea, 0x7f, 0x7, 0xf7, 0xf4, 0x1f,
    0xfc, 0x3f, 0xf0, 0x7f, 0xbf, 0xa9, 0xfc, 0x1f,
    0xdf, 0xd0, 0x7f, 0xf0, 0xff, 0xc1, 0xfe, 0xfe,
    0xa7, 0xf0, 0x7f, 0x7f, 0x41, 0xff, 0xc3, 0xff,
    0x7, 0xfb, 0xfa, 0x9f, 0xc1, 0xfd, 0xfd, 0x7,
    0xff, 0xf, 0xfc, 0x1f, 0xef, 0xea, 0x7f, 0x7,
    0xf7, 0xf4, 0x1f, 0xfc, 0x3f, 0xf0, 0x7f, 0xbf,
    0xa9, 0xfc, 0x1f, 0xdf, 0xd0, 0x7f, 0xf0, 0xff,
    0xc1, 0xfe, 0xfe, 0xa7, 0xf0, 0x7f, 0x7f, 0x41,
    0xff, 0xc3, 0xff, 0x7, 0xfb, 0xfa, 0x9f, 0xc1,
    0xfd, 0xfd, 0x7, 0xff, 0xf, 0xfc, 0x1f, 0xef,
    0xea, 0x7f, 0x7, 0xf7, 0xf4, 0x1f, 0xfc, 0x3f,
    0xf0, 0x7f, 0xbf, 0xa9, 0xfc, 0x1f, 0xdf, 0xd0,
    0x7f, 0xf0, 0xff, 0xc1, 0xfe, 0xfe, 0xa7, 0xf0,
    0x7f, 0x7f, 0xab, 0xff, 0x87, 0xfe, 0xf, 0xf7,
    0xf5, 0x3f, 0x83, 0xfb, 0xff, 0xf9, 0xe1, 0xfe,
    0xfe, 0xa7, 0xf0, 0x7f, 0x7f, 0xff, 0x3c, 0x3f,
    0xdf, 0xd4, 0xfe, 0xf, 0xef, 0xff, 0xe7, 0x87,
    0xfb, 0xfa, 0x9f, 0xc1, 0xfd, 0xff, 0xfc, 0xf0,
    0xff, 0x7f, 0x53, 0xf8, 0x3f, 0xfc, 0x5f, 0xd4,
    0xfe, 0xf, 0xff, 0x17, 0xf5, 0x3f, 0x83, 0xff,
    0xc5, 0xfd, 0x4f, 0xe0, 0xff, 0xf1, 0x7f, 0x53,
    0xf8, 0x3f, 0xfc, 0x5f, 0xd4, 0xfe, 0xf, 0xff,
    0x17, 0xf5, 0x3f, 0x83, 0xff, 0xc5, 0xfd, 0x4f,
    0xe0, 0xff, 0xf1, 0x7f, 0x5f, 0xe0, 0xff, 0xf0,
    0xbf, 0xcf, 0xf8, 0x3f, 0xfb, 0xc, 0xbe, 0xbf,
    0xcf, 0xf8, 0x3f, 0xfb, 0x3f, 0xff, 0xc2, 0x3f,
    0xc1, 0xff, 0xd9, 0xbf, 0xff, 0x82, 0x7f, 0x83,
    0xff, 0xb5, 0xff, 0xfc, 0x4, 0xff, 0x7, 0xff,
    0x6b, 0xff, 0xe8, 0x1f, 0xe0, 0xff, 0xed, 0x3f,
    0xfa, 0x42, 0xaf, 0x7, 0xff, 0x6f, 0xd4, 0x50,
    0x7c,

    /* U+54E5 "哥" */
    0xc, 0xa0, 0xff, 0xf4, 0xa1, 0xfb, 0xff, 0xfd,
    0x88, 0x7d, 0xff, 0xfe, 0xc4, 0x3e, 0xff, 0xff,
    0x62, 0x1f, 0x7f, 0xff, 0xb1, 0xf, 0xab, 0xcb,
    0xff, 0xd8, 0xff, 0x4a, 0xae, 0xf, 0xff, 0x37,
    0xf8, 0x3f, 0xfd, 0xdf, 0xe0, 0xff, 0xf7, 0x7f,
    0x83, 0xff, 0x94, 0xff, 0xff, 0x40, 0x3e, 0xff,
    0x7, 0xff, 0x29, 0xff, 0xfe, 0x80, 0x7d, 0xfe,
    0xf, 0xfe, 0x53, 0xff, 0xfd, 0x0, 0xfb, 0xfc,
    0x1f, 0xfc, 0xa7, 0xff, 0xfa, 0x1, 0xf7, 0xf8,
    0x3f, 0xf9, 0x4f, 0xf0, 0x7f, 0xf1, 0xaf, 0xc1,
    0xf7, 0xf8, 0x3f, 0xf9, 0x4f, 0xf0, 0x7f, 0xf1,
    0xaf, 0xc1, 0xf7, 0xf8, 0x3f, 0xf9, 0x4f, 0xf0,
    0x7f, 0xf1, 0xaf, 0xc1, 0xf7, 0xf8, 0x3f, 0xf9,
    0x4f, 0xf0, 0x7f, 0xf1, 0xaf, 0xc1, 0xf7, 0xf8,
    0x3f, 0xf9, 0x4f, 0xf0, 0x7f, 0xf1, 0xaf, 0xc1,
    0xf7, 0xf8, 0x3f, 0xf9, 0x4f, 0xf0, 0x7f, 0xf1,
    0xaf, 0xc1, 0xf7, 0xf8, 0x3f, 0xf9, 0x4f, 0xf2,
    0xff, 0xf1, 0xbf, 0x83, 0xef, 0xf0, 0x7f, 0xf2,
    0x9f, 0xff, 0xe8, 0x7, 0xdf, 0xe0, 0xff, 0xe5,
    0x3f, 0xff, 0xd0, 0xf, 0xbf, 0xc1, 0xff, 0xca,
    0xbf, 0xff, 0xa0, 0x1f, 0x7f, 0x83, 0xff, 0x94,
    0xff, 0xff, 0x40, 0x3e, 0xff, 0x7, 0xff, 0xbb,
    0xfc, 0x1f, 0xfe, 0xef, 0xf0, 0x7f, 0xff, 0xc3,
    0xff, 0xeb, 0x7f, 0xff, 0xce, 0xff, 0xff, 0x9d,
    0xff, 0xff, 0x3b, 0xff, 0xfe, 0x6b, 0xff, 0xe2,
    0xbf, 0x97, 0xff, 0x80, 0x1f, 0xfe, 0x2b, 0xf8,
    0x3f, 0xfd, 0xd7, 0xf0, 0x7f, 0xfb, 0xaf, 0xe0,
    0xff, 0xf7, 0x5f, 0xc1, 0xff, 0xc8, 0xbf, 0xff,
    0xa2, 0x1f, 0xaf, 0xe0, 0xff, 0xe4, 0x3f, 0xff,
    0xd1, 0xf, 0xd7, 0xf0, 0x7f, 0xf2, 0x1f, 0xff,
    0xe8, 0x87, 0xeb, 0xf8, 0x3f, 0xf9, 0xf, 0xff,
    0xf4, 0x43, 0xf5, 0xfc, 0x1f, 0xfc, 0x87, 0xf8,
    0x3f, 0xf8, 0xff, 0xc1, 0xfa, 0xfe, 0xf, 0xfe,
    0x43, 0xfc, 0x1f, 0xfc, 0x7f, 0xe0, 0xfd, 0x7f,
    0x7, 0xff, 0x21, 0xfe, 0xf, 0xfe, 0x3f, 0xf0,
    0x7e, 0xbf, 0x83, 0xff, 0x90, 0xff, 0x7, 0xff,
    0x1f, 0xf8, 0x3f, 0x5f, 0xc1, 0xff, 0xc8, 0x7f,
    0x83, 0xff, 0x8f, 0xfc, 0x1f, 0xaf, 0xe0, 0xff,
    0xe4, 0x3f, 0xc1, 0xff, 0xc7, 0xfe, 0xf, 0xd7,
    0xf0, 0x7f, 0xf2, 0x1f, 0xe5, 0xff, 0xe3, 0x5f,
    0xc1, 0xfa, 0xfe, 0xf, 0xfe, 0x43, 0xff, 0xfd,
    0x10, 0xfd, 0x7f, 0x7, 0xff, 0x21, 0xff, 0xfe,
    0x88, 0x7e, 0xbf, 0x83, 0xff, 0x90, 0xff, 0xff,
    0x44, 0x3f, 0x5f, 0xc1, 0xff, 0xc8, 0x7f, 0xff,
    0xa2, 0x1f, 0xaf, 0xe0, 0xff, 0xe4, 0x3f, 0xc1,
    0xff, 0xc7, 0xfe, 0xf, 0xd7, 0xf0, 0x7f, 0xf2,
    0x1f, 0xe0, 0xff, 0xe3, 0xff, 0x7, 0xeb, 0xf8,
    0x3f, 0xf9, 0xf, 0xf0, 0x7f, 0xf5, 0x3f, 0xc1,
    0xff, 0xc8, 0x6b, 0x83, 0xff, 0xa7, 0x7f, 0x83,
    0xff, 0xcc, 0xd7, 0x7f, 0xe0, 0xff, 0xf3, 0xff,
    0xff, 0x4, 0x3f, 0xfc, 0xf7, 0xff, 0xd0, 0x7f,
    0xf9, 0xdf, 0xff, 0x83, 0xff, 0xd3, 0xff, 0xe4,
    0x3f, 0xfd, 0x37, 0xfc, 0x87, 0xff, 0xae, 0xf4,
    0xa0, 0xff, 0xff, 0x87, 0xc0,

    /* U+56DB "四" */
    0x5f, 0xff, 0x77, 0xff, 0xff, 0xff, 0xff, 0xff,
    0xff, 0xfc, 0xbb, 0xff, 0xfd, 0xb7, 0xf8, 0x3f,
    0xf8, 0x2f, 0xf0, 0x7c, 0xff, 0x7, 0xff, 0xb,
    0xfa, 0xff, 0x7, 0xff, 0x5, 0xfe, 0xf, 0x9f,
    0xe0, 0xff, 0xe1, 0x7f, 0x5f, 0xe0, 0xff, 0xe0,
    0xbf, 0xc1, 0xf3, 0xfc, 0x1f, 0xfc, 0x2f, 0xeb,
    0xfc, 0x1f, 0xfc, 0x17, 0xf8, 0x3e, 0x7f, 0x83,
    0xff, 0x85, 0xfd, 0x4f, 0xe0, 0xff, 0xe0, 0xbf,
    0xc1, 0xf3, 0xfc, 0x1f, 0xfc, 0x2f, 0xea, 0x7f,
    0x7, 0xff, 0x5, 0xfe, 0xf, 0x9f, 0xe0, 0xff,
    0xe1, 0x7f, 0x53, 0xf8, 0x3f, 0xf8, 0x2f, 0xf0,
    0x7c, 0xff, 0x7, 0xff, 0xb, 0xfa, 0x9f, 0xc1,
    0xff, 0xc1, 0xbf, 0x83, 0xe7, 0xf8, 0x3f, 0xf8,
    0x5f, 0xd4, 0xfe, 0xf, 0xfe, 0xd, 0xfa, 0xf,
    0x9f, 0xe0, 0xff, 0xe1, 0x7f, 0x53, 0xf8, 0x3f,
    0xf8, 0x37, 0xe8, 0x3e, 0x7f, 0x83, 0xff, 0x85,
    0xfd, 0x4f, 0xe0, 0xff, 0xe0, 0xff, 0x41, 0xf3,
    0xfc, 0x1f, 0xfc, 0x2f, 0xea, 0x7f, 0x7, 0xff,
    0x7, 0xf9, 0xf, 0x9f, 0xe0, 0xff, 0xe1, 0x7f,
    0x53, 0xf8, 0x3f, 0xf8, 0x3f, 0xc8, 0x7c, 0xff,
    0x7, 0xff, 0xb, 0xfa, 0x9f, 0xc1, 0xff, 0xc1,
    0xfe, 0xf, 0xcf, 0xf0, 0x7f, 0xf0, 0xbf, 0xa9,
    0xfc, 0x1f, 0xfc, 0x7, 0xf8, 0x3f, 0x3f, 0xc1,
    0xff, 0xc2, 0xfe, 0xa7, 0xf0, 0x7f, 0xf0, 0x2f,
    0xe0, 0xfc, 0xff, 0x7, 0xff, 0xb, 0xfa, 0x9f,
    0xc1, 0xff, 0xc0, 0xfe, 0x83, 0xf3, 0xfc, 0x1f,
    0xfc, 0x2f, 0xea, 0x7f, 0x7, 0xff, 0x3, 0xf9,
    0xf, 0xcf, 0xf0, 0x7f, 0xf0, 0xbf, 0xa9, 0xfc,
    0x1f, 0xf5, 0xfc, 0x1f, 0xcf, 0xf0, 0x7f, 0xf0,
    0xbf, 0xa9, 0xfc, 0x1f, 0xf7, 0xf4, 0x1f, 0xcf,
    0xf0, 0x7f, 0xf0, 0xbf, 0xa9, 0xfc, 0x1f, 0xe7,
    0xf9, 0xf, 0xe7, 0xf8, 0x3f, 0xf8, 0x5f, 0xd4,
    0xfe, 0xf, 0xf7, 0xf8, 0x3f, 0xcf, 0xf0, 0x7f,
    0xf0, 0xbf, 0xa9, 0xfc, 0x1f, 0xcf, 0xf2, 0x1f,
    0xe7, 0xf8, 0x3f, 0xf8, 0x5f, 0xd4, 0xfe, 0xf,
    0xef, 0xf0, 0x7f, 0xcf, 0xf0, 0x7f, 0xf0, 0xbf,
    0xa9, 0xfc, 0x1f, 0xaf, 0xe4, 0x3f, 0xe7, 0xf8,
    0x3f, 0xf8, 0x5f, 0xd4, 0xfe, 0xf, 0x9f, 0xf0,
    0x7f, 0xf0, 0x1f, 0xe0, 0xff, 0xe1, 0x7f, 0x53,
    0xf8, 0x3e, 0xff, 0x21, 0xff, 0xc0, 0x7f, 0xc1,
    0xff, 0xc1, 0xfe, 0xa7, 0xf0, 0x7b, 0xfd, 0x7,
    0xff, 0x5, 0xff, 0xfe, 0x22, 0xf, 0xea, 0x7f,
    0x7, 0x7f, 0xc1, 0xff, 0xc3, 0xff, 0xfe, 0x20,
    0x5f, 0xd4, 0xfe, 0xd, 0xff, 0x21, 0xff, 0xc3,
    0xbf, 0xff, 0x85, 0x5, 0xfd, 0x4f, 0xe0, 0xbf,
    0xe8, 0x3f, 0xf8, 0xbf, 0xff, 0xc2, 0x42, 0xfe,
    0xa7, 0xf0, 0xff, 0xd0, 0x7f, 0xf1, 0xef, 0xff,
    0xe0, 0x6, 0xfe, 0xa7, 0xf0, 0x1f, 0xf0, 0x7f,
    0xf6, 0x7f, 0xa9, 0xfc, 0x1b, 0xf0, 0x7f, 0xf6,
    0xbf, 0xa9, 0xfc, 0x1d, 0x61, 0xff, 0xdb, 0xfe,
    0xa7, 0xf0, 0x7f, 0xf8, 0xbf, 0xa9, 0xfc, 0x1f,
    0xfe, 0x2f, 0xea, 0x7f, 0x7, 0xff, 0x8b, 0xfa,
    0x9f, 0xc1, 0xff, 0xe2, 0xfe, 0xa7, 0xf0, 0x7f,
    0xf8, 0xbf, 0xa9, 0xfc, 0x1f, 0xfe, 0x2f, 0xea,
    0x7f, 0x7, 0xff, 0x8b, 0xfa, 0x9f, 0xc1, 0xff,
    0xe2, 0xfe, 0xa7, 0xf0, 0x7f, 0xf8, 0xbf, 0xa9,
    0xff, 0xfe, 0xcb, 0xff, 0xfd, 0xb7, 0xff, 0xfb,
    0x6f, 0xff, 0xf6, 0xdf, 0xea, 0xff, 0xf0, 0xff,
    0xaf, 0xf0, 0x7f, 0xf8, 0xbf, 0xaf, 0xf0, 0x7f,
    0xf8, 0xbf, 0xaf, 0xf0, 0x7f, 0xf8, 0xbf, 0xaf,
    0xf0, 0x7f, 0xf8, 0xbf, 0xff, 0x80, 0x1f, 0xfe,
    0x2f, 0xf5, 0x78, 0x3f, 0xfd, 0x0,

    /* U+56FD "国" */
    0xff, 0xff, 0x71, 0xff, 0xfe, 0xe3, 0xff, 0xfd,
    0xc7, 0xff, 0xfb, 0x8f, 0xe9, 0x7f, 0xfc, 0x57,
    0xf1, 0xfd, 0x7, 0xff, 0x89, 0xfe, 0x3f, 0xa0,
    0xff, 0xf1, 0x3f, 0xc7, 0xf4, 0x1f, 0xfe, 0x27,
    0xf8, 0xbf, 0x41, 0xff, 0xe2, 0x7f, 0x8b, 0xf4,
    0x1f, 0xfe, 0x27, 0xf8, 0xbf, 0x41, 0xff, 0xe2,
    0x7f, 0x8b, 0xf4, 0x1e, 0x50, 0x7f, 0xf4, 0xd4,
    0x1c, 0xff, 0x17, 0xe8, 0x3d, 0xff, 0xfd, 0x70,
    0xe7, 0xf8, 0xbf, 0x41, 0xef, 0xff, 0xeb, 0x87,
    0x3f, 0xc5, 0xfa, 0xf, 0x7f, 0xff, 0x5c, 0x39,
    0xfe, 0x2f, 0xd0, 0x7b, 0xff, 0xfa, 0xe1, 0xcf,
    0xf1, 0x7e, 0x83, 0xd5, 0xf2, 0xfa, 0xfe, 0x5f,
    0xf5, 0x78, 0x39, 0xfe, 0x2f, 0xd0, 0x7f, 0xf2,
    0x3f, 0x83, 0xff, 0x92, 0xff, 0x17, 0xe8, 0x3f,
    0xf9, 0x1f, 0xc1, 0xff, 0xc9, 0x7f, 0x8b, 0xf4,
    0x1f, 0xfc, 0x8f, 0xe0, 0xff, 0xe4, 0xbf, 0xc5,
    0xfa, 0xf, 0xfe, 0x47, 0xf0, 0x7f, 0xf2, 0x5f,
    0xe2, 0xfd, 0x7, 0xff, 0x23, 0xf8, 0x3f, 0xf9,
    0x2f, 0xf1, 0x7e, 0x83, 0xff, 0x91, 0xfc, 0x1f,
    0xfc, 0x97, 0xf8, 0xbf, 0x41, 0xff, 0xc8, 0xfe,
    0xf, 0xfe, 0x4b, 0xfc, 0x5f, 0xa0, 0xff, 0xe4,
    0x7f, 0x7, 0xff, 0x25, 0xfe, 0x2f, 0xd0, 0x7c,
    0xb8, 0x3f, 0x3f, 0xc1, 0xfe, 0x5c, 0x1f, 0x3f,
    0xc5, 0xfa, 0xf, 0xbf, 0xff, 0xa9, 0x7, 0x9f,
    0xe2, 0xfd, 0x7, 0xdf, 0xff, 0xd4, 0x83, 0xcf,
    0xf1, 0x7e, 0x83, 0xef, 0xff, 0xea, 0x41, 0xe7,
    0xf8, 0xbf, 0x41, 0xf7, 0xff, 0xf5, 0x20, 0xf3,
    0xfc, 0x5f, 0xa0, 0xfa, 0xa5, 0xff, 0x7f, 0x2f,
    0xff, 0x2, 0x88, 0x79, 0xfe, 0x2f, 0xd0, 0x7f,
    0xf2, 0x3f, 0x83, 0xff, 0x92, 0xff, 0x17, 0xe8,
    0x3f, 0xf9, 0x1f, 0xc1, 0xf2, 0x1f, 0xfc, 0x17,
    0xf8, 0xbf, 0x41, 0xff, 0xc8, 0xfe, 0xf, 0x5e,
    0xf, 0xfe, 0x3, 0xfc, 0x5f, 0xa0, 0xff, 0xe4,
    0x7f, 0x7, 0x7f, 0x7, 0xfc, 0xff, 0x17, 0xe8,
    0x3f, 0xf9, 0x1f, 0xc1, 0xbf, 0xe0, 0xff, 0x3f,
    0xc5, 0xfa, 0xf, 0xfe, 0x47, 0xf0, 0x67, 0xfe,
    0xf, 0xe7, 0xf8, 0xbf, 0x41, 0xff, 0xc8, 0xfe,
    0xe, 0x7f, 0xd0, 0x7e, 0x7f, 0x8b, 0xf4, 0x1f,
    0xfc, 0x8f, 0xe0, 0xf5, 0xfd, 0x7, 0xe7, 0xf8,
    0xbf, 0x41, 0xff, 0xc8, 0xfe, 0xf, 0xbf, 0x21,
    0xfc, 0xff, 0x17, 0xe8, 0x3f, 0xf9, 0x1f, 0xc1,
    0xfb, 0x83, 0xfe, 0x7f, 0x8b, 0xf4, 0x1f, 0xfc,
    0x8f, 0xe0, 0xff, 0xe4, 0xbf, 0xc5, 0xfa, 0xc,
    0xa0, 0xff, 0xe1, 0x7f, 0x7, 0xff, 0x11, 0xc,
    0xff, 0x17, 0xe8, 0x37, 0xff, 0xf6, 0x90, 0x9f,
    0xe2, 0xfd, 0x6, 0xff, 0xfe, 0xd2, 0x13, 0xfc,
    0x5f, 0xa0, 0xdf, 0xff, 0xda, 0x42, 0x7f, 0x8b,
    0xf4, 0x1b, 0xff, 0xfb, 0x48, 0x4f, 0xf1, 0x7e,
    0x83, 0x57, 0xcb, 0xff, 0xce, 0xae, 0xc, 0xff,
    0x17, 0xe8, 0x3f, 0xfc, 0x4f, 0xf1, 0x7e, 0x83,
    0xff, 0xc4, 0xff, 0x17, 0xe8, 0x3f, 0xfc, 0x4f,
    0xf1, 0x7e, 0x83, 0xff, 0xc4, 0xff, 0x17, 0xe8,
    0x3f, 0xfc, 0x4f, 0xf1, 0xfd, 0x7, 0xff, 0x89,
    0xfe, 0x3f, 0xa0, 0xff, 0xf1, 0x5f, 0xc7, 0xff,
    0xfb, 0x8f, 0xff, 0xf7, 0x1f, 0xff, 0xee, 0x3f,
    0xff, 0xdc, 0x7f, 0x41, 0xff, 0xe2, 0x7f, 0x8f,
    0xe8, 0x3f, 0xfc, 0x4f, 0xf1, 0xfd, 0x7, 0xff,
    0x89, 0xfe, 0x3f, 0xa0, 0xff, 0xf1, 0x3f, 0xc2,
    0xf0, 0x7f, 0xfa, 0x80,

    /* U+571F "土" */
    0xf, 0xfe, 0x93, 0x5e, 0xf, 0xff, 0x8b, 0xfe,
    0xf, 0xff, 0x8b, 0xfe, 0xf, 0xff, 0x8b, 0xfe,
    0xf, 0xff, 0x8b, 0xfe, 0xf, 0xff, 0x8b, 0xfe,
    0xf, 0xff, 0x8b, 0xfe, 0xf, 0xff, 0x8b, 0xfe,
    0xf, 0xff, 0x8b, 0xfe, 0xf, 0xff, 0x8b, 0xfe,
    0xf, 0xff, 0x8b, 0xfe, 0xf, 0xff, 0x8b, 0xfe,
    0xf, 0xff, 0x8b, 0xfe, 0xf, 0xff, 0x8b, 0xfe,
    0xf, 0xff, 0x8b, 0xfe, 0xf, 0xff, 0x8b, 0xfe,
    0xf, 0xff, 0x8b, 0xfe, 0xf, 0xff, 0x8b, 0xfe,
    0xf, 0xff, 0x8b, 0xfe, 0xf, 0xff, 0x8b, 0xfe,
    0xf, 0xff, 0x8b, 0xfe, 0xf, 0xfe, 0xcb, 0xf5,
    0x7f, 0xf2, 0x7f, 0xd5, 0xff, 0xc9, 0xfa, 0xf,
    0xfe, 0x3, 0xff, 0xfe, 0xa8, 0x3f, 0xf8, 0xf,
    0xff, 0xfa, 0xa0, 0xff, 0xe0, 0x3f, 0xff, 0xea,
    0x83, 0xff, 0x80, 0xff, 0xff, 0xaa, 0xf, 0xfe,
    0x3, 0xff, 0xfe, 0xa8, 0x3f, 0xf8, 0x28, 0x7f,
    0xf2, 0x9f, 0xf0, 0x7f, 0xfc, 0x5f, 0xf0, 0x7f,
    0xfc, 0x5f, 0xf0, 0x7f, 0xfc, 0x5f, 0xf0, 0x7f,
    0xfc, 0x5f, 0xf0, 0x7f, 0xfc, 0x5f, 0xf0, 0x7f,
    0xfc, 0x5f, 0xf0, 0x7f, 0xfc, 0x5f, 0xf0, 0x7f,
    0xfc, 0x5f, 0xf0, 0x7f, 0xfc, 0x5f, 0xf0, 0x7f,
    0xfc, 0x5f, 0xf0, 0x7f, 0xfc, 0x5f, 0xf0, 0x7f,
    0xfc, 0x5f, 0xf0, 0x7f, 0xfc, 0x5f, 0xf0, 0x7f,
    0xfc, 0x5f, 0xf0, 0x7f, 0xfc, 0x5f, 0xf0, 0x7f,
    0xfc, 0x5f, 0xf0, 0x7f, 0xfc, 0x5f, 0xf0, 0x7f,
    0xfc, 0x5f, 0xf0, 0x7f, 0xfc, 0x5f, 0xf0, 0x7f,
    0xfc, 0x5f, 0xf0, 0x7f, 0xfc, 0x5f, 0xf0, 0x7f,
    0xfc, 0x5f, 0xf0, 0x7f, 0xfc, 0x5f, 0xf0, 0x7f,
    0xfc, 0x5f, 0xf0, 0x7f, 0xfc, 0x5f, 0xf0, 0x7f,
    0xfc, 0x5f, 0xf0, 0x7f, 0xf5, 0x10, 0xff, 0xe8,
    0x3f, 0xe0, 0xff, 0xe8, 0xa0, 0xff, 0xff, 0xb2,
    0x7f, 0xff, 0xd9, 0x3f, 0xff, 0xec, 0x9f, 0xff,
    0xf6, 0x4f, 0xff, 0xfb, 0x25, 0x17, 0xff, 0xe5,
    0x40,

    /* U+5728 "在" */
    0xf, 0xfe, 0x85, 0x10, 0xff, 0xf9, 0xff, 0x48,
    0x7f, 0xfb, 0xff, 0xe0, 0xff, 0xf7, 0xff, 0xa0,
    0xff, 0xf7, 0x3f, 0xe0, 0xff, 0xf7, 0xdf, 0xd0,
    0x7f, 0xfb, 0xff, 0xc8, 0x7f, 0xfb, 0x9f, 0xf0,
    0x7f, 0xfb, 0xef, 0xe8, 0x3f, 0xfd, 0xff, 0xe4,
    0x3f, 0xfd, 0xcf, 0xf8, 0x3f, 0xfb, 0x6b, 0x7,
    0xff, 0x16, 0xfe, 0x83, 0xff, 0xa4, 0xb0, 0x7b,
    0xff, 0xfe, 0x1, 0xef, 0xff, 0xf8, 0x7, 0xbf,
    0xff, 0xe0, 0x1e, 0xff, 0xff, 0x80, 0x7b, 0xfa,
    0xbf, 0xf8, 0x3f, 0xf5, 0x7f, 0xf4, 0xbf, 0x83,
    0xff, 0x99, 0xfe, 0x43, 0xff, 0xdf, 0xfe, 0xf,
    0xff, 0x7d, 0xfc, 0x87, 0xff, 0xbf, 0xfc, 0x1f,
    0xfc, 0x5, 0xe0, 0xff, 0xef, 0x5f, 0xc8, 0x7f,
    0xd7, 0xf2, 0x1f, 0xfd, 0xc7, 0xfc, 0x1f, 0xfc,
    0xb, 0xf9, 0xf, 0xfe, 0xe7, 0xf9, 0xf, 0xfe,
    0x3, 0xfc, 0x87, 0xff, 0x6e, 0xff, 0x7, 0xff,
    0x5, 0xfe, 0x43, 0xff, 0xb4, 0xff, 0x90, 0xff,
    0xe0, 0xbf, 0xc8, 0x7f, 0xf6, 0xbf, 0xd0, 0x7f,
    0xf0, 0x9f, 0xe4, 0x3f, 0xfa, 0xbf, 0xff, 0x7,
    0xff, 0xd, 0xfe, 0x43, 0xff, 0xab, 0xff, 0xe4,
    0x3f, 0xf8, 0x6f, 0xf2, 0x1f, 0xfd, 0x5f, 0xff,
    0x7, 0xff, 0x11, 0xfe, 0x43, 0xff, 0xab, 0xff,
    0xc1, 0xff, 0xc5, 0x7f, 0x90, 0xff, 0xea, 0xff,
    0xe4, 0x3f, 0xf8, 0xaf, 0xf2, 0x1f, 0xfd, 0x5f,
    0xfa, 0xf, 0xfe, 0x33, 0xfc, 0x87, 0xff, 0x53,
    0xff, 0x6, 0x6b, 0xf2, 0xfa, 0xfe, 0x97, 0xea,
    0xfc, 0x1f, 0xfc, 0x4f, 0xfc, 0x86, 0xbf, 0xff,
    0xb0, 0x1f, 0xfc, 0x3b, 0xfe, 0x83, 0xaf, 0xff,
    0xec, 0x7, 0xff, 0xa, 0xff, 0xd0, 0x75, 0xff,
    0xfd, 0x80, 0xff, 0xe0, 0xff, 0xfa, 0xe, 0xbf,
    0xff, 0xb0, 0x1f, 0xfc, 0xf, 0xff, 0xa0, 0xe6,
    0x5f, 0xfe, 0xd, 0xfc, 0xbf, 0xfc, 0x2a, 0x7,
    0xf9, 0xff, 0xfe, 0x4, 0x1f, 0xfc, 0x87, 0xf9,
    0xf, 0xfe, 0x63, 0xff, 0xfc, 0x18, 0x3f, 0xf9,
    0xf, 0xf2, 0x1f, 0xfc, 0xbb, 0xff, 0x1f, 0xd0,
    0x7f, 0xf2, 0x1f, 0xe4, 0x3f, 0xf9, 0x2f, 0xff,
    0x3, 0xfa, 0xf, 0xfe, 0x43, 0xfc, 0x87, 0xff,
    0x21, 0xff, 0xe0, 0xbf, 0xa0, 0xff, 0xe4, 0x3f,
    0xc8, 0x7f, 0xf2, 0x5f, 0xf4, 0x1b, 0xfa, 0xf,
    0xfe, 0x43, 0xfc, 0x87, 0xff, 0x2f, 0xf4, 0x1d,
    0xfd, 0x7, 0xff, 0x21, 0xfe, 0x43, 0xff, 0x99,
    0xe4, 0x3d, 0xfd, 0x7, 0xff, 0x21, 0xfe, 0x43,
    0xff, 0xab, 0xfd, 0x7, 0xff, 0x21, 0xfe, 0x43,
    0xff, 0xab, 0xfd, 0x7, 0xff, 0x21, 0xfe, 0x43,
    0xff, 0xab, 0xfd, 0x7, 0xff, 0x21, 0xfe, 0x43,
    0xff, 0xab, 0xfd, 0x7, 0xff, 0x21, 0xfe, 0x43,
    0xff, 0xab, 0xfd, 0x7, 0xff, 0x21, 0xfe, 0x43,
    0xff, 0xab, 0xfd, 0x7, 0xff, 0x21, 0xfe, 0x43,
    0xff, 0xab, 0xfd, 0x7, 0xff, 0x21, 0xfe, 0x43,
    0xff, 0xab, 0xfd, 0x7, 0xff, 0x21, 0xfe, 0x43,
    0xff, 0xab, 0xfd, 0x7, 0xff, 0x21, 0xfe, 0x43,
    0xff, 0xab, 0xfd, 0x7, 0xff, 0x21, 0xfe, 0x43,
    0xff, 0xab, 0xfd, 0x1, 0xff, 0xfe, 0xfc, 0x1f,
    0xfc, 0x1f, 0xe8, 0xf, 0xff, 0xf7, 0xe0, 0xff,
    0xe0, 0xff, 0x40, 0x7f, 0xff, 0xbf, 0x7, 0xff,
    0x7, 0xfa, 0x3, 0xff, 0xfd, 0xf8, 0x3f, 0xf8,
    0x3f, 0xd0, 0x1f, 0xd5, 0xff, 0xd8, 0xf9, 0xf,
    0xfe, 0xf, 0xf4, 0x1f, 0xff, 0xf, 0xe8, 0x3f,
    0xfe, 0x1f, 0xd0, 0x7f, 0xfc, 0x3f, 0xc1, 0xff,
    0xff, 0xf, 0xfe, 0xd0,

    /* U+5730 "地" */
    0xf, 0xfe, 0xf7, 0xf4, 0x1f, 0xff, 0x2f, 0xf0,
    0x7f, 0xf4, 0xbf, 0xc8, 0x7f, 0xf3, 0x7f, 0xa0,
    0xff, 0xe9, 0x7f, 0x90, 0xff, 0xe6, 0xff, 0x41,
    0xff, 0xd2, 0xbf, 0x83, 0xff, 0x9d, 0xfd, 0x7,
    0xff, 0x4a, 0xfe, 0xf, 0xfe, 0x77, 0xf4, 0x1f,
    0xfd, 0x2b, 0xf8, 0x3f, 0xf9, 0xdf, 0xd0, 0x7f,
    0xf4, 0xaf, 0xe0, 0xff, 0xe7, 0x7f, 0x41, 0xff,
    0xd2, 0xbf, 0x83, 0xff, 0x80, 0xff, 0x7, 0xef,
    0xe8, 0x3f, 0xfa, 0x57, 0xf0, 0x7f, 0xf0, 0x1f,
    0xe0, 0xfd, 0xfd, 0x7, 0xff, 0x4a, 0xfe, 0xf,
    0xfe, 0x3, 0xfc, 0x1f, 0xbf, 0xa0, 0xff, 0xe9,
    0x5f, 0xc1, 0xff, 0xc0, 0x7f, 0x83, 0xf7, 0xf4,
    0x1f, 0xfd, 0x2b, 0xf8, 0x3f, 0xf8, 0xf, 0xf0,
    0x7e, 0xfe, 0x83, 0xff, 0xa5, 0x7f, 0x7, 0xff,
    0x7, 0xf8, 0x3f, 0x7f, 0x41, 0xff, 0xd2, 0xbf,
    0x83, 0xff, 0x83, 0xfc, 0x1f, 0xbf, 0xa0, 0xff,
    0xe9, 0x5f, 0xc1, 0xff, 0xc1, 0xfe, 0xf, 0xdf,
    0xd0, 0x7f, 0xcf, 0x83, 0xff, 0x89, 0x7f, 0x7,
    0xff, 0x7, 0xf8, 0x3f, 0x7f, 0x41, 0xf9, 0xfe,
    0xf, 0xfe, 0x25, 0xfc, 0x1f, 0xfc, 0x1f, 0xe0,
    0xfd, 0xfd, 0x7, 0x3f, 0xf8, 0x3f, 0xf8, 0x97,
    0xf0, 0x7f, 0xf0, 0x7f, 0x83, 0xf7, 0xf4, 0xb,
    0xff, 0xe0, 0xff, 0xe2, 0x5f, 0xc1, 0xff, 0xc1,
    0xfe, 0xf, 0xdf, 0xff, 0xc8, 0xf, 0xdd, 0x7d,
    0xfe, 0xaf, 0xc8, 0x6f, 0xe0, 0xfd, 0xff, 0xfc,
    0x80, 0xf9, 0xff, 0xfe, 0x52, 0x1b, 0xf8, 0x3c,
    0xdf, 0xff, 0xc8, 0xf, 0x9f, 0xff, 0xe5, 0x21,
    0xbf, 0x83, 0x5f, 0xff, 0xc3, 0x87, 0xf8, 0x3e,
    0x7f, 0xff, 0x94, 0x86, 0xfe, 0x1f, 0xff, 0xe1,
    0x48, 0x67, 0xf8, 0x3e, 0x7f, 0xff, 0x94, 0x86,
    0xff, 0xfe, 0x3a, 0x1f, 0x3f, 0xc1, 0xf9, 0x7f,
    0x5f, 0xcb, 0xf8, 0x3b, 0xff, 0xf8, 0xd0, 0x7e,
    0x7f, 0x83, 0xff, 0x89, 0x7f, 0x7, 0xf9, 0xbf,
    0xff, 0x83, 0x7f, 0x41, 0xf9, 0xfe, 0xf, 0xfe,
    0x25, 0xfc, 0x1f, 0x37, 0xff, 0xf0, 0x90, 0x7f,
    0x41, 0xf9, 0xfe, 0xf, 0xfe, 0x25, 0xfc, 0x1c,
    0xff, 0xff, 0xa, 0xe, 0xfe, 0x83, 0xf3, 0xfc,
    0x1f, 0xfc, 0x4b, 0xf8, 0x3d, 0xff, 0xfc, 0x4,
    0x3e, 0xfe, 0x83, 0xf3, 0xfc, 0x1f, 0xfc, 0x4b,
    0xf8, 0x3c, 0xff, 0xfc, 0x1f, 0xbf, 0xa0, 0xfc,
    0xff, 0x7, 0xff, 0x12, 0xfe, 0xf, 0xbf, 0x4f,
    0xf0, 0x7e, 0xfe, 0x83, 0xf3, 0xfc, 0x1f, 0xfc,
    0x4b, 0xf8, 0x3e, 0xb8, 0x2f, 0xe0, 0xfd, 0xfd,
    0x7, 0xe7, 0xf8, 0x3f, 0xf8, 0x97, 0xf0, 0x7f,
    0xf0, 0x7f, 0x83, 0xf7, 0xf4, 0x1f, 0x9f, 0xe0,
    0xff, 0xe2, 0x5f, 0xc1, 0xff, 0xc1, 0xfe, 0xf,
    0xdf, 0xd0, 0x7e, 0x7f, 0x83, 0xff, 0x89, 0x7f,
    0x7, 0xff, 0x7, 0xf8, 0x3f, 0x7f, 0x41, 0xf9,
    0xfe, 0xf, 0xfe, 0x25, 0xfc, 0x1f, 0xfc, 0x1f,
    0xe0, 0xfd, 0xfd, 0x7, 0xe7, 0xf8, 0x3f, 0xf8,
    0x97, 0xf0, 0x7f, 0xf0, 0x7f, 0x83, 0xf7, 0xf4,
    0x1f, 0x9f, 0xe0, 0xff, 0xe2, 0x5f, 0xc1, 0xff,
    0xc1, 0xfe, 0xf, 0xdf, 0xd0, 0x7e, 0xbf, 0x83,
    0xff, 0x89, 0x7f, 0x7, 0xff, 0x7, 0xf8, 0x3f,
    0x7f, 0x41, 0xfb, 0xfc, 0x1f, 0xfc, 0x4b, 0xf8,
    0x3f, 0xf8, 0x3f, 0xc1, 0xfb, 0xfa, 0xf, 0xaf,
    0xe8, 0x3f, 0xf8, 0x97, 0xf0, 0x7f, 0xf0, 0x7f,
    0x83, 0xf7, 0xf4, 0x5, 0x5f, 0xf9, 0xf, 0xfe,
    0x25, 0xfc, 0x1f, 0xfc, 0x1f, 0xe0, 0xfd, 0xfd,
    0xf, 0xff, 0xc1, 0xff, 0xc5, 0xbf, 0x83, 0xff,
    0x83, 0xfc, 0x1f, 0xbf, 0xa0, 0x7f, 0xf9, 0xf,
    0xfe, 0x2d, 0xfc, 0x1f, 0xfc, 0x1f, 0xe0, 0xfd,
    0xfd, 0x1, 0xff, 0xc8, 0x7f, 0xf1, 0xaf, 0xe0,
    0xfc, 0x86, 0xfe, 0xf, 0xdf, 0xd0, 0x5f, 0xe8,
    0x3f, 0xf9, 0x17, 0xf0, 0x7a, 0xf0, 0x6f, 0xe0,
    0xfd, 0xfd, 0x5, 0x7d, 0x7, 0xff, 0x2a, 0xfe,
    0xa, 0xfe, 0xd, 0xfc, 0x1f, 0xbf, 0xa0, 0x99,
    0xf, 0xfe, 0x65, 0xfd, 0x7f, 0xe0, 0xdf, 0xc1,
    0xfb, 0xfa, 0xf, 0xfe, 0x95, 0xff, 0xfc, 0x20,
    0xdf, 0xc1, 0xfb, 0xfa, 0xf, 0xfe, 0x83, 0x7f,
    0xff, 0xc, 0x37, 0xf0, 0x7e, 0xff, 0x7, 0xff,
    0x5, 0xf, 0xf9, 0xff, 0xfe, 0x24, 0x87, 0x7f,
    0x7, 0xef, 0xf0, 0x7f, 0xf0, 0x7c, 0x87, 0x37,
    0xff, 0xf1, 0x24, 0x3f, 0x7f, 0x7, 0xff, 0x39,
    0xfd, 0x20, 0xbf, 0xff, 0x85, 0x21, 0xff, 0x7f,
    0x7, 0xff, 0x3a, 0xff, 0x5, 0xff, 0xf4, 0x87,
    0xff, 0xb, 0xf8, 0x3f, 0xf9, 0xdf, 0xe8, 0x2b,
    0xfe, 0x90, 0xff, 0xe2, 0xff, 0x21, 0xff, 0xcd,
    0xff, 0x21, 0xbf, 0x90, 0xff, 0xe4, 0x7f, 0x41,
    0xff, 0xcc, 0xbf, 0xc1, 0xd7, 0x7, 0xff, 0x2f,
    0xfd, 0x7, 0xff, 0x29, 0xff, 0x41, 0xff, 0xd3,
    0xbf, 0xf5, 0x7f, 0xf1, 0xbf, 0xf8, 0x3f, 0xfa,
    0x8f, 0xff, 0xf5, 0xa0, 0xff, 0xea, 0xff, 0xff,
    0x58, 0x3f, 0xfa, 0xff, 0xff, 0xd4, 0xf, 0xfe,
    0xcd, 0xff, 0xfc, 0xf9, 0xf, 0xff, 0xf0,

    /* U+5750 "坐" */
    0xf, 0xfe, 0x8a, 0xf8, 0x3f, 0xfd, 0xdf, 0xe0,
    0xff, 0xf7, 0x7f, 0x83, 0xff, 0xdd, 0xfe, 0xf,
    0xff, 0x77, 0xf8, 0x3f, 0xfd, 0xdf, 0xe0, 0xff,
    0xf7, 0x7f, 0x83, 0xff, 0x83, 0xc8, 0x7f, 0xf3,
    0x6e, 0x43, 0xff, 0x83, 0xfe, 0xf, 0xfe, 0x3,
    0xfa, 0x43, 0xff, 0x95, 0xfe, 0x83, 0xfd, 0xfe,
    0xf, 0xfe, 0x3, 0xfe, 0x43, 0xff, 0x93, 0xfe,
    0x83, 0xfd, 0xfe, 0xf, 0xfe, 0x5, 0xfe, 0xf,
    0xfe, 0x4b, 0xfe, 0xf, 0xfb, 0xfc, 0x1f, 0xfc,
    0xf, 0xf2, 0x1f, 0xfc, 0x9b, 0xfa, 0xf, 0xfb,
    0xfc, 0x1f, 0xfc, 0xf, 0xf0, 0x7f, 0xf2, 0xbf,
    0xc1, 0xff, 0xc0, 0xff, 0x7, 0xfd, 0x7f, 0x21,
    0xff, 0xca, 0xff, 0x7, 0xff, 0x3, 0xfc, 0x1f,
    0xf7, 0xf8, 0x3f, 0xf9, 0x57, 0xf2, 0x1f, 0xfc,
    0xf, 0xf0, 0x7f, 0xdf, 0xd0, 0x7f, 0xf2, 0xbf,
    0xc1, 0xff, 0xc1, 0xff, 0x7, 0xfa, 0xfe, 0xf,
    0xfe, 0x5f, 0xf8, 0x3f, 0xf8, 0x3f, 0xe0, 0xff,
    0x7f, 0x83, 0xff, 0x95, 0x7f, 0x21, 0xff, 0xc1,
    0xff, 0x7, 0xf3, 0xfd, 0x7, 0xff, 0x2b, 0xfe,
    0xf, 0xfe, 0xf, 0xf8, 0x3f, 0xaf, 0xf4, 0x1f,
    0xfc, 0x87, 0xff, 0x7, 0xff, 0x3, 0xfc, 0x1f,
    0xdf, 0xfa, 0xf, 0xfe, 0x3f, 0xff, 0x90, 0xff,
    0x7f, 0x83, 0xf5, 0xff, 0xe0, 0xff, 0xe2, 0xbf,
    0xff, 0x21, 0xfd, 0xfe, 0xf, 0xdf, 0xff, 0xc0,
    0xf, 0xfe, 0x25, 0xff, 0xfc, 0x4, 0x3f, 0x7f,
    0x83, 0xe7, 0xff, 0xf8, 0x21, 0xff, 0xc3, 0xff,
    0x3f, 0xf0, 0x7e, 0xff, 0x7, 0xdf, 0xe1, 0xff,
    0x83, 0xff, 0x83, 0x7f, 0x20, 0xff, 0x83, 0xef,
    0xf0, 0x79, 0xfe, 0x80, 0xff, 0xc1, 0xff, 0xc0,
    0xff, 0x6, 0xff, 0x83, 0xdf, 0xe0, 0xf7, 0xf8,
    0x33, 0xff, 0x7, 0xfa, 0xfe, 0x43, 0x3f, 0xf0,
    0x77, 0xf8, 0x39, 0xfe, 0x83, 0x9f, 0xf8, 0x3f,
    0x3f, 0xe0, 0xf3, 0xfe, 0x83, 0x7f, 0x83, 0xbf,
    0xc1, 0xf3, 0xff, 0x7, 0xdf, 0xe4, 0x3e, 0xbf,
    0xc8, 0x5f, 0xe0, 0xd7, 0xf4, 0x1f, 0xaf, 0xf8,
    0x39, 0xff, 0x7, 0xf7, 0xfc, 0x17, 0xf8, 0x37,
    0xf8, 0x3f, 0xd7, 0xfc, 0x1b, 0xfc, 0x87, 0xf3,
    0xfe, 0xb, 0xfc, 0x17, 0xfa, 0xf, 0xfa, 0xfe,
    0x42, 0xff, 0x41, 0xff, 0x7e, 0x43, 0x7f, 0x81,
    0x7f, 0x83, 0xff, 0x83, 0xf8, 0x35, 0xfe, 0xf,
    0xfe, 0x3, 0xe0, 0xf7, 0xf8, 0x7f, 0xc8, 0x7f,
    0xf0, 0xbc, 0x19, 0xff, 0x21, 0xff, 0xc1, 0x83,
    0xef, 0xf1, 0x7f, 0x83, 0xff, 0x86, 0xa0, 0xeb,
    0xf8, 0x3f, 0xf9, 0x5f, 0xe0, 0xaf, 0x83, 0xff,
    0x9b, 0xf0, 0x7f, 0xf2, 0xff, 0xc1, 0x9e, 0xf,
    0xfe, 0x72, 0x83, 0xff, 0x97, 0xfe, 0xf, 0xff,
    0x77, 0xf8, 0x3f, 0xfd, 0xdf, 0xe0, 0xff, 0xf7,
    0x7f, 0x83, 0xff, 0xdd, 0xfe, 0xf, 0xfe, 0xc7,
    0xff, 0xf9, 0xa0, 0xff, 0xe0, 0xff, 0xff, 0x9a,
    0xf, 0xfe, 0xf, 0xff, 0xf9, 0xa0, 0xff, 0xe0,
    0xff, 0xff, 0x9a, 0xf, 0xfe, 0xf, 0xfa, 0xbf,
    0xf8, 0x9f, 0xea, 0xff, 0xe2, 0xff, 0x41, 0xff,
    0xd7, 0xff, 0x7, 0xff, 0xbb, 0xfc, 0x1f, 0xfe,
    0xef, 0xf0, 0x7f, 0xfb, 0xbf, 0xc1, 0xff, 0xee,
    0xff, 0x7, 0xff, 0xbb, 0xfc, 0x1f, 0xfe, 0xef,
    0xf0, 0x7f, 0xfb, 0xbf, 0xc1, 0xff, 0xee, 0xff,
    0x7, 0xff, 0xbb, 0xfc, 0x1f, 0xfe, 0xef, 0xf0,
    0x7f, 0xf4, 0x5f, 0xff, 0x57, 0xff, 0x1b, 0xfd,
    0x5f, 0xfc, 0x7f, 0xfe, 0x57, 0xff, 0xfc, 0x95,
    0xff, 0xff, 0x25, 0x7f, 0xff, 0xc9, 0x5f, 0xff,
    0xf2, 0x43, 0xff, 0xe8,

    /* U+58F0 "声" */
    0xf, 0xfe, 0xa5, 0x78, 0x3f, 0xfd, 0xff, 0xe0,
    0xff, 0xf7, 0xdf, 0xc1, 0xff, 0xef, 0xbf, 0x83,
    0xff, 0xdf, 0x7f, 0x7, 0xff, 0xbe, 0xfe, 0xf,
    0xfe, 0xa7, 0xff, 0xfb, 0xe0, 0xef, 0xff, 0xf7,
    0xc1, 0xdf, 0xff, 0xef, 0x83, 0xbf, 0xff, 0xdf,
    0x7, 0x7f, 0x57, 0xff, 0x2b, 0xfd, 0x5f, 0xfc,
    0x9f, 0xe8, 0x3f, 0xfa, 0x97, 0xf0, 0x7f, 0xfb,
    0xef, 0xe0, 0xff, 0xf7, 0xdf, 0xc1, 0xff, 0xef,
    0xbf, 0x83, 0xff, 0xdf, 0x7f, 0x7, 0xff, 0xbe,
    0xfe, 0xf, 0xfe, 0xca, 0x1f, 0xfc, 0x9b, 0xf8,
    0x3f, 0xf9, 0x28, 0x7f, 0xf0, 0x9f, 0xff, 0xf3,
    0x87, 0xff, 0x5, 0xff, 0xff, 0x38, 0x7f, 0xf0,
    0x5f, 0xff, 0xf3, 0x87, 0xff, 0x5, 0xff, 0xff,
    0x38, 0x7f, 0xf0, 0x5a, 0xf2, 0xff, 0xf6, 0x6b,
    0xf0, 0x7f, 0xff, 0xc3, 0xff, 0xfe, 0x1f, 0xff,
    0xf0, 0xff, 0xf2, 0xb5, 0xff, 0xe5, 0xf, 0xfe,
    0x1d, 0xff, 0xfe, 0x50, 0xff, 0xe1, 0xbf, 0xff,
    0xe5, 0xf, 0xfe, 0x1b, 0xff, 0xfe, 0x50, 0xff,
    0xe1, 0xbf, 0xff, 0xe4, 0x83, 0xff, 0x86, 0xff,
    0x83, 0xff, 0x87, 0x7f, 0x7, 0xff, 0x13, 0xfa,
    0xf, 0xfe, 0x1b, 0xfe, 0xf, 0xfe, 0x1d, 0xfc,
    0x1f, 0xfc, 0x4f, 0xe8, 0x3f, 0xf8, 0x6f, 0xf8,
    0x3f, 0xf8, 0x77, 0xf0, 0x7f, 0xf1, 0x3f, 0xa0,
    0xff, 0xe1, 0xbf, 0xe0, 0xff, 0xe1, 0xdf, 0xc1,
    0xff, 0xc4, 0xfe, 0x83, 0xff, 0x86, 0xff, 0x83,
    0xff, 0x87, 0x7f, 0x7, 0xff, 0x13, 0xfa, 0xf,
    0xfe, 0x1b, 0xfe, 0xf, 0xfe, 0x1d, 0xfc, 0x1f,
    0xfc, 0x4f, 0xe8, 0x3f, 0xf8, 0x6f, 0xf8, 0x3f,
    0xf8, 0x77, 0xf0, 0x7f, 0xf1, 0x3f, 0xa0, 0xff,
    0xe1, 0xbf, 0xe0, 0xff, 0xe1, 0xdf, 0xc1, 0xff,
    0xc4, 0xfe, 0x83, 0xff, 0x86, 0xff, 0x83, 0xff,
    0x87, 0x7f, 0x7, 0xff, 0x13, 0xfa, 0xf, 0xfe,
    0x1b, 0xfe, 0xf, 0xfe, 0x1d, 0xfc, 0x1f, 0xfc,
    0x4f, 0xe8, 0x3f, 0xf8, 0x6f, 0xf9, 0x7f, 0xf8,
    0x7f, 0xe5, 0xff, 0xe2, 0x7f, 0x41, 0xff, 0xc3,
    0xbf, 0xff, 0xc9, 0x7, 0xff, 0xe, 0xff, 0xff,
    0x24, 0x1f, 0xfc, 0x3f, 0xff, 0xf2, 0xc1, 0xff,
    0xc3, 0xff, 0xff, 0x30, 0x7f, 0xf0, 0xff, 0xa0,
    0xff, 0xed, 0x7f, 0x83, 0xff, 0x84, 0xff, 0x41,
    0xff, 0xda, 0xff, 0x7, 0xff, 0xa, 0xfe, 0x43,
    0xff, 0xb5, 0xfe, 0xf, 0xfe, 0x17, 0xf8, 0x3f,
    0xfb, 0x7f, 0xe0, 0xff, 0xe0, 0xbf, 0xe0, 0xff,
    0xf7, 0x7f, 0xa0, 0xff, 0xf7, 0x7f, 0x83, 0xff,
    0xdd, 0xff, 0x7, 0xff, 0xb5, 0xff, 0x21, 0xff,
    0xed, 0xff, 0x83, 0xff, 0xdb, 0x7f, 0x90, 0xff,
    0xf6, 0x5f, 0xf0, 0x7f, 0xfb, 0x1f, 0xf9, 0xf,
    0xff, 0x5b, 0xff, 0x41, 0xff, 0xeb, 0x7f, 0xf0,
    0x7f, 0xfb, 0x1f, 0xf9, 0xf, 0xff, 0x73, 0xfa,
    0xf, 0xff, 0x8f, 0xc1, 0xff, 0xf3, 0xc3, 0xff,
    0xfe, 0x1f, 0xfe, 0x40,

    /* U+590F "夏" */
    0x14, 0x1f, 0xfe, 0xe5, 0x6, 0xff, 0xff, 0x90,
    0x6f, 0xff, 0xf9, 0x6, 0xff, 0xff, 0x90, 0x6f,
    0xff, 0xf9, 0x6, 0x5e, 0xf, 0xfe, 0x4d, 0xfe,
    0xf, 0xfe, 0x62, 0xf0, 0x7f, 0xf4, 0xbf, 0xc8,
    0x7f, 0xfb, 0x9f, 0xf0, 0x7f, 0xfb, 0xff, 0xc8,
    0x7f, 0xf7, 0x9f, 0xff, 0xf0, 0xc1, 0xff, 0xc7,
    0x7f, 0xff, 0xc3, 0x7, 0xff, 0x1d, 0xff, 0xff,
    0xc, 0x1f, 0xfc, 0x77, 0xff, 0xfc, 0x28, 0x7f,
    0xf1, 0xdf, 0xe4, 0x3f, 0xfa, 0xaf, 0xf2, 0x1f,
    0xfc, 0x77, 0xf9, 0xf, 0xfe, 0xab, 0xfc, 0x87,
    0xff, 0x1d, 0xfe, 0x43, 0xff, 0xaa, 0xff, 0x21,
    0xff, 0xc7, 0x7f, 0x90, 0xff, 0xea, 0xbf, 0xc8,
    0x7f, 0xf1, 0xdf, 0xf5, 0x7f, 0xf5, 0x7f, 0xc8,
    0x7f, 0xf1, 0xdf, 0xff, 0xf0, 0xa1, 0xff, 0xc8,
    0xff, 0xff, 0xa, 0x1f, 0xfc, 0x8f, 0xff, 0xf0,
    0xa1, 0xff, 0xc8, 0xfe, 0x83, 0xff, 0xaa, 0xff,
    0x21, 0xff, 0xc8, 0xfe, 0x43, 0xff, 0xaa, 0xff,
    0x21, 0xff, 0xc8, 0xfe, 0x43, 0xff, 0xaa, 0xff,
    0x21, 0xff, 0xc8, 0xfe, 0x43, 0xff, 0xaa, 0xff,
    0x21, 0xff, 0xc8, 0xff, 0xff, 0xa, 0x1f, 0xfc,
    0x8f, 0xff, 0xf0, 0xa1, 0xff, 0xc8, 0xff, 0xff,
    0xa, 0x1f, 0xfc, 0x8f, 0xff, 0xf0, 0xa1, 0xff,
    0xc7, 0x7f, 0x90, 0xff, 0xea, 0xbf, 0xc8, 0x7f,
    0xf1, 0xdf, 0xe4, 0x3f, 0xfa, 0xaf, 0xf2, 0x1f,
    0xfc, 0x77, 0xf9, 0xf, 0xfe, 0xab, 0xfc, 0x87,
    0xff, 0x1d, 0xfe, 0x43, 0xff, 0xaa, 0xff, 0x21,
    0xff, 0xc7, 0x7f, 0xff, 0xc2, 0x87, 0xff, 0x1d,
    0xff, 0xff, 0xc, 0x1f, 0xfc, 0x77, 0xff, 0xfc,
    0x30, 0x7f, 0xf1, 0xdf, 0xff, 0xf0, 0xc1, 0xff,
    0xd1, 0xff, 0x21, 0xff, 0xee, 0xff, 0x21, 0xff,
    0xee, 0xff, 0x21, 0xff, 0xee, 0xff, 0x41, 0xff,
    0xed, 0x7f, 0xff, 0xb4, 0x1f, 0xfc, 0xe7, 0xff,
    0xfb, 0x48, 0x7f, 0xf3, 0x6f, 0xff, 0xed, 0x21,
    0xff, 0xcc, 0x7f, 0xfe, 0xaf, 0xfe, 0x4f, 0xfd,
    0x7, 0xff, 0x32, 0xff, 0xfe, 0x0, 0x7f, 0xf2,
    0x1f, 0xf4, 0x1f, 0xfc, 0xb7, 0xff, 0xf8, 0x68,
    0x7f, 0xf1, 0xbf, 0xd0, 0x7f, 0xf2, 0x9f, 0xfe,
    0x4b, 0xfc, 0x87, 0xff, 0xd, 0xff, 0x41, 0xff,
    0xc9, 0x7f, 0xfc, 0x1a, 0xff, 0x41, 0xff, 0xc1,
    0x7f, 0xd0, 0x7f, 0xf2, 0xaf, 0xfd, 0x7, 0x9f,
    0xf8, 0x3f, 0xe7, 0xfd, 0x7, 0xff, 0x32, 0xff,
    0x21, 0xf9, 0xff, 0x90, 0xfd, 0x7f, 0xa0, 0xff,
    0xe7, 0x3f, 0x41, 0xff, 0xc0, 0xff, 0xa0, 0xe7,
    0xfe, 0x43, 0xff, 0xa1, 0x61, 0xff, 0xc3, 0xbf,
    0xe8, 0x17, 0xfc, 0x87, 0xff, 0x8e, 0xff, 0xfe,
    0x20, 0x7f, 0xf9, 0xff, 0xff, 0x83, 0x7, 0xff,
    0xa6, 0xff, 0xf4, 0x1f, 0xfe, 0x76, 0xff, 0xfe,
    0x14, 0x87, 0xff, 0x85, 0xbf, 0xff, 0x93, 0x21,
    0xff, 0xd8, 0x6f, 0xff, 0xe1, 0xdf, 0xff, 0xc3,
    0xa2, 0x1f, 0xfc, 0xa5, 0x53, 0xff, 0xf8, 0xd0,
    0x67, 0xff, 0xf9, 0x35, 0x97, 0xf, 0xff, 0xf3,
    0xa4, 0x3f, 0x9f, 0xff, 0xe6, 0xa0, 0xff, 0xfe,
    0x62, 0x1f, 0xfc, 0x36, 0xff, 0xfe, 0x44, 0x13,
    0xff, 0xfc, 0x79, 0xf, 0xfe, 0x4b, 0x7f, 0xff,
    0x14, 0x3b, 0xff, 0xf8, 0x54, 0x43, 0xff, 0xa4,
    0xdf, 0xff, 0x21, 0xd7, 0xfe, 0x94, 0x1f, 0xfd,
    0xc5, 0x53, 0xf0, 0x7d, 0xca, 0xf, 0xff, 0x78,

    /* U+5916 "外" */
    0xf, 0xfe, 0xdd, 0xfc, 0x87, 0xff, 0x63, 0xc8,
    0x7f, 0xf2, 0x7f, 0xc8, 0x7f, 0xf6, 0x3f, 0x90,
    0xff, 0xe3, 0x5f, 0xc1, 0xff, 0xd8, 0x7f, 0xd0,
    0x7f, 0xf1, 0x6f, 0xe0, 0xff, 0xec, 0x5f, 0xe0,
    0xff, 0xe3, 0x5f, 0xc1, 0xff, 0xd8, 0xff, 0x41,
    0xff, 0xc6, 0xbf, 0x83, 0xff, 0xb1, 0xfe, 0xf,
    0xfe, 0x3d, 0xfc, 0x1f, 0xfd, 0x7b, 0xfa, 0xf,
    0xfe, 0x3d, 0xfc, 0x1f, 0xfd, 0x7f, 0xf0, 0x7f,
    0xf2, 0x2f, 0xe0, 0xff, 0xeb, 0xff, 0x41, 0xff,
    0xc8, 0xbf, 0x83, 0xff, 0xac, 0xff, 0x21, 0xff,
    0xc8, 0xbf, 0x83, 0xff, 0xad, 0xfe, 0xf, 0xfe,
    0x4d, 0xfc, 0x1f, 0xfd, 0x6f, 0xe4, 0x3f, 0xf9,
    0x37, 0xf0, 0x7f, 0xf5, 0x6f, 0xff, 0xe5, 0x41,
    0xaf, 0xe0, 0xff, 0xea, 0xff, 0xff, 0x2d, 0xd,
    0x7f, 0x7, 0xff, 0x51, 0xff, 0xfe, 0x5a, 0x1a,
    0xfe, 0xf, 0xfe, 0xa5, 0xff, 0xfc, 0xb0, 0xeb,
    0xf8, 0x3f, 0xfa, 0x9f, 0xff, 0xcc, 0xe, 0xbf,
    0x83, 0xff, 0xa7, 0x7f, 0x7, 0xff, 0x7, 0xfc,
    0x1d, 0x7f, 0x7, 0xff, 0x4f, 0xfa, 0xf, 0xfe,
    0xf, 0xf4, 0x1d, 0x7f, 0x6, 0x70, 0xff, 0xe6,
    0x5f, 0xc1, 0xff, 0xc1, 0x7f, 0x90, 0xeb, 0xf8,
    0x2b, 0xe0, 0xff, 0xe5, 0x3f, 0xd0, 0x7f, 0xf0,
    0x6f, 0xe0, 0xf5, 0xfc, 0xf, 0xe8, 0x3f, 0xf9,
    0x3f, 0xe0, 0xff, 0xe1, 0x7f, 0x83, 0xd7, 0xf1,
    0x7f, 0xa0, 0xff, 0xe3, 0xbf, 0xd0, 0x7f, 0xf0,
    0xbf, 0xa0, 0xf5, 0xfc, 0xb, 0xfc, 0x87, 0xff,
    0x1b, 0xfc, 0x1f, 0xfc, 0x27, 0xfa, 0xf, 0x5f,
    0xc1, 0x7f, 0xc8, 0x7f, 0xf1, 0x3f, 0xc8, 0x7f,
    0xf0, 0xaf, 0xe4, 0x3d, 0x7f, 0x6, 0xff, 0x83,
    0xff, 0x87, 0x7f, 0x83, 0xff, 0x87, 0xfe, 0xf,
    0xaf, 0xe0, 0xef, 0xf8, 0x3f, 0xf8, 0x37, 0xf8,
    0x3f, 0xf8, 0x9f, 0xd0, 0x7d, 0x7f, 0x7, 0x3f,
    0xf0, 0x7f, 0xcf, 0xfa, 0x9, 0xd0, 0xfe, 0x7f,
    0x90, 0xfa, 0xfe, 0xf, 0x3f, 0xe8, 0x3f, 0x9f,
    0xf8, 0x37, 0xd0, 0x7e, 0xbf, 0x83, 0xf5, 0xfc,
    0x1f, 0x5f, 0xe4, 0x3e, 0x7f, 0xe0, 0xdf, 0xe0,
    0xfb, 0xfc, 0x1f, 0xaf, 0xe0, 0xfd, 0xff, 0x21,
    0xe7, 0xfc, 0x85, 0xff, 0x90, 0xcf, 0xf2, 0x1f,
    0xaf, 0xe0, 0xfe, 0xff, 0x83, 0xf7, 0xe8, 0x3b,
    0xff, 0x21, 0x7f, 0x83, 0xfa, 0xfe, 0xf, 0xf7,
    0xfc, 0x1f, 0xbd, 0x7, 0xd7, 0xfd, 0xf, 0xf4,
    0x1f, 0xd7, 0xf0, 0x7f, 0x9f, 0xf4, 0x1f, 0xa0,
    0xfe, 0x7f, 0xff, 0x84, 0x1f, 0xeb, 0xf8, 0x3f,
    0xeb, 0xfc, 0x87, 0xff, 0x19, 0xff, 0xfe, 0x8,
    0x7f, 0xaf, 0xe0, 0xff, 0xe0, 0x7f, 0xc1, 0xff,
    0xc8, 0xff, 0xf9, 0xf, 0xf5, 0xfc, 0x1f, 0xfc,
    0x1f, 0xf8, 0x3f, 0xf9, 0x1f, 0xfe, 0xf, 0xfa,
    0xfe, 0xf, 0xfe, 0xb, 0xfe, 0x83, 0xff, 0x91,
    0xff, 0x90, 0xff, 0xaf, 0xe0, 0xff, 0xe1, 0x7f,
    0xc1, 0xff, 0xc9, 0xff, 0x83, 0xff, 0x81, 0x7f,
    0x7, 0xff, 0xf, 0xf4, 0x1f, 0xfc, 0xaf, 0xf0,
    0x7f, 0xf0, 0x6f, 0xe0, 0xff, 0xe1, 0xde, 0xf,
    0xfe, 0x5d, 0xfd, 0x7, 0xff, 0x6, 0xfe, 0xf,
    0xfe, 0x24, 0x1f, 0xfc, 0xb7, 0xfc, 0x1f, 0xfc,
    0x2b, 0xf8, 0x3f, 0xfb, 0x9f, 0xe4, 0x3f, 0xf8,
    0x57, 0xf0, 0x7f, 0xf6, 0xff, 0xd0, 0x7f, 0xf0,
    0xef, 0xe0, 0xff, 0xed, 0x5f, 0xe0, 0xff, 0xe2,
    0x5f, 0xc1, 0xff, 0xd9, 0xbf, 0xc1, 0xff, 0xc5,
    0xbf, 0x83, 0xff, 0xb1, 0x7f, 0x90, 0xff, 0xe2,
    0xdf, 0xc1, 0xff, 0xd7, 0xbf, 0xd0, 0x7f, 0xf1,
    0xaf, 0xe0, 0xff, 0xeb, 0x5f, 0xe8, 0x3f, 0xf8,
    0xf7, 0xf0, 0x7f, 0xf5, 0x6f, 0xf8, 0x3f, 0xf9,
    0x17, 0xf0, 0x7f, 0xf5, 0x3f, 0xf0, 0x7f, 0xf2,
    0x6f, 0xe0, 0xff, 0xe9, 0xff, 0xe0, 0xff, 0xe5,
    0x5f, 0xc1, 0xff, 0xd1, 0x7f, 0xf0, 0x7f, 0xf2,
    0xef, 0xe0, 0xff, 0xe8, 0x5f, 0xf8, 0x3f, 0xf9,
    0x97, 0xf0, 0x7f, 0xf3, 0xaf, 0xfe, 0xf, 0xfe,
    0x6d, 0xfc, 0x1f, 0xfc, 0xc7, 0xff, 0xa0, 0xff,
    0xe7, 0x5f, 0xc1, 0xff, 0xca, 0x7f, 0xfd, 0x7,
    0xff, 0x3e, 0xfe, 0xf, 0xfe, 0x5b, 0xff, 0x90,
    0xff, 0xe8, 0x5f, 0xc1, 0xff, 0xcd, 0xff, 0x7,
    0xff, 0x4a, 0xfe, 0xf, 0xfe, 0x77, 0xc8, 0x7f,
    0xf4, 0xef, 0xe0, 0xff, 0xe7, 0xc1, 0xff, 0xd5,
    0xff, 0x21, 0xff, 0xf0, 0xff, 0x21, 0xff, 0xf0,
    0x5f, 0x7, 0xff, 0x28,

    /* U+591A "多" */
    0xf, 0xfe, 0x5c, 0x1f, 0xfe, 0xf7, 0xc1, 0xff,
    0xee, 0xfc, 0x87, 0xff, 0xaf, 0xfd, 0x7, 0xff,
    0xa6, 0xff, 0x7, 0xff, 0xa6, 0xff, 0x7, 0xff,
    0xa6, 0xff, 0x7, 0xff, 0xa6, 0xff, 0x7, 0xff,
    0xa6, 0xff, 0xfe, 0xba, 0x1f, 0xfc, 0xbf, 0xff,
    0xec, 0x41, 0xff, 0xcb, 0xff, 0xfe, 0xc8, 0x7f,
    0xf2, 0x9f, 0xff, 0xec, 0x87, 0xff, 0x2a, 0xff,
    0x41, 0xff, 0xcc, 0xff, 0x21, 0xff, 0xc8, 0x7f,
    0xe8, 0x3f, 0xf9, 0x97, 0xf4, 0x1f, 0xfc, 0x8b,
    0xfe, 0x43, 0xff, 0x99, 0x7f, 0x83, 0xff, 0x8e,
    0xff, 0xe0, 0xe7, 0xf, 0xfe, 0x33, 0xfe, 0xf,
    0xfe, 0x33, 0xff, 0xa0, 0xf7, 0xc1, 0xff, 0xc4,
    0x7f, 0xc1, 0xff, 0xc5, 0x7f, 0xf9, 0xf, 0x7f,
    0x7, 0xff, 0x9, 0xff, 0x21, 0xff, 0xc4, 0x7f,
    0xf8, 0x3e, 0xff, 0x83, 0xff, 0x81, 0x7f, 0x90,
    0xff, 0xe3, 0xff, 0xa0, 0xfc, 0xff, 0xc1, 0xfe,
    0xbf, 0xc8, 0x7f, 0xf2, 0x7f, 0x21, 0xff, 0x7f,
    0xc1, 0xfb, 0xfe, 0x43, 0xff, 0x97, 0xc1, 0xff,
    0xc2, 0xff, 0x83, 0x9f, 0xf9, 0xf, 0xfe, 0xef,
    0xfa, 0xa, 0xff, 0x83, 0xff, 0xbe, 0xff, 0xa7,
    0xff, 0x7, 0xff, 0x85, 0xff, 0xfe, 0xc, 0x1f,
    0xfe, 0x3b, 0xff, 0xe4, 0x3f, 0xfc, 0xbf, 0xfd,
    0x12, 0x1f, 0xfe, 0x2b, 0xff, 0x80, 0xfa, 0xf,
    0xfe, 0xf3, 0xff, 0xe4, 0x2f, 0xe4, 0x3f, 0xfb,
    0x2d, 0xff, 0xe8, 0x37, 0xfd, 0x7, 0xff, 0x56,
    0xff, 0xfe, 0x4, 0x1d, 0xff, 0x83, 0xff, 0xa2,
    0xab, 0xff, 0xf8, 0x30, 0x7b, 0xfe, 0x83, 0xff,
    0x9a, 0xd3, 0xff, 0xf8, 0x88, 0x7d, 0xff, 0x41,
    0xff, 0xcb, 0xff, 0xfe, 0x3c, 0x1f, 0xdf, 0xf9,
    0x7f, 0xf9, 0x40, 0x7f, 0xff, 0x87, 0x7, 0xf9,
    0xff, 0xfe, 0x9a, 0x7, 0xff, 0xe4, 0x3f, 0xf8,
    0x17, 0xff, 0xf5, 0x3, 0x7f, 0xd2, 0x1f, 0xfc,
    0x2f, 0xff, 0xea, 0xa1, 0x9f, 0xa0, 0xff, 0xe2,
    0x3f, 0xff, 0xd6, 0xf, 0x21, 0xff, 0xc6, 0xbf,
    0xf2, 0x1f, 0xfc, 0x7f, 0xf2, 0x1f, 0xfc, 0xb7,
    0xff, 0x83, 0xff, 0x90, 0xff, 0x83, 0xff, 0x97,
    0xff, 0xc8, 0x7f, 0xf2, 0x7f, 0xc8, 0x7f, 0xf2,
    0x6f, 0xfe, 0xf, 0xfe, 0x55, 0xfd, 0x7, 0xff,
    0x22, 0xff, 0xe4, 0x32, 0x1f, 0xfc, 0x57, 0xfc,
    0x1f, 0xfc, 0x7b, 0xff, 0xc1, 0xde, 0x43, 0xff,
    0x89, 0xfe, 0x43, 0xff, 0x88, 0xff, 0xfc, 0x87,
    0x7e, 0x43, 0xff, 0x85, 0xfe, 0x83, 0xff, 0x84,
    0xdf, 0xff, 0x21, 0xcf, 0xf9, 0xf, 0xfe, 0x5,
    0xfe, 0xf, 0xfe, 0x1f, 0xff, 0xd0, 0x7c, 0xff,
    0xc8, 0x7f, 0xaf, 0xf0, 0x7f, 0xf1, 0x7f, 0xf4,
    0x1f, 0xe7, 0xfe, 0xf, 0xeb, 0xfc, 0x87, 0xff,
    0x1b, 0xfa, 0xf, 0xfe, 0x17, 0xfc, 0x1f, 0x5f,
    0xe8, 0x3f, 0xf8, 0xef, 0x90, 0xff, 0xe2, 0xff,
    0xc1, 0xdf, 0xf4, 0x1f, 0xfc, 0x94, 0x3f, 0xf9,
    0x1f, 0xf0, 0x1f, 0xfa, 0xf, 0xff, 0x7, 0xfd,
    0x7f, 0xd0, 0x7f, 0xf8, 0xbf, 0xff, 0x82, 0x87,
    0xff, 0x93, 0xff, 0xe4, 0x3f, 0xfc, 0x8f, 0xff,
    0x83, 0xff, 0xc9, 0x7f, 0xf9, 0xf, 0xff, 0x13,
    0xff, 0xf4, 0x1f, 0xfe, 0x17, 0xff, 0xf8, 0x28,
    0x7f, 0xf7, 0x9b, 0xff, 0xf8, 0x48, 0x7f, 0xf6,
    0x95, 0x7f, 0xff, 0x12, 0xf, 0xfe, 0xaa, 0xd4,
    0xff, 0xfe, 0x42, 0x1f, 0xfd, 0x7, 0xff, 0xfa,
    0x10, 0x7f, 0xf5, 0x2f, 0xff, 0xe6, 0x48, 0x7f,
    0xf5, 0xff, 0xff, 0x91, 0x21, 0xff, 0xdb, 0x7f,
    0xff, 0x87, 0x21, 0xff, 0xe0, 0xff, 0xea, 0x21,
    0xff, 0xe5, 0x6a, 0x50, 0x7f, 0xf9, 0xc0,

    /* U+591C "夜" */
    0xf, 0xff, 0xf8, 0x7f, 0xf3, 0x1b, 0xe8, 0x3f,
    0xfe, 0xf, 0xfc, 0x1f, 0xff, 0x1f, 0xf8, 0x3f,
    0xfe, 0x3f, 0xf0, 0x7f, 0xfc, 0x6f, 0xf2, 0x1f,
    0xff, 0x7, 0xfc, 0x87, 0xff, 0xc7, 0xfd, 0x7,
    0xff, 0xc7, 0xfe, 0xf, 0xfe, 0xaf, 0xff, 0xfc,
    0x83, 0xdf, 0xff, 0xf2, 0xf, 0x7f, 0xff, 0xc8,
    0x3d, 0xff, 0xff, 0x20, 0xf7, 0xff, 0xfc, 0x83,
    0xcb, 0x7, 0xff, 0xad, 0x70, 0x7f, 0xf6, 0x10,
    0xff, 0xf3, 0x3a, 0x1f, 0xfc, 0x2f, 0x90, 0xff,
    0xf1, 0xdf, 0x21, 0xff, 0xc0, 0xff, 0x21, 0xff,
    0xe0, 0xff, 0x21, 0xfe, 0xff, 0x90, 0xff, 0xef,
    0x3f, 0xf8, 0x3f, 0x3f, 0xe8, 0x3f, 0xfb, 0xff,
    0xf8, 0x3f, 0xbf, 0xe0, 0xff, 0xf0, 0x7f, 0xc8,
    0x7f, 0x7f, 0x90, 0xff, 0xef, 0xdf, 0xf0, 0x7f,
    0x5f, 0xe0, 0xff, 0xf0, 0x7f, 0xc1, 0xfe, 0xff,
    0xab, 0xff, 0x94, 0x1f, 0xfc, 0x9b, 0xfc, 0x87,
    0xf3, 0xff, 0xfd, 0x8, 0x3f, 0xf9, 0x3f, 0xf0,
    0x7f, 0xbf, 0xff, 0xa2, 0x87, 0xff, 0x22, 0xff,
    0x21, 0xfc, 0xff, 0xff, 0x44, 0x3f, 0xf9, 0x3f,
    0xe8, 0x3f, 0xdf, 0xff, 0xd2, 0xf, 0xfe, 0x47,
    0xfc, 0x1f, 0xe7, 0xfc, 0x1f, 0xfc, 0x6f, 0xe8,
    0x3f, 0xf8, 0xef, 0xfc, 0x1f, 0xef, 0xf2, 0x1f,
    0xfc, 0x57, 0xf9, 0xf, 0xfe, 0x3f, 0xfe, 0xf,
    0xe7, 0xfc, 0x1f, 0xfc, 0x6b, 0xf8, 0x3f, 0xf8,
    0xf7, 0xfe, 0xf, 0xef, 0xf2, 0x1f, 0xfc, 0x6f,
    0xf0, 0x7f, 0xf1, 0xff, 0xf8, 0x3f, 0x5f, 0xe0,
    0xfd, 0x40, 0xfe, 0xfe, 0x83, 0xff, 0x8d, 0xff,
    0xe0, 0xfd, 0xfe, 0x43, 0xd7, 0xc1, 0xf9, 0xfe,
    0x43, 0xff, 0x8b, 0x7f, 0xf8, 0x3e, 0xbf, 0xa0,
    0xf7, 0xf4, 0x1f, 0x5f, 0xc1, 0xff, 0xc6, 0xff,
    0xf8, 0x3c, 0xff, 0x83, 0xeb, 0xf8, 0x3e, 0xfe,
    0x83, 0xff, 0x8b, 0xff, 0xfc, 0x0, 0xf7, 0xfa,
    0x3, 0x6, 0xff, 0x7, 0x3f, 0xc8, 0x7f, 0xf1,
    0x2f, 0xff, 0xe0, 0x7, 0x7f, 0xd4, 0xf8, 0x33,
    0xfc, 0x86, 0xbf, 0x83, 0xff, 0x89, 0x7f, 0x9f,
    0xf0, 0x6b, 0xff, 0xf8, 0x10, 0x6f, 0xf0, 0x6f,
    0xe8, 0x3f, 0xf8, 0x6f, 0xfa, 0x3f, 0xc1, 0x5f,
    0xea, 0x7f, 0x83, 0x3f, 0xd0, 0x2f, 0xe4, 0x3f,
    0xf8, 0x4f, 0xfc, 0xf, 0xf0, 0x1f, 0xf8, 0x1f,
    0xe0, 0xef, 0xe4, 0x1f, 0xe0, 0xff, 0xe1, 0x3f,
    0xf2, 0xf, 0xf0, 0x4f, 0xf2, 0xb, 0xfa, 0xd,
    0x78, 0x35, 0xfc, 0x87, 0xff, 0xb, 0xff, 0x5,
    0xfe, 0xe, 0xfc, 0x13, 0xfe, 0xe, 0x43, 0xbf,
    0xc1, 0xff, 0xc3, 0xbf, 0xc1, 0xbf, 0xc1, 0xeb,
    0xe, 0xff, 0x21, 0xfd, 0xfe, 0x43, 0xff, 0x89,
    0x7e, 0x43, 0x7f, 0x83, 0xff, 0x82, 0xff, 0x83,
    0xf3, 0xfe, 0xf, 0xfe, 0x35, 0xe4, 0x3b, 0xfc,
    0x1f, 0xfc, 0x2f, 0xf2, 0x1f, 0x7f, 0x90, 0xff,
    0xe3, 0xd0, 0x3d, 0xfe, 0xf, 0xfe, 0x15, 0xfe,
    0xf, 0x5f, 0xe0, 0xff, 0xe8, 0x7f, 0x83, 0xff,
    0x87, 0xfe, 0x43, 0x5f, 0xe4, 0x3f, 0xfa, 0x1f,
    0xe0, 0xff, 0xe1, 0xdf, 0xe0, 0x9f, 0xf4, 0x1f,
    0xfd, 0x1f, 0xf0, 0x7f, 0xf1, 0x3f, 0xd0, 0x3f,
    0xe0, 0xff, 0xe9, 0x7f, 0x83, 0xff, 0x88, 0xff,
    0x9f, 0xf8, 0x3f, 0xfa, 0x7f, 0xe0, 0xff, 0xe2,
    0xff, 0xff, 0x5, 0xf, 0xfe, 0x9f, 0xf8, 0x3f,
    0xf8, 0xdf, 0xff, 0x41, 0xff, 0xd4, 0xff, 0x7,
    0xff, 0x19, 0xff, 0xf0, 0x7f, 0xf5, 0x7f, 0xc1,
    0xff, 0xc7, 0xff, 0xe0, 0xff, 0xeb, 0x7f, 0x83,
    0xff, 0x8d, 0x7f, 0xf9, 0xf, 0xfe, 0xa7, 0xf8,
    0x3f, 0xf8, 0x97, 0xff, 0xf0, 0x64, 0x3f, 0xfa,
    0x5f, 0xe0, 0xff, 0xe1, 0x3f, 0xff, 0xc6, 0x43,
    0xff, 0xa1, 0xfe, 0xf, 0xfe, 0x5, 0xff, 0xeb,
    0xff, 0xe9, 0xf, 0xfe, 0x6f, 0xf8, 0x3f, 0x9b,
    0xff, 0xd0, 0x5f, 0xff, 0xc1, 0x94, 0x1f, 0xfc,
    0x9f, 0xf0, 0x7d, 0x7f, 0xff, 0x0, 0x3c, 0xff,
    0xff, 0x12, 0x8a, 0xf, 0xfe, 0x1f, 0xf8, 0x35,
    0xff, 0xfc, 0x14, 0x3f, 0xaf, 0xff, 0xe3, 0xc1,
    0xff, 0xc1, 0xff, 0x5, 0xff, 0xfc, 0x18, 0x3f,
    0xf8, 0x37, 0xff, 0xf1, 0x20, 0xff, 0xe1, 0x7f,
    0x83, 0x7f, 0xfc, 0x87, 0xff, 0x11, 0xff, 0xfe,
    0x10, 0x7f, 0xf0, 0xff, 0xc1, 0xdf, 0xf9, 0xf,
    0xfe, 0x4d, 0xff, 0xe0, 0xff, 0xe2, 0x7f, 0x83,
    0x9f, 0xe4, 0x3f, 0xf9, 0xad, 0xfe, 0x83, 0xff,
    0x89, 0xfe, 0xf, 0x5e, 0x43, 0xff, 0xa4, 0xdf,
    0x7, 0xff, 0x49, 0xf, 0xfe, 0xc2, 0x1c,

    /* U+5927 "大" */
    0xf, 0xfe, 0x93, 0x28, 0x3f, 0xfe, 0x57, 0xfc,
    0x1f, 0xfe, 0xeb, 0xfd, 0x7, 0xff, 0xb9, 0xff,
    0x21, 0xff, 0xee, 0x7f, 0xc1, 0xff, 0xef, 0x7f,
    0xc1, 0xff, 0xef, 0x7f, 0xc1, 0xff, 0xf0, 0xff,
    0x7, 0xff, 0xc3, 0xfa, 0xf, 0xff, 0x87, 0xf4,
    0x1f, 0xff, 0xf, 0xe8, 0x3f, 0xfe, 0x1f, 0xd0,
    0x7f, 0xfc, 0x3f, 0x90, 0xff, 0xf8, 0x7f, 0x21,
    0xff, 0xef, 0x7f, 0x90, 0xff, 0xf7, 0xbf, 0xc8,
    0x7f, 0xfb, 0xdf, 0xe4, 0x3f, 0xfd, 0xef, 0xf2,
    0x1f, 0xfe, 0xf7, 0xf9, 0xf, 0xfe, 0xab, 0x2e,
    0xf, 0xfe, 0x43, 0xfc, 0x87, 0xff, 0x29, 0x74,
    0x87, 0x7f, 0xff, 0xc2, 0xe, 0xff, 0xff, 0x84,
    0x1d, 0xff, 0xff, 0x8, 0x3b, 0xff, 0xfe, 0x10,
    0x77, 0xff, 0xfc, 0x20, 0xe6, 0x5f, 0xfe, 0x67,
    0xfa, 0x5f, 0xfe, 0x6d, 0x10, 0xff, 0xe9, 0xff,
    0xc1, 0xff, 0xef, 0xff, 0x83, 0xff, 0xdc, 0xff,
    0xc8, 0x7f, 0xfb, 0x6f, 0xfc, 0x1f, 0xfe, 0xdf,
    0xfe, 0xf, 0xff, 0x6f, 0xff, 0x41, 0xff, 0xeb,
    0x7f, 0xfc, 0x1f, 0xfe, 0xbf, 0xff, 0xa0, 0xff,
    0xf5, 0x7f, 0x53, 0xf8, 0x3f, 0xfd, 0x37, 0xf0,
    0x3f, 0xa0, 0xff, 0xf4, 0x7f, 0x81, 0x7f, 0x21,
    0xff, 0xe6, 0xbf, 0x90, 0xbf, 0xc1, 0xff, 0xe6,
    0xff, 0x6, 0x7f, 0xa0, 0xff, 0xf2, 0x5f, 0xc8,
    0x77, 0xf8, 0x3f, 0xfc, 0x6f, 0xf8, 0x3c, 0xff,
    0x83, 0xff, 0xc5, 0xfe, 0x43, 0xeb, 0xfa, 0xf,
    0xff, 0x5, 0xfe, 0xf, 0xef, 0xf2, 0x1f, 0xfd,
    0xe7, 0xfc, 0x87, 0xf3, 0xfe, 0xf, 0xfe, 0xf7,
    0xfa, 0xf, 0xfb, 0xfe, 0xf, 0xfe, 0xe7, 0xfc,
    0x1f, 0xfc, 0x1f, 0xf4, 0x1f, 0xfd, 0xaf, 0xf9,
    0xf, 0xfe, 0xb, 0xfe, 0x83, 0xff, 0xb1, 0x7f,
    0xa0, 0xff, 0xe1, 0xdf, 0xe8, 0x3f, 0xfa, 0xdf,
    0xf8, 0x3f, 0xf8, 0xbf, 0xf4, 0x1f, 0xfd, 0x4f,
    0xfc, 0x1f, 0xfc, 0x7f, 0xfa, 0xf, 0xfe, 0x97,
    0xfe, 0x43, 0xff, 0x8e, 0xff, 0xe0, 0xff, 0xe7,
    0xbf, 0xf9, 0xf, 0xfe, 0x4b, 0xff, 0x83, 0xff,
    0x9b, 0xff, 0xc8, 0x7f, 0xf2, 0xef, 0xfc, 0x87,
    0xff, 0x25, 0xff, 0xe4, 0x3f, 0xf9, 0xb7, 0xfe,
    0x83, 0xff, 0x8c, 0xff, 0xf9, 0xf, 0xfe, 0x7d,
    0xff, 0xc8, 0x7f, 0xf0, 0xef, 0xff, 0x21, 0xff,
    0xd1, 0xbf, 0xfa, 0xf, 0xfe, 0x5, 0xff, 0xf0,
    0x7f, 0xf5, 0x2f, 0xff, 0x21, 0xf3, 0xff, 0xfc,
    0x8, 0x3f, 0xfa, 0xd7, 0xff, 0xc8, 0x57, 0xff,
    0xf0, 0x50, 0xff, 0xec, 0x3f, 0xff, 0xc0, 0x4b,
    0xff, 0xe8, 0x3f, 0xfb, 0x9f, 0xff, 0x5, 0xff,
    0xe4, 0x3f, 0xfb, 0xd7, 0xfe, 0xe, 0xff, 0xa0,
    0xff, 0xf0, 0xbf, 0xe0, 0xfb, 0xf9, 0xf, 0xff,
    0x25, 0xf2, 0x1f, 0x3e, 0x83, 0xff, 0xce, 0xf8,
    0x3f, 0x90, 0xff, 0xf8, 0x0,

    /* U+5929 "天" */
    0xf, 0xe5, 0x7, 0xff, 0x89, 0xf, 0xfe, 0x3f,
    0xff, 0xf9, 0x50, 0xff, 0xe3, 0x7f, 0xff, 0x95,
    0xf, 0xfe, 0x37, 0xff, 0xf9, 0x50, 0xff, 0xe3,
    0x7f, 0xff, 0x95, 0xf, 0xfe, 0x37, 0xff, 0xf9,
    0x50, 0xff, 0xe3, 0x32, 0xff, 0xf2, 0x3f, 0xcb,
    0xff, 0xc7, 0xa0, 0x7f, 0xf7, 0x7f, 0xa0, 0xff,
    0xf9, 0x7f, 0x41, 0xff, 0xf2, 0xfe, 0x83, 0xff,
    0xe5, 0xfd, 0x7, 0xff, 0xcb, 0xfa, 0xf, 0xff,
    0x97, 0xf4, 0x1f, 0xff, 0x2f, 0xe8, 0x3f, 0xfe,
    0x5f, 0xd0, 0x7f, 0xfc, 0xbf, 0xa0, 0xff, 0xf9,
    0x7f, 0x41, 0xff, 0xf2, 0xfe, 0x83, 0xff, 0xe5,
    0xfd, 0x7, 0xff, 0xcb, 0xfa, 0xf, 0xff, 0x97,
    0xf4, 0x1f, 0xfd, 0x7b, 0xd5, 0xff, 0xcc, 0xff,
    0x57, 0xff, 0x37, 0xc1, 0xfa, 0xff, 0xff, 0x7a,
    0x1f, 0x5f, 0xff, 0xef, 0x43, 0xeb, 0xff, 0xfd,
    0xe8, 0x7d, 0x7f, 0xff, 0xbd, 0xf, 0xaf, 0xff,
    0xf7, 0xa1, 0xff, 0xd5, 0xff, 0xc1, 0xff, 0xef,
    0x7f, 0xf2, 0x1f, 0xfe, 0xeb, 0xff, 0x41, 0xff,
    0xee, 0xff, 0xf0, 0x7f, 0xfb, 0x5f, 0xff, 0x41,
    0xff, 0xec, 0xbf, 0xfe, 0xf, 0xff, 0x67, 0xf9,
    0xfe, 0x83, 0xff, 0xd5, 0x7f, 0x27, 0xf8, 0x3f,
    0xfd, 0x5f, 0xe0, 0x3f, 0xd0, 0x7f, 0xfa, 0x1f,
    0xf0, 0x5f, 0xe0, 0xff, 0xf4, 0x7f, 0x90, 0x9f,
    0xf0, 0x7f, 0xf9, 0xaf, 0xf0, 0x77, 0xfa, 0xf,
    0xff, 0x2f, 0xf9, 0xe, 0x7f, 0xc8, 0x7f, 0xf8,
    0xff, 0xe0, 0xfa, 0xff, 0x7, 0xff, 0x8a, 0xff,
    0x21, 0xfb, 0xfd, 0x7, 0xff, 0x81, 0xff, 0x83,
    0xfa, 0xff, 0x41, 0xff, 0xdf, 0xff, 0x90, 0xff,
    0x7f, 0xc8, 0x7f, 0xf7, 0x7f, 0xe8, 0x3f, 0xf8,
    0x1f, 0xf2, 0x1f, 0xfd, 0xbf, 0xfc, 0x1f, 0xfc,
    0x17, 0xfe, 0x43, 0xff, 0xb3, 0xff, 0x90, 0xff,
    0xe1, 0x5f, 0xf2, 0x1f, 0xfd, 0x67, 0xff, 0x41,
    0xff, 0xc4, 0xff, 0xc8, 0x7f, 0xf5, 0x1f, 0xfd,
    0x7, 0xff, 0x1b, 0xff, 0x41, 0xff, 0xd2, 0xbf,
    0xf4, 0x1f, 0xfc, 0x8f, 0xfe, 0xf, 0xfe, 0x7b,
    0xff, 0xd0, 0x7f, 0xf2, 0xbf, 0xfa, 0xf, 0xfe,
    0x65, 0xff, 0xd0, 0x7f, 0xf3, 0x3f, 0xfc, 0x87,
    0xff, 0x21, 0xff, 0xf2, 0x1f, 0xfc, 0xeb, 0xff,
    0xc8, 0x7f, 0xf1, 0x7f, 0xfe, 0x43, 0xff, 0xa1,
    0x7f, 0xfd, 0x7, 0xff, 0x6, 0xff, 0xf8, 0x3f,
    0xfa, 0x6f, 0xff, 0xf0, 0x50, 0xf9, 0xbf, 0xfe,
    0x83, 0xff, 0xad, 0x7f, 0xff, 0x8, 0x2b, 0xff,
    0xf8, 0x28, 0x7f, 0xf6, 0x1f, 0xff, 0xe0, 0x20,
    0xff, 0xfe, 0xc, 0x1f, 0xfd, 0xcb, 0xff, 0x90,
    0xdf, 0xff, 0x7, 0xff, 0x82, 0xff, 0x21, 0xef,
    0xfc, 0x87, 0xff, 0x8e, 0xfa, 0xf, 0xdf, 0xc8,
    0x7f, 0xf9, 0xec, 0x3f, 0x9f, 0x21, 0xff, 0xf5,
    0x43, 0xff, 0xe4,

    /* U+5934 "头" */
    0xf, 0xff, 0xf8, 0x7f, 0xf3, 0x5f, 0xa8, 0x87,
    0xff, 0xb9, 0xff, 0x41, 0xff, 0xed, 0x7f, 0xc1,
    0xff, 0xd9, 0xd0, 0xff, 0xe3, 0xbf, 0xe0, 0xff,
    0xec, 0x5e, 0x83, 0xff, 0x8d, 0x7f, 0x41, 0xff,
    0xd7, 0x7f, 0xa0, 0xff, 0xe2, 0x5f, 0xc8, 0x7f,
    0xf5, 0x9f, 0xfc, 0x87, 0xff, 0xa, 0xfe, 0xf,
    0xfe, 0xbb, 0xff, 0xd0, 0x7f, 0xf0, 0x6f, 0xe0,
    0xff, 0xec, 0xdf, 0xfc, 0x87, 0xfd, 0x7f, 0x7,
    0xff, 0x69, 0xff, 0xf0, 0x7f, 0xaf, 0xe0, 0xff,
    0xee, 0x5f, 0xfc, 0x87, 0xeb, 0xf8, 0x3f, 0xfb,
    0xaf, 0xff, 0x83, 0xeb, 0xf8, 0x3f, 0xfb, 0xf7,
    0xff, 0x21, 0xd7, 0xf0, 0x7f, 0xf8, 0x1f, 0xfa,
    0xf, 0x5f, 0xc1, 0xff, 0xe2, 0xfe, 0x83, 0xeb,
    0xf8, 0x3f, 0xfc, 0x77, 0xc1, 0xfa, 0xfe, 0xf,
    0xff, 0x23, 0x87, 0xf5, 0xfa, 0xf, 0xfe, 0x93,
    0x7, 0xff, 0x3e, 0xfd, 0x7, 0xff, 0x4b, 0xe4,
    0x3f, 0xf9, 0xbf, 0xd0, 0x7f, 0xf4, 0x7f, 0xc8,
    0x7f, 0xf2, 0xff, 0xa0, 0xff, 0xe8, 0x7f, 0xf0,
    0x7f, 0xf2, 0xbf, 0xa0, 0xff, 0xe7, 0xdf, 0xfe,
    0x83, 0xff, 0x91, 0xfc, 0x87, 0xff, 0x41, 0xff,
    0xf9, 0xf, 0xfe, 0x37, 0xf2, 0x1f, 0xfd, 0x27,
    0xff, 0xe0, 0xff, 0xe2, 0xff, 0x21, 0xff, 0xd4,
    0xbf, 0xfd, 0x7, 0xff, 0xf, 0xf9, 0xf, 0xfe,
    0xb7, 0xff, 0xc8, 0x7f, 0xf0, 0x7f, 0x83, 0xff,
    0xb0, 0xff, 0xf4, 0x1f, 0xfc, 0x1f, 0xe0, 0xff,
    0xed, 0x7f, 0xd0, 0x7f, 0xf0, 0x5f, 0xe0, 0xff,
    0xed, 0xbf, 0xa0, 0xff, 0xe1, 0x3f, 0xc1, 0xff,
    0xdd, 0xf8, 0x3f, 0xf8, 0x6f, 0xf0, 0x7f, 0xf7,
    0xb4, 0x3f, 0xf8, 0x77, 0xf0, 0x7f, 0xfb, 0xef,
    0xd0, 0x7f, 0xfb, 0xef, 0xd0, 0x7f, 0xf3, 0x54,
    0x1f, 0xfd, 0x4f, 0xe8, 0x3f, 0xf9, 0x4a, 0x3f,
    0xff, 0xe8, 0xff, 0xff, 0xd1, 0xff, 0xff, 0xa3,
    0xff, 0xff, 0x47, 0xff, 0xfe, 0x8d, 0x17, 0xff,
    0xa5, 0xfe, 0x5f, 0xfe, 0x65, 0x10, 0xff, 0xea,
    0x7f, 0x83, 0xff, 0xdd, 0x7f, 0x21, 0xff, 0xee,
    0xff, 0x7, 0xff, 0xba, 0xfe, 0x43, 0xff, 0xda,
    0xff, 0x83, 0xff, 0xdd, 0xfe, 0x43, 0xa0, 0xff,
    0xf3, 0xff, 0xa0, 0xeb, 0xd0, 0x7f, 0xf9, 0x3f,
    0xe0, 0xf7, 0xf2, 0x1f, 0xfe, 0x1f, 0xf9, 0xe,
    0xff, 0xc1, 0xff, 0xdf, 0xff, 0x90, 0xeb, 0xff,
    0xa0, 0xff, 0xee, 0x7f, 0xd0, 0x7d, 0x7f, 0xf8,
    0x3f, 0xfb, 0x2f, 0xfd, 0x7, 0xfa, 0xff, 0xe8,
    0x3f, 0xfa, 0xd7, 0xfd, 0x7, 0xff, 0x1, 0xff,
    0xf0, 0x7f, 0xf4, 0xdf, 0xfc, 0x87, 0xff, 0xe,
    0xff, 0xe4, 0x3f, 0xf9, 0xef, 0xff, 0x21, 0xff,
    0xc6, 0xff, 0xf0, 0x7f, 0xf3, 0x6f, 0xfe, 0xf,
    0xfe, 0x4d, 0xff, 0xc8, 0x7f, 0xf2, 0x6f, 0xfe,
    0x83, 0xff, 0x96, 0xff, 0xf8, 0x3f, 0xf8, 0xd7,
    0xff, 0x90, 0xff, 0xe7, 0x7f, 0xf9, 0xf, 0xfe,
    0xb, 0x7f, 0xfa, 0xf, 0xfe, 0x8b, 0xff, 0xd0,
    0x7f, 0xaf, 0xff, 0xe0, 0x7, 0xff, 0x57, 0xff,
    0xc1, 0xcd, 0xff, 0xfc, 0x14, 0x3f, 0xfa, 0xf7,
    0xfc, 0x86, 0xbf, 0xff, 0x82, 0x87, 0xff, 0x69,
    0xfe, 0x43, 0xcf, 0xff, 0x90, 0xff, 0xef, 0x7d,
    0x7, 0xe7, 0xfe, 0x43, 0xff, 0xc3, 0x61, 0xfe,
    0x7f, 0x21, 0xff, 0xf0, 0xa0, 0x7f, 0xff, 0xc3,
    0xff, 0xc6,

    /* U+5973 "女" */
    0xf, 0xff, 0xf8, 0x7f, 0xdc, 0x87, 0xff, 0xb9,
    0xfd, 0x21, 0xff, 0xeb, 0xbf, 0xe0, 0xff, 0xf5,
    0x5f, 0xe8, 0x3f, 0xfd, 0x5f, 0xf0, 0x7f, 0xfa,
    0xff, 0xc8, 0x7f, 0xfa, 0x9f, 0xf0, 0x7f, 0xfa,
    0xef, 0xe8, 0x3f, 0xfd, 0x7f, 0xe4, 0x3f, 0xfd,
    0x4f, 0xf8, 0x3f, 0xfd, 0x77, 0xf4, 0x1f, 0xfe,
    0xbf, 0xf0, 0x7f, 0xfb, 0x3f, 0xc1, 0xff, 0xeb,
    0x7f, 0x90, 0xff, 0xf5, 0xff, 0x83, 0xff, 0xd9,
    0xfd, 0x7, 0xff, 0xae, 0xfe, 0x43, 0xff, 0xd7,
    0xfe, 0xf, 0xfe, 0xd2, 0x83, 0xff, 0x86, 0xff,
    0x41, 0xff, 0xd7, 0x55, 0xff, 0xff, 0x1b, 0xff,
    0xfe, 0x37, 0xff, 0xfc, 0x6f, 0xff, 0xf8, 0xdf,
    0xab, 0xff, 0x81, 0xff, 0x57, 0xff, 0x1f, 0xfe,
    0xaf, 0xdf, 0x83, 0xff, 0x8b, 0xfe, 0xf, 0xfe,
    0x47, 0xf9, 0xf, 0xfe, 0x83, 0xfd, 0x7, 0xff,
    0x1d, 0xff, 0x7, 0xff, 0x46, 0xfe, 0xf, 0xfe,
    0x43, 0xfe, 0xf, 0xfe, 0x8f, 0xf8, 0x3f, 0xf9,
    0x17, 0xf4, 0x1f, 0xfd, 0x7, 0xf9, 0xf, 0xfe,
    0x47, 0xf8, 0x3f, 0xfa, 0x3f, 0xe0, 0xff, 0xe4,
    0xff, 0x83, 0xff, 0xa0, 0xff, 0x41, 0xff, 0xc8,
    0xbf, 0xa0, 0xff, 0xe8, 0x5f, 0xc1, 0xff, 0xc9,
    0xff, 0x7, 0xff, 0x47, 0xfa, 0xf, 0xfe, 0x4f,
    0xf8, 0x3f, 0xfa, 0x17, 0xf0, 0x7f, 0xf2, 0x6f,
    0xe8, 0x3f, 0xfa, 0x1f, 0xe0, 0xff, 0xe4, 0xff,
    0x83, 0xff, 0xa0, 0xff, 0x21, 0xff, 0xc9, 0xff,
    0x7, 0xff, 0x43, 0xfc, 0x1f, 0xfc, 0x9b, 0xf9,
    0xf, 0xfe, 0x7b, 0xfc, 0x87, 0xff, 0x27, 0xfc,
    0x1f, 0xfd, 0xf, 0xf9, 0xf, 0xfe, 0x3d, 0xfd,
    0x7, 0xff, 0x3d, 0xff, 0xe8, 0x3f, 0xf8, 0xbf,
    0xe0, 0xff, 0xe8, 0x7f, 0xff, 0x5, 0xf, 0xfe,
    0xb, 0xfd, 0x7, 0xff, 0x45, 0xff, 0xfe, 0xc,
    0x1f, 0xf7, 0xf8, 0x3f, 0xfa, 0xb7, 0xff, 0xf0,
    0x24, 0x3e, 0x7f, 0xa0, 0xff, 0xeb, 0xbf, 0xff,
    0xc1, 0x43, 0xbf, 0xc1, 0xff, 0xdb, 0xbf, 0xff,
    0x81, 0x2, 0xfe, 0x83, 0xff, 0xba, 0xff, 0xff,
    0x1c, 0x3f, 0xfc, 0xd, 0xff, 0xfc, 0x34, 0x3f,
    0xfc, 0x77, 0xff, 0xf0, 0x43, 0xff, 0xcd, 0x7f,
    0xff, 0x2, 0xf, 0xff, 0x35, 0xff, 0xfc, 0x8,
    0x3f, 0xfc, 0x97, 0xff, 0xf0, 0xa0, 0xff, 0xf0,
    0xff, 0xff, 0x1a, 0xf, 0xfe, 0xeb, 0xff, 0x9b,
    0xff, 0xe8, 0x3f, 0xfb, 0x5f, 0xfc, 0x1a, 0xff,
    0xfa, 0xf, 0xfe, 0xb5, 0xff, 0xa0, 0xfa, 0xff,
    0xfa, 0xf, 0xfe, 0x8b, 0x7f, 0xf4, 0x1f, 0xeb,
    0xff, 0xe4, 0x3f, 0xf9, 0xb7, 0xff, 0xc1, 0xff,
    0xc2, 0xbf, 0xfe, 0x43, 0xff, 0x8e, 0xdf, 0xff,
    0xc0, 0x43, 0xff, 0x8b, 0xff, 0xfc, 0x4, 0x3f,
    0xf8, 0x2d, 0xff, 0xfc, 0x28, 0x3f, 0xf9, 0xf,
    0xff, 0xd0, 0x7e, 0x6f, 0xff, 0xe2, 0x41, 0xff,
    0xcc, 0xbf, 0xf9, 0x9, 0xff, 0xfe, 0x42, 0x1f,
    0xfd, 0xb, 0xfd, 0x7, 0x5f, 0xff, 0xc4, 0x83,
    0xff, 0xa8, 0xff, 0x7, 0xd7, 0xff, 0xf0, 0x24,
    0x3f, 0xfb, 0x17, 0x90, 0xfd, 0xff, 0xd2, 0x1f,
    0xfd, 0xc7, 0xf, 0xe7, 0xea, 0x21, 0xff, 0xff,
    0xf, 0xfe, 0xc8,

    /* U+5988 "妈" */
    0xf, 0xfe, 0x16, 0x87, 0xff, 0xcd, 0xfd, 0x21,
    0xff, 0xef, 0xbf, 0xc1, 0xff, 0xef, 0xbf, 0xa0,
    0xff, 0x2f, 0x7, 0xff, 0x83, 0xfc, 0x1f, 0xf7,
    0xff, 0xf4, 0x60, 0xff, 0xe3, 0xff, 0x41, 0xff,
    0x7f, 0xff, 0x46, 0xf, 0xfe, 0x33, 0xfc, 0x87,
    0xfd, 0xff, 0xfd, 0x14, 0x3f, 0xf8, 0xcf, 0xf0,
    0x7f, 0xf0, 0x3f, 0xff, 0xa2, 0x87, 0xff, 0x1a,
    0xfd, 0x7, 0xff, 0x2, 0xb9, 0x7f, 0xf8, 0xd7,
    0xf0, 0x7f, 0xf1, 0xff, 0x90, 0xff, 0xeb, 0xbf,
    0xc1, 0xff, 0xc7, 0xfe, 0xf, 0xfe, 0xc3, 0xfc,
    0x1f, 0xfc, 0x67, 0xf8, 0x3f, 0xfb, 0xf, 0xf0,
    0x7f, 0xf1, 0xaf, 0xd0, 0x7f, 0xf1, 0x5a, 0x21,
    0xff, 0xc3, 0xbf, 0x83, 0xff, 0x8d, 0xfd, 0x7,
    0xff, 0x15, 0xff, 0x7, 0xff, 0x2, 0xfd, 0x7,
    0xff, 0x1b, 0xf9, 0xf, 0xfe, 0x2b, 0xfe, 0xf,
    0xfe, 0x5, 0xfa, 0xf, 0xef, 0xea, 0xdf, 0xd5,
    0xff, 0xc1, 0xe, 0x7f, 0xa0, 0xff, 0xe0, 0x7f,
    0x21, 0xfd, 0xff, 0xfc, 0xf0, 0xe7, 0xf9, 0xf,
    0xfe, 0x7, 0xf2, 0x1f, 0xdf, 0xff, 0xce, 0x83,
    0x9f, 0xe0, 0xff, 0xe0, 0xff, 0x7, 0xfb, 0xff,
    0xf9, 0xd0, 0x73, 0xfc, 0x1f, 0xfc, 0x1f, 0xe0,
    0xff, 0x7f, 0xff, 0x39, 0xe, 0xbf, 0x83, 0xff,
    0x83, 0xfc, 0x1f, 0xfc, 0x6f, 0xe0, 0xfd, 0xfc,
    0x87, 0x5f, 0xa0, 0xff, 0xe0, 0x3f, 0xc1, 0xff,
    0xc5, 0x7f, 0x83, 0xf7, 0xf0, 0x7b, 0xfa, 0xf,
    0xfe, 0x3, 0xfc, 0x1f, 0xfc, 0x5f, 0xe8, 0x3f,
    0x7f, 0x7, 0xbf, 0x90, 0xff, 0xe0, 0x3f, 0xa0,
    0xff, 0xe2, 0xff, 0x7, 0xe7, 0xf4, 0x1e, 0xfe,
    0x43, 0xff, 0x81, 0x7e, 0x83, 0xff, 0x88, 0xff,
    0x7, 0xeb, 0xf4, 0x1e, 0xfe, 0xf, 0xfe, 0xd,
    0xfa, 0xf, 0xfe, 0x25, 0xfa, 0xf, 0xd7, 0xe4,
    0x3d, 0xfc, 0x1f, 0xfc, 0x1f, 0xe4, 0x3f, 0xf8,
    0x9f, 0xc8, 0x7e, 0xfe, 0xf, 0x3f, 0xc1, 0xff,
    0xc1, 0xfe, 0x43, 0xff, 0x89, 0xfc, 0x1f, 0xdf,
    0xc1, 0xe7, 0xf8, 0x3f, 0xf8, 0x3f, 0xc1, 0xff,
    0xc4, 0x7f, 0x83, 0xfb, 0xf8, 0x3d, 0x7e, 0x83,
    0xff, 0x83, 0xfc, 0x1f, 0xfc, 0x4b, 0xf2, 0x1f,
    0x9f, 0xd0, 0x7a, 0xfd, 0x7, 0xff, 0x7, 0xf8,
    0x3f, 0xf8, 0x9f, 0xc1, 0xfd, 0x7e, 0x43, 0xdf,
    0xc8, 0x7f, 0xf0, 0x1f, 0xe0, 0xff, 0xe1, 0xbf,
    0xc1, 0xfd, 0xfc, 0x87, 0xbf, 0xff, 0xaa, 0x1e,
    0xbf, 0x41, 0xfd, 0xfc, 0x1f, 0x7f, 0xff, 0x54,
    0x3d, 0xfc, 0x1f, 0xcf, 0xf0, 0x7d, 0xff, 0xfd,
    0x48, 0x39, 0xfe, 0xf, 0xeb, 0xf4, 0x1e, 0x7f,
    0xff, 0xa9, 0x7, 0x7f, 0x41, 0xfd, 0xfc, 0x87,
    0x9f, 0xff, 0xea, 0x41, 0xdf, 0xc8, 0x7f, 0x7f,
    0x7, 0xff, 0x5f, 0xf9, 0xd, 0x7f, 0xa0, 0xf9,
    0xfe, 0xf, 0xfe, 0xbf, 0xf2, 0x1b, 0xff, 0x83,
    0xd7, 0xe8, 0x3f, 0xfa, 0xff, 0xc8, 0x75, 0xff,
    0xa0, 0xdf, 0xc1, 0xff, 0xd8, 0xfe, 0xf, 0xd7,
    0xfe, 0x3, 0xfc, 0x1f, 0xfd, 0x8f, 0xe0, 0xfe,
    0x7f, 0xf3, 0x7e, 0x83, 0xff, 0xae, 0xff, 0x7,
    0xfd, 0xff, 0xfc, 0x14, 0x3f, 0xfa, 0xef, 0xf0,
    0x7f, 0xf0, 0x2f, 0xff, 0x83, 0xff, 0xb0, 0xff,
    0x7, 0xff, 0x5, 0xff, 0xe8, 0x39, 0xaf, 0xfe,
    0x6f, 0xc0, 0xbf, 0x83, 0xff, 0x87, 0x7f, 0xd0,
    0x73, 0xff, 0xfd, 0x0, 0x5f, 0xa0, 0xff, 0xe2,
    0x5f, 0xf4, 0x19, 0xff, 0xfe, 0x80, 0x3f, 0xa0,
    0xff, 0xe2, 0x5f, 0xfc, 0x13, 0xff, 0xfd, 0x0,
    0x7f, 0x41, 0xff, 0xc3, 0x7f, 0xfe, 0x3, 0xff,
    0xfd, 0x0, 0x7f, 0x21, 0xff, 0xc3, 0xff, 0xfe,
    0x8, 0x7f, 0xf5, 0x3f, 0x90, 0xff, 0xe1, 0x7f,
    0x9f, 0xfc, 0x1f, 0xfd, 0x27, 0xf8, 0x3f, 0xf8,
    0x57, 0xf4, 0xf, 0xfc, 0x87, 0xff, 0x41, 0xfe,
    0xf, 0xfe, 0xd, 0xfe, 0xd, 0x7f, 0xc8, 0x7f,
    0xf3, 0xef, 0xe0, 0xff, 0xe0, 0x5f, 0xe0, 0xf5,
    0xfe, 0x83, 0xff, 0x9f, 0x7f, 0x7, 0xfd, 0x7f,
    0x83, 0xf5, 0xfc, 0x1f, 0xfd, 0xf, 0xe8, 0x3f,
    0xd7, 0xf9, 0xf, 0xeb, 0xe0, 0xff, 0xe8, 0x3f,
    0xc8, 0x7f, 0x7f, 0xc8, 0x7f, 0xd6, 0x87, 0xff,
    0x43, 0xfc, 0x87, 0xcf, 0xfd, 0x7, 0xff, 0x5,
    0xf, 0xfe, 0x85, 0xfe, 0xf, 0xaf, 0xfa, 0xf,
    0xfe, 0xba, 0xd5, 0x7f, 0xe8, 0x39, 0xff, 0xc8,
    0x7f, 0xf6, 0x3f, 0xff, 0x84, 0x1d, 0x7f, 0xe4,
    0x3f, 0xfb, 0x2f, 0xff, 0xf0, 0x20, 0xf5, 0xfe,
    0x43, 0xff, 0xb7, 0xff, 0xf4, 0x1f, 0x9f, 0xc8,
    0x7f, 0xf7, 0x1f, 0xfe, 0x83, 0xfc, 0xf8, 0x3f,
    0xfb, 0xff, 0xf4, 0x1f, 0xfc, 0x14, 0x3f, 0xfc,
    0x17, 0x44, 0x3f, 0xff, 0xe0,

    /* U+59D3 "姓" */
    0xf, 0xff, 0xa, 0xf0, 0x7f, 0xf4, 0xde, 0x50,
    0x7f, 0xf3, 0xaf, 0xe4, 0x3f, 0xfa, 0x4f, 0xf4,
    0x1f, 0xfc, 0xc7, 0xf8, 0x3f, 0xfa, 0x6f, 0xf2,
    0x1f, 0xfc, 0xc7, 0xf8, 0x3f, 0xfa, 0x77, 0xf0,
    0x7f, 0xf3, 0x5f, 0xe0, 0xff, 0xe9, 0xdf, 0xc1,
    0xff, 0xc2, 0xa2, 0x83, 0xe7, 0xf8, 0x3f, 0xfa,
    0x7f, 0xd0, 0x7f, 0xf0, 0xbf, 0xc8, 0x67, 0xf8,
    0x3f, 0xfa, 0x7f, 0xc8, 0x7f, 0xf0, 0xbf, 0xc1,
    0xcf, 0xf0, 0x7f, 0xf4, 0xff, 0x83, 0xff, 0x84,
    0xff, 0x41, 0xcf, 0xf0, 0x7f, 0xf4, 0xff, 0x83,
    0xff, 0x85, 0x7f, 0x7, 0x9f, 0xe0, 0xff, 0xe9,
    0x3f, 0xa0, 0xff, 0xe1, 0x5f, 0xc1, 0xe7, 0xf8,
    0x3f, 0xfa, 0x57, 0xe4, 0x3f, 0xf8, 0x5f, 0xd0,
    0x79, 0xfe, 0xf, 0xfe, 0x95, 0xf8, 0x3f, 0xf8,
    0x7f, 0xc8, 0x79, 0xfe, 0xf, 0xfe, 0x97, 0xf0,
    0x7f, 0xf0, 0xff, 0x83, 0xe7, 0xf8, 0x3f, 0xfa,
    0x5f, 0xc1, 0xff, 0xc2, 0x7f, 0x83, 0xe7, 0xf8,
    0x3f, 0xfa, 0x2f, 0xe4, 0x3f, 0xf8, 0x57, 0xf2,
    0xfd, 0x7f, 0x2f, 0xfd, 0x52, 0x1f, 0xfc, 0x2b,
    0xf0, 0x7f, 0xf0, 0xef, 0xff, 0xea, 0x41, 0xbe,
    0xaf, 0xbf, 0xab, 0xfe, 0x42, 0xff, 0xfe, 0xac,
    0x1b, 0xff, 0xf9, 0xc8, 0x5f, 0xff, 0xd5, 0x83,
    0x7f, 0xff, 0x38, 0x27, 0xff, 0xfa, 0xb0, 0x6f,
    0xff, 0xe7, 0x5, 0x7e, 0x83, 0xf3, 0xfc, 0x1f,
    0xcb, 0x51, 0xd, 0xff, 0xfc, 0xe0, 0xbf, 0x90,
    0xfc, 0xff, 0x7, 0xff, 0x1d, 0x60, 0xf7, 0xf0,
    0x79, 0xfe, 0xb, 0xf8, 0x3f, 0x9f, 0xe0, 0xff,
    0xe8, 0x7f, 0x7, 0xaf, 0xd0, 0x1f, 0xe0, 0xfe,
    0x7f, 0x83, 0xff, 0xa1, 0xfa, 0xf, 0x5f, 0xa0,
    0x5f, 0xa0, 0xfe, 0x7f, 0x83, 0xff, 0x9e, 0xfe,
    0x43, 0xdf, 0xc8, 0x3f, 0x90, 0xfe, 0x7f, 0x83,
    0xff, 0x9f, 0x7e, 0xf, 0xbf, 0x82, 0xfe, 0xf,
    0xf3, 0xfc, 0x1f, 0xfc, 0xff, 0xe0, 0xfb, 0xf8,
    0x17, 0xf0, 0x7f, 0x9f, 0xe0, 0xff, 0xe7, 0x3f,
    0xa0, 0xf3, 0xfc, 0xb, 0xf4, 0x1f, 0xe7, 0xf8,
    0x3f, 0xf9, 0xd7, 0xe4, 0x3c, 0xfe, 0x83, 0x36,
    0x87, 0xf9, 0xfe, 0xf, 0xfe, 0x77, 0xf0, 0x7d,
    0x7e, 0x83, 0xff, 0x8c, 0xff, 0x7, 0xff, 0x3b,
    0xf8, 0x3e, 0xfe, 0x43, 0xff, 0x8c, 0xff, 0x7,
    0xff, 0x36, 0xfd, 0x7, 0xdf, 0xc1, 0xff, 0xc7,
    0x7f, 0x83, 0xff, 0x9b, 0xfc, 0x87, 0xdf, 0xc1,
    0xff, 0xc7, 0x7f, 0x83, 0xff, 0x98, 0xff, 0x7,
    0xcf, 0xe8, 0x3c, 0x87, 0xff, 0x1, 0xfe, 0xf,
    0xfe, 0x2, 0x1f, 0xf5, 0xfc, 0x1f, 0x5f, 0xa0,
    0xe7, 0xff, 0xfa, 0x81, 0xff, 0x7f, 0x41, 0xf7,
    0xf2, 0x1c, 0xff, 0xff, 0x50, 0x3f, 0xcf, 0xf2,
    0x1f, 0x7f, 0x7, 0x9f, 0xff, 0xea, 0x7, 0xfb,
    0xfc, 0x1f, 0x3f, 0xc1, 0xe7, 0xff, 0xfa, 0x81,
    0xfe, 0xff, 0x7, 0xd7, 0xe8, 0x3c, 0xff, 0xff,
    0x50, 0x3f, 0xaf, 0xf4, 0x1e, 0xfe, 0x43, 0xff,
    0x90, 0xff, 0x7, 0xff, 0x29, 0xff, 0xa0, 0xef,
    0xe0, 0xff, 0xe4, 0xbf, 0xc1, 0xff, 0xcc, 0xff,
    0xc1, 0x3f, 0xa0, 0xff, 0xe4, 0xbf, 0xc1, 0xff,
    0xcd, 0xbf, 0xe4, 0xfe, 0x43, 0xff, 0x92, 0xff,
    0x7, 0xff, 0x39, 0xff, 0xaf, 0xe0, 0xff, 0xe5,
    0x3f, 0xc1, 0xff, 0xd0, 0xff, 0xfa, 0xf, 0xfe,
    0x53, 0xfc, 0x1f, 0xfd, 0x1b, 0xff, 0x83, 0xff,
    0x96, 0xff, 0x7, 0xff, 0x4a, 0xff, 0xc1, 0xff,
    0xcb, 0x7f, 0x83, 0xff, 0xa7, 0x7f, 0xc1, 0xff,
    0xcb, 0x7f, 0x83, 0xff, 0xa9, 0x7f, 0xc8, 0x7f,
    0xf2, 0x5f, 0xe0, 0xff, 0xea, 0x7f, 0xf2, 0x1f,
    0xfc, 0x87, 0xf8, 0x3f, 0xfa, 0x77, 0xff, 0xa0,
    0xff, 0xe3, 0xbf, 0xc1, 0xff, 0xd2, 0x7f, 0xff,
    0x82, 0x1f, 0xfc, 0x67, 0xf8, 0x3f, 0xfa, 0x5f,
    0xd4, 0xff, 0xa0, 0xff, 0xe2, 0xbf, 0xc1, 0xff,
    0xd1, 0xff, 0x2, 0xff, 0x7, 0xff, 0x19, 0xfe,
    0xf, 0xfe, 0x85, 0xfc, 0x1a, 0xfc, 0x1f, 0xfc,
    0x77, 0xf8, 0x3f, 0xf9, 0xf7, 0xf2, 0x1d, 0x78,
    0x3f, 0xf9, 0xf, 0xf0, 0x7f, 0xf3, 0xbf, 0xd0,
    0x7d, 0x7, 0xff, 0x25, 0xfe, 0xf, 0xfe, 0x63,
    0xff, 0x7, 0xfc, 0xff, 0xff, 0x74, 0x3d, 0x7f,
    0xc1, 0xff, 0xc0, 0x7f, 0xff, 0xba, 0x1d, 0xff,
    0x83, 0xff, 0x82, 0xff, 0xff, 0x74, 0x2b, 0xff,
    0x21, 0xff, 0xc1, 0x7f, 0xff, 0xba, 0xf, 0xfe,
    0x43, 0xff, 0x84, 0xff, 0xff, 0x74, 0x2f, 0xf9,
    0xf, 0xff, 0x8f, 0xf2, 0x1f, 0xff, 0x3f, 0x90,
    0xff, 0xfa, 0xe1, 0xff, 0xff, 0xf, 0xff, 0x58,

    /* U+5B50 "子" */
    0xf, 0xff, 0xf7, 0xff, 0xf9, 0x60, 0xff, 0xe2,
    0x7f, 0xff, 0x96, 0xf, 0xfe, 0x27, 0xff, 0xf9,
    0x60, 0xff, 0xe2, 0x7f, 0xff, 0x96, 0xf, 0xfe,
    0x25, 0x7f, 0xf6, 0xff, 0xfd, 0x7, 0xff, 0xa5,
    0xff, 0xf4, 0x1f, 0xfe, 0x9f, 0xff, 0x21, 0xff,
    0xe9, 0xbf, 0xf9, 0xf, 0xff, 0x4b, 0xff, 0xc8,
    0x7f, 0xfa, 0xaf, 0xfd, 0x7, 0xff, 0xa9, 0xff,
    0xd0, 0x7f, 0xfa, 0xff, 0xf8, 0x3f, 0xfd, 0x77,
    0xfe, 0x43, 0xff, 0xd5, 0x7f, 0xe8, 0x3f, 0xfd,
    0x57, 0xff, 0x21, 0xff, 0xeb, 0xff, 0xd0, 0x7f,
    0xfb, 0x7f, 0xe4, 0x3f, 0xfd, 0xdf, 0xe0, 0xff,
    0xf8, 0x7f, 0x41, 0xff, 0xf0, 0xfe, 0x83, 0xff,
    0xe1, 0xfd, 0x7, 0xff, 0xc3, 0xfa, 0xf, 0xff,
    0x87, 0xf4, 0x1f, 0xff, 0xf, 0xe8, 0x3f, 0xfa,
    0x68, 0x7f, 0xf4, 0x3f, 0xa0, 0xff, 0xe6, 0xad,
    0x3, 0xff, 0xfe, 0x80, 0xff, 0xff, 0xa0, 0x3f,
    0xff, 0xe8, 0xf, 0xff, 0xfa, 0x2, 0xbc, 0xbf,
    0xfc, 0xbf, 0xf2, 0xff, 0xf4, 0x43, 0xff, 0xa7,
    0xfd, 0x7, 0xff, 0xc3, 0xfa, 0xf, 0xff, 0x87,
    0xf4, 0x1f, 0xff, 0xf, 0xe8, 0x3f, 0xfe, 0x1f,
    0xd0, 0x7f, 0xfc, 0x3f, 0xa0, 0xff, 0xf8, 0x7f,
    0x41, 0xff, 0xf0, 0xfe, 0x83, 0xff, 0xe1, 0xfd,
    0x7, 0xff, 0xc3, 0xfa, 0xf, 0xff, 0x87, 0xf4,
    0x1f, 0xff, 0xf, 0xe8, 0x3f, 0xfe, 0x1f, 0xd0,
    0x7f, 0xfc, 0x3f, 0xa0, 0xff, 0xf8, 0x7f, 0x41,
    0xff, 0xf0, 0xfe, 0x83, 0xff, 0xe1, 0xfd, 0x7,
    0xff, 0xc3, 0xfa, 0xf, 0xff, 0x87, 0xf4, 0x1f,
    0xff, 0xf, 0xe8, 0x3f, 0xfe, 0x1f, 0xd0, 0x7f,
    0xfc, 0x3f, 0xa0, 0xff, 0xf7, 0xdf, 0xd0, 0x7f,
    0xfb, 0x5b, 0xfd, 0x7, 0xff, 0x9a, 0xff, 0xfe,
    0x12, 0x1f, 0xfe, 0x7f, 0xff, 0xe1, 0x7, 0xff,
    0xa2, 0xff, 0xfe, 0x8, 0x7f, 0xfa, 0x7f, 0xff,
    0x80, 0x1f, 0xfe, 0xaf, 0xff, 0x41, 0xff, 0xeb,
    0xbf, 0xa4, 0x3f, 0xfd, 0xe8, 0x7f, 0xf7, 0x80,

    /* U+5B57 "字" */
    0xf, 0xff, 0xf8, 0x7f, 0xf1, 0x1c, 0x3f, 0xfe,
    0x37, 0xa0, 0xff, 0xf7, 0xff, 0x21, 0xff, 0xed,
    0xff, 0x83, 0xff, 0xdd, 0xff, 0x7, 0xff, 0xbb,
    0xfd, 0x7, 0xff, 0xb5, 0xff, 0x21, 0xff, 0xed,
    0xbf, 0xc1, 0xff, 0xee, 0xff, 0x41, 0xff, 0xd3,
    0xbf, 0xff, 0xda, 0x87, 0x5f, 0xff, 0xed, 0x43,
    0xaf, 0xff, 0xf6, 0xa1, 0xcf, 0xff, 0xfb, 0x50,
    0xe7, 0xf9, 0x7f, 0xfc, 0x57, 0xf2, 0x1c, 0xff,
    0x7, 0xff, 0x8f, 0xf9, 0xe, 0x7f, 0x83, 0xff,
    0xc7, 0xfc, 0x87, 0x3f, 0xc1, 0xff, 0xe3, 0xfe,
    0x43, 0x9f, 0xe0, 0xff, 0xf1, 0xff, 0x21, 0xd7,
    0xf0, 0x7f, 0xf8, 0xff, 0x90, 0xeb, 0xf8, 0x3f,
    0xfc, 0x7f, 0xc8, 0x75, 0xfc, 0x1f, 0xfe, 0x3f,
    0xe4, 0x3c, 0xbc, 0x19, 0xf, 0xff, 0x95, 0xff,
    0xfd, 0xb0, 0xff, 0xe6, 0x5f, 0xff, 0xdb, 0xf,
    0xfe, 0x65, 0xff, 0xfd, 0xb0, 0xff, 0xe6, 0x5f,
    0xff, 0xdb, 0xf, 0xfe, 0x65, 0xfe, 0xaf, 0xfe,
    0x5f, 0xff, 0x83, 0xff, 0xd2, 0xff, 0xf2, 0x1f,
    0xfe, 0x8f, 0xfe, 0x43, 0xff, 0xd0, 0xff, 0xe8,
    0x3f, 0xfd, 0x37, 0xfd, 0x7, 0xff, 0xa5, 0xff,
    0xc8, 0x7f, 0xfa, 0x7f, 0xf4, 0x1f, 0xfe, 0x9b,
    0xff, 0x21, 0xff, 0xe8, 0xbf, 0xf4, 0x1f, 0xfe,
    0x97, 0xff, 0x21, 0xff, 0xea, 0x7f, 0xe0, 0xff,
    0xf6, 0xff, 0x83, 0xff, 0xdd, 0xfe, 0xf, 0xfe,
    0x92, 0xe0, 0xff, 0xe6, 0x7f, 0x83, 0xff, 0x94,
    0xbe, 0x1f, 0xff, 0xf9, 0xf, 0xff, 0xfc, 0x87,
    0xff, 0xfe, 0x43, 0xff, 0xff, 0x21, 0xf5, 0x7f,
    0xf3, 0xbf, 0xd5, 0xff, 0xcb, 0xfe, 0xf, 0xfe,
    0x97, 0xf8, 0x3f, 0xfd, 0xdf, 0xe0, 0xff, 0xf7,
    0x7f, 0x83, 0xff, 0xdd, 0xfe, 0xf, 0xff, 0x77,
    0xf8, 0x3f, 0xfd, 0xdf, 0xe0, 0xff, 0xf7, 0x7f,
    0x83, 0xff, 0xdd, 0xfe, 0xf, 0xff, 0x77, 0xf8,
    0x3f, 0xfd, 0xdf, 0xe0, 0xff, 0xf7, 0x7f, 0x83,
    0xff, 0xdd, 0xfe, 0xf, 0xff, 0x77, 0xf8, 0x3f,
    0xfd, 0xdf, 0xe0, 0xff, 0xf6, 0xbf, 0xe0, 0xff,
    0xf2, 0x3e, 0xae, 0xff, 0xc1, 0xff, 0xe5, 0xff,
    0xfe, 0x14, 0x1f, 0xfe, 0x5b, 0xff, 0xf8, 0x28,
    0x7f, 0xf9, 0x5f, 0xff, 0xe0, 0x87, 0xff, 0x9f,
    0xff, 0xf8, 0x1, 0xff, 0xe8, 0xff, 0xe9, 0xf,
    0xff, 0x4b, 0x52, 0x83, 0xff, 0xb2,

    /* U+5B66 "学" */
    0xf, 0xff, 0x22, 0x1f, 0xfd, 0xc5, 0x7, 0xff,
    0x1f, 0xc8, 0x7f, 0xf6, 0x6f, 0x21, 0xff, 0xc5,
    0xbf, 0x21, 0xff, 0xc5, 0x50, 0x7f, 0xf0, 0x9f,
    0xe0, 0xff, 0xe2, 0xff, 0xc8, 0x7f, 0xf0, 0x9f,
    0x41, 0xff, 0xc0, 0x7f, 0xe0, 0xff, 0xe1, 0xbf,
    0xf8, 0x3f, 0xf8, 0x37, 0xe8, 0x3f, 0xf8, 0x1f,
    0xf4, 0x1f, 0xfc, 0x2f, 0xfc, 0x1f, 0xfc, 0x1f,
    0xfc, 0x1f, 0xf3, 0xff, 0x21, 0xff, 0xc0, 0x7f,
    0xe4, 0x3f, 0xf8, 0x37, 0xfe, 0xf, 0xfa, 0xff,
    0x83, 0xff, 0x81, 0xff, 0x21, 0xff, 0xc3, 0xbf,
    0xf0, 0x7f, 0xdf, 0xf4, 0x1f, 0xe7, 0xfd, 0x7,
    0xff, 0x16, 0xff, 0xa0, 0xff, 0xbf, 0xe4, 0x3f,
    0xbf, 0xe0, 0xff, 0xe3, 0xdf, 0xf4, 0x1f, 0xeb,
    0xfe, 0xf, 0xcf, 0xf8, 0x3f, 0xf9, 0x37, 0xfc,
    0x87, 0xfb, 0xfd, 0x7, 0xef, 0xf2, 0x1f, 0xfc,
    0xab, 0xfc, 0x1f, 0xf3, 0xf9, 0xf, 0xd7, 0xf4,
    0x1f, 0xfc, 0xcf, 0xd0, 0x7f, 0xf0, 0x6e, 0xf,
    0xf7, 0xf8, 0x3f, 0xf9, 0xde, 0x83, 0xff, 0x86,
    0x87, 0xfa, 0xfe, 0x43, 0xff, 0x9c, 0xc1, 0xff,
    0xcf, 0xff, 0x7, 0xff, 0xaf, 0xfc, 0x1f, 0xfc,
    0x5f, 0xff, 0xf8, 0xf, 0xff, 0xfc, 0x1, 0xff,
    0xff, 0x0, 0x7f, 0xff, 0xc0, 0x1f, 0xff, 0xf0,
    0x7, 0xf4, 0x1f, 0xfe, 0x4b, 0xf8, 0x1f, 0xd0,
    0x7f, 0xf9, 0x2f, 0xe0, 0x7f, 0x41, 0xff, 0xe4,
    0xbf, 0x81, 0xfd, 0x7, 0xff, 0x92, 0xfe, 0x7,
    0xf4, 0x1f, 0xfe, 0x4b, 0xf8, 0x1f, 0xd0, 0x7f,
    0xf9, 0x2f, 0xe1, 0xfe, 0x83, 0xff, 0xc9, 0x7f,
    0xf, 0xf2, 0x1c, 0xb0, 0x7f, 0xf7, 0x1a, 0xe0,
    0xff, 0xe0, 0x3f, 0xff, 0xda, 0xf, 0xfe, 0x5b,
    0xff, 0xfd, 0xa0, 0xff, 0xe5, 0xbf, 0xff, 0xda,
    0xf, 0xfe, 0x5b, 0xff, 0xfd, 0xa0, 0xff, 0xe5,
    0xbf, 0xf5, 0x7f, 0xf2, 0x3f, 0xfe, 0xf, 0xff,
    0x2b, 0xff, 0xfc, 0x0, 0xff, 0xf1, 0xbf, 0xff,
    0x41, 0xff, 0xe3, 0x7f, 0xfd, 0x7, 0xff, 0x91,
    0xff, 0xf4, 0x1f, 0xfe, 0x47, 0xff, 0xd0, 0x7f,
    0xf9, 0xbf, 0xfa, 0xf, 0xff, 0x45, 0xfe, 0x83,
    0xff, 0xd4, 0xff, 0x21, 0xff, 0xeb, 0x7f, 0x90,
    0xff, 0xe7, 0x2f, 0x83, 0xff, 0x96, 0xff, 0x21,
    0xff, 0xc9, 0x5e, 0xff, 0xff, 0xff, 0xff, 0xff,
    0xff, 0xff, 0xff, 0xff, 0xff, 0xff, 0xff, 0x7,
    0xff, 0x45, 0xfe, 0x43, 0xff, 0xd6, 0xff, 0x21,
    0xff, 0xeb, 0x7f, 0x90, 0xff, 0xf5, 0xbf, 0xc8,
    0x7f, 0xfa, 0xdf, 0xe4, 0x3f, 0xfd, 0x6f, 0xf2,
    0x1f, 0xfe, 0xb7, 0xf9, 0xf, 0xff, 0x5b, 0xfc,
    0x87, 0xff, 0xad, 0xfe, 0x43, 0xff, 0xd6, 0xff,
    0x21, 0xff, 0xeb, 0xff, 0x21, 0xff, 0xe2, 0x5f,
    0xdf, 0xf2, 0x1f, 0xfe, 0x17, 0xff, 0xf8, 0x61,
    0xff, 0xe3, 0xbf, 0xff, 0x84, 0x1f, 0xfe, 0x4f,
    0xff, 0xe0, 0xc1, 0xff, 0xe4, 0xff, 0xfe, 0x4,
    0x1f, 0xfe, 0x57, 0xff, 0xa0, 0xff, 0xf4, 0x75,
    0x28, 0x3f, 0xfa, 0xc0,

    /* U+5B9D "宝" */
    0xf, 0xfe, 0xa2, 0x83, 0xff, 0xe0, 0xfc, 0x1f,
    0xfe, 0xd7, 0xfc, 0x1f, 0xfe, 0xef, 0xf4, 0x1f,
    0xfe, 0xdb, 0xfc, 0x1f, 0xfe, 0xd7, 0xfc, 0x87,
    0xff, 0xb7, 0xfd, 0x7, 0xff, 0xb6, 0xff, 0x7,
    0xff, 0xb5, 0xff, 0x7, 0xff, 0xbb, 0xfc, 0x87,
    0xff, 0x43, 0xff, 0xfe, 0x67, 0xff, 0xfc, 0xcf,
    0xff, 0xf9, 0x9f, 0xff, 0xf3, 0x3f, 0xff, 0xe6,
    0x7f, 0x83, 0xff, 0xcf, 0xfd, 0x1f, 0xe0, 0xff,
    0xf3, 0xff, 0x47, 0xf8, 0x3f, 0xfc, 0xff, 0xd1,
    0xfe, 0xf, 0xff, 0x3f, 0xf4, 0x7f, 0x83, 0xff,
    0xcf, 0xfe, 0x3f, 0xc1, 0xff, 0xe7, 0xff, 0x1f,
    0xe0, 0xff, 0xf3, 0xff, 0x9f, 0xf0, 0x7f, 0xf9,
    0xff, 0xcf, 0xf8, 0x3f, 0xfc, 0x68, 0x4b, 0xf5,
    0x78, 0x27, 0xff, 0xfc, 0x1, 0xff, 0xc7, 0x7f,
    0xff, 0xc0, 0x1f, 0xfc, 0x77, 0xff, 0xfc, 0x1,
    0xff, 0xc7, 0x7f, 0xff, 0xc0, 0x1f, 0xfc, 0x77,
    0xff, 0xfc, 0x1, 0xff, 0xda, 0xbf, 0x83, 0xff,
    0xdd, 0x7f, 0x7, 0xff, 0xba, 0xfe, 0xf, 0xff,
    0x75, 0xfc, 0x1f, 0xfe, 0xeb, 0xf8, 0x3f, 0xfd,
    0xd7, 0xf0, 0x7f, 0xfb, 0xaf, 0xe0, 0xff, 0xf7,
    0x5f, 0xc1, 0xff, 0xee, 0xbf, 0x83, 0xff, 0xdd,
    0x7f, 0x7, 0xff, 0x65, 0x60, 0xff, 0xe3, 0x5f,
    0xc1, 0xff, 0xc6, 0x5c, 0x1f, 0xfc, 0x27, 0xff,
    0xfc, 0xa1, 0xff, 0xc2, 0x7f, 0xff, 0xca, 0x1f,
    0xfc, 0x27, 0xff, 0xfc, 0xa1, 0xff, 0xc2, 0x7f,
    0xff, 0xca, 0x1f, 0xfc, 0x3f, 0xf5, 0x7f, 0xf0,
    0xff, 0xd5, 0xff, 0xc5, 0xfe, 0xf, 0xfe, 0xc5,
    0xfc, 0x1f, 0xfe, 0xeb, 0xf8, 0x3f, 0xf8, 0x8,
    0x7f, 0xf8, 0x6f, 0xe0, 0xff, 0xae, 0xf, 0xff,
    0x5, 0xfc, 0x1f, 0xeb, 0xe8, 0x3f, 0xfb, 0xf7,
    0xf0, 0x7f, 0x7f, 0x90, 0xff, 0xef, 0x5f, 0xc1,
    0xfa, 0xff, 0x83, 0xff, 0xbd, 0x7f, 0x7, 0xf5,
    0xff, 0x7, 0xff, 0x76, 0xfe, 0xf, 0xf7, 0xfe,
    0xf, 0xfe, 0xe5, 0xfc, 0x1f, 0xf7, 0xfd, 0x7,
    0xff, 0x6e, 0xfe, 0xf, 0xfe, 0x7, 0xfc, 0x87,
    0xff, 0x6a, 0xfe, 0xf, 0xfe, 0x3, 0xfd, 0x7,
    0xff, 0x6e, 0xfe, 0xf, 0xfe, 0xf, 0xe4, 0x3f,
    0xfb, 0x97, 0xf0, 0x7f, 0xf0, 0xbc, 0x1f, 0xfd,
    0xeb, 0xf8, 0x3f, 0xf8, 0x48, 0x7f, 0xf0, 0xef,
    0xd5, 0xff, 0xcb, 0xff, 0xfe, 0xb0, 0x2f, 0xff,
    0xf8, 0x82, 0xff, 0xff, 0x88, 0x2f, 0xff, 0xf8,
    0x82, 0xff, 0xff, 0x88, 0x17, 0x7, 0xff, 0xad,
    0x60,

    /* U+5BB6 "家" */
    0xf, 0xff, 0xf8, 0x7f, 0xf2, 0xdb, 0x83, 0xff,
    0xe1, 0x7f, 0x83, 0xff, 0xe1, 0xff, 0x21, 0xff,
    0xef, 0x7f, 0xd0, 0x7f, 0xfc, 0x3f, 0xe0, 0xff,
    0xf8, 0x5f, 0xe0, 0xff, 0xf8, 0xff, 0xa0, 0xff,
    0xf8, 0x7f, 0xc1, 0xff, 0xd4, 0xff, 0xff, 0x88,
    0x7a, 0xff, 0xff, 0x80, 0x7a, 0xff, 0xff, 0x80,
    0x7a, 0xff, 0xff, 0x7c, 0x1e, 0xbf, 0xab, 0xff,
    0xcb, 0xfd, 0x7, 0xaf, 0xe0, 0xff, 0xf2, 0xff,
    0x41, 0xeb, 0xf8, 0x3f, 0xfc, 0xbf, 0xd0, 0x7a,
    0xfe, 0xf, 0xff, 0x2f, 0xf4, 0x1e, 0xbf, 0x83,
    0xff, 0xcb, 0xfd, 0x7, 0xaf, 0xe0, 0xff, 0xf2,
    0xff, 0x41, 0xeb, 0xf8, 0x3f, 0xfc, 0xbf, 0xd0,
    0x7a, 0xfe, 0xf, 0x3f, 0xff, 0xd9, 0xe, 0xff,
    0x7, 0xaf, 0xe0, 0xf3, 0xff, 0xfd, 0x90, 0xef,
    0xf0, 0x7a, 0xfe, 0xf, 0x3f, 0xff, 0xd9, 0xe,
    0xff, 0x7, 0xbf, 0xc1, 0xe7, 0xff, 0xfb, 0x21,
    0xff, 0xd1, 0x7a, 0xff, 0xbf, 0xf5, 0x7f, 0xf0,
    0xfc, 0x1f, 0xfd, 0xd7, 0xfe, 0x43, 0xff, 0xda,
    0xff, 0xc1, 0xff, 0xee, 0xbf, 0xe0, 0xff, 0xe4,
    0xa1, 0xff, 0xd7, 0x7f, 0xf0, 0x7f, 0xf2, 0x6e,
    0xf, 0xfe, 0xad, 0xff, 0x83, 0xff, 0x92, 0xfd,
    0x7, 0xff, 0x4a, 0xff, 0xf4, 0x1f, 0xfc, 0x77,
    0xfa, 0xf, 0xfe, 0x7d, 0xff, 0xfc, 0x18, 0x3f,
    0xf8, 0xaf, 0xfd, 0x7, 0xff, 0x2d, 0xff, 0xf5,
    0xfe, 0x83, 0xff, 0x86, 0xff, 0xf4, 0x1f, 0xfc,
    0x76, 0xff, 0xf4, 0x7, 0xfd, 0x7, 0xff, 0x6,
    0xff, 0xe4, 0x3f, 0xf8, 0xad, 0xff, 0xf4, 0x1c,
    0xff, 0xa0, 0xff, 0xaf, 0xfc, 0x87, 0xff, 0x12,
    0xff, 0xfe, 0xc, 0x1f, 0xbf, 0xe4, 0x3f, 0x3f,
    0xf9, 0xf, 0xfe, 0x13, 0x7f, 0xff, 0xa, 0xf,
    0xef, 0xfe, 0xf, 0xaf, 0xfa, 0xf, 0xfe, 0x23,
    0xff, 0xfc, 0x18, 0x3f, 0x9f, 0xff, 0x83, 0x3f,
    0xf8, 0x3f, 0xf8, 0xf7, 0xff, 0xa0, 0xff, 0x5f,
    0xff, 0xc0, 0x87, 0xff, 0x83, 0xff, 0x93, 0xff,
    0x90, 0xff, 0xbf, 0xf3, 0xff, 0xfc, 0x50, 0xff,
    0xe5, 0x7e, 0x90, 0xff, 0xaf, 0xfa, 0x5, 0xff,
    0xfc, 0x44, 0x3f, 0xf9, 0x37, 0x7, 0xff, 0x1,
    0xff, 0xc1, 0xdf, 0xff, 0x3f, 0xc1, 0xff, 0xd7,
    0xff, 0xd0, 0x7a, 0xff, 0xc8, 0x3f, 0x83, 0xff,
    0xab, 0x7f, 0xe0, 0xf9, 0xff, 0xa0, 0xd7, 0xe8,
    0x3f, 0xfa, 0x57, 0xfe, 0x83, 0xe7, 0xff, 0x21,
    0x9f, 0xe0, 0xff, 0xe7, 0xbf, 0xfe, 0xf, 0xd7,
    0xff, 0x21, 0xdf, 0xd0, 0x7f, 0xf3, 0x2f, 0xff,
    0x21, 0xfa, 0xff, 0xf4, 0x1d, 0x7f, 0x7, 0xff,
    0x25, 0xff, 0xfa, 0xf, 0xef, 0xff, 0xe0, 0x87,
    0xbf, 0xa0, 0xff, 0xe2, 0xbf, 0xff, 0xc0, 0x83,
    0xfa, 0xff, 0x43, 0xfc, 0x1e, 0xbf, 0x90, 0xff,
    0xe1, 0x5f, 0xff, 0xc1, 0x43, 0xfb, 0xfe, 0x80,
    0xff, 0x7, 0xdf, 0xe0, 0xff, 0xe1, 0xdf, 0xfe,
    0x43, 0xfa, 0xff, 0x90, 0x9f, 0xe0, 0xfa, 0xff,
    0x7, 0xff, 0xe, 0xff, 0x90, 0xfe, 0x7f, 0xe8,
    0x3d, 0xfc, 0x1f, 0xbf, 0xe4, 0x3f, 0xf8, 0x5f,
    0xa4, 0x3f, 0xd7, 0xfc, 0x87, 0xdf, 0xc8, 0x7c,
    0xff, 0xc8, 0x7f, 0xf0, 0xb8, 0x3f, 0xeb, 0xff,
    0x7, 0xf7, 0xf2, 0x1f, 0xaf, 0xfc, 0x1f, 0xfc,
    0xcb, 0xff, 0x21, 0xfe, 0xfe, 0x43, 0xfb, 0xff,
    0x90, 0xff, 0xe4, 0x5f, 0xfa, 0xf, 0xfe, 0x7,
    0xf2, 0x1f, 0xef, 0xff, 0x7, 0xff, 0x11, 0xbf,
    0xf9, 0xf, 0xfe, 0x3, 0xfc, 0x87, 0xfd, 0xff,
    0xe8, 0x3f, 0xf8, 0xf, 0xff, 0xa0, 0xff, 0xe1,
    0x5f, 0xc8, 0x7f, 0xf0, 0x3f, 0xfe, 0x83, 0xe6,
    0xff, 0xf4, 0x1f, 0xfc, 0x4f, 0xf0, 0x7f, 0xf0,
    0xbf, 0xfc, 0x87, 0x5f, 0xff, 0xc0, 0xf, 0xfe,
    0x2f, 0xfc, 0x1f, 0xfc, 0x3b, 0xfe, 0x42, 0xbf,
    0xff, 0x82, 0x87, 0xff, 0x9, 0x57, 0xfc, 0x87,
    0xff, 0x11, 0xfe, 0x43, 0x7f, 0xff, 0x1, 0xf,
    0xfb, 0xff, 0xf8, 0x61, 0xff, 0xc7, 0xf9, 0xf,
    0x7f, 0xf2, 0x1f, 0xfc, 0x17, 0xff, 0xf8, 0x21,
    0xff, 0xc9, 0xa0, 0x7c, 0xff, 0x90, 0xff, 0xe2,
    0x7f, 0xff, 0x0, 0x3f, 0xfa, 0x8f, 0xc8, 0x7f,
    0xf1, 0xaf, 0xfe, 0x43, 0xff, 0xad, 0x21, 0xff,
    0xc9, 0xff, 0xa0, 0xff, 0xf7, 0xfe, 0x90, 0xff,
    0xf8, 0xa8, 0x3f, 0xfb, 0x40,

    /* U+5BF9 "对" */
    0xf, 0xff, 0x47, 0xf8, 0x3f, 0xfe, 0x5f, 0xe0,
    0xff, 0xf9, 0x7f, 0x83, 0xff, 0xe5, 0xfe, 0xf,
    0xff, 0x97, 0xf8, 0x3f, 0xfe, 0x5f, 0xe0, 0xff,
    0xf9, 0x7f, 0x83, 0xff, 0xe5, 0x7f, 0x7, 0xff,
    0xca, 0xfe, 0xf, 0xff, 0x95, 0xfc, 0x1f, 0xfc,
    0x2f, 0xfa, 0xbf, 0xf8, 0xe1, 0xff, 0xca, 0xbf,
    0x83, 0xff, 0x85, 0xff, 0xfc, 0xd8, 0x3f, 0xf9,
    0x57, 0xf0, 0x7f, 0xf0, 0xbf, 0xff, 0x9a, 0x87,
    0xff, 0x2a, 0xfe, 0xf, 0xfe, 0x17, 0xff, 0xf3,
    0x50, 0xff, 0xe5, 0x5f, 0xc1, 0xff, 0xc2, 0xff,
    0xfe, 0x68, 0x7f, 0xf2, 0xef, 0xe0, 0xff, 0xeb,
    0x7f, 0x7, 0xff, 0x2e, 0xfe, 0xf, 0xfe, 0xab,
    0xfa, 0x2, 0xe0, 0xff, 0xe2, 0xdf, 0xc1, 0xcb,
    0x83, 0xff, 0x99, 0x7e, 0x81, 0xff, 0xfd, 0x80,
    0xff, 0xe6, 0x5f, 0x90, 0x7f, 0xff, 0x60, 0x3f,
    0xf9, 0x9f, 0xc1, 0x7f, 0xff, 0x60, 0x3f, 0xf9,
    0x9f, 0xc1, 0x7f, 0xff, 0x60, 0x3f, 0xf9, 0x6f,
    0xf0, 0x5e, 0xac, 0xbf, 0xfc, 0x3f, 0xf2, 0xf5,
    0x60, 0xfc, 0xc1, 0xff, 0xc1, 0xbf, 0x41, 0xff,
    0xcc, 0xbf, 0x83, 0xff, 0x88, 0xfa, 0xf, 0xfe,
    0x7, 0xf2, 0x1f, 0xfc, 0xcb, 0xf8, 0x3f, 0xf8,
    0x77, 0xe4, 0x3f, 0xef, 0xe0, 0xff, 0xe6, 0xdf,
    0xc1, 0xff, 0xc2, 0xbf, 0xc8, 0x7f, 0x3f, 0xc1,
    0xff, 0xcd, 0xbf, 0x83, 0xff, 0x87, 0xff, 0x21,
    0xfa, 0xfd, 0x7, 0xff, 0x36, 0xfe, 0xf, 0xfe,
    0x27, 0xfc, 0x1f, 0xbf, 0x90, 0xff, 0xe6, 0xdf,
    0xc1, 0xff, 0xc5, 0xff, 0x83, 0xef, 0xe0, 0xfe,
    0x74, 0x3f, 0xf8, 0x57, 0xf0, 0x7f, 0xf1, 0xbf,
    0xe0, 0xe7, 0xf8, 0x3f, 0x7e, 0xf, 0xfe, 0x15,
    0xfc, 0x1f, 0xfc, 0x7f, 0xf8, 0x35, 0xfa, 0xf,
    0x3f, 0xc8, 0x7f, 0xf0, 0x6f, 0xe0, 0xff, 0xe4,
    0x7f, 0xc1, 0x7f, 0x7, 0xef, 0xf0, 0x7f, 0xf0,
    0x6f, 0xe0, 0xff, 0xe4, 0xff, 0xa1, 0xfe, 0xf,
    0xcf, 0xf4, 0x1f, 0xfc, 0xb, 0xf8, 0x3f, 0xf9,
    0x2f, 0xfa, 0x9f, 0xa0, 0xfe, 0xff, 0x7, 0xff,
    0x2, 0xfe, 0xf, 0xfe, 0x53, 0xff, 0xf2, 0x1f,
    0xcf, 0xf4, 0x1f, 0xf5, 0xfc, 0x1f, 0xfc, 0xb7,
    0xff, 0xc1, 0xff, 0x7f, 0x83, 0xfe, 0xbf, 0x83,
    0xff, 0x99, 0x7f, 0xe8, 0x3f, 0xe7, 0xfa, 0xf,
    0xf5, 0xfc, 0x1f, 0xfc, 0xdf, 0xfc, 0x1f, 0xfc,
    0x1f, 0xf0, 0x7f, 0xaf, 0xe0, 0xff, 0xe7, 0x7f,
    0xc1, 0xff, 0xc1, 0x7f, 0xa0, 0xfe, 0xbf, 0x83,
    0xff, 0x9d, 0x7f, 0x90, 0xff, 0xe0, 0xff, 0x83,
    0xfa, 0xfe, 0xf, 0xfe, 0x77, 0xfe, 0xf, 0xfe,
    0xd, 0xfd, 0x7, 0xeb, 0xf8, 0x3f, 0xf9, 0xb7,
    0xff, 0x7, 0xff, 0x7, 0xfc, 0x1f, 0xaf, 0xe0,
    0xff, 0xe6, 0x3f, 0xfe, 0x83, 0xff, 0x81, 0x7f,
    0x41, 0xf5, 0xfc, 0x1f, 0xfc, 0xcf, 0xff, 0xe0,
    0x21, 0xff, 0x3f, 0xc8, 0x7d, 0x7f, 0x7, 0xff,
    0x2e, 0xfe, 0x57, 0xf8, 0x3f, 0xf8, 0x1f, 0x21,
    0xfd, 0x7f, 0x7, 0xff, 0x2f, 0xfc, 0xb, 0xfa,
    0xf, 0xfa, 0x81, 0xff, 0x5f, 0xc1, 0xff, 0xca,
    0xff, 0x6, 0xff, 0x21, 0xff, 0xcb, 0xbf, 0x83,
    0xff, 0x93, 0x7f, 0x41, 0x9f, 0xf0, 0x7f, 0xf2,
    0xef, 0xe0, 0xff, 0xe4, 0x3f, 0xe0, 0xf5, 0xfd,
    0x7, 0xff, 0x2a, 0xfe, 0xf, 0xfe, 0x47, 0xf8,
    0x3f, 0x7f, 0x90, 0xff, 0xe4, 0xdf, 0xc1, 0xff,
    0xc7, 0xff, 0x41, 0xf9, 0xff, 0x7, 0xff, 0x26,
    0xfe, 0xf, 0xfe, 0x37, 0xfa, 0xf, 0xf7, 0xfa,
    0xf, 0xfe, 0x45, 0xfc, 0x1f, 0xfc, 0x5b, 0xfc,
    0x1f, 0xfc, 0xf, 0xf2, 0x1f, 0xfc, 0x7b, 0xf8,
    0x3f, 0xf8, 0x97, 0xf8, 0x3f, 0xf8, 0x37, 0xf8,
    0x3f, 0xf8, 0xf7, 0xf0, 0x7f, 0xf0, 0xff, 0xe4,
    0x3f, 0xf8, 0x5f, 0xc1, 0xff, 0xc8, 0xbf, 0x83,
    0xff, 0x85, 0xff, 0x21, 0xff, 0xc3, 0x7e, 0xf,
    0xfe, 0x4d, 0xfc, 0x1f, 0xfc, 0x1f, 0xf9, 0xf,
    0xfe, 0x2f, 0x7, 0xff, 0x2b, 0xfc, 0x1f, 0xf3,
    0xff, 0x21, 0xff, 0xde, 0xff, 0x7, 0xf9, 0xff,
    0x90, 0xff, 0xef, 0x5f, 0xe0, 0xff, 0xe0, 0x7f,
    0x41, 0xff, 0xd7, 0x6a, 0xff, 0xf4, 0x1f, 0xfc,
    0x1b, 0xc8, 0x7f, 0xf6, 0x7f, 0xff, 0x82, 0x87,
    0xff, 0xb, 0x43, 0xff, 0xb5, 0x7f, 0xff, 0x0,
    0x3f, 0xfd, 0x9f, 0xff, 0x7, 0xff, 0xb7, 0xff,
    0xa0, 0xff, 0xf7, 0x5f, 0xa4, 0x3f, 0xfe, 0x48,
    0x7f, 0xf2, 0x40,

    /* U+5C0F "小" */
    0xf, 0xfe, 0x87, 0xf9, 0xf, 0xff, 0x5f, 0xf9,
    0xf, 0xff, 0x5d, 0xfc, 0x1f, 0xfe, 0xcb, 0xf8,
    0x3f, 0xfd, 0x97, 0xf0, 0x7f, 0xfb, 0x2f, 0xe0,
    0xff, 0xf6, 0x5f, 0xc1, 0xff, 0xec, 0xbf, 0x83,
    0xff, 0xd9, 0x7f, 0x7, 0xff, 0xb2, 0xfe, 0xf,
    0xff, 0x65, 0xfc, 0x1f, 0xfe, 0xcb, 0xf8, 0x3f,
    0xfd, 0x97, 0xf0, 0x7f, 0xfb, 0x2f, 0xe0, 0xff,
    0xf6, 0x5f, 0xc1, 0xff, 0xec, 0xbf, 0x83, 0xff,
    0xd9, 0x7f, 0x7, 0xff, 0xb2, 0xfe, 0xf, 0xfe,
    0xdb, 0xa1, 0xff, 0xc2, 0xbf, 0x83, 0xff, 0x81,
    0xe0, 0xff, 0xe6, 0xdf, 0xa4, 0x3f, 0xd7, 0xf0,
    0x7f, 0xaf, 0xa0, 0xff, 0xe6, 0x7f, 0xc1, 0xfe,
    0xbf, 0x83, 0xfb, 0xfc, 0x1f, 0xfc, 0xcf, 0xf4,
    0x1f, 0xeb, 0xf8, 0x3f, 0xbf, 0xe0, 0xff, 0xe5,
    0x3f, 0xe4, 0x3f, 0xd7, 0xf0, 0x7f, 0x3f, 0xe4,
    0x3f, 0xf9, 0x37, 0xf8, 0x3f, 0xeb, 0xf8, 0x3f,
    0xdf, 0xf0, 0x7f, 0xf2, 0x7f, 0xd0, 0x7f, 0xd7,
    0xf0, 0x7f, 0x9f, 0xf2, 0x1f, 0xfc, 0x77, 0xfc,
    0x1f, 0xfc, 0xb, 0xf8, 0x3f, 0xeb, 0xfc, 0x1f,
    0xfc, 0x7b, 0xfc, 0x1f, 0xfc, 0xb, 0xf8, 0x3f,
    0xf8, 0x1f, 0xe4, 0x3f, 0xf8, 0xdf, 0xe8, 0x3f,
    0xf8, 0x17, 0xf0, 0x7f, 0xf0, 0x2f, 0xf0, 0x7f,
    0xf1, 0x5f, 0xf0, 0x7f, 0xf0, 0x6f, 0xe0, 0xff,
    0xe0, 0xff, 0xa0, 0xff, 0xe2, 0x5f, 0xe0, 0xff,
    0xe0, 0xdf, 0xc1, 0xff, 0xc1, 0xbf, 0xc1, 0xff,
    0xc4, 0xff, 0x21, 0xff, 0xc1, 0xbf, 0x83, 0xff,
    0x85, 0xfe, 0x83, 0xff, 0x84, 0xff, 0x83, 0xff,
    0x85, 0x7f, 0x7, 0xff, 0xa, 0xff, 0x7, 0xff,
    0xa, 0xfe, 0x83, 0xff, 0x85, 0x7f, 0x7, 0xff,
    0xf, 0xfd, 0x7, 0xff, 0x7, 0xfc, 0x87, 0xff,
    0xa, 0xfe, 0xf, 0xfe, 0x1d, 0xfe, 0xf, 0xfe,
    0x3, 0xfe, 0xf, 0xfe, 0x1d, 0xfc, 0x1f, 0xfc,
    0x4f, 0xf4, 0x1f, 0xf7, 0xfa, 0xf, 0xfe, 0x1d,
    0xfc, 0x1f, 0xfc, 0x4b, 0xfc, 0x1f, 0xe7, 0xfc,
    0x1f, 0xfc, 0x4b, 0xf8, 0x3f, 0xf8, 0xbf, 0xe8,
    0x3f, 0xaf, 0xf0, 0x7f, 0xf1, 0x2f, 0xe0, 0xff,
    0xe2, 0xdf, 0xe0, 0xfe, 0xff, 0x21, 0xff, 0xc4,
    0xbf, 0x83, 0xff, 0x8d, 0xfe, 0x43, 0xeb, 0xfc,
    0x1f, 0xfc, 0x5b, 0xf8, 0x3f, 0xf8, 0xdf, 0xf0,
    0x7d, 0xfe, 0x83, 0xff, 0x8b, 0x7f, 0x7, 0xff,
    0x19, 0xff, 0x21, 0xd7, 0xf9, 0xf, 0xfe, 0x2d,
    0xfc, 0x1f, 0xfc, 0x7f, 0xf8, 0x3b, 0xfe, 0xf,
    0xfe, 0x35, 0xfc, 0x1f, 0xfc, 0x77, 0xfc, 0x1a,
    0xff, 0x21, 0xff, 0xc6, 0xbf, 0x83, 0xff, 0x91,
    0xfe, 0x82, 0xff, 0x83, 0xff, 0x8f, 0x7f, 0x7,
    0xff, 0x22, 0xff, 0x2, 0xff, 0x41, 0xff, 0xc7,
    0xbf, 0x83, 0xff, 0x90, 0xfe, 0x82, 0xff, 0x83,
    0xff, 0x91, 0x7f, 0x7, 0xff, 0x27, 0xc8, 0x79,
    0xbe, 0x83, 0xff, 0x91, 0x7f, 0x7, 0xff, 0x25,
    0xf, 0xfb, 0xc1, 0xff, 0xc9, 0xbf, 0x83, 0xff,
    0xac, 0x87, 0xff, 0x26, 0xfe, 0xf, 0xff, 0x65,
    0xfc, 0x1f, 0xfe, 0xcb, 0xf8, 0x3f, 0xfd, 0x97,
    0xf0, 0x7f, 0xfb, 0x2f, 0xe0, 0xff, 0xf6, 0x5f,
    0xc1, 0xff, 0xec, 0xbf, 0x83, 0xff, 0xd9, 0xfe,
    0xf, 0xff, 0x5b, 0xfe, 0xf, 0xff, 0x1b, 0x57,
    0xff, 0xc1, 0xff, 0xe4, 0xff, 0xfe, 0xc, 0x1f,
    0xfe, 0x4b, 0xff, 0xf8, 0x8, 0x7f, 0xf9, 0x7f,
    0xfe, 0x83, 0xff, 0xcd, 0xff, 0xe8, 0x3f, 0xfc,
    0xf7, 0xfa, 0x43, 0xff, 0xd2, 0xd1, 0x41, 0xff,
    0xd8,

    /* U+5C11 "少" */
    0xf, 0xfe, 0x8d, 0x78, 0x3f, 0xfd, 0xff, 0xe4,
    0x3f, 0xfd, 0xdf, 0xe0, 0xff, 0xf7, 0xff, 0x83,
    0xff, 0xdf, 0xfe, 0xf, 0xff, 0x7d, 0xfc, 0x1f,
    0xfe, 0xfb, 0xf8, 0x3f, 0xfd, 0xf7, 0xf0, 0x7f,
    0xfb, 0xef, 0xe0, 0xff, 0xf7, 0xdf, 0xc1, 0xff,
    0xef, 0xbf, 0x83, 0xff, 0xc4, 0x87, 0xff, 0x2,
    0xfe, 0xf, 0xfb, 0x43, 0xff, 0xab, 0xe4, 0x3f,
    0xd7, 0xf0, 0x7f, 0xbe, 0x83, 0xff, 0xa7, 0x7e,
    0x43, 0xf5, 0xfc, 0x1f, 0xdf, 0xe0, 0xff, 0xe9,
    0x7f, 0xc1, 0xf5, 0xfc, 0x1f, 0xbf, 0xf0, 0x7f,
    0xf4, 0x2f, 0xf4, 0x1f, 0x5f, 0xc1, 0xfa, 0xff,
    0xc8, 0x7f, 0xf3, 0xbf, 0xe0, 0xfd, 0x7f, 0x7,
    0xf5, 0xff, 0xa0, 0xff, 0xe6, 0x5f, 0xe0, 0xfe,
    0xbf, 0x83, 0xfc, 0xff, 0xe8, 0x3f, 0xf9, 0x4f,
    0xf9, 0xf, 0xeb, 0xf8, 0x3f, 0xf8, 0x1f, 0xfc,
    0x1f, 0xfc, 0x9f, 0xf4, 0x1f, 0xeb, 0xf8, 0x3f,
    0xf8, 0x3f, 0xfc, 0x1f, 0xfc, 0x7b, 0xfc, 0x1f,
    0xf5, 0xfc, 0x1f, 0xfc, 0x2b, 0xff, 0x7, 0xff,
    0x15, 0xff, 0x21, 0xff, 0x5f, 0xc1, 0xff, 0xc3,
    0x7f, 0xf2, 0x1f, 0xfc, 0x3f, 0xf4, 0x1f, 0xfc,
    0xb, 0xf8, 0x3f, 0xf8, 0x8f, 0xfe, 0x43, 0xff,
    0x83, 0x7f, 0x83, 0xff, 0x83, 0x7f, 0x7, 0xff,
    0x15, 0xff, 0xc8, 0x7f, 0xcf, 0xf8, 0x3f, 0xf8,
    0x57, 0xf0, 0x7f, 0xf1, 0xff, 0xf2, 0x1f, 0xef,
    0xf2, 0x1f, 0xfc, 0x2b, 0xf8, 0x3f, 0xf9, 0x1f,
    0xf9, 0xf, 0xdf, 0xe8, 0x3f, 0xf8, 0x77, 0xf0,
    0x7f, 0xf2, 0x7f, 0xf2, 0x1e, 0xbf, 0xc1, 0xff,
    0xc4, 0xbf, 0x83, 0xff, 0x95, 0xfe, 0x43, 0xd7,
    0xf8, 0x3f, 0xf8, 0xb7, 0xf0, 0x7f, 0xf2, 0xff,
    0x7, 0xcf, 0xf9, 0xf, 0xfe, 0x2d, 0xfc, 0x1f,
    0xfc, 0xb7, 0xc1, 0xf3, 0xfe, 0x83, 0xff, 0x8d,
    0x7f, 0x7, 0xff, 0x31, 0xf, 0x9f, 0xf8, 0x3f,
    0xf8, 0xf7, 0xf0, 0x7f, 0xf5, 0x3f, 0xe4, 0x3f,
    0xf8, 0xf7, 0xf0, 0x7f, 0xf4, 0xff, 0xe8, 0x3f,
    0xf9, 0x17, 0xf0, 0x7f, 0xf1, 0x20, 0xff, 0xe1,
    0x3f, 0xe0, 0xff, 0xe4, 0xdf, 0xc1, 0xff, 0xc3,
    0x7c, 0x1f, 0xfc, 0x3b, 0xe0, 0xff, 0xe5, 0x5f,
    0xc1, 0xff, 0xc3, 0xfc, 0x87, 0xff, 0xa, 0xd0,
    0xff, 0xe5, 0x5f, 0xc1, 0xff, 0xc2, 0xff, 0x90,
    0xff, 0xe0, 0xa1, 0xff, 0xcb, 0xbf, 0x83, 0xff,
    0x83, 0x7f, 0xe0, 0xff, 0xec, 0xdf, 0xc1, 0xff,
    0xc0, 0x7f, 0xf0, 0x7f, 0xf6, 0xaf, 0xe0, 0xff,
    0x9f, 0xfc, 0x1f, 0xfd, 0xbb, 0xf9, 0xf, 0xe7,
    0xff, 0x7, 0xff, 0x73, 0xfc, 0x87, 0xf7, 0xfe,
    0xf, 0xfe, 0xef, 0xf9, 0xf, 0xdf, 0xf8, 0x3f,
    0xfd, 0x6f, 0xfe, 0xf, 0xff, 0x5b, 0xff, 0x83,
    0xff, 0xd7, 0x7f, 0xe0, 0xff, 0xf5, 0xdf, 0xf8,
    0x3f, 0xfd, 0x7f, 0xfa, 0xf, 0xff, 0x53, 0xff,
    0xa0, 0xff, 0xf4, 0xbf, 0xfd, 0x7, 0xff, 0xa6,
    0xff, 0xe4, 0x3f, 0xfd, 0x17, 0xff, 0x83, 0xff,
    0xd1, 0x7f, 0xfa, 0xf, 0xff, 0x33, 0xff, 0xfc,
    0x0, 0xff, 0xf2, 0xb7, 0xff, 0xf0, 0x10, 0xff,
    0xf1, 0xb7, 0xff, 0xf0, 0x60, 0xff, 0xf0, 0xb7,
    0xff, 0xf0, 0xe0, 0xff, 0xef, 0x37, 0xff, 0xf1,
    0xa0, 0xff, 0xec, 0x2a, 0xaf, 0xff, 0xe4, 0xa1,
    0xff, 0xda, 0xbf, 0xff, 0x95, 0x7, 0xff, 0x7a,
    0xff, 0xfe, 0x34, 0x87, 0xff, 0x87, 0xff, 0xf8,
    0x52, 0x1f, 0xfe, 0x5b, 0xff, 0xa4, 0x3f, 0xfd,
    0x5f, 0xa4, 0x3f, 0xff, 0xe1, 0xff, 0xdf,

    /* U+5C16 "尖" */
    0xf, 0xff, 0xf8, 0x7f, 0xf2, 0x5f, 0xf2, 0x1f,
    0xfe, 0xf7, 0xfc, 0x87, 0xff, 0xc3, 0xfc, 0x1f,
    0xff, 0x1f, 0xf0, 0x7f, 0xfc, 0x7f, 0xc1, 0xff,
    0xf1, 0xff, 0x7, 0xff, 0x8a, 0xf, 0xfe, 0x17,
    0xf8, 0x3f, 0xfc, 0x37, 0x83, 0xff, 0x83, 0xfe,
    0xf, 0xfe, 0x7, 0x83, 0xff, 0xa7, 0xfa, 0xf,
    0xfb, 0xfc, 0x1f, 0xe7, 0xe8, 0x3f, 0xfa, 0x37,
    0xfa, 0xf, 0xef, 0xf0, 0x7f, 0x3f, 0xc8, 0x7f,
    0xf4, 0x3f, 0xe4, 0x3f, 0xbf, 0xc1, 0xf9, 0xff,
    0x83, 0xff, 0x9f, 0x7f, 0xa0, 0xff, 0x7f, 0x83,
    0xfb, 0xff, 0x7, 0xff, 0x3b, 0xfe, 0xf, 0xfb,
    0xfc, 0x1f, 0xef, 0xfa, 0xf, 0xfe, 0x65, 0xfe,
    0x43, 0xfe, 0xff, 0x7, 0xfd, 0xff, 0x21, 0xff,
    0xcb, 0xff, 0x83, 0xff, 0x81, 0xfe, 0xf, 0xf9,
    0xff, 0x83, 0xff, 0x95, 0x7f, 0x90, 0xff, 0xe0,
    0x7f, 0x83, 0xff, 0x81, 0x7f, 0xc1, 0xff, 0xc8,
    0x7f, 0xd0, 0x7f, 0xf0, 0x7f, 0xc1, 0xff, 0xc1,
    0xbf, 0xe0, 0xff, 0xe3, 0xff, 0xc1, 0xff, 0xc2,
    0xff, 0x7, 0xff, 0xb, 0xfe, 0x83, 0xff, 0x8b,
    0x7f, 0x90, 0xff, 0xe1, 0x7f, 0x83, 0xff, 0x87,
    0xff, 0x21, 0xff, 0xc4, 0xff, 0x83, 0xff, 0x87,
    0xfe, 0xf, 0xfe, 0x1b, 0xff, 0x7, 0xff, 0xf,
    0xfe, 0xf, 0xfe, 0x27, 0xf8, 0x3f, 0xf8, 0x97,
    0xfc, 0x1f, 0xfc, 0x17, 0xfd, 0x7, 0xff, 0x13,
    0xfc, 0x1f, 0xfc, 0x5f, 0xfc, 0x1f, 0xfc, 0xf,
    0xf8, 0x3f, 0xf8, 0xbf, 0xe0, 0xff, 0xe3, 0x7f,
    0xd0, 0x7f, 0xbf, 0xe0, 0xff, 0xe3, 0x7f, 0x90,
    0xff, 0xe2, 0xbf, 0xe8, 0x3f, 0xaf, 0xf4, 0x1f,
    0xfc, 0x57, 0xfc, 0x87, 0xff, 0x1a, 0xfc, 0x87,
    0xf3, 0xff, 0x7, 0xff, 0x19, 0xff, 0x21, 0xff,
    0xc7, 0xf4, 0x1f, 0xfc, 0x1b, 0xf0, 0x7f, 0xf8,
    0x94, 0x1f, 0xfc, 0x4f, 0x41, 0xff, 0xf5, 0x43,
    0xff, 0xfe, 0x1f, 0xff, 0xf0, 0xd4, 0x58, 0x3f,
    0xfe, 0x5f, 0xe4, 0x3f, 0xfe, 0x1f, 0xe0, 0xff,
    0xf8, 0x3f, 0xe0, 0xff, 0xf8, 0x3f, 0xe0, 0xff,
    0xf8, 0x3f, 0xe0, 0xff, 0xf8, 0x3f, 0xd0, 0x7f,
    0xf5, 0x2f, 0xff, 0xfa, 0x97, 0xff, 0xfd, 0x4b,
    0xff, 0xfe, 0xa5, 0xff, 0xff, 0x52, 0xff, 0xff,
    0xa8, 0x16, 0xf, 0xfe, 0x5d, 0xff, 0xe0, 0xff,
    0xe6, 0x2e, 0xf, 0xfe, 0x87, 0xff, 0xd0, 0x7f,
    0xfa, 0xff, 0xff, 0x80, 0x1f, 0xfe, 0xaf, 0xf3,
    0x7f, 0x83, 0xff, 0xd0, 0xff, 0x81, 0xfe, 0x83,
    0xff, 0xcf, 0xfe, 0x41, 0x7f, 0x90, 0xff, 0xf2,
    0xdf, 0xe0, 0xdf, 0xf2, 0x1f, 0xfe, 0x3b, 0xfc,
    0x1e, 0xff, 0x90, 0xff, 0xf0, 0xbf, 0xe4, 0x3c,
    0xff, 0xc8, 0x7f, 0xf7, 0xdf, 0xf4, 0x1f, 0x9f,
    0xfa, 0xf, 0xfe, 0xeb, 0xff, 0x7, 0xfa, 0xff,
    0xa0, 0xff, 0xed, 0xdf, 0xf0, 0x7f, 0xf0, 0x2f,
    0xfc, 0x87, 0xff, 0x5d, 0xff, 0xc1, 0xff, 0xc2,
    0xbf, 0xf9, 0xf, 0xfe, 0x9b, 0xff, 0xc1, 0xff,
    0xc4, 0xbf, 0xfc, 0x87, 0xff, 0x3d, 0xff, 0xe8,
    0x3f, 0xf8, 0xcf, 0xff, 0xd2, 0x1f, 0xfc, 0x96,
    0xff, 0xf2, 0x1f, 0xfc, 0x9f, 0xff, 0xe0, 0xc8,
    0x7f, 0xf0, 0xdf, 0xff, 0xe0, 0x87, 0xff, 0x32,
    0xff, 0xfe, 0x1c, 0x87, 0xcd, 0xff, 0xfc, 0x28,
    0x3f, 0xf9, 0xff, 0xff, 0xc6, 0x87, 0xff, 0xf8,
    0xa1, 0xff, 0xd2, 0x7f, 0xff, 0x89, 0x3, 0xff,
    0xf8, 0x68, 0x7f, 0xf5, 0x5f, 0xff, 0xe1, 0x6,
    0xff, 0xfe, 0x2, 0x1f, 0xfd, 0x96, 0xff, 0xf2,
    0x19, 0xff, 0xe4, 0x3f, 0xfb, 0xd7, 0xfe, 0xf,
    0x5f, 0xd0, 0x7f, 0xf8, 0xdb, 0xf2, 0x1f, 0x7a,
    0x43, 0xff, 0xd0, 0xd8, 0x7f, 0xfe, 0xc0,

    /* U+5C18 "尘" */
    0xf, 0xfe, 0x95, 0xfc, 0x87, 0xff, 0xc3, 0xfc,
    0x87, 0xff, 0xc3, 0xfc, 0x87, 0xff, 0xc3, 0xfc,
    0x87, 0xff, 0xc3, 0xfc, 0x87, 0xff, 0xc2, 0xfe,
    0x43, 0xff, 0xe1, 0x7f, 0x21, 0xff, 0xf0, 0xbf,
    0x90, 0xff, 0xf0, 0xa1, 0xff, 0xc2, 0xbf, 0x90,
    0xff, 0xe0, 0xa1, 0xff, 0xd2, 0x78, 0x3f, 0xf8,
    0x37, 0xf2, 0x1f, 0xfc, 0xb, 0x83, 0xff, 0xa3,
    0xf9, 0xf, 0xfa, 0xfe, 0x43, 0xfe, 0xbe, 0x83,
    0xff, 0x9e, 0xff, 0x41, 0xfe, 0xbf, 0x90, 0xff,
    0x7f, 0xa0, 0xff, 0xe7, 0x7f, 0xd0, 0x7f, 0x5f,
    0xc8, 0x7f, 0x5f, 0xf2, 0x1f, 0xfc, 0xc7, 0xfe,
    0xf, 0xf5, 0xfc, 0x87, 0xfa, 0xff, 0x90, 0xff,
    0xe5, 0xff, 0xc1, 0xff, 0x5f, 0xc8, 0x7f, 0xdf,
    0xf9, 0xf, 0xfe, 0x4d, 0xfe, 0x43, 0xfe, 0xbf,
    0x90, 0xff, 0xe0, 0x7f, 0xe0, 0xff, 0xe4, 0xff,
    0xc1, 0xff, 0xc0, 0xbf, 0x90, 0xff, 0xe0, 0xff,
    0xe0, 0xff, 0xe3, 0xff, 0xc1, 0xff, 0xc1, 0xbf,
    0x90, 0xff, 0xe1, 0x7f, 0xe0, 0xff, 0xe2, 0xbf,
    0xe4, 0x3f, 0xf8, 0x37, 0xf2, 0x1f, 0xfc, 0x3f,
    0xfa, 0xf, 0xfe, 0x27, 0xfc, 0x1f, 0xfc, 0x2b,
    0xf9, 0xf, 0xfe, 0x1b, 0xff, 0x41, 0xff, 0xc2,
    0xff, 0x83, 0xff, 0x87, 0x7f, 0x21, 0xff, 0xc4,
    0x7f, 0xe8, 0x3f, 0xf8, 0x17, 0xf9, 0xf, 0xfe,
    0x1d, 0xfc, 0x87, 0xff, 0x16, 0xff, 0x90, 0xff,
    0x3f, 0xf0, 0x7f, 0xf1, 0x2f, 0xe4, 0x3f, 0xf8,
    0xdf, 0xf8, 0x3f, 0xdf, 0xf0, 0x7f, 0xf1, 0x7f,
    0xc8, 0x7f, 0xf1, 0xff, 0xf0, 0x7e, 0xff, 0x90,
    0xff, 0xe2, 0xff, 0x90, 0xff, 0xe3, 0xbf, 0xf8,
    0x3d, 0x7f, 0xc1, 0xff, 0xc6, 0xff, 0x21, 0xff,
    0xc8, 0xbf, 0xe0, 0xeb, 0xfe, 0xf, 0xfe, 0x3f,
    0xf9, 0xf, 0xfe, 0x4f, 0xf4, 0x1d, 0x7f, 0xc8,
    0x7f, 0xf1, 0xff, 0xd0, 0x7f, 0xf2, 0xbe, 0x43,
    0xcf, 0xfa, 0xf, 0xff, 0x2d, 0x87, 0xfa, 0xfc,
    0x1f, 0xff, 0x37, 0xc1, 0xff, 0xf6, 0x43, 0xff,
    0xfe, 0x1f, 0xfc, 0x26, 0xbc, 0x1f, 0xff, 0x7,
    0xfc, 0x1f, 0xff, 0x1f, 0xf0, 0x7f, 0xfc, 0x7f,
    0xc1, 0xff, 0xf1, 0xff, 0x7, 0xff, 0xc7, 0xfc,
    0x1f, 0xff, 0x1f, 0xf0, 0x7f, 0xfc, 0x7f, 0xc1,
    0xff, 0xf1, 0xff, 0x7, 0xff, 0x69, 0x70, 0x7f,
    0xf1, 0xff, 0xc1, 0xff, 0xc7, 0x5c, 0x1f, 0xfc,
    0x27, 0xff, 0xfd, 0x8, 0x7f, 0xf0, 0x5f, 0xff,
    0xf4, 0x21, 0xff, 0xc1, 0x7f, 0xff, 0xd0, 0x87,
    0xff, 0x5, 0xff, 0xff, 0x42, 0x1f, 0xfc, 0x17,
    0xff, 0xfd, 0x8, 0x7f, 0xf6, 0x7f, 0xc1, 0xff,
    0xf1, 0xff, 0x7, 0xff, 0xc7, 0xfc, 0x1f, 0xff,
    0x1f, 0xf0, 0x7f, 0xfc, 0x7f, 0xc1, 0xff, 0xf1,
    0xff, 0x7, 0xff, 0xc7, 0xfc, 0x1f, 0xff, 0x1f,
    0xf0, 0x7f, 0xfc, 0x7f, 0xc1, 0xff, 0xf1, 0xff,
    0x7, 0xff, 0xc7, 0xfc, 0x1f, 0xff, 0x1f, 0xf0,
    0x7f, 0xf4, 0xff, 0xff, 0xea, 0x9f, 0xff, 0xf5,
    0x4f, 0xff, 0xfa, 0xa7, 0xff, 0xfd, 0x53, 0xff,
    0xfe, 0xa8, 0xbc, 0x1f, 0xfe, 0xa5, 0xd4, 0x0,

    /* U+5C31 "就" */
    0xf, 0xff, 0xf8, 0x7f, 0x70, 0x7f, 0xf3, 0x5a,
    0x28, 0x3f, 0xfa, 0xcf, 0xc8, 0x7f, 0xf3, 0x1f,
    0xe4, 0x3f, 0xfa, 0x77, 0xf2, 0x1f, 0xfc, 0xb7,
    0xf8, 0x3f, 0xfa, 0x97, 0xf9, 0xf, 0xfe, 0x53,
    0xfc, 0x1f, 0xfd, 0x5b, 0xfc, 0x1f, 0xfc, 0xa7,
    0xf8, 0x3f, 0xfa, 0xd7, 0xf8, 0x3f, 0xf9, 0x2f,
    0xf0, 0x7c, 0x87, 0xff, 0x3f, 0xfe, 0xf, 0xfe,
    0x43, 0xfc, 0x1c, 0xf8, 0x3f, 0xfa, 0x1f, 0xe8,
    0x3f, 0xf8, 0xef, 0xf0, 0x6f, 0xe0, 0xff, 0xe7,
    0xbf, 0xd0, 0x7f, 0xf1, 0xdf, 0xe0, 0xbf, 0xd0,
    0x7f, 0xf3, 0xef, 0x83, 0xff, 0x92, 0xff, 0x6,
    0xff, 0x21, 0xff, 0xcf, 0xe0, 0xff, 0xe5, 0x3f,
    0xa0, 0xcf, 0xf8, 0x3f, 0xd5, 0xe5, 0xff, 0xa5,
    0xff, 0xab, 0xc1, 0xe7, 0xf4, 0x1d, 0x7f, 0x41,
    0xfd, 0xff, 0xfd, 0x70, 0xf3, 0xfa, 0xf, 0x7f,
    0x90, 0xfd, 0xff, 0xfd, 0x70, 0xf3, 0xfa, 0xf,
    0x3f, 0xe0, 0xfd, 0xff, 0xfd, 0x70, 0xf3, 0xfa,
    0xf, 0xbf, 0xd0, 0x7d, 0xff, 0xfd, 0x70, 0xf3,
    0xfa, 0xf, 0xdf, 0xe4, 0x3f, 0xfc, 0x6f, 0xe8,
    0x3f, 0x5f, 0xa0, 0xff, 0xf2, 0x3f, 0xa0, 0xfe,
    0xf4, 0x1f, 0xfe, 0x67, 0xf4, 0x1f, 0xca, 0xf,
    0xff, 0x3b, 0xfa, 0xf, 0xff, 0x93, 0xfa, 0xf,
    0xfe, 0x6d, 0x7f, 0xf3, 0x82, 0xff, 0x53, 0xfd,
    0x5f, 0xf7, 0xf0, 0x7f, 0x7f, 0xff, 0x39, 0x7,
    0xff, 0xf4, 0x83, 0xfa, 0xff, 0xfe, 0x68, 0x5f,
    0xff, 0xd2, 0xf, 0xeb, 0xff, 0xf9, 0xa1, 0x7f,
    0xff, 0x48, 0x3f, 0xaf, 0xd2, 0xff, 0xf0, 0xff,
    0x82, 0xff, 0xfe, 0x90, 0x7f, 0x5f, 0xa0, 0xff,
    0xe1, 0xff, 0x7, 0xfd, 0x7e, 0x83, 0xff, 0x9b,
    0x7e, 0x83, 0xff, 0x87, 0xfc, 0x1f, 0xf5, 0xf9,
    0xf, 0xfe, 0x6d, 0xfa, 0xf, 0xfe, 0x1f, 0xf0,
    0x7f, 0xd7, 0xe4, 0x3f, 0xf9, 0xb7, 0xe8, 0x3f,
    0xf8, 0x7f, 0xc1, 0xff, 0x5f, 0x90, 0xff, 0xe6,
    0xdf, 0xa0, 0xff, 0xe1, 0xff, 0x7, 0xfd, 0xfc,
    0x1f, 0xfc, 0xeb, 0xf4, 0x1f, 0xfc, 0x3f, 0xe0,
    0xff, 0xbf, 0x8a, 0xe4, 0x3f, 0xf8, 0xf7, 0xe8,
    0x3f, 0xf8, 0x7f, 0xc1, 0xff, 0x7f, 0x1f, 0xc8,
    0x7f, 0xf1, 0xef, 0xd0, 0x7f, 0xf0, 0xff, 0x83,
    0xfe, 0xfe, 0x3f, 0x90, 0xff, 0xe3, 0xdf, 0xa0,
    0xff, 0xe1, 0xff, 0x7, 0xfd, 0xfc, 0x7f, 0x21,
    0xff, 0xc7, 0xbf, 0xff, 0x9a, 0x1f, 0xe7, 0xf4,
    0x7f, 0x21, 0xff, 0xc7, 0xbf, 0xff, 0x9a, 0x1f,
    0xe7, 0xf4, 0x7f, 0x21, 0xff, 0xc7, 0xff, 0xfe,
    0x70, 0x7f, 0xaf, 0xc9, 0xfc, 0x87, 0xff, 0x1f,
    0xff, 0xf9, 0xc8, 0x7f, 0x5f, 0x93, 0xf8, 0x3f,
    0xf9, 0x2b, 0xff, 0x7e, 0x97, 0xf8, 0x3f, 0xdf,
    0xc0, 0xfe, 0xf, 0xfe, 0x9b, 0xf9, 0xf, 0xfe,
    0x3f, 0xf0, 0x3f, 0x83, 0xff, 0xa6, 0xfe, 0x43,
    0x90, 0xff, 0xe0, 0xff, 0x3, 0xf8, 0x3f, 0xf9,
    0x48, 0x7e, 0x7f, 0x21, 0x3e, 0x43, 0xfe, 0xbf,
    0x40, 0xfe, 0xf, 0xfe, 0x57, 0xa0, 0xf3, 0xf9,
    0x5, 0xf8, 0x3f, 0xef, 0xe4, 0x1f, 0xc1, 0xff,
    0xc9, 0x7f, 0x41, 0x9f, 0xc9, 0x7f, 0x41, 0xfe,
    0xfe, 0xb, 0xf8, 0x3f, 0xf9, 0x3f, 0xf0, 0x4f,
    0xe4, 0x1f, 0xe4, 0x3f, 0x3f, 0xc1, 0x7f, 0x7,
    0xff, 0x21, 0xff, 0x6, 0x7f, 0x20, 0x7f, 0xc1,
    0xfa, 0xfd, 0x5, 0xfc, 0x1f, 0xfc, 0x8f, 0xf2,
    0x19, 0xfc, 0x85, 0x7f, 0x41, 0xf7, 0xf2, 0x17,
    0xf0, 0x7f, 0xf1, 0xdf, 0xf0, 0x73, 0xf9, 0xd,
    0xfe, 0xf, 0x3f, 0xc1, 0xbf, 0x83, 0xff, 0x8f,
    0xfe, 0xf, 0x3f, 0x90, 0xcf, 0xf8, 0x3b, 0xfc,
    0x1b, 0xf8, 0x3f, 0xf8, 0xd7, 0xf4, 0x1e, 0x7f,
    0x21, 0xd7, 0xf2, 0x13, 0xfc, 0x86, 0xfe, 0xf,
    0xfe, 0x2b, 0xfe, 0xf, 0x9f, 0xc8, 0x7b, 0xfc,
    0x17, 0xf8, 0x3b, 0xf8, 0x3f, 0xf8, 0xbf, 0xe4,
    0x3e, 0x7f, 0x21, 0xeb, 0xf4, 0x7, 0xfa, 0xe,
    0xfe, 0xf, 0xd0, 0x7d, 0x7f, 0x83, 0xf3, 0xf9,
    0xf, 0xbe, 0x42, 0xff, 0x7, 0xbf, 0x83, 0xf7,
    0x90, 0xd7, 0xf8, 0x3f, 0x9f, 0xc8, 0x7d, 0x40,
    0xd7, 0xf4, 0x1e, 0xfe, 0xf, 0xdf, 0xa0, 0x5f,
    0xd0, 0x7f, 0x3f, 0x90, 0xff, 0xe0, 0x3f, 0xe0,
    0xfb, 0xf8, 0x3e, 0x7f, 0x90, 0xbf, 0x7, 0xf9,
    0xfc, 0x87, 0xff, 0x3, 0xfc, 0x87, 0xdf, 0xc1,
    0xf3, 0xfc, 0x1c, 0xe8, 0x7f, 0x9f, 0xc8, 0x7f,
    0xdf, 0xe8, 0x3f, 0x7f, 0x21, 0xeb, 0xf8, 0x3f,
    0xf8, 0xd7, 0xe4, 0x3f, 0xdf, 0xf0, 0x7f, 0x7f,
    0x41, 0xef, 0xe8, 0x3f, 0xf8, 0xaf, 0xf2, 0x1f,
    0xd7, 0xf9, 0xf, 0xef, 0xf4, 0x81, 0xff, 0x21,
    0xfe, 0x7f, 0xff, 0x80, 0x87, 0xef, 0xfa, 0xf,
    0xf5, 0xff, 0xfc, 0x40, 0xff, 0xe0, 0x7f, 0xff,
    0x0, 0x3f, 0x7f, 0xd0, 0x7f, 0xcf, 0xff, 0xf0,
    0xd0, 0xff, 0xe0, 0x3f, 0xfe, 0x83, 0xef, 0xfc,
    0x1f, 0xfc, 0x1b, 0xff, 0xf8, 0x41, 0xff, 0xc2,
    0xff, 0xf0, 0x7e, 0x7f, 0xc1, 0xff, 0xc3, 0xbf,
    0xfe, 0x83, 0xff, 0x87, 0x7f, 0xc8, 0x7f, 0xd7,
    0xc8, 0x7f, 0xf1, 0x55, 0x5e, 0x43, 0xff, 0x8b,
    0x7a, 0x50, 0x7f, 0xf0, 0xed, 0xf, 0xff, 0xb2,
    0x1f, 0xfd, 0x60,

    /* U+5C3A "尺" */
    0xf, 0xfe, 0x7, 0xff, 0xf8, 0xc3, 0xff, 0x91,
    0xff, 0xfe, 0x30, 0xff, 0xe4, 0x5f, 0xff, 0xe2,
    0xf, 0xfe, 0x45, 0xff, 0xfe, 0x20, 0xff, 0xe4,
    0x5f, 0xff, 0xe2, 0xf, 0xfe, 0x45, 0xfc, 0x1f,
    0xfd, 0x7b, 0xf8, 0x3f, 0xf9, 0x17, 0xf0, 0x7f,
    0xf5, 0xef, 0xe0, 0xff, 0xe4, 0x5f, 0xc1, 0xff,
    0xd7, 0xbf, 0x83, 0xff, 0x91, 0x7f, 0x7, 0xff,
    0x5e, 0xfe, 0xf, 0xfe, 0x45, 0xfc, 0x1f, 0xfd,
    0x7b, 0xf8, 0x3f, 0xf9, 0x17, 0xf0, 0x7f, 0xf5,
    0xef, 0xe0, 0xff, 0xe4, 0x5f, 0xc1, 0xff, 0xd7,
    0xbf, 0x83, 0xff, 0x91, 0x7f, 0x7, 0xff, 0x5e,
    0xfe, 0xf, 0xfe, 0x45, 0xfc, 0x1f, 0xfd, 0x7b,
    0xf8, 0x3f, 0xf9, 0x17, 0xf0, 0x7f, 0xf5, 0xef,
    0xe0, 0xff, 0xe4, 0x5f, 0xc1, 0xff, 0xd7, 0xbf,
    0x83, 0xff, 0x91, 0x7f, 0x7, 0xff, 0x5e, 0xfe,
    0xf, 0xfe, 0x45, 0xfc, 0x1f, 0xfd, 0x7b, 0xf8,
    0x3f, 0xf9, 0x17, 0xf0, 0x7f, 0xf5, 0xef, 0xe0,
    0xff, 0xe4, 0x5f, 0xcb, 0xff, 0xd7, 0xff, 0x7,
    0xff, 0x22, 0xff, 0xff, 0x10, 0x7f, 0xf2, 0x2f,
    0xff, 0xf1, 0x7, 0xff, 0x22, 0xff, 0xff, 0x10,
    0x7f, 0xf2, 0x2f, 0xff, 0xf1, 0x7, 0xff, 0x23,
    0xff, 0xfc, 0x61, 0xff, 0xc8, 0xff, 0x7, 0xff,
    0xb, 0xfa, 0xf, 0xfe, 0x1d, 0xfc, 0x1f, 0xfc,
    0x8f, 0xf0, 0x7f, 0xf0, 0xbf, 0xc1, 0xff, 0xc3,
    0xbf, 0x83, 0xff, 0x91, 0xfe, 0xf, 0xfe, 0x15,
    0xfc, 0x1f, 0xfc, 0x3b, 0xf8, 0x3f, 0xf9, 0x1f,
    0xe0, 0xff, 0xe1, 0x3f, 0xc1, 0xff, 0xc3, 0xbf,
    0x83, 0xff, 0x91, 0xfe, 0xf, 0xfe, 0x1f, 0xf2,
    0x1f, 0xfc, 0x35, 0xe0, 0xff, 0xe4, 0x7f, 0x83,
    0xff, 0x87, 0xfe, 0xf, 0xfe, 0xe7, 0xf4, 0x1f,
    0xfc, 0x3b, 0xf8, 0x3f, 0xfb, 0x6f, 0xf4, 0x1f,
    0xfc, 0x37, 0xf9, 0xf, 0xfe, 0xd3, 0xfc, 0x87,
    0xff, 0x13, 0xfc, 0x1f, 0xfd, 0xab, 0xf9, 0xf,
    0xfe, 0x25, 0xfc, 0x1f, 0xfd, 0xab, 0xf8, 0x3f,
    0xf8, 0xaf, 0xf4, 0x1f, 0xfd, 0x9f, 0xf0, 0x7f,
    0xf1, 0xbf, 0xc1, 0xff, 0xd9, 0xff, 0x7, 0xff,
    0x19, 0xfe, 0x83, 0xff, 0xae, 0xff, 0x41, 0xff,
    0xc7, 0xff, 0x7, 0xff, 0x5d, 0xfe, 0x43, 0xff,
    0x8f, 0x7f, 0x83, 0xff, 0xad, 0x7f, 0x21, 0xff,
    0xc8, 0xff, 0x21, 0xff, 0xd5, 0xff, 0x7, 0xff,
    0x26, 0xff, 0x7, 0xff, 0x51, 0xff, 0x7, 0xff,
    0x2b, 0xfe, 0xf, 0xfe, 0x9d, 0xfd, 0x7, 0xff,
    0x29, 0xff, 0x83, 0xff, 0xa5, 0xfe, 0xf, 0xfe,
    0x65, 0xfe, 0x83, 0xff, 0xa0, 0xff, 0x83, 0xff,
    0x9b, 0xff, 0x83, 0xff, 0x9f, 0x7f, 0x41, 0xff,
    0xcd, 0x7f, 0xf0, 0x7f, 0xf3, 0xbf, 0xc8, 0x7f,
    0xf3, 0x9f, 0xfc, 0x1f, 0xfc, 0xcb, 0xfc, 0x1f,
    0xfd, 0xb, 0xff, 0x21, 0xff, 0xca, 0xff, 0x21,
    0xff, 0xd1, 0xff, 0xf0, 0x7f, 0xf2, 0x2f, 0xf0,
    0x7f, 0xf4, 0xff, 0xfd, 0x7, 0xff, 0x1b, 0xfd,
    0x7, 0xff, 0x53, 0xff, 0xe4, 0x3f, 0xf8, 0x77,
    0xf9, 0xf, 0xfe, 0xaf, 0xff, 0xf0, 0x10, 0xff,
    0xe0, 0xff, 0xc1, 0xff, 0xd7, 0xff, 0xfe, 0xc,
    0x87, 0xf7, 0xfc, 0x87, 0xff, 0x62, 0xff, 0xfe,
    0x15, 0x10, 0xd7, 0xfc, 0x1f, 0xfd, 0xab, 0xff,
    0xf8, 0x81, 0x3f, 0xf2, 0x1f, 0xfd, 0xb7, 0xff,
    0xf8, 0x48, 0x5f, 0xf8, 0x3f, 0xfb, 0xdf, 0xff,
    0xc0, 0x82, 0xff, 0xc1, 0xff, 0xe0, 0xbf, 0xfc,
    0x1b, 0xfe, 0x83, 0xff, 0xc5, 0x7f, 0xc8, 0x77,
    0xf8, 0x3f, 0xfc, 0x8f, 0xf8, 0x3e, 0xfc, 0x87,
    0xff, 0x99, 0xfa, 0xf, 0xde, 0x83, 0xff, 0xd5,
    0x7, 0xfa, 0xf, 0xff, 0x88,

    /* U+5C71 "山" */
    0xf, 0xff, 0xf8, 0x7f, 0x7f, 0x83, 0xff, 0xd1,
    0xfe, 0xf, 0xff, 0x47, 0xf8, 0x3f, 0xfd, 0x1f,
    0xe0, 0xff, 0xf4, 0x7f, 0x83, 0xff, 0xd1, 0xfe,
    0xf, 0xff, 0x47, 0xf8, 0x3f, 0xfd, 0x1f, 0xe0,
    0xff, 0xf4, 0x7f, 0x83, 0xff, 0xd1, 0xfe, 0xf,
    0xff, 0x47, 0xf8, 0x3f, 0xfd, 0x1f, 0xe0, 0xff,
    0xf4, 0x7f, 0x83, 0xff, 0xd1, 0xfe, 0xf, 0xff,
    0x47, 0xf8, 0x3f, 0xf9, 0xdf, 0xe4, 0x3f, 0xf8,
    0xff, 0xe0, 0xff, 0xe3, 0xd7, 0x9f, 0xf4, 0x1f,
    0xfc, 0x7f, 0xf0, 0x7f, 0xf1, 0xff, 0xcf, 0xf9,
    0xf, 0xfe, 0x3f, 0xf8, 0x3f, 0xf8, 0xff, 0xe7,
    0xfc, 0x87, 0xff, 0x1f, 0xfc, 0x1f, 0xfc, 0x7f,
    0xf3, 0x7f, 0x21, 0xff, 0xc7, 0xff, 0x7, 0xff,
    0x1f, 0xfc, 0xdf, 0xc8, 0x7f, 0xf1, 0xff, 0xc1,
    0xff, 0xc7, 0xff, 0x17, 0xf2, 0x1f, 0xfc, 0x7f,
    0xf0, 0x7f, 0xf1, 0xff, 0xc5, 0xfc, 0x87, 0xff,
    0x1f, 0xfc, 0x1f, 0xfc, 0x7b, 0xf8, 0xbf, 0x90,
    0xff, 0xe3, 0xff, 0x83, 0xff, 0x8f, 0x7f, 0x17,
    0xf2, 0x1f, 0xfc, 0x7f, 0xf0, 0x7f, 0xf1, 0xef,
    0xe2, 0xfe, 0x43, 0xff, 0x8f, 0xfe, 0xf, 0xfe,
    0x3d, 0xfc, 0x5f, 0xc8, 0x7f, 0xf1, 0xff, 0xc1,
    0xff, 0xc7, 0xbf, 0x8b, 0xf9, 0xf, 0xfe, 0x3f,
    0xf8, 0x3f, 0xf8, 0xf7, 0xf1, 0x7f, 0x21, 0xff,
    0xc7, 0xff, 0x7, 0xff, 0x1e, 0xfe, 0x2f, 0xe4,
    0x3f, 0xf8, 0xff, 0xe0, 0xff, 0xe3, 0xdf, 0xc5,
    0xfc, 0x87, 0xff, 0x1f, 0xfc, 0x1f, 0xfc, 0x7b,
    0xf8, 0xbf, 0x90, 0xff, 0xe3, 0xff, 0x83, 0xff,
    0x8f, 0x7f, 0x17, 0xf2, 0x1f, 0xfc, 0x7f, 0xf0,
    0x7f, 0xf1, 0xef, 0xe2, 0xfe, 0x43, 0xff, 0x8f,
    0xfe, 0xf, 0xfe, 0x3d, 0xfc, 0x5f, 0xc8, 0x7f,
    0xf1, 0xff, 0xc1, 0xff, 0xc7, 0xbf, 0x8b, 0xf9,
    0xf, 0xfe, 0x3f, 0xf8, 0x3f, 0xf8, 0xf7, 0xf1,
    0x7f, 0x21, 0xff, 0xc7, 0xff, 0x7, 0xff, 0x1e,
    0xfe, 0x2f, 0xe4, 0x3f, 0xf8, 0xff, 0xe0, 0xff,
    0xe3, 0xdf, 0xc5, 0xfc, 0x87, 0xff, 0x1f, 0xfc,
    0x1f, 0xfc, 0x7b, 0xf8, 0xbf, 0x90, 0xff, 0xe3,
    0xff, 0x83, 0xff, 0x8f, 0x7f, 0x17, 0xf2, 0x1f,
    0xfc, 0x7f, 0xf0, 0x7f, 0xf1, 0xef, 0xe2, 0xfe,
    0x43, 0xff, 0x8f, 0xfe, 0xf, 0xfe, 0x3d, 0xfc,
    0x5f, 0xc8, 0x7f, 0xf1, 0xff, 0xc1, 0xff, 0xc7,
    0xbf, 0x8b, 0xf9, 0xf, 0xfe, 0x3f, 0xf8, 0x3f,
    0xf8, 0xf7, 0xf1, 0x7f, 0x21, 0xff, 0xc7, 0xff,
    0x7, 0xff, 0x1e, 0xfe, 0x2f, 0xe4, 0x3f, 0xf8,
    0xff, 0xe0, 0xff, 0xe3, 0xdf, 0xc5, 0xfc, 0x87,
    0xff, 0x1f, 0xfc, 0x1f, 0xfc, 0x7b, 0xf8, 0xbf,
    0x90, 0xff, 0xe3, 0xff, 0x83, 0xff, 0x8f, 0x7f,
    0x17, 0xf2, 0x1f, 0xfc, 0x7f, 0xf0, 0x7f, 0xf1,
    0xef, 0xe2, 0xfe, 0x43, 0xff, 0x8f, 0xfe, 0xf,
    0xfe, 0x3d, 0xfc, 0x5f, 0xc8, 0x7f, 0xf1, 0xff,
    0xc1, 0xff, 0xc7, 0xbf, 0x8b, 0xf9, 0xf, 0xfe,
    0x3f, 0xf8, 0x3f, 0xf8, 0xf7, 0xf1, 0xff, 0x57,
    0xff, 0x1f, 0xfd, 0x5f, 0xfc, 0x7f, 0xf1, 0xff,
    0xfe, 0xd3, 0xff, 0xfd, 0xa7, 0xff, 0xfb, 0x5f,
    0xff, 0xf6, 0xa1, 0xff, 0xe7, 0xbf, 0x90, 0xff,
    0xf3, 0xdf, 0xc8, 0x7f, 0xf9, 0xef, 0xe4, 0x3f,
    0xfc, 0xf7, 0xf2, 0x1f, 0xfe, 0x7b, 0xf9, 0xf,
    0xff, 0x3d, 0xfc, 0x80,

    /* U+5DDD "川" */
    0xf, 0xff, 0x42, 0xf8, 0x3f, 0xfd, 0x3f, 0xe4,
    0x3f, 0xeb, 0xa2, 0xc1, 0xff, 0xd6, 0xbf, 0x90,
    0xff, 0xbf, 0xe0, 0xff, 0xeb, 0x5f, 0xc1, 0xff,
    0xc0, 0xff, 0x41, 0xff, 0xd6, 0xbf, 0x83, 0xff,
    0x81, 0xfe, 0x83, 0xff, 0xad, 0x7f, 0x7, 0xff,
    0x3, 0xfc, 0x87, 0xff, 0x6, 0xbc, 0x1f, 0xfc,
    0x3b, 0xf8, 0x3f, 0xf8, 0x17, 0xf2, 0x1f, 0xfc,
    0x1f, 0xf0, 0x7f, 0xf0, 0xef, 0xe0, 0xff, 0xe0,
    0x5f, 0xc8, 0x7f, 0xf0, 0x7f, 0xc1, 0xff, 0xc3,
    0xbf, 0x83, 0xff, 0x81, 0x7f, 0x7, 0xff, 0xb,
    0xfc, 0x1f, 0xfc, 0x3b, 0xf8, 0x3f, 0xf8, 0x17,
    0xf0, 0x7f, 0xf0, 0xaf, 0xe0, 0xff, 0xe1, 0xdf,
    0xc1, 0xff, 0xc0, 0xbf, 0x83, 0xff, 0x85, 0x7f,
    0x7, 0xff, 0xe, 0xfe, 0xf, 0xfe, 0x5, 0xfc,
    0x1f, 0xfc, 0x2b, 0xf8, 0x3f, 0xf8, 0x77, 0xf0,
    0x7f, 0xf0, 0x2f, 0xe0, 0xff, 0xe1, 0x5f, 0xc1,
    0xff, 0xc3, 0xbf, 0x83, 0xff, 0x81, 0x7f, 0x7,
    0xff, 0xa, 0xfe, 0xf, 0xfe, 0x1d, 0xfc, 0x1f,
    0xfc, 0xb, 0xf8, 0x3f, 0xf8, 0x57, 0xf0, 0x7f,
    0xf0, 0xef, 0xe0, 0xff, 0xe0, 0x5f, 0xc1, 0xff,
    0xc2, 0xbf, 0x83, 0xff, 0x87, 0x7f, 0x7, 0xff,
    0x2, 0xfe, 0xf, 0xfe, 0x15, 0xfc, 0x1f, 0xfc,
    0x3b, 0xf8, 0x3f, 0xf8, 0x17, 0xf0, 0x7f, 0xf0,
    0xaf, 0xe0, 0xff, 0xe1, 0xdf, 0xc1, 0xff, 0xc0,
    0xbf, 0x83, 0xff, 0x85, 0x7f, 0x7, 0xff, 0xe,
    0xfe, 0xf, 0xfe, 0x5, 0xfc, 0x1f, 0xfc, 0x2b,
    0xf8, 0x3f, 0xf8, 0x77, 0xf0, 0x7f, 0xf0, 0x2f,
    0xe0, 0xff, 0xe1, 0x5f, 0xc1, 0xff, 0xc3, 0xbf,
    0x83, 0xff, 0x81, 0x7f, 0x7, 0xff, 0xa, 0xfe,
    0xf, 0xfe, 0x1d, 0xfc, 0x1f, 0xfc, 0xb, 0xf8,
    0x3f, 0xf8, 0x57, 0xf0, 0x7f, 0xf0, 0xef, 0xe0,
    0xff, 0xe0, 0x5f, 0xc1, 0xff, 0xc2, 0xbf, 0x83,
    0xff, 0x87, 0x7f, 0x7, 0xff, 0x2, 0xfe, 0xf,
    0xfe, 0x15, 0xfc, 0x1f, 0xfc, 0x3b, 0xf8, 0x3f,
    0xf8, 0x1f, 0xe0, 0xff, 0xe1, 0x5f, 0xc1, 0xff,
    0xc3, 0xbf, 0x83, 0xff, 0x81, 0xfe, 0xf, 0xfe,
    0x15, 0xfc, 0x1f, 0xfc, 0x3b, 0xf8, 0x3f, 0xf8,
    0x1f, 0xe0, 0xff, 0xe1, 0x5f, 0xc1, 0xff, 0xc3,
    0xbf, 0x83, 0xff, 0x81, 0xfe, 0xf, 0xfe, 0x15,
    0xfc, 0x1f, 0xfc, 0x3b, 0xf8, 0x3f, 0xf8, 0x1f,
    0xe0, 0xff, 0xe1, 0x5f, 0xc1, 0xff, 0xc3, 0xbf,
    0x83, 0xff, 0x81, 0xfd, 0x7, 0xff, 0xa, 0xfe,
    0xf, 0xfe, 0x1d, 0xfc, 0x1f, 0xfc, 0xf, 0xe8,
    0x3f, 0xf8, 0x57, 0xf0, 0x7f, 0xf0, 0xef, 0xe0,
    0xff, 0xe0, 0x7f, 0x41, 0xff, 0xc2, 0xbf, 0x83,
    0xff, 0x87, 0x7f, 0x7, 0xff, 0x3, 0xf9, 0xf,
    0xfe, 0x15, 0xfc, 0x1f, 0xfc, 0x3b, 0xf8, 0x3f,
    0xe7, 0xf9, 0xf, 0xfe, 0x15, 0xfc, 0x1f, 0xfc,
    0x3b, 0xf8, 0x3f, 0xe7, 0xf8, 0x3f, 0xf8, 0x77,
    0xf0, 0x7f, 0xf0, 0xef, 0xe0, 0xff, 0xaf, 0xe0,
    0xff, 0xe1, 0xdf, 0xc1, 0xff, 0xc3, 0xbf, 0x83,
    0xfe, 0xbf, 0x83, 0xff, 0x87, 0x7f, 0x7, 0xff,
    0xe, 0xfe, 0xf, 0xfb, 0xfc, 0x1f, 0xfc, 0x3b,
    0xf8, 0x3f, 0xf8, 0x77, 0xf0, 0x7f, 0xdf, 0xd0,
    0x7f, 0xf0, 0xef, 0xe0, 0xff, 0xe1, 0xdf, 0xc1,
    0xfe, 0x7f, 0xa0, 0xff, 0xe1, 0xdf, 0xc1, 0xff,
    0xc3, 0xbf, 0x83, 0xfd, 0x7f, 0x21, 0xff, 0xc3,
    0xbf, 0x83, 0xff, 0x87, 0x7f, 0x7, 0xfb, 0xfc,
    0x1f, 0xfc, 0x4b, 0xf8, 0x3f, 0xf8, 0x77, 0xf0,
    0x7f, 0xbf, 0xc1, 0xff, 0xc4, 0xbf, 0x83, 0xff,
    0x87, 0x7f, 0x7, 0xf3, 0xfe, 0xf, 0xfe, 0x25,
    0xfc, 0x1f, 0xfc, 0x3b, 0xf8, 0x3f, 0xbf, 0xd0,
    0x7f, 0xf1, 0x2f, 0xe0, 0xff, 0xe1, 0xdf, 0xc1,
    0xfd, 0xfe, 0xf, 0xfe, 0x2d, 0xfc, 0x1f, 0xfc,
    0x3b, 0xf8, 0x3f, 0x5f, 0xe0, 0xff, 0xe2, 0xdf,
    0xc1, 0xff, 0xc3, 0xbf, 0x83, 0xf7, 0xfa, 0xf,
    0xfe, 0x2d, 0xfc, 0x1f, 0xfc, 0x3b, 0xf8, 0x3e,
    0xbf, 0xc1, 0xff, 0xc6, 0xbf, 0x83, 0xff, 0x87,
    0x7f, 0x7, 0xdf, 0xe8, 0x3f, 0xf8, 0xd7, 0xf0,
    0x7f, 0xf0, 0xef, 0xe0, 0xf5, 0xfe, 0x43, 0xff,
    0x8d, 0x7f, 0x7, 0xff, 0xe, 0xfe, 0xf, 0x7f,
    0xc1, 0xff, 0xc7, 0xbf, 0x83, 0xff, 0x87, 0x7f,
    0x7, 0x7f, 0xc8, 0x7f, 0xf1, 0xef, 0xe0, 0xff,
    0xe1, 0xdf, 0xc1, 0xaf, 0xf8, 0x3f, 0xf9, 0x1f,
    0xe0, 0xff, 0xe1, 0xdf, 0xc1, 0x3f, 0xf2, 0x1f,
    0xfc, 0x8f, 0xf0, 0x7f, 0xf0, 0xef, 0xe0, 0xbf,
    0xe8, 0x3f, 0xf9, 0x3f, 0xe0, 0xff, 0xe1, 0xdf,
    0xc0, 0xff, 0xc1, 0xff, 0xca, 0xff, 0x21, 0xff,
    0xc2, 0xbf, 0x87, 0xfe, 0x83, 0xff, 0xbf, 0x7f,
    0x5, 0x7f, 0x7, 0xff, 0x82, 0xfe, 0xe, 0xbc,
    0x87, 0xff, 0x82, 0xfe, 0x43, 0x98, 0x3f, 0xfc,
    0x3f, 0xe4, 0x3f, 0xfd, 0x1f, 0xe4,

    /* U+5DE5 "工" */
    0xf, 0x56, 0x5f, 0xff, 0xd, 0x70, 0x7f, 0xf0,
    0x7f, 0xff, 0xd4, 0x1f, 0xfc, 0x1f, 0xff, 0xf5,
    0x7, 0xff, 0x7, 0xff, 0xfd, 0x41, 0xff, 0xc1,
    0xff, 0xff, 0x50, 0x7f, 0xf0, 0x7f, 0xab, 0xff,
    0x8d, 0xff, 0x57, 0xff, 0x1b, 0xfc, 0x1f, 0xfd,
    0x87, 0xfc, 0x1f, 0xff, 0x7, 0xfc, 0x1f, 0xff,
    0x7, 0xfc, 0x1f, 0xff, 0x7, 0xfc, 0x1f, 0xff,
    0x7, 0xfc, 0x1f, 0xff, 0x7, 0xfc, 0x1f, 0xff,
    0x7, 0xfc, 0x1f, 0xff, 0x7, 0xfc, 0x1f, 0xff,
    0x7, 0xfc, 0x1f, 0xff, 0x7, 0xfc, 0x1f, 0xff,
    0x7, 0xfc, 0x1f, 0xff, 0x7, 0xfc, 0x1f, 0xff,
    0x7, 0xfc, 0x1f, 0xff, 0x7, 0xfc, 0x1f, 0xff,
    0x7, 0xfc, 0x1f, 0xff, 0x7, 0xfc, 0x1f, 0xff,
    0x7, 0xfc, 0x1f, 0xff, 0x7, 0xfc, 0x1f, 0xff,
    0x7, 0xfc, 0x1f, 0xff, 0x7, 0xfc, 0x1f, 0xff,
    0x7, 0xfc, 0x1f, 0xff, 0x7, 0xfc, 0x1f, 0xff,
    0x7, 0xfc, 0x1f, 0xff, 0x7, 0xfc, 0x1f, 0xff,
    0x7, 0xfc, 0x1f, 0xff, 0x7, 0xfc, 0x1f, 0xff,
    0x7, 0xfc, 0x1f, 0xff, 0x7, 0xfc, 0x1f, 0xff,
    0x7, 0xfc, 0x1f, 0xff, 0x7, 0xfc, 0x1f, 0xff,
    0x7, 0xfc, 0x1f, 0xff, 0x7, 0xfc, 0x1f, 0xff,
    0x7, 0xfc, 0x1f, 0xff, 0x7, 0xfc, 0x1f, 0xff,
    0x7, 0xfc, 0x1f, 0xff, 0x7, 0xfc, 0x1f, 0xff,
    0x7, 0xfc, 0x1f, 0xff, 0x7, 0xfc, 0x1f, 0xff,
    0x7, 0xfc, 0x1f, 0xff, 0x7, 0xfc, 0x1f, 0xff,
    0x7, 0xfc, 0x1f, 0xff, 0x7, 0xfc, 0x1f, 0xff,
    0x7, 0xfc, 0x1f, 0xfd, 0x35, 0x83, 0xff, 0x9c,
    0xff, 0x83, 0xff, 0x9e, 0xb1, 0xff, 0xff, 0x63,
    0xff, 0xfe, 0xc7, 0xff, 0xfd, 0x8f, 0xff, 0xfb,
    0x1f, 0xff, 0xf6, 0xf, 0xff, 0xc0,

    /* U+5E08 "师" */
    0xf, 0xfe, 0x23, 0x28, 0x3f, 0xfe, 0x77, 0xf8,
    0x3f, 0xfe, 0x17, 0xf4, 0x1f, 0xff, 0x7, 0xfa,
    0xf, 0xff, 0x83, 0xfd, 0x6, 0xff, 0xfe, 0xd8,
    0x7f, 0xf1, 0x5f, 0xe4, 0x37, 0xff, 0xf6, 0xc3,
    0xff, 0x8a, 0xff, 0x21, 0xbf, 0xff, 0xb6, 0x1f,
    0xfc, 0x57, 0xf8, 0x3b, 0xff, 0xfb, 0x61, 0xaf,
    0xe8, 0x3c, 0xff, 0x7, 0x57, 0xff, 0x13, 0xfd,
    0x5f, 0xfc, 0x4c, 0x33, 0xfc, 0x87, 0x9f, 0xe0,
    0xff, 0xe4, 0xdf, 0xa0, 0xff, 0xe4, 0xbf, 0xc8,
    0x79, 0xfe, 0xf, 0xfe, 0x4d, 0xfa, 0xf, 0xfe,
    0x4b, 0xfc, 0x1f, 0x3f, 0xc1, 0xff, 0xc9, 0xbf,
    0x41, 0xff, 0xc9, 0x7f, 0x83, 0xe7, 0xf8, 0x3f,
    0xf9, 0x37, 0xe8, 0x3f, 0xf9, 0x2f, 0xf0, 0x7c,
    0xff, 0x7, 0xff, 0x26, 0xfd, 0x7, 0xff, 0x25,
    0xfe, 0xf, 0x9f, 0xe0, 0xff, 0xe4, 0xdf, 0xa0,
    0xff, 0xe4, 0xbf, 0xc1, 0xf3, 0xfc, 0x1f, 0xfc,
    0x9b, 0xf4, 0x1f, 0xfc, 0x97, 0xf8, 0x3e, 0x7f,
    0x83, 0xff, 0x93, 0x7e, 0x83, 0xff, 0x92, 0xff,
    0x7, 0xcf, 0xf0, 0x7f, 0xf2, 0x6f, 0xd0, 0x7f,
    0xf2, 0x5f, 0xe0, 0xf9, 0xfe, 0xf, 0xfe, 0x4d,
    0xfa, 0xf, 0xfe, 0x4b, 0xfc, 0x1f, 0x3f, 0xc1,
    0xe7, 0xff, 0xfa, 0xe1, 0xe7, 0xf8, 0x3e, 0x7f,
    0x83, 0xcf, 0xff, 0xf5, 0xc3, 0xcf, 0xf0, 0x7c,
    0xff, 0x7, 0x9f, 0xff, 0xeb, 0x87, 0x9f, 0xe0,
    0xf9, 0xfe, 0xf, 0x3f, 0xff, 0xd7, 0xf, 0x3f,
    0xc1, 0xf3, 0xfc, 0x1e, 0x7f, 0xff, 0xae, 0x1e,
    0x7f, 0x83, 0xe7, 0xf8, 0x3c, 0xff, 0x7, 0xf5,
    0xfa, 0xf, 0xe7, 0xf8, 0x3c, 0xff, 0x7, 0xcf,
    0xf0, 0x79, 0xfe, 0xf, 0xeb, 0xf4, 0x1f, 0xcf,
    0xf0, 0x79, 0xfe, 0xf, 0x9f, 0xe0, 0xf3, 0xfc,
    0x1f, 0xd7, 0xe8, 0x3f, 0x9f, 0xe0, 0xf3, 0xfc,
    0x1f, 0x3f, 0xc1, 0xe7, 0xf8, 0x3f, 0xaf, 0xd0,
    0x7f, 0x3f, 0xc1, 0xe7, 0xf8, 0x3e, 0x7f, 0x83,
    0xcf, 0xf0, 0x7f, 0x5f, 0xa0, 0xfe, 0x7f, 0x83,
    0xcf, 0xf0, 0x7c, 0xff, 0x7, 0x9f, 0xe0, 0xfe,
    0xbf, 0x41, 0xfc, 0xff, 0x7, 0x9f, 0xe0, 0xf9,
    0xfe, 0xf, 0x3f, 0xc1, 0xfd, 0x7e, 0x83, 0xf9,
    0xfe, 0xf, 0x3f, 0xc1, 0xf3, 0xfc, 0x1e, 0x7f,
    0x83, 0xfa, 0xfd, 0x7, 0xf3, 0xfc, 0x1e, 0x7f,
    0x83, 0xe7, 0xf8, 0x3c, 0xff, 0x7, 0xf5, 0xfa,
    0xf, 0xe7, 0xf8, 0x3c, 0xff, 0x7, 0xcf, 0xf0,
    0x79, 0xfe, 0xf, 0xeb, 0xf4, 0x1f, 0xcf, 0xf0,
    0x79, 0xfe, 0xf, 0x9f, 0xe0, 0xf3, 0xfc, 0x1f,
    0xd7, 0xe8, 0x3f, 0x9f, 0xe0, 0xf3, 0xfc, 0x1f,
    0x3f, 0xc1, 0xe7, 0xf8, 0x3f, 0xaf, 0xd0, 0x7f,
    0x3f, 0xc1, 0xe7, 0xf8, 0x3e, 0x7f, 0x83, 0xcf,
    0xf0, 0x7f, 0x5f, 0xa0, 0xfe, 0x7f, 0x83, 0xcf,
    0xf0, 0x7c, 0xff, 0x7, 0x9f, 0xe0, 0xfe, 0xbf,
    0x41, 0xfc, 0xff, 0x7, 0x9f, 0xe0, 0xfa, 0xfe,
    0xf, 0x3f, 0xc1, 0xfd, 0x7e, 0x83, 0xf9, 0xfe,
    0xf, 0x3f, 0xc1, 0xf5, 0xfc, 0x1e, 0x7f, 0x83,
    0xfa, 0xfd, 0x7, 0xf3, 0xfc, 0x1e, 0x7f, 0x83,
    0xef, 0xe8, 0x3c, 0xff, 0x7, 0xf5, 0xfa, 0xf,
    0xe7, 0xf8, 0x3c, 0xff, 0x7, 0xdf, 0xd0, 0x79,
    0xfe, 0xf, 0xeb, 0xf4, 0x1f, 0xcf, 0xf0, 0x79,
    0xfe, 0xf, 0xbf, 0x90, 0xf3, 0xfc, 0x1f, 0xd7,
    0xe8, 0x3f, 0x9f, 0xe0, 0xf3, 0xfc, 0x1e, 0x7f,
    0x90, 0xf3, 0xfc, 0x1f, 0xd7, 0xe8, 0x3f, 0x9f,
    0xe0, 0xf3, 0xfc, 0x1e, 0xbf, 0x83, 0xe7, 0xf8,
    0x3f, 0xaf, 0xd0, 0x7f, 0x3f, 0xc1, 0xe7, 0xf8,
    0x3d, 0xfe, 0xf, 0x9f, 0xe0, 0xfe, 0xbf, 0x41,
    0xfc, 0xff, 0x7, 0x9f, 0xe4, 0x3b, 0xfa, 0xf,
    0x9f, 0xe0, 0xfe, 0xbf, 0x41, 0xfc, 0xff, 0x7,
    0x9f, 0xe4, 0x33, 0xfc, 0x87, 0xcf, 0xf0, 0x7f,
    0x5f, 0xa0, 0xfc, 0xff, 0x83, 0xcd, 0x70, 0x77,
    0xf8, 0x3f, 0x3f, 0xc1, 0xfd, 0x7e, 0x82, 0xbf,
    0xfe, 0xf, 0xfe, 0x25, 0xfd, 0x7, 0xe7, 0xf8,
    0x3f, 0xaf, 0xd0, 0x6f, 0xff, 0x41, 0xff, 0xc4,
    0xff, 0x21, 0xf9, 0xfe, 0xf, 0xeb, 0xf4, 0x1a,
    0xff, 0xe0, 0xff, 0xe2, 0x7f, 0xc1, 0xfc, 0xff,
    0x7, 0xf5, 0xfa, 0xc, 0xff, 0xe4, 0x3f, 0xf8,
    0x77, 0xf9, 0xf, 0xe7, 0xf8, 0x3f, 0xaf, 0xd0,
    0x77, 0xfc, 0x87, 0xff, 0xd, 0xff, 0x83, 0xfc,
    0xff, 0x7, 0xf5, 0xfa, 0xe, 0xfa, 0x43, 0xff,
    0x8a, 0xff, 0xc1, 0xff, 0x5f, 0xc1, 0xfd, 0x7e,
    0x83, 0xff, 0x9f, 0xff, 0x21, 0xff, 0xc0, 0x5e,
    0xf, 0xeb, 0xf4, 0x1f, 0xfc, 0xd7, 0xfe, 0x83,
    0xff, 0x9f, 0x7e, 0x83, 0xff, 0x98, 0xff, 0xd0,
    0x7f, 0xf4, 0x2f, 0xd0, 0x7f, 0xf2, 0xef, 0xfc,
    0x1f, 0xfd, 0x1b, 0xf8, 0x3f, 0xf9, 0x5f, 0xfc,
    0x1f, 0xfd, 0x2b, 0xf8, 0x3f, 0xf9, 0x17, 0xff,
    0x7, 0xff, 0x4f, 0xfc, 0x1f, 0xfc, 0x7b, 0xff,
    0x41, 0xff, 0xd4, 0xff, 0x7, 0xff, 0x27, 0xfd,
    0x7, 0xff, 0x57, 0xfc, 0x1f, 0xfc, 0xab, 0xe4,
    0x3f, 0xfa, 0xdf, 0xe0, 0xff, 0xe5, 0xba, 0x1f,
    0xfd, 0x7a, 0xf0, 0x7f, 0xff, 0xc3, 0xfc,

    /* U+5E74 "年" */
    0xf, 0xff, 0xf8, 0x7f, 0x79, 0xf, 0xff, 0x9f,
    0xf2, 0x1f, 0xfe, 0xf7, 0xff, 0x7, 0xff, 0xb7,
    0xff, 0x7, 0xff, 0xb5, 0xff, 0x90, 0xff, 0xf6,
    0xff, 0xd0, 0x7f, 0xfb, 0x5f, 0xf8, 0x3f, 0xfd,
    0xdf, 0xf2, 0x1f, 0xfe, 0xdb, 0xfe, 0xf, 0xff,
    0x77, 0xfc, 0x1f, 0xfe, 0xeb, 0xfe, 0xaf, 0xfe,
    0xd7, 0xa0, 0xff, 0xe2, 0x3f, 0xff, 0xe5, 0xf,
    0xfe, 0x27, 0xff, 0xf9, 0x83, 0xff, 0x87, 0x7f,
    0xff, 0x98, 0x3f, 0xf8, 0x4f, 0xfd, 0x5f, 0xfc,
    0x4f, 0xf5, 0x7f, 0xf1, 0x3f, 0xa0, 0xff, 0xe1,
    0x7f, 0xd0, 0x7f, 0xf1, 0x3f, 0xc1, 0xff, 0xd7,
    0xff, 0xc1, 0xff, 0xc5, 0xff, 0x7, 0xff, 0x5a,
    0xff, 0x83, 0xff, 0x8d, 0xfe, 0xf, 0xfe, 0xab,
    0xff, 0x21, 0xff, 0xc6, 0xff, 0x7, 0xff, 0x57,
    0xff, 0x7, 0xff, 0x1f, 0xfc, 0x1f, 0xfd, 0x4f,
    0xfc, 0x1f, 0xfc, 0x8f, 0xf0, 0x7f, 0xf4, 0xef,
    0xf9, 0xf, 0xfe, 0x47, 0xf8, 0x3f, 0xfa, 0x57,
    0xfd, 0x7, 0xff, 0x27, 0xfc, 0x1f, 0xfd, 0x1b,
    0xff, 0x7, 0xff, 0x2b, 0xfc, 0x1f, 0xfd, 0xb,
    0xff, 0x7, 0xff, 0x2f, 0xfc, 0x1f, 0xfc, 0xfb,
    0xff, 0x21, 0xff, 0xcb, 0xff, 0x7, 0xff, 0x41,
    0xff, 0x41, 0x7f, 0xff, 0x86, 0xf, 0xf9, 0xfa,
    0xd, 0xff, 0xfe, 0x18, 0x3f, 0xf8, 0x2e, 0x1d,
    0xff, 0xfe, 0x18, 0x3f, 0xf9, 0x1f, 0xff, 0xe1,
    0x83, 0xff, 0x91, 0xfd, 0x2f, 0xff, 0xf, 0xfc,
    0xbf, 0xfc, 0x59, 0xf, 0xfe, 0x47, 0xf4, 0x1f,
    0xfc, 0x3f, 0xf0, 0x7f, 0xf6, 0xff, 0xa0, 0xff,
    0xe1, 0xff, 0x83, 0xff, 0xb7, 0xfd, 0x7, 0xff,
    0xf, 0xfc, 0x1f, 0xfd, 0xbb, 0xf4, 0x1f, 0xfc,
    0x3f, 0xf0, 0x7f, 0xf6, 0xef, 0xd0, 0x7f, 0xf0,
    0xff, 0xc1, 0xff, 0xdb, 0xbf, 0x41, 0xff, 0xc3,
    0xff, 0x7, 0xff, 0x6e, 0xfd, 0x7, 0xff, 0xf,
    0xfc, 0x1f, 0xfd, 0xbb, 0xf4, 0x1f, 0xfc, 0x3f,
    0xf0, 0x7f, 0xf6, 0xef, 0xd0, 0x7f, 0xf0, 0xff,
    0xc1, 0xff, 0xdb, 0xbf, 0x41, 0xff, 0xc3, 0xff,
    0x7, 0xff, 0x6e, 0xfd, 0x7, 0xff, 0xf, 0xfc,
    0x1f, 0xfd, 0xbb, 0xf4, 0x1f, 0xfc, 0x3f, 0xf0,
    0x7f, 0xf3, 0xab, 0xfc, 0xb7, 0xf9, 0x7f, 0xf8,
    0x7f, 0xe5, 0xff, 0xe2, 0xd7, 0xf7, 0xff, 0xfd,
    0x6f, 0xff, 0xfa, 0xdf, 0xff, 0xf5, 0xbf, 0xff,
    0xeb, 0x7, 0xff, 0x5b, 0xfc, 0x1f, 0xff, 0xf,
    0xf0, 0x7f, 0xfc, 0x3f, 0xc1, 0xff, 0xf0, 0xff,
    0x7, 0xff, 0xc3, 0xfc, 0x1f, 0xff, 0xf, 0xf0,
    0x7f, 0xfc, 0x3f, 0xc1, 0xff, 0xf0, 0xff, 0x7,
    0xff, 0xc3, 0xfc, 0x1f, 0xff, 0xf, 0xf0, 0x7f,
    0xfc, 0x3f, 0xc1, 0xff, 0xf0, 0xff, 0x7, 0xff,
    0xc3, 0xfc, 0x1f, 0xff, 0xf, 0xf0, 0x7f, 0xfc,
    0x3f, 0xc1, 0xff, 0xf0, 0xff, 0x7, 0xff, 0xc3,
    0xfc, 0x1f, 0xff, 0xf, 0xf0, 0x7f, 0xff, 0xc3,
    0xff, 0x8a,

    /* U+5F00 "开" */
    0xe, 0x5e, 0xf, 0xff, 0x12, 0xe0, 0xff, 0x7f,
    0xff, 0xad, 0xf, 0xef, 0xff, 0xf5, 0xa1, 0xfd,
    0xff, 0xfe, 0xb4, 0x3f, 0xbf, 0xff, 0xd6, 0x87,
    0xf7, 0xff, 0xfa, 0xd0, 0xff, 0xe6, 0xff, 0x83,
    0xff, 0x85, 0xfe, 0xf, 0xfe, 0xdf, 0xf8, 0x3f,
    0xf8, 0x5f, 0xe0, 0xff, 0xed, 0xff, 0x83, 0xff,
    0x85, 0xfe, 0xf, 0xfe, 0xdf, 0xf8, 0x3f, 0xf8,
    0x5f, 0xe0, 0xff, 0xed, 0xff, 0x83, 0xff, 0x85,
    0xfe, 0xf, 0xfe, 0xdf, 0xf8, 0x3f, 0xf8, 0x5f,
    0xe0, 0xff, 0xed, 0xff, 0x83, 0xff, 0x85, 0xfe,
    0xf, 0xfe, 0xdf, 0xf8, 0x3f, 0xf8, 0x5f, 0xe0,
    0xff, 0xed, 0xff, 0x83, 0xff, 0x85, 0xfe, 0xf,
    0xfe, 0xdf, 0xf8, 0x3f, 0xf8, 0x5f, 0xe0, 0xff,
    0xed, 0xff, 0x83, 0xff, 0x85, 0xfe, 0xf, 0xfe,
    0xdf, 0xf8, 0x3f, 0xf8, 0x5f, 0xe0, 0xff, 0xed,
    0xff, 0x83, 0xff, 0x85, 0xfe, 0xf, 0xfe, 0xdf,
    0xf8, 0x3f, 0xf8, 0x5f, 0xe0, 0xff, 0xed, 0xff,
    0x83, 0xff, 0x85, 0xfe, 0xf, 0xfe, 0xdf, 0xf8,
    0x3f, 0xf8, 0x5f, 0xe0, 0xff, 0xed, 0xff, 0x83,
    0xff, 0x85, 0xfe, 0xf, 0xfe, 0xdf, 0xf8, 0x3f,
    0xf8, 0x5f, 0xe0, 0xff, 0xed, 0xff, 0x83, 0xff,
    0x85, 0xfe, 0xf, 0xfe, 0xdf, 0xf8, 0x3f, 0xf8,
    0x5f, 0xe0, 0xff, 0xe3, 0x2c, 0x1f, 0xfc, 0x6f,
    0xf0, 0x7f, 0xf0, 0xbf, 0xc1, 0xff, 0xc3, 0x51,
    0xff, 0xff, 0x47, 0xff, 0xfe, 0x8f, 0xff, 0xfd,
    0x1f, 0xff, 0xfa, 0x3f, 0xff, 0xc2, 0xaf, 0x7f,
    0xd5, 0xff, 0xc2, 0xff, 0x57, 0xbf, 0xfe, 0x5e,
    0xf, 0xfe, 0x23, 0xfd, 0x7, 0xff, 0xb, 0xfc,
    0x1f, 0xfd, 0xab, 0xf9, 0xf, 0xfe, 0x17, 0xf8,
    0x3f, 0xfb, 0x57, 0xf2, 0x1f, 0xfc, 0x2f, 0xf0,
    0x7f, 0xf6, 0xbf, 0xc1, 0xff, 0xc3, 0xff, 0x7,
    0xff, 0x6b, 0xfc, 0x1f, 0xfc, 0x3f, 0xf0, 0x7f,
    0xf6, 0x5f, 0xe8, 0x3f, 0xf8, 0x7f, 0xe0, 0xff,
    0xec, 0xdf, 0xc8, 0x7f, 0xf0, 0xff, 0xc1, 0xff,
    0xd9, 0xff, 0x7, 0xff, 0x13, 0xfc, 0x1f, 0xfd,
    0x87, 0xfc, 0x1f, 0xfc, 0x4f, 0xf0, 0x7f, 0xf6,
    0x3f, 0xd0, 0x7f, 0xf1, 0x3f, 0xc1, 0xff, 0xd7,
    0x7f, 0xc8, 0x7f, 0xf1, 0x3f, 0xc1, 0xff, 0xd7,
    0xff, 0x83, 0xff, 0x8b, 0xfe, 0xf, 0xfe, 0xb3,
    0xfe, 0x83, 0xff, 0x8b, 0xfe, 0xf, 0xfe, 0xb7,
    0xfc, 0x1f, 0xfc, 0x6f, 0xf0, 0x7f, 0xf5, 0x5f,
    0xf4, 0x1f, 0xfc, 0x6f, 0xf0, 0x7f, 0xf5, 0x7f,
    0xe0, 0xff, 0xe3, 0xff, 0x83, 0xff, 0xa9, 0xff,
    0x41, 0xff, 0xc7, 0xff, 0x7, 0xff, 0x4e, 0xff,
    0x83, 0xff, 0x91, 0xfe, 0xf, 0xfe, 0x95, 0xff,
    0x21, 0xff, 0xc8, 0xff, 0x7, 0xff, 0x45, 0xff,
    0xc1, 0xff, 0xc9, 0xff, 0x7, 0xff, 0x42, 0xff,
    0xc1, 0xff, 0xca, 0xff, 0x7, 0xff, 0x3e, 0xff,
    0xc8, 0x7f, 0xf2, 0xbf, 0xc1, 0xff, 0xce, 0xff,
    0xe4, 0x3f, 0xf9, 0x7f, 0xe0, 0xff, 0xe6, 0x5f,
    0xfd, 0x7, 0xff, 0x33, 0xfc, 0x1f, 0xfc, 0xa7,
    0xff, 0xd0, 0x7f, 0xf3, 0x7f, 0xc1, 0xff, 0xc8,
    0x7f, 0xfe, 0x83, 0xff, 0x9d, 0xfe, 0xf, 0xfe,
    0x43, 0xff, 0xe4, 0x3f, 0xf9, 0xff, 0xe0, 0xff,
    0xe5, 0x3f, 0xf2, 0x1f, 0xfd, 0xf, 0xf0, 0x7f,
    0xf3, 0x3f, 0x83, 0xff, 0xa5, 0xfe, 0xf, 0xfe,
    0x6d, 0xe0, 0xff, 0xe9, 0xff, 0x83, 0xff, 0x9c,
    0x87, 0xff, 0x52, 0xbc, 0x1f, 0xfc, 0x60,

    /* U+5F1F "弟" */
    0xf, 0xff, 0x2, 0x1f, 0xfd, 0xd9, 0xf, 0xfe,
    0x3b, 0xc1, 0xff, 0xda, 0x7e, 0xf, 0xfe, 0x3d,
    0xf4, 0x87, 0xff, 0x5a, 0xfe, 0xf, 0xfe, 0x37,
    0xfc, 0x1f, 0xfd, 0x5f, 0xf4, 0x1f, 0xfc, 0x47,
    0xfc, 0x87, 0xff, 0x55, 0xff, 0x21, 0xff, 0xc3,
    0xff, 0x41, 0xff, 0xd7, 0xbf, 0xc1, 0xff, 0xc3,
    0xff, 0x7, 0xff, 0x67, 0xfd, 0x7, 0xff, 0x6,
    0xfe, 0x43, 0xff, 0xb2, 0xff, 0x90, 0xff, 0xe0,
    0x7f, 0x83, 0xff, 0xb7, 0xfe, 0x83, 0xfe, 0x7f,
    0x83, 0xff, 0xb8, 0xfe, 0x43, 0xff, 0x81, 0xfd,
    0x7, 0xff, 0x77, 0xe0, 0xff, 0xe0, 0xbf, 0xc1,
    0xff, 0xcc, 0xff, 0xf5, 0x7e, 0xfa, 0xbf, 0xf8,
    0x3f, 0xea, 0xff, 0xe1, 0x87, 0xf7, 0xff, 0xfa,
    0xa0, 0xfe, 0xff, 0xff, 0x54, 0x1f, 0xdf, 0xff,
    0xea, 0x83, 0xfb, 0xff, 0xfd, 0x50, 0x7f, 0xf5,
    0xff, 0xa0, 0xff, 0xe2, 0xff, 0x21, 0xff, 0xd7,
    0xfe, 0x83, 0xff, 0x8b, 0xfc, 0x87, 0xff, 0x5f,
    0xfa, 0xf, 0xfe, 0x2f, 0xf2, 0x1f, 0xfd, 0x7f,
    0xe8, 0x3f, 0xf8, 0xbf, 0xc8, 0x7f, 0xf5, 0xff,
    0xa0, 0xff, 0xe2, 0xff, 0x21, 0xff, 0xd7, 0xfe,
    0x83, 0xff, 0x8b, 0xfc, 0x87, 0xff, 0x5f, 0xfa,
    0xf, 0xfe, 0x2f, 0xf2, 0x1f, 0xfd, 0x7f, 0xe8,
    0x3f, 0xf8, 0xbf, 0xc8, 0x7f, 0xf5, 0xff, 0xa0,
    0xff, 0xe2, 0xff, 0x21, 0xff, 0x7f, 0xff, 0xa2,
    0xf, 0xfb, 0xff, 0xfd, 0x10, 0x7f, 0xdf, 0xff,
    0xe8, 0x83, 0xfe, 0xff, 0xff, 0x44, 0x1f, 0xf7,
    0xf4, 0xbf, 0xfc, 0x6f, 0xf2, 0xff, 0xf2, 0xc3,
    0xfe, 0xfe, 0x43, 0xff, 0x8d, 0xfd, 0x7, 0xff,
    0x5b, 0xf9, 0xf, 0xfe, 0x37, 0xf4, 0x1f, 0xfd,
    0x6f, 0xe4, 0x3f, 0xf8, 0xdf, 0xd0, 0x7f, 0xf5,
    0xbf, 0x90, 0xff, 0xe3, 0x7f, 0x41, 0xff, 0xd6,
    0xfe, 0xf, 0xfe, 0x3f, 0xf4, 0x1f, 0xfd, 0x57,
    0xf8, 0x3f, 0xf8, 0xff, 0xd0, 0x7f, 0xf5, 0x5f,
    0xe0, 0xff, 0xe3, 0xff, 0x41, 0xff, 0xd5, 0xbf,
    0x83, 0xff, 0x8f, 0xfd, 0x7, 0xff, 0x56, 0xfe,
    0xf, 0xfe, 0x3f, 0xf4, 0x1f, 0xfd, 0x5f, 0xff,
    0xf6, 0xa1, 0xef, 0xff, 0xf6, 0x87, 0xdf, 0xff,
    0xed, 0xf, 0xbf, 0xff, 0xda, 0x1f, 0x57, 0xff,
    0x23, 0xff, 0xea, 0xff, 0xe3, 0xff, 0xc1, 0xff,
    0xce, 0xbf, 0xfd, 0x7, 0xff, 0x23, 0xfa, 0xf,
    0xfe, 0x6b, 0xff, 0xf4, 0x1f, 0xfc, 0x8f, 0xe8,
    0x3f, 0xf9, 0xbf, 0xe7, 0xfa, 0xf, 0xfe, 0x3b,
    0xfc, 0x87, 0xff, 0x33, 0xfd, 0x1f, 0xd0, 0x7f,
    0xf1, 0xdf, 0xe4, 0x3f, 0xf9, 0x7f, 0xf0, 0x3f,
    0xa0, 0xff, 0xe3, 0xdf, 0xc1, 0xff, 0xcb, 0xff,
    0x82, 0xfe, 0x83, 0xff, 0x8f, 0x7f, 0x7, 0xff,
    0x2b, 0xfe, 0xd, 0xfd, 0x7, 0xff, 0x1f, 0xfc,
    0x1f, 0xfc, 0x87, 0xfe, 0xe, 0xfe, 0x83, 0xff,
    0x8c, 0xff, 0x41, 0xff, 0xc7, 0xbf, 0xe0, 0xf7,
    0xf4, 0x1f, 0xfc, 0x6f, 0xf2, 0x1f, 0xfc, 0x6f,
    0xfc, 0x1f, 0x7f, 0x41, 0xff, 0xc2, 0x6f, 0xfc,
    0x1f, 0xfc, 0x5b, 0xff, 0x7, 0xef, 0xe8, 0x3f,
    0xbf, 0xff, 0x86, 0x1f, 0xfc, 0x37, 0xff, 0x41,
    0xfd, 0xfd, 0x7, 0xf5, 0xff, 0xfc, 0x14, 0x3f,
    0xf8, 0x2f, 0xff, 0x21, 0xfe, 0xfe, 0x83, 0xfd,
    0xff, 0xfc, 0x8, 0x3f, 0xf8, 0xf, 0xff, 0x83,
    0xff, 0x81, 0xfd, 0x7, 0xfb, 0xff, 0xe8, 0x3f,
    0xeb, 0xff, 0xd0, 0x7f, 0xf0, 0x7f, 0xa0, 0xff,
    0x3f, 0xf9, 0xf, 0xe6, 0xff, 0xfe, 0x2, 0x1f,
    0xfc, 0x2f, 0xe8, 0x3f, 0xef, 0xa5, 0x7, 0xfd,
    0xff, 0xfc, 0x18, 0x3f, 0xf8, 0x9f, 0xd0, 0x7f,
    0xf4, 0x1f, 0xff, 0x41, 0xff, 0xc6, 0xfe, 0x83,
    0xff, 0xa3, 0x7f, 0xe4, 0x3f, 0xf8, 0xff, 0xd0,
    0x7f, 0xf4, 0xbf, 0xc8, 0x7f, 0xf2, 0x7f, 0xa0,
    0xff, 0xe9, 0x3e, 0x83, 0xff, 0x99, 0xfe, 0xf,
    0xfe, 0x9a, 0x1f, 0xfc, 0xef, 0xf0, 0x7f, 0xff,
    0xc3, 0xff, 0x88,

    /* U+5F2F "弯" */
    0xf, 0xff, 0xf8, 0x7f, 0xf2, 0xdb, 0xf0, 0x7f,
    0xfc, 0xbf, 0xc8, 0x7f, 0xfc, 0x6f, 0xe8, 0x3f,
    0xfe, 0x5f, 0xe0, 0xff, 0xf9, 0x7f, 0x90, 0xff,
    0xea, 0xa1, 0xff, 0xcf, 0x7f, 0xc1, 0xff, 0xce,
    0x43, 0xaf, 0xff, 0xf9, 0x7, 0x5f, 0xff, 0xf2,
    0xe, 0xbf, 0xff, 0xe4, 0x1d, 0x7f, 0xff, 0xc8,
    0x39, 0xaf, 0xcb, 0xff, 0xc0, 0xbf, 0x97, 0xfa,
    0xfe, 0x5f, 0xfe, 0xd, 0x7e, 0xf, 0xfe, 0x73,
    0xfc, 0x1f, 0xcf, 0xf0, 0x7f, 0xf8, 0xdf, 0xe0,
    0xfe, 0x7f, 0x83, 0xff, 0xc6, 0xff, 0x7, 0xf3,
    0xfc, 0x1f, 0xfd, 0x8f, 0x21, 0xf9, 0xfe, 0xf,
    0xe7, 0xf8, 0x3f, 0x3a, 0x1f, 0xfc, 0xcb, 0xf2,
    0x1e, 0x7f, 0x83, 0xf9, 0xfe, 0xf, 0xaf, 0xa0,
    0xff, 0xe5, 0x3f, 0xe4, 0x39, 0xfe, 0xf, 0xe7,
    0xf8, 0x3d, 0x7f, 0x83, 0xff, 0x93, 0xfe, 0x43,
    0xcf, 0xf0, 0x7f, 0x3f, 0xc1, 0xcf, 0xfe, 0x43,
    0xff, 0x8d, 0xfe, 0x43, 0xe7, 0xf8, 0x3f, 0x9f,
    0xe0, 0xfb, 0xff, 0x41, 0xff, 0xc4, 0xff, 0x21,
    0xf9, 0xfe, 0xf, 0xe7, 0xf8, 0x3f, 0x5f, 0xf8,
    0x3f, 0xf8, 0x5f, 0xe4, 0x3f, 0x9f, 0xe0, 0xfe,
    0xbf, 0x83, 0xf9, 0xff, 0xc1, 0xff, 0xc0, 0xbf,
    0xa0, 0xff, 0x5f, 0xc1, 0xfd, 0x7f, 0x7, 0xfd,
    0xff, 0x90, 0xfe, 0xff, 0x41, 0xff, 0x5f, 0xc1,
    0xfd, 0x7f, 0x7, 0xff, 0x3, 0xff, 0x41, 0xf7,
    0xfa, 0xf, 0xfe, 0x5, 0xfc, 0x1f, 0xd7, 0xf0,
    0x7f, 0xf0, 0x6f, 0xfa, 0xe, 0xff, 0x41, 0xff,
    0xc1, 0xbf, 0x83, 0xfa, 0xfe, 0xf, 0xfe, 0x15,
    0xff, 0x80, 0xff, 0xa0, 0xff, 0xe1, 0x5f, 0xc1,
    0xfd, 0x7f, 0x7, 0xff, 0xd, 0xff, 0x20, 0xff,
    0x41, 0xff, 0xe8, 0x7f, 0x7, 0xaf, 0x83, 0xff,
    0xd4, 0xf8, 0x3f, 0xa0, 0xff, 0xf6, 0x21, 0xff,
    0xc1, 0xff, 0xff, 0x22, 0x1f, 0xfc, 0x7f, 0xff,
    0xf2, 0x21, 0xff, 0xc7, 0xff, 0xff, 0x22, 0x1f,
    0xfc, 0x7f, 0xff, 0xf2, 0x7, 0xff, 0x22, 0xeb,
    0xff, 0xbb, 0xfc, 0x1f, 0xff, 0x3f, 0xe0, 0xff,
    0xf9, 0xff, 0x7, 0xff, 0xcf, 0xf8, 0x3f, 0xf9,
    0x6b, 0xff, 0xdc, 0xfe, 0xf, 0xfe, 0x5f, 0xff,
    0xf8, 0x43, 0xff, 0x97, 0xff, 0xfe, 0x14, 0x3f,
    0xf9, 0x5f, 0xff, 0xe1, 0x43, 0xff, 0x95, 0xff,
    0xfe, 0x14, 0x3f, 0xf9, 0x5f, 0xc8, 0x7f, 0xfc,
    0xbf, 0x83, 0xff, 0xe7, 0xfc, 0x1f, 0xff, 0x3f,
    0xe0, 0xff, 0xf9, 0xff, 0x7, 0xff, 0xcf, 0xff,
    0xfc, 0x88, 0x7f, 0xf1, 0x9f, 0xff, 0xf2, 0x21,
    0xff, 0xc6, 0x7f, 0xff, 0xc8, 0x87, 0xff, 0x1a,
    0xff, 0xff, 0x22, 0x1f, 0xfc, 0x66, 0xbf, 0xfb,
    0xdf, 0xe4, 0x3f, 0xfe, 0x37, 0xf0, 0x7f, 0xfc,
    0xbf, 0xc1, 0xff, 0xf2, 0xff, 0x7, 0xff, 0xcb,
    0xfa, 0xf, 0xff, 0x8b, 0xfd, 0x7, 0xff, 0xc7,
    0xfc, 0x87, 0xff, 0xc2, 0xff, 0x7, 0xff, 0x91,
    0x55, 0xf7, 0xff, 0xa0, 0xff, 0xf2, 0x7f, 0xff,
    0x1c, 0x3f, 0xfc, 0xaf, 0xff, 0xf1, 0x50, 0xff,
    0xf3, 0x7f, 0xff, 0x10, 0x3f, 0xfd, 0xf, 0xff,
    0xd2, 0x1f, 0xfe, 0xbf, 0xea, 0x28, 0x3f, 0xff,
    0xe1, 0xff, 0xc0,

    /* U+5FC3 "心" */
    0xf, 0xff, 0xf8, 0x7f, 0xf2, 0xa8, 0x1f, 0xff,
    0x4f, 0x90, 0xff, 0xf8, 0xdf, 0xc1, 0xff, 0xf0,
    0xbf, 0xd0, 0x7f, 0xfc, 0x3f, 0xe0, 0xff, 0xf8,
    0xff, 0xc1, 0xff, 0xf0, 0xbf, 0xd0, 0x7f, 0xfc,
    0x3f, 0xe0, 0xff, 0xf8, 0x3f, 0xf0, 0x7f, 0xfc,
    0x2f, 0xf4, 0x1f, 0xff, 0xf, 0xf8, 0x3f, 0xfe,
    0x17, 0xfc, 0x1f, 0xff, 0xf, 0xfa, 0xf, 0xff,
    0x7d, 0xff, 0x21, 0xff, 0xef, 0xff, 0xc1, 0xff,
    0xef, 0x7f, 0xa0, 0xff, 0xf8, 0xfe, 0xf, 0xff,
    0x9b, 0xa1, 0xff, 0xff, 0xf, 0xff, 0xf8, 0x7f,
    0xf5, 0xeb, 0xc1, 0xff, 0xf0, 0x7f, 0xc8, 0x7f,
    0xfb, 0xdf, 0xf0, 0x7f, 0xf3, 0xb8, 0x3f, 0xf8,
    0xd7, 0x28, 0x3f, 0xdf, 0xe0, 0xff, 0xe6, 0x3f,
    0x21, 0xff, 0xc5, 0xbf, 0xc8, 0x7d, 0xfe, 0xf,
    0xfe, 0x5f, 0xf8, 0x3f, 0xf8, 0xbf, 0xf0, 0x7e,
    0xff, 0x7, 0xff, 0x2a, 0xff, 0x41, 0xff, 0xc4,
    0xff, 0x83, 0xf7, 0xf8, 0x3f, 0xf9, 0x7f, 0xf2,
    0x1f, 0xfc, 0x3f, 0xf4, 0x1f, 0xbf, 0xc1, 0xff,
    0xcb, 0x7f, 0xe0, 0xff, 0xe1, 0x3f, 0xe4, 0x3f,
    0x7f, 0x83, 0xff, 0x99, 0x7f, 0xc1, 0xff, 0xc1,
    0x7f, 0xc1, 0xfd, 0xfe, 0xf, 0xfe, 0x6f, 0xfd,
    0x7, 0xff, 0x2, 0xff, 0x7, 0xf7, 0xf8, 0x3f,
    0xf9, 0xdf, 0xf0, 0x7f, 0xf0, 0x3f, 0xd0, 0x7f,
    0x7f, 0x83, 0xff, 0x9d, 0x7f, 0xc1, 0xff, 0x7f,
    0x90, 0xfe, 0xff, 0x7, 0xff, 0x3f, 0xfe, 0x83,
    0xf9, 0xff, 0x21, 0xfd, 0xfe, 0xf, 0xfe, 0x87,
    0xfc, 0x87, 0xe7, 0xfc, 0x1f, 0xef, 0xf0, 0x7f,
    0xf4, 0x2f, 0xf8, 0x3f, 0x5f, 0xe0, 0xff, 0x7f,
    0x83, 0xff, 0xa3, 0xff, 0x41, 0xf7, 0xfa, 0xf,
    0xf7, 0xf8, 0x3f, 0xfa, 0x2f, 0xfc, 0x87, 0xbf,
    0xc8, 0x7f, 0xbf, 0xc1, 0xff, 0xd2, 0xff, 0xc1,
    0xcf, 0xf8, 0x3f, 0xef, 0xf0, 0x7f, 0xf4, 0x9f,
    0xfa, 0xd, 0x7f, 0x83, 0xfe, 0xff, 0x7, 0xff,
    0x4e, 0xff, 0x83, 0x7f, 0xc1, 0xff, 0x7f, 0x83,
    0xff, 0xa9, 0xfe, 0x43, 0x7f, 0xa0, 0xff, 0xbf,
    0xc1, 0xff, 0xd4, 0xbe, 0x43, 0x9f, 0xf2, 0x1f,
    0xf7, 0xf8, 0x3f, 0xfa, 0xbe, 0xf, 0xaf, 0xf0,
    0x7f, 0xf0, 0x3f, 0xc1, 0xff, 0xd5, 0x43, 0xf7,
    0xfc, 0x1f, 0xfc, 0xf, 0xf0, 0x7f, 0xf7, 0x5f,
    0xf4, 0x1f, 0xfc, 0xf, 0xf0, 0x7f, 0xf7, 0x6f,
    0xf2, 0x1f, 0xfc, 0xf, 0xf0, 0x7f, 0xf7, 0x7f,
    0xe0, 0xff, 0xe0, 0xff, 0x83, 0xff, 0xbb, 0xff,
    0x7, 0xff, 0x7, 0xfc, 0x1f, 0xfc, 0xa4, 0x3f,
    0xf9, 0xd, 0xe8, 0x3f, 0xf8, 0x3f, 0xe0, 0xff,
    0xe5, 0x79, 0xf, 0xfe, 0xc7, 0xf8, 0x3f, 0xf9,
    0x5f, 0x90, 0xff, 0xeb, 0x7f, 0x83, 0xff, 0x95,
    0xfe, 0x83, 0xff, 0xa9, 0xfe, 0xf, 0xfe, 0x57,
    0xfa, 0xf, 0xfe, 0xa7, 0xf8, 0x3f, 0xf9, 0x2f,
    0xf9, 0xf, 0xfe, 0xa7, 0xf8, 0x3f, 0xf9, 0x37,
    0xf8, 0x3f, 0xfa, 0xbf, 0xe0, 0xff, 0xe4, 0xff,
    0xc1, 0xff, 0xd5, 0xff, 0x41, 0xff, 0xc7, 0x7f,
    0xc8, 0x7f, 0xf5, 0x7f, 0xe4, 0x3f, 0xf8, 0xaf,
    0xfc, 0x1f, 0xfd, 0x6f, 0xff, 0xea, 0x87, 0xff,
    0x5a, 0xff, 0xfe, 0x9a, 0x1f, 0xfd, 0x67, 0xff,
    0xfa, 0x61, 0xff, 0xd8, 0xff, 0xfe, 0x92, 0x1f,
    0xfd, 0x9f, 0xff, 0xe8, 0x21, 0xff, 0xdb, 0x6b,
    0xff, 0x98, 0x87, 0xff, 0x14,

    /* U+620F "戏" */
    0xf, 0xfe, 0xbd, 0x14, 0x1f, 0xff, 0x4f, 0xf2,
    0x1f, 0xff, 0x1b, 0xf9, 0xf, 0xff, 0x8d, 0xfc,
    0x87, 0xff, 0xc6, 0xfe, 0xf, 0xe7, 0xc1, 0xff,
    0xe6, 0xbf, 0x83, 0xf5, 0xf8, 0x3f, 0xfc, 0xb7,
    0xf0, 0x7d, 0xfe, 0x83, 0xff, 0xc9, 0x7f, 0x7,
    0xdf, 0xf2, 0x1f, 0xfe, 0x37, 0xf8, 0x3f, 0x7f,
    0xc8, 0x7f, 0xf0, 0x2f, 0xfa, 0xbf, 0xf8, 0x81,
    0xfe, 0x7f, 0x83, 0xfb, 0xfe, 0xf, 0xfe, 0x5,
    0xff, 0xfc, 0xb4, 0x3f, 0x9f, 0xe0, 0xfe, 0x7f,
    0xe0, 0xff, 0xaf, 0xff, 0xe5, 0x87, 0xf9, 0xfe,
    0xf, 0xf3, 0xfe, 0x83, 0xfd, 0x7f, 0xff, 0x2c,
    0x3f, 0xef, 0xe0, 0xff, 0xaf, 0xc1, 0xff, 0xc0,
    0xbf, 0xff, 0x96, 0x1f, 0xf7, 0xf0, 0x7f, 0xf0,
    0x3c, 0x87, 0xff, 0x4d, 0xfe, 0xf, 0xfb, 0xf8,
    0x3f, 0xfc, 0x4f, 0xf0, 0x7f, 0xdf, 0xc1, 0xff,
    0xe2, 0xbf, 0x41, 0xff, 0x7f, 0x7, 0xff, 0x8a,
    0xfd, 0x7, 0xfd, 0xfc, 0x1f, 0xfc, 0x66, 0xf2,
    0x1f, 0xfc, 0xbb, 0xf4, 0x1f, 0xf7, 0xf2, 0x1f,
    0xfc, 0x16, 0xff, 0x41, 0xff, 0xcb, 0xfe, 0x43,
    0xfe, 0xbf, 0x21, 0xfc, 0xdf, 0xff, 0x7, 0xff,
    0x2f, 0xf9, 0xf, 0xfa, 0xfd, 0x7, 0x37, 0xff,
    0xf0, 0xc3, 0xff, 0x97, 0xfc, 0x1f, 0xfc, 0xb,
    0xf4, 0xab, 0xff, 0xf8, 0xe1, 0xff, 0x21, 0xff,
    0x7f, 0x7, 0xff, 0x2, 0xff, 0xfe, 0x64, 0xa0,
    0xff, 0x79, 0xf, 0xe7, 0xf8, 0x3f, 0x9b, 0xff,
    0xf9, 0x32, 0x1f, 0xfc, 0x3f, 0xc1, 0xfc, 0xff,
    0x6, 0x69, 0xff, 0xfc, 0x89, 0xf, 0xfe, 0x33,
    0xfe, 0xf, 0xd7, 0xe8, 0x1f, 0xff, 0xc9, 0x90,
    0xff, 0xe5, 0xff, 0xa0, 0xfa, 0xfd, 0x3, 0xff,
    0xf8, 0x92, 0x1f, 0xfd, 0x1f, 0xf2, 0x1e, 0xfe,
    0x41, 0x7f, 0xff, 0xd, 0xf, 0xfe, 0x93, 0xfe,
    0xf, 0x7f, 0x5, 0x7f, 0xd2, 0xbf, 0x90, 0xff,
    0x41, 0xff, 0xc8, 0x7f, 0xc1, 0xdf, 0xc1, 0x3f,
    0x48, 0x75, 0xfa, 0xf, 0xe7, 0xc8, 0x7f, 0xf1,
    0xef, 0xe8, 0x27, 0xf8, 0x32, 0x1f, 0xcf, 0xe8,
    0x3f, 0xbf, 0xa4, 0x3f, 0xf8, 0xbf, 0xe8, 0x17,
    0xe8, 0x3f, 0xf8, 0x4f, 0xf0, 0x7f, 0x7f, 0xc1,
    0xff, 0xc6, 0xff, 0x27, 0xf2, 0x1f, 0xfc, 0x3f,
    0xe0, 0xfc, 0xff, 0x90, 0xff, 0xe3, 0x3f, 0xe3,
    0xf8, 0x3f, 0xf8, 0x9f, 0xc1, 0xfb, 0xfd, 0x7,
    0xff, 0x22, 0xff, 0xf8, 0x3f, 0xf8, 0x9f, 0xc8,
    0x79, 0xff, 0x7, 0xff, 0x2b, 0xff, 0xd0, 0x7f,
    0xf1, 0x2f, 0xd0, 0x7a, 0xfe, 0x83, 0xff, 0x94,
    0xff, 0xf2, 0x1f, 0xfc, 0x47, 0xf8, 0x3d, 0xfe,
    0xf, 0xfe, 0x65, 0xff, 0x83, 0xff, 0x8d, 0xfc,
    0x1d, 0x7f, 0x41, 0xff, 0xcd, 0xff, 0xc1, 0xff,
    0xc6, 0xfe, 0x43, 0x7f, 0x83, 0xff, 0x9c, 0xff,
    0xa0, 0xff, 0xe3, 0x5f, 0xa0, 0xaf, 0xe8, 0x3f,
    0xf9, 0xff, 0xf2, 0x1f, 0xfc, 0x57, 0xf8, 0x2f,
    0xf0, 0x7f, 0xf3, 0xdf, 0xfc, 0x1f, 0xfc, 0x6f,
    0xe4, 0xbf, 0xa0, 0xff, 0xe7, 0xff, 0xf4, 0x1f,
    0xfc, 0x5f, 0xe8, 0xff, 0x7, 0xff, 0x3d, 0xff,
    0xf2, 0x1f, 0xfc, 0x47, 0xff, 0xe8, 0x3f, 0xf9,
    0xff, 0xff, 0xc0, 0xf, 0xfe, 0x2f, 0xff, 0xc1,
    0xff, 0xcf, 0x7f, 0xff, 0x81, 0x7, 0xff, 0x13,
    0xff, 0xc8, 0x7f, 0xf3, 0xff, 0xc9, 0xfe, 0xf,
    0xfe, 0x23, 0xff, 0xa0, 0xff, 0xe7, 0xdf, 0xd0,
    0x1f, 0xf0, 0x7f, 0xf1, 0x3f, 0xf0, 0x7f, 0xf3,
    0xdf, 0xf0, 0x6b, 0xf9, 0xf, 0xfe, 0x1f, 0xfc,
    0x87, 0xff, 0x3f, 0xfc, 0x87, 0x7f, 0x83, 0xff,
    0x85, 0xff, 0x83, 0xff, 0x9f, 0xfe, 0x83, 0xd7,
    0xf4, 0x1f, 0xfc, 0xf, 0xfe, 0x43, 0xff, 0x9b,
    0x7f, 0x83, 0xf7, 0xf9, 0xf, 0xf7, 0xff, 0xc8,
    0x7f, 0xf2, 0xdf, 0xf2, 0x1f, 0x9f, 0xf0, 0x7f,
    0x7f, 0xff, 0x4, 0x3f, 0xf9, 0x4f, 0xfa, 0xf,
    0xf7, 0xf9, 0xf, 0x3f, 0xf1, 0xff, 0x7, 0xf5,
    0x87, 0xf3, 0xff, 0x7, 0xfc, 0xfd, 0x7, 0xcf,
    0xfc, 0x17, 0xfa, 0xf, 0xd7, 0xa0, 0xf3, 0xff,
    0x21, 0xff, 0xc0, 0xf2, 0x1f, 0x5f, 0xf0, 0x67,
    0xfd, 0x7, 0xdf, 0xd0, 0x57, 0xfd, 0x7, 0xff,
    0x5, 0xf, 0xdf, 0xf8, 0x3d, 0x7f, 0xa0, 0xf7,
    0xf8, 0x17, 0xfe, 0xf, 0xfe, 0x4b, 0xff, 0x83,
    0xf7, 0xfd, 0x6, 0x7f, 0xa2, 0xff, 0xc1, 0xff,
    0xc9, 0xbf, 0xf0, 0x7f, 0xbf, 0xf2, 0xf, 0xf0,
    0x57, 0xf9, 0xf, 0xfe, 0x3b, 0xff, 0xc1, 0xff,
    0xc0, 0xff, 0xfe, 0x20, 0x6b, 0xf2, 0x1f, 0xfc,
    0x7b, 0xff, 0x83, 0xff, 0x85, 0xff, 0xfc, 0x24,
    0x3a, 0xf4, 0x1f, 0xfc, 0x7b, 0xff, 0x83, 0xff,
    0x89, 0xff, 0xfc, 0x10, 0xfb, 0x83, 0xff, 0x95,
    0xfe, 0x83, 0xff, 0x8d, 0xff, 0xf2, 0x1f, 0xfd,
    0x4b, 0xe8, 0x3f, 0xf9, 0x17, 0xff, 0x7, 0xff,
    0x5a, 0xd0, 0xff, 0xe5, 0x3f, 0xf0, 0x7f, 0xf6,
    0x10, 0xff, 0xe6, 0xdf, 0x83, 0xff, 0xfc,

    /* U+6211 "我" */
    0xf, 0xfe, 0xc5, 0xd1, 0x41, 0xff, 0xf1, 0xbf,
    0x90, 0xff, 0xf8, 0x5f, 0xc8, 0x7f, 0xf9, 0xee,
    0xf, 0x5f, 0xc8, 0x7f, 0xf9, 0x1b, 0xf2, 0x1d,
    0x7f, 0x7, 0xde, 0xf, 0xfe, 0xcb, 0x7f, 0xe0,
    0xeb, 0xf8, 0x3d, 0xf8, 0x3f, 0xfa, 0x8d, 0xff,
    0xfc, 0x10, 0xd7, 0xf0, 0x77, 0xf8, 0x3f, 0xf9,
    0xed, 0xff, 0xfc, 0x54, 0x27, 0xf8, 0x33, 0xff,
    0x7, 0xff, 0x21, 0x57, 0xff, 0xf2, 0x24, 0x33,
    0xfc, 0x1c, 0xff, 0xc8, 0x7f, 0xf0, 0xbf, 0xff,
    0x97, 0x21, 0xf9, 0xfe, 0xf, 0x3f, 0xf2, 0x1f,
    0xfc, 0x1b, 0xff, 0xf8, 0xc8, 0x7f, 0xf0, 0x5f,
    0xe0, 0xf9, 0xff, 0x90, 0xff, 0xe0, 0xff, 0xff,
    0x18, 0x3f, 0xf8, 0x4f, 0xf0, 0x7e, 0x7f, 0xe4,
    0x3f, 0xf8, 0x1f, 0xfd, 0x23, 0xfc, 0x1f, 0xfc,
    0x27, 0xf8, 0x3f, 0x9f, 0xf9, 0xf, 0xf9, 0xfa,
    0x43, 0xcf, 0xf0, 0x7f, 0xf0, 0x9f, 0xe0, 0xff,
    0x3f, 0xf0, 0x7f, 0xf0, 0x10, 0xff, 0x3f, 0xc1,
    0xff, 0xc2, 0x7f, 0x83, 0xfe, 0xbf, 0x83, 0xff,
    0x98, 0xff, 0x7, 0xff, 0x9, 0xfe, 0xf, 0xfe,
    0x7, 0xe0, 0xff, 0xe6, 0xbf, 0xc1, 0xff, 0xc2,
    0x7f, 0x83, 0xff, 0x83, 0xe0, 0xff, 0xe7, 0x3f,
    0xc1, 0xff, 0xc2, 0x7f, 0x83, 0xff, 0xba, 0xff,
    0x7, 0xff, 0x9, 0xfe, 0xf, 0xfe, 0xeb, 0xfc,
    0x1f, 0xfc, 0x27, 0xf8, 0x3f, 0xfb, 0xaf, 0xf0,
    0x7f, 0xf0, 0x9f, 0xe0, 0xff, 0xe7, 0x5f, 0xff,
    0xf2, 0x82, 0xbf, 0xff, 0xe5, 0x5, 0x7f, 0xff,
    0xca, 0xa, 0xff, 0xff, 0x94, 0x13, 0xfd, 0x5f,
    0xdf, 0xea, 0xff, 0xe1, 0xff, 0xab, 0xff, 0x89,
    0xfc, 0x87, 0xff, 0x19, 0xfe, 0xf, 0xfe, 0x1f,
    0xf2, 0x1f, 0xfd, 0xc7, 0xf8, 0x3f, 0xf8, 0x7f,
    0xc8, 0x7f, 0xf7, 0x1f, 0xe0, 0xff, 0xe1, 0xff,
    0x21, 0xff, 0xdc, 0x7f, 0x83, 0xff, 0x87, 0xfd,
    0x7, 0xff, 0x1, 0xd0, 0xff, 0xe6, 0xbf, 0xc1,
    0xff, 0xc3, 0xbf, 0x41, 0xff, 0xc0, 0xfa, 0xf,
    0xfe, 0x63, 0xfc, 0x1f, 0xfc, 0x3b, 0xf8, 0x3f,
    0xf8, 0x1f, 0xd0, 0x7f, 0xf2, 0x9f, 0xe0, 0xff,
    0xe1, 0xbf, 0xc1, 0xff, 0x5f, 0xe8, 0x3f, 0xf9,
    0x2f, 0xf0, 0x7f, 0xf0, 0xdf, 0xe0, 0xff, 0xbf,
    0xe0, 0xff, 0xe5, 0x3f, 0xc1, 0xf3, 0x61, 0xef,
    0xe0, 0xff, 0x5f, 0xe0, 0xff, 0xe5, 0xbf, 0xc1,
    0x9b, 0xf0, 0x7b, 0xf9, 0xf, 0xef, 0xf2, 0x1f,
    0xfc, 0xb7, 0xf9, 0xbf, 0xf0, 0x7b, 0xf9, 0xf,
    0xd7, 0xf4, 0x1f, 0xfc, 0xc7, 0xff, 0xf8, 0x68,
    0x77, 0xf4, 0x1f, 0xbf, 0xc1, 0xff, 0xc9, 0x6f,
    0xff, 0xe3, 0x21, 0xd7, 0xf0, 0x7d, 0xfe, 0x43,
    0xff, 0x88, 0xdf, 0xff, 0xc9, 0x90, 0xf3, 0xfc,
    0x1e, 0x7f, 0xa0, 0xff, 0x9b, 0xff, 0xf9, 0x72,
    0x1f, 0xf7, 0xf2, 0x1d, 0xfe, 0xf, 0xfe, 0x5,
    0xff, 0xfc, 0x89, 0xf, 0xfe, 0x1f, 0xf4, 0x1b,
    0xfc, 0x87, 0xff, 0x1, 0xff, 0xfe, 0x40, 0x7f,
    0xf1, 0x6f, 0xe0, 0xaf, 0xe8, 0x3f, 0xf8, 0x5f,
    0xff, 0xc0, 0x95, 0xfc, 0x1f, 0xfc, 0x57, 0xf9,
    0x2f, 0xf0, 0x7f, 0xf0, 0xef, 0xfc, 0x86, 0x7f,
    0x83, 0xff, 0x8d, 0xfd, 0x4f, 0xf2, 0x1f, 0xfc,
    0x3b, 0xf4, 0x87, 0xcf, 0xf0, 0x7f, 0xf1, 0xaf,
    0xff, 0xa0, 0xff, 0xe2, 0x3a, 0x1f, 0xf3, 0xfc,
    0x1f, 0xfc, 0x67, 0xff, 0xd0, 0x7f, 0xf4, 0xdf,
    0xe0, 0xff, 0xe3, 0xff, 0xf8, 0x3f, 0xfa, 0x8f,
    0xf0, 0x7f, 0xf1, 0xef, 0xfc, 0x1f, 0xfd, 0x57,
    0xf8, 0x3f, 0xf8, 0xff, 0xf8, 0x3f, 0xfa, 0xcf,
    0xf0, 0x7f, 0xf1, 0x5f, 0xfd, 0x7, 0xff, 0x59,
    0xfe, 0xf, 0xfe, 0x25, 0xff, 0xe4, 0x3f, 0xd4,
    0xf, 0xfe, 0x4b, 0xfc, 0x1f, 0xfc, 0x27, 0xff,
    0xf8, 0x21, 0xfe, 0xbc, 0x87, 0xff, 0x1d, 0xfe,
    0xf, 0xfe, 0xd, 0xff, 0xfc, 0x30, 0xfe, 0xbf,
    0x21, 0xff, 0xc5, 0x7f, 0x83, 0xfe, 0x7f, 0xfa,
    0x3f, 0xe0, 0xfd, 0xfe, 0x43, 0xff, 0x88, 0xff,
    0x7, 0xf3, 0xff, 0xe0, 0xdf, 0xf0, 0x7d, 0xfe,
    0xf, 0xfe, 0x2d, 0xfc, 0x1f, 0x3f, 0xfe, 0x83,
    0x9f, 0xf8, 0x39, 0xfe, 0x83, 0xff, 0x88, 0xff,
    0x83, 0xaf, 0xff, 0x90, 0xfa, 0xff, 0x90, 0xbf,
    0xc8, 0x7f, 0xf0, 0x15, 0x7f, 0xe0, 0x9f, 0xff,
    0xa0, 0xff, 0x5f, 0xfa, 0x9f, 0xe0, 0xff, 0x7f,
    0xff, 0x6, 0xd, 0x7f, 0xf0, 0x7f, 0xf0, 0x6f,
    0xff, 0xe1, 0x41, 0xfe, 0xbf, 0xff, 0x80, 0x1e,
    0xbf, 0xc8, 0x7f, 0xf0, 0xef, 0xff, 0xe0, 0x87,
    0xff, 0x3, 0xff, 0xe8, 0x3e, 0xfd, 0x7, 0xff,
    0x19, 0xff, 0xfa, 0xf, 0xfe, 0x5, 0xff, 0xc8,
    0x7f, 0x70, 0x7f, 0xf2, 0xbf, 0xfc, 0x1f, 0xfc,
    0x2f, 0xf4, 0x87, 0xff, 0x61, 0xff, 0x83, 0xff,
    0x87, 0xf4, 0x87, 0xff, 0x75, 0xac, 0x1f, 0xff,
    0xd0,

    /* U+624B "手" */
    0xf, 0xff, 0xf8, 0x7f, 0xf7, 0x9f, 0x7, 0xff,
    0xb5, 0x57, 0xf0, 0x7f, 0xf9, 0xd5, 0x7f, 0xfd,
    0x7, 0xff, 0x71, 0x6a, 0x7f, 0xff, 0x21, 0xf,
    0xfe, 0x12, 0xff, 0xf0, 0x6b, 0x7f, 0xff, 0x58,
    0x3f, 0xf8, 0x5f, 0xff, 0xe7, 0x83, 0xff, 0x83,
    0x7f, 0xff, 0x8a, 0xa5, 0x7, 0xff, 0xb, 0xff,
    0xfa, 0xf5, 0x2c, 0x1f, 0xfc, 0xcb, 0xff, 0xfa,
    0x8, 0x7f, 0xf5, 0xdf, 0xf5, 0x72, 0xf0, 0x7b,
    0xfc, 0x1f, 0xfe, 0xff, 0xf0, 0x7f, 0xfb, 0xff,
    0xc1, 0xff, 0xef, 0xff, 0x7, 0xff, 0xbf, 0xfc,
    0x1f, 0xfe, 0xff, 0xf0, 0x7f, 0xfb, 0xff, 0xc1,
    0xff, 0xef, 0xff, 0x7, 0xff, 0xbf, 0xfc, 0x1f,
    0xfe, 0xff, 0xf0, 0x7f, 0xf6, 0x3f, 0xff, 0xce,
    0x1f, 0xfc, 0x2f, 0xff, 0xf3, 0x87, 0xff, 0xb,
    0xff, 0xfc, 0xe1, 0xff, 0xc2, 0xff, 0xff, 0x38,
    0x7f, 0xf0, 0xbf, 0xff, 0xce, 0x1f, 0xfd, 0x9f,
    0xf0, 0x7f, 0xf2, 0x14, 0x1f, 0xfd, 0x9f, 0xf0,
    0x7f, 0xfb, 0xff, 0xc1, 0xff, 0xef, 0xff, 0x7,
    0xff, 0xbf, 0xfc, 0x1f, 0xfe, 0xff, 0xf0, 0x7f,
    0xfb, 0xff, 0xc1, 0xff, 0xef, 0xff, 0x7, 0xff,
    0xbf, 0xfc, 0x1f, 0xfe, 0xff, 0xf0, 0x7f, 0xf4,
    0x57, 0x7, 0xff, 0x3b, 0xfc, 0x1f, 0xfc, 0xd5,
    0xdf, 0xff, 0xf4, 0xbf, 0xff, 0xe9, 0x7f, 0xff,
    0xd2, 0xff, 0xff, 0xa5, 0x3f, 0xd5, 0xff, 0xcb,
    0xff, 0x57, 0xff, 0x37, 0xe8, 0x3f, 0xfa, 0x5f,
    0xe0, 0xff, 0xf7, 0xff, 0x83, 0xff, 0xdf, 0xfe,
    0xf, 0xff, 0x7f, 0xf8, 0x3f, 0xfd, 0xff, 0xe0,
    0xff, 0xf7, 0xff, 0x83, 0xff, 0xdf, 0xfe, 0xf,
    0xff, 0x7f, 0xf8, 0x3f, 0xfd, 0xff, 0xe0, 0xff,
    0xf7, 0xff, 0x83, 0xff, 0xdf, 0xfe, 0xf, 0xff,
    0x7f, 0xf8, 0x3f, 0xfd, 0xff, 0xe0, 0xff, 0xf7,
    0xff, 0x83, 0xff, 0xdc, 0xff, 0x83, 0xff, 0xda,
    0xff, 0xc1, 0xff, 0xe6, 0xae, 0xff, 0xf0, 0x7f,
    0xf9, 0xbf, 0xff, 0x85, 0x7, 0xff, 0x9f, 0xff,
    0xf8, 0x28, 0x7f, 0xf9, 0xef, 0xff, 0xa0, 0xff,
    0xf4, 0x3f, 0xfe, 0x83, 0xff, 0xd5, 0xff, 0x90,
    0xff, 0xf6, 0x7d, 0x28, 0x3f, 0xfb, 0x0,

    /* U+6253 "打" */
    0xf, 0xfe, 0x5, 0x79, 0xf, 0xff, 0x7d, 0xfc,
    0x87, 0xff, 0xbe, 0xfe, 0x43, 0xff, 0xdf, 0x7f,
    0x21, 0xff, 0xef, 0xbf, 0x90, 0xff, 0xf7, 0xdf,
    0xc8, 0x7f, 0xfb, 0xef, 0xe0, 0xff, 0xf8, 0x5f,
    0xc1, 0xff, 0x51, 0x41, 0xff, 0xd0, 0x5a, 0x43,
    0xff, 0x81, 0x7f, 0x7, 0xfd, 0xff, 0xfd, 0x84,
    0x3f, 0xf8, 0x17, 0xf0, 0x7f, 0xdf, 0xff, 0xd8,
    0x43, 0xff, 0x81, 0x7f, 0x7, 0xfd, 0xff, 0xfd,
    0x84, 0x3f, 0xf8, 0xf, 0xf0, 0x7f, 0xdf, 0xff,
    0xd8, 0x43, 0xff, 0x80, 0xff, 0x7, 0xfd, 0xff,
    0xfd, 0x84, 0x3f, 0xf8, 0xf, 0xf0, 0x7f, 0xf3,
    0xef, 0xe4, 0x3f, 0xf9, 0xcf, 0xf0, 0x7f, 0xf3,
    0xef, 0xe4, 0x3f, 0xf8, 0x8a, 0xf, 0xd7, 0xf2,
    0x1f, 0x2c, 0x1f, 0xfc, 0x4b, 0xf9, 0xf, 0xfe,
    0x1d, 0xff, 0xfc, 0xf4, 0x3f, 0xf8, 0x77, 0xf2,
    0x1f, 0xfc, 0x3b, 0xff, 0xf9, 0xe8, 0x7f, 0xf0,
    0xef, 0xe4, 0x3f, 0xf8, 0x77, 0xff, 0xf3, 0xd0,
    0xff, 0xe1, 0xdf, 0xc8, 0x7f, 0xf0, 0xef, 0xff,
    0xe7, 0xa1, 0xff, 0xc3, 0xbf, 0x90, 0xff, 0xe1,
    0xdf, 0xea, 0xdf, 0xea, 0xf7, 0xf2, 0x1f, 0xfc,
    0x3b, 0xf9, 0xf, 0xfe, 0x73, 0xfc, 0x1f, 0xfc,
    0xfb, 0xf9, 0xf, 0xfe, 0x73, 0xfc, 0x1f, 0xfc,
    0xfb, 0xf9, 0xf, 0xfe, 0x73, 0xfc, 0x1f, 0xfc,
    0xfb, 0xf9, 0xf, 0xfe, 0x73, 0xfc, 0x1f, 0xfc,
    0xfb, 0xf9, 0xf, 0xfe, 0x73, 0xfc, 0x1f, 0xfc,
    0xfb, 0xf9, 0xf, 0xfe, 0x73, 0xfc, 0x1f, 0xfc,
    0xfb, 0xf9, 0xf, 0xfe, 0x73, 0xfc, 0x1f, 0xfc,
    0xfb, 0xf9, 0xf, 0xfe, 0x73, 0xfc, 0x1f, 0xfc,
    0xfb, 0xf9, 0xf, 0xfe, 0x73, 0xfc, 0x1f, 0xc8,
    0x7f, 0xf1, 0x6f, 0xe4, 0x3f, 0xf9, 0xcf, 0xf0,
    0x7c, 0xf8, 0x3f, 0xf8, 0xb7, 0xf2, 0x1f, 0xfc,
    0xe7, 0xf8, 0x33, 0x7e, 0x43, 0xff, 0x89, 0x7f,
    0x21, 0xff, 0xce, 0x7f, 0x86, 0xff, 0x90, 0xff,
    0xe2, 0x5f, 0xc8, 0x7f, 0xf3, 0x9f, 0xff, 0xe1,
    0xa1, 0xff, 0xc4, 0xbf, 0x90, 0xff, 0xe7, 0x3f,
    0xff, 0xc3, 0x43, 0xff, 0x89, 0x7f, 0x21, 0xff,
    0xcc, 0x6f, 0xff, 0xe0, 0xc8, 0x7f, 0xf1, 0xaf,
    0xe4, 0x3f, 0xf9, 0x2f, 0xff, 0xf0, 0xa4, 0x3f,
    0xf9, 0x37, 0xf2, 0x1f, 0xfc, 0x56, 0xff, 0xfe,
    0x14, 0x87, 0xff, 0x32, 0xfe, 0x43, 0xff, 0x85,
    0x7f, 0xff, 0x14, 0x3f, 0xf9, 0xf7, 0xf2, 0x1f,
    0xfc, 0x27, 0xff, 0xf8, 0xa1, 0xff, 0xcf, 0xbf,
    0x90, 0xff, 0xe1, 0xff, 0xf9, 0xbf, 0x83, 0xff,
    0x9f, 0x7f, 0x21, 0xff, 0xc3, 0xbf, 0xd0, 0x4f,
    0xf0, 0x7f, 0xf3, 0xef, 0xe4, 0x3f, 0xf8, 0x6f,
    0xe4, 0x39, 0xfe, 0xf, 0xfe, 0x7d, 0xfc, 0x87,
    0xff, 0x13, 0x83, 0xf3, 0xfc, 0x1f, 0xfc, 0xfb,
    0xf9, 0xf, 0xfe, 0x73, 0xfc, 0x1f, 0xfc, 0xfb,
    0xf9, 0xf, 0xfe, 0x73, 0xfc, 0x1f, 0xfc, 0xfb,
    0xf9, 0xf, 0xfe, 0x73, 0xfc, 0x1f, 0xfc, 0xfb,
    0xf9, 0xf, 0xfe, 0x73, 0xfc, 0x1f, 0xfc, 0xfb,
    0xf9, 0xf, 0xfe, 0x73, 0xfc, 0x1f, 0xfc, 0xfb,
    0xf9, 0xf, 0xfe, 0x73, 0xfc, 0x1f, 0xfc, 0xfb,
    0xf9, 0xf, 0xfe, 0x73, 0xfc, 0x1f, 0xfc, 0xfb,
    0xf9, 0xf, 0xfe, 0x73, 0xfc, 0x1f, 0xfc, 0xfb,
    0xf9, 0xf, 0xfe, 0x73, 0xfc, 0x1f, 0xfc, 0xfb,
    0xf9, 0xf, 0xfe, 0x73, 0xfc, 0x1f, 0xfc, 0xfb,
    0xf9, 0xf, 0xfe, 0x73, 0xfc, 0x1f, 0xfc, 0xfb,
    0xf9, 0xf, 0xfe, 0x73, 0xfc, 0x1f, 0xfc, 0xfb,
    0xf9, 0xf, 0xfe, 0x75, 0xfc, 0x1f, 0xfc, 0xfb,
    0xf9, 0xf, 0xfe, 0x75, 0xfc, 0x1f, 0xfc, 0xff,
    0xf2, 0x1f, 0xfc, 0xd7, 0xfc, 0x1f, 0xfc, 0xeb,
    0xfc, 0x87, 0xff, 0x1f, 0xff, 0xf8, 0x21, 0xff,
    0xc8, 0x5d, 0x7f, 0xe0, 0xff, 0xe4, 0x7f, 0xff,
    0x2, 0xf, 0xfe, 0x35, 0xff, 0xfc, 0x20, 0xff,
    0xe4, 0x3f, 0xff, 0x21, 0xff, 0xc7, 0xff, 0xfe,
    0xc, 0x1f, 0xfc, 0x9f, 0xff, 0x41, 0xff, 0xc8,
    0x7f, 0xff, 0x80, 0x1f, 0xfc, 0xaf, 0xfe, 0x43,
    0xff, 0x95, 0xff, 0xf0, 0x7f, 0xf2, 0xef, 0xd4,
    0xf, 0xfe, 0x6d, 0xff, 0x48, 0x7f, 0xf3, 0x19,
    0xf, 0xfe, 0x8b, 0xea, 0x21, 0xff, 0xff, 0xf,
    0xfe, 0x8,

    /* U+6570 "数" */
    0xf, 0xfe, 0x2a, 0xf0, 0x7f, 0xfb, 0xdf, 0xe4,
    0x3f, 0xf8, 0xcf, 0x21, 0xff, 0xce, 0x70, 0xfc,
    0xff, 0x7, 0xd6, 0x87, 0xf5, 0xfc, 0x87, 0xff,
    0x29, 0xf8, 0x3f, 0x7f, 0x7, 0xdf, 0xa0, 0xfa,
    0xfe, 0x83, 0xff, 0x93, 0x7f, 0x7, 0xdf, 0xc1,
    0xe7, 0xf8, 0x3e, 0xff, 0x7, 0xff, 0x2a, 0xff,
    0x7, 0xbf, 0x83, 0xdf, 0xc8, 0x7d, 0xfe, 0xf,
    0xfe, 0x5b, 0xfd, 0x7, 0x7f, 0x7, 0x3f, 0xc1,
    0xf3, 0xfc, 0x87, 0xff, 0x32, 0xfe, 0x43, 0x7f,
    0x7, 0x5f, 0x90, 0xfa, 0xfe, 0xf, 0xfe, 0x75,
    0xfc, 0x1b, 0xf8, 0x3b, 0xf8, 0x3f, 0x5f, 0xc1,
    0xff, 0xcf, 0xfe, 0x82, 0xfe, 0xd, 0x7e, 0x43,
    0xf7, 0xf4, 0x1f, 0xfc, 0xf7, 0xe4, 0x37, 0xf0,
    0x4f, 0xf0, 0x7f, 0x7f, 0x7, 0xff, 0x46, 0x81,
    0xef, 0xe0, 0xcd, 0xe4, 0x3f, 0x3f, 0xc1, 0xff,
    0xd9, 0xfe, 0xf, 0xa0, 0xfe, 0xfe, 0x83, 0xff,
    0x94, 0xd7, 0x97, 0xf7, 0xf2, 0xfe, 0xae, 0x42,
    0xfe, 0x43, 0xff, 0x94, 0xff, 0xff, 0x52, 0x3,
    0xfc, 0x1f, 0xfc, 0xb7, 0xff, 0xfa, 0x90, 0x2f,
    0xff, 0xe6, 0x41, 0x3f, 0xff, 0xd4, 0x81, 0xff,
    0xfc, 0xd8, 0x27, 0xff, 0xfa, 0x90, 0x3f, 0xff,
    0x9b, 0x6, 0x50, 0x7e, 0xff, 0xe0, 0xff, 0xe0,
    0x20, 0xbf, 0xff, 0x9b, 0x7, 0xff, 0x7, 0xff,
    0xc1, 0xff, 0xc3, 0xff, 0x2f, 0xfa, 0xfe, 0x6a,
    0x43, 0xff, 0x81, 0x7f, 0xf8, 0x25, 0x7, 0xfb,
    0xf9, 0xf, 0xf3, 0xfc, 0x1f, 0xfc, 0x4b, 0xfa,
    0xfe, 0x3, 0xe4, 0x3f, 0x5f, 0xc1, 0xff, 0x3f,
    0xc1, 0xff, 0xc3, 0xbf, 0xa3, 0xf8, 0x7f, 0x21,
    0xf7, 0xf8, 0x3f, 0xe7, 0xf4, 0x1f, 0xfc, 0x2f,
    0xf8, 0x1f, 0xc7, 0xf9, 0xe, 0x7f, 0xc1, 0xff,
    0x3f, 0xa0, 0xff, 0xe0, 0xff, 0xc1, 0x7f, 0x3,
    0xfc, 0x86, 0xff, 0x83, 0xfe, 0xbf, 0x41, 0xff,
    0x5f, 0xf0, 0x6f, 0xe0, 0xbf, 0xc8, 0x5f, 0xf2,
    0x1f, 0xeb, 0xf2, 0x1f, 0xef, 0xfa, 0xe, 0xfe,
    0xd, 0xfe, 0x5, 0xff, 0x21, 0xfe, 0xbf, 0x21,
    0xfa, 0xff, 0xa0, 0xf7, 0xf0, 0x67, 0xfa, 0x3f,
    0xf4, 0x1f, 0xef, 0xe0, 0xf9, 0xff, 0xc8, 0x7d,
    0xfc, 0x1d, 0x7d, 0x17, 0xff, 0x7, 0xfb, 0xf8,
    0x3f, 0xbf, 0xc1, 0xfd, 0xfc, 0x1e, 0xb8, 0x1f,
    0xfe, 0xf, 0xf7, 0xf0, 0x7f, 0xbe, 0x83, 0xfd,
    0x5c, 0x1f, 0x20, 0xbf, 0xfc, 0x1f, 0xef, 0xe0,
    0xff, 0xb4, 0x3f, 0x7a, 0x43, 0xff, 0x85, 0xfe,
    0x7f, 0x21, 0xf9, 0xfd, 0x7, 0xff, 0x27, 0xfa,
    0xf, 0xfa, 0xfe, 0x4f, 0xd0, 0x7e, 0xbf, 0x41,
    0xff, 0xc9, 0xff, 0x7, 0xfd, 0xfe, 0x7, 0xf0,
    0x7e, 0xbf, 0x21, 0xff, 0xc8, 0xbf, 0x83, 0xff,
    0x83, 0x7c, 0x82, 0xfc, 0x1f, 0xbf, 0x83, 0xff,
    0x93, 0xfd, 0x7, 0xff, 0xd, 0x82, 0x7f, 0x41,
    0xf7, 0xf0, 0x7f, 0xbf, 0xfa, 0xff, 0xab, 0xff,
    0x84, 0x87, 0xbf, 0x83, 0xcf, 0xf0, 0x7f, 0xbf,
    0xff, 0xa6, 0x1f, 0x7f, 0x7, 0xaf, 0xd0, 0x7f,
    0xbf, 0xff, 0xa6, 0x1f, 0x5f, 0x90, 0xef, 0xe4,
    0x3f, 0xdf, 0xff, 0xd2, 0x83, 0xe7, 0xf8, 0x3b,
    0xf8, 0x3f, 0xef, 0xff, 0xe9, 0x21, 0xfb, 0xf9,
    0x9, 0xfe, 0xf, 0xfe, 0x3b, 0xfc, 0x1f, 0xe7,
    0xf8, 0x3f, 0xaf, 0xd0, 0x5f, 0xd0, 0x7f, 0xf1,
    0xff, 0xa0, 0xff, 0x7f, 0x41, 0xfe, 0xfe, 0xb,
    0xf8, 0x3f, 0xf8, 0xef, 0xf0, 0x7f, 0x9f, 0xe0,
    0xff, 0xaf, 0xd1, 0x7f, 0x7, 0xff, 0x1f, 0xf9,
    0xf, 0xf7, 0xf4, 0x1f, 0xf3, 0xfc, 0xff, 0x21,
    0xff, 0xc6, 0x7f, 0x83, 0xfc, 0xff, 0x7, 0xff,
    0x7, 0xff, 0xe0, 0xff, 0xe3, 0xff, 0x41, 0xfe,
    0xfe, 0x83, 0xff, 0x82, 0xff, 0xf4, 0x1f, 0xfc,
    0x67, 0xff, 0x48, 0x73, 0xfc, 0x1f, 0xfc, 0x3f,
    0xfe, 0xf, 0xfe, 0x3f, 0xff, 0xf0, 0x64, 0xfe,
    0x83, 0xff, 0x86, 0xff, 0xd0, 0x7f, 0xf1, 0xdb,
    0xff, 0xf8, 0xe1, 0xff, 0xc5, 0xff, 0x90, 0xff,
    0xe5, 0x37, 0xff, 0xf1, 0x10, 0xff, 0xe2, 0x7f,
    0xc1, 0xff, 0xcf, 0x6f, 0xff, 0xe1, 0x41, 0xff,
    0xc1, 0xbf, 0xf0, 0x7f, 0xf4, 0x9f, 0xff, 0xe0,
    0xc1, 0xfe, 0xbf, 0xfc, 0x1f, 0xfd, 0x17, 0xff,
    0xf8, 0x68, 0x7d, 0xff, 0xfc, 0x10, 0xff, 0xe7,
    0xdf, 0xe6, 0xff, 0xc1, 0xf7, 0xfd, 0x7f, 0xc1,
    0xff, 0xcd, 0xff, 0x90, 0x9f, 0xe4, 0x39, 0xff,
    0x92, 0xff, 0x83, 0xff, 0x95, 0x7f, 0xc1, 0xfa,
    0xf0, 0x77, 0xfe, 0xd, 0x7f, 0xc8, 0x7f, 0xf1,
    0xaf, 0xfc, 0x1f, 0xe4, 0x35, 0xff, 0x83, 0xdf,
    0xfa, 0xf, 0xfe, 0x13, 0x7f, 0xe4, 0x3f, 0xf8,
    0x4f, 0xfe, 0x83, 0xf7, 0xff, 0x21, 0xfc, 0xdf,
    0xfd, 0x7, 0xff, 0x9, 0xff, 0xe8, 0x3f, 0xdf,
    0xfe, 0x43, 0x3f, 0xff, 0xc0, 0x43, 0xff, 0x82,
    0xff, 0xf9, 0xf, 0xfe, 0x7, 0xff, 0x90, 0x5f,
    0xff, 0x21, 0xff, 0xc2, 0x7f, 0xfa, 0xf, 0xfe,
    0x1d, 0xff, 0x7, 0x5f, 0xf9, 0xf, 0xfe, 0x2b,
    0xfe, 0x83, 0xff, 0x8c, 0xff, 0x7, 0xdf, 0xd0,
    0x7f, 0xf2, 0x5f, 0xc8, 0x7f, 0xf2, 0x7e, 0x43,
    0xf7, 0x21, 0xff, 0xcc, 0x74, 0x3f, 0xf9, 0x8c,
    0x1f, 0xff, 0x90,

    /* U+6587 "文" */
    0xf, 0xff, 0xf8, 0x7f, 0xf1, 0xe4, 0x3f, 0xfe,
    0x4f, 0xc1, 0xff, 0xf0, 0x7f, 0xa0, 0xff, 0xf8,
    0x7f, 0x90, 0xff, 0xf7, 0xdf, 0xe0, 0xff, 0xf8,
    0x7f, 0xa0, 0xff, 0xf7, 0xbf, 0xe0, 0xff, 0xf8,
    0x7f, 0xc1, 0xff, 0xf0, 0xff, 0x21, 0xff, 0xef,
    0xbf, 0xc1, 0xff, 0xf0, 0xff, 0x41, 0xff, 0xef,
    0x7f, 0xc1, 0xff, 0xf0, 0xfd, 0x7, 0xff, 0xc5,
    0xf0, 0x7f, 0xfd, 0x20, 0xff, 0xeb, 0xff, 0xff,
    0xd0, 0x1f, 0xff, 0xf4, 0x7, 0xff, 0xfd, 0x1,
    0xff, 0xff, 0x40, 0x7f, 0xff, 0xd0, 0x14, 0x58,
    0x3f, 0x7f, 0x97, 0xff, 0x97, 0xfe, 0x5f, 0xf5,
    0x78, 0x3f, 0xf8, 0x7f, 0xe0, 0xff, 0xe5, 0xff,
    0x83, 0xff, 0xa7, 0x7f, 0x7, 0xff, 0x29, 0xfe,
    0x83, 0xff, 0xa6, 0xff, 0x21, 0xff, 0xc9, 0x7f,
    0x90, 0xff, 0xea, 0x7f, 0x41, 0xff, 0xc9, 0xbf,
    0x83, 0xff, 0xab, 0x7f, 0x7, 0xff, 0x27, 0xfc,
    0x1f, 0xfd, 0x57, 0xf8, 0x3f, 0xf9, 0x3f, 0xd0,
    0x7f, 0xf5, 0xbf, 0x90, 0xff, 0xe3, 0xdf, 0xc8,
    0x7f, 0xf5, 0xbf, 0xa0, 0xff, 0xe3, 0xff, 0x83,
    0xff, 0xae, 0xff, 0x7, 0xff, 0x1f, 0xfc, 0x1f,
    0xfd, 0x8f, 0xe4, 0x3f, 0xf8, 0xb7, 0xf2, 0x1f,
    0xfd, 0x8b, 0xf4, 0x1f, 0xfc, 0x5f, 0xf0, 0x7f,
    0xf6, 0x5f, 0xe0, 0xff, 0xe2, 0x3f, 0xd0, 0x7f,
    0xf6, 0xbf, 0xa0, 0xff, 0xe1, 0xdf, 0xc8, 0x7f,
    0xf6, 0xaf, 0xe0, 0xff, 0xe1, 0xff, 0x83, 0xff,
    0xb9, 0xfd, 0x7, 0xff, 0x6, 0xfe, 0x43, 0xff,
    0xb9, 0x7f, 0x7, 0xff, 0x7, 0xfc, 0x1f, 0xfd,
    0xef, 0xe8, 0x3f, 0xef, 0xf2, 0x1f, 0xfd, 0xeb,
    0xf9, 0xf, 0xe7, 0xfc, 0x1f, 0xfe, 0xf, 0xf0,
    0x7f, 0x7f, 0x90, 0xff, 0xf0, 0x5f, 0xd0, 0x7d,
    0x7f, 0x83, 0xff, 0xc5, 0xfe, 0x43, 0xdf, 0xe4,
    0x3f, 0xfc, 0x4f, 0xf9, 0xd, 0xfe, 0x83, 0xff,
    0xc9, 0x7f, 0x82, 0xbf, 0xc1, 0xff, 0xe6, 0xff,
    0x87, 0xfc, 0x87, 0xff, 0x9f, 0xff, 0xf8, 0x30,
    0x7f, 0xfa, 0x1f, 0xff, 0xe0, 0x7, 0xff, 0xa9,
    0xff, 0xf0, 0x7f, 0xfb, 0x2f, 0xfc, 0x87, 0xff,
    0xb2, 0xff, 0xe0, 0xff, 0xf5, 0xdf, 0xff, 0x21,
    0xff, 0xe8, 0xff, 0xfe, 0x14, 0x1f, 0xfe, 0x5b,
    0xff, 0x5f, 0xf9, 0xf, 0xff, 0x17, 0xfe, 0x80,
    0xff, 0xf2, 0x1f, 0xfd, 0xeb, 0xff, 0x41, 0xdf,
    0xfe, 0x43, 0xff, 0xb5, 0x7f, 0xf2, 0x1f, 0x5f,
    0xfe, 0x43, 0xff, 0xaa, 0xdf, 0xfd, 0x7, 0xf9,
    0xff, 0xfa, 0x43, 0xff, 0xa1, 0x7f, 0xfc, 0x87,
    0xff, 0x6, 0xff, 0xfe, 0x4, 0x87, 0xff, 0x2a,
    0xff, 0xfe, 0x4, 0x1f, 0xfc, 0x5b, 0xff, 0xf8,
    0x52, 0x1f, 0xfc, 0x26, 0xff, 0xfe, 0xc, 0x1f,
    0xfc, 0x9f, 0xff, 0xe2, 0xca, 0xe, 0x6f, 0xff,
    0xe1, 0xc1, 0xff, 0xcc, 0x6f, 0xff, 0xe3, 0x82,
    0xff, 0xfe, 0x1c, 0x1f, 0xfd, 0x1b, 0xff, 0xf8,
    0x81, 0xaf, 0xff, 0xe0, 0x41, 0xff, 0xd5, 0x6f,
    0xff, 0xe0, 0x7, 0xbf, 0xfc, 0x87, 0xff, 0x69,
    0xff, 0xe4, 0x3c, 0xff, 0xa4, 0x3f, 0xfb, 0xef,
    0xf4, 0x1f, 0xbe, 0x90, 0xff, 0xf2, 0xb6, 0x1f,
    0xff, 0xb0,

    /* U+65D7 "旗" */
    0xf, 0xff, 0xf8, 0x7c, 0x87, 0xff, 0x1d, 0xe4,
    0x3f, 0xfb, 0xb7, 0x83, 0xff, 0x8f, 0x7e, 0x90,
    0xff, 0xec, 0x3f, 0xa0, 0xff, 0xe3, 0x7f, 0x83,
    0xff, 0xb3, 0x7f, 0x21, 0xff, 0xc4, 0x7f, 0x90,
    0xff, 0xed, 0x7f, 0x83, 0xff, 0x89, 0xfd, 0x7,
    0xff, 0x6d, 0xfe, 0x83, 0xff, 0x84, 0xff, 0x7,
    0xff, 0x29, 0x60, 0xff, 0xe2, 0x7f, 0x83, 0xff,
    0x85, 0xff, 0xfd, 0x34, 0x3f, 0xf8, 0x6f, 0xf4,
    0x1f, 0xfc, 0x7, 0xff, 0xfa, 0x68, 0x7f, 0xf1,
    0x3f, 0xc1, 0xff, 0xc0, 0xff, 0xfe, 0xa2, 0x1f,
    0xfc, 0x47, 0xf2, 0x1f, 0xf5, 0xff, 0xfd, 0x44,
    0x3f, 0xf8, 0xbe, 0x43, 0xff, 0x83, 0xfc, 0x87,
    0xff, 0x85, 0xf, 0xfe, 0x15, 0xfc, 0x1f, 0xff,
    0x7, 0xf9, 0xf, 0xfe, 0xb7, 0x5f, 0xfc, 0x9e,
    0x7, 0xf8, 0x3f, 0xfa, 0xff, 0xff, 0xcb, 0x8f,
    0xf2, 0x2f, 0x7, 0xff, 0x2, 0xb8, 0x3f, 0xf8,
    0x1f, 0xff, 0xcb, 0x9f, 0xe8, 0x1f, 0xc1, 0xff,
    0xc0, 0xfe, 0xf, 0xfe, 0x7, 0xff, 0xf2, 0xe1,
    0xfc, 0x17, 0xf0, 0x7f, 0xf0, 0x3f, 0x83, 0xff,
    0x81, 0x52, 0xef, 0xea, 0xfb, 0xf4, 0x13, 0xa1,
    0x7f, 0x7, 0xff, 0x3, 0xf8, 0x3f, 0xf8, 0xff,
    0xa0, 0xff, 0xe4, 0xff, 0x7, 0xff, 0x3, 0xf8,
    0x3f, 0xf8, 0xff, 0xa0, 0xff, 0xe2, 0x28, 0x2f,
    0xe0, 0xff, 0xe0, 0x7f, 0x6, 0x50, 0x7f, 0xf0,
    0x7f, 0x41, 0xff, 0xc4, 0xff, 0xfe, 0xaa, 0x1f,
    0xfc, 0xf, 0xd0, 0x7f, 0xf1, 0x3f, 0xff, 0xaa,
    0x87, 0xff, 0x3, 0xf4, 0x1f, 0xfc, 0x4f, 0xff,
    0xea, 0xa1, 0xff, 0xc0, 0xfd, 0x7, 0xff, 0x13,
    0xff, 0xfa, 0xa8, 0x7f, 0xf0, 0x3f, 0x41, 0xff,
    0xc9, 0xfe, 0xf, 0xfe, 0x7, 0xf0, 0x7f, 0xf1,
    0xff, 0x41, 0xff, 0xc9, 0xfe, 0xf, 0xfe, 0x7,
    0xf0, 0x7f, 0xf1, 0xff, 0x41, 0xff, 0xc9, 0xfe,
    0xf, 0xfe, 0x7, 0xf0, 0x7f, 0xf1, 0xff, 0x41,
    0xff, 0xc9, 0xfe, 0xf, 0xfe, 0x7, 0xf0, 0x7f,
    0xf1, 0xff, 0xff, 0x87, 0x7, 0xfb, 0xf8, 0x3f,
    0xf8, 0x1f, 0xc1, 0xff, 0xc7, 0xff, 0xfe, 0x20,
    0x7f, 0xbf, 0xff, 0x94, 0x1f, 0xfc, 0x7f, 0xff,
    0xe1, 0xc1, 0xfe, 0xff, 0xfe, 0x50, 0x7f, 0xf1,
    0xff, 0xff, 0x87, 0x7, 0xfb, 0xff, 0xf9, 0x41,
    0xff, 0xc7, 0xfd, 0x7, 0xbf, 0x41, 0xfe, 0xff,
    0xfe, 0x50, 0x7f, 0xf1, 0x9f, 0xc8, 0x7b, 0xf4,
    0x1f, 0xef, 0xe0, 0xff, 0xe0, 0x7f, 0x7, 0xff,
    0x19, 0xfc, 0x87, 0xbf, 0x41, 0xfe, 0xfe, 0xf,
    0xfe, 0x7, 0xf0, 0x7f, 0xf1, 0x9f, 0xc8, 0x7b,
    0xf4, 0x1f, 0xef, 0xe0, 0xff, 0xe0, 0x7f, 0x7,
    0xff, 0x19, 0xfc, 0x87, 0xbf, 0x41, 0xfe, 0xfe,
    0xf, 0xfe, 0x7, 0xf0, 0x7f, 0xf1, 0xaf, 0xc8,
    0x7b, 0xf4, 0x1f, 0xef, 0xe0, 0xff, 0xe0, 0x7f,
    0x7, 0xff, 0x1a, 0xfc, 0x1f, 0x7e, 0x43, 0xfd,
    0xff, 0xfc, 0xa0, 0xff, 0xe3, 0x7f, 0x7, 0xdf,
    0x90, 0xff, 0x7f, 0xff, 0x28, 0x3f, 0xf8, 0xdf,
    0xc1, 0xf7, 0xe4, 0x3f, 0xdf, 0xff, 0xca, 0xf,
    0xfe, 0x37, 0xf0, 0x7d, 0xf9, 0xf, 0xf7, 0xff,
    0xf2, 0x83, 0xff, 0x8a, 0xfe, 0x83, 0xef, 0xc8,
    0x7f, 0xbf, 0x83, 0xff, 0x81, 0xfc, 0x1f, 0xfc,
    0x5b, 0xf2, 0x1f, 0x7e, 0x43, 0xfd, 0xfc, 0x1f,
    0xfc, 0xf, 0xe0, 0xff, 0xe2, 0xff, 0x21, 0xf7,
    0xe4, 0x3f, 0xdf, 0xc1, 0xff, 0xc0, 0xfe, 0xf,
    0xfe, 0x2f, 0xf0, 0x7e, 0xfc, 0x87, 0xfb, 0xf8,
    0x3f, 0xf8, 0x1f, 0xc1, 0xff, 0xc4, 0x7f, 0x83,
    0xf7, 0xe4, 0x3f, 0xdf, 0xc1, 0xff, 0xc0, 0xfe,
    0xf, 0xfe, 0x25, 0xfa, 0xf, 0x9f, 0xc8, 0x4d,
    0x65, 0x7f, 0x2f, 0xff, 0x3, 0xf9, 0x6a, 0xe0,
    0xfd, 0xfc, 0x87, 0xcf, 0xe4, 0x2b, 0xff, 0xfb,
    0x1, 0xf3, 0xfc, 0x1f, 0x9f, 0xc8, 0x57, 0xff,
    0xf6, 0x3, 0xeb, 0xf8, 0x3f, 0x3f, 0x90, 0xaf,
    0xff, 0xec, 0x7, 0xdf, 0xc8, 0x7e, 0x7f, 0x21,
    0x5f, 0xff, 0xd8, 0xf, 0x3f, 0xc1, 0xfc, 0xfe,
    0x43, 0xff, 0xc5, 0xfd, 0x7, 0xf5, 0xf8, 0x3f,
    0xfa, 0x34, 0xf, 0xfe, 0x1b, 0xfc, 0x87, 0xf7,
    0xf0, 0x7f, 0xf0, 0xbc, 0x1f, 0xfc, 0x7, 0xe0,
    0xff, 0xe1, 0x7f, 0x83, 0xfa, 0xfe, 0xf, 0xfe,
    0xf, 0xe4, 0x3f, 0x9f, 0xe8, 0x3f, 0xe7, 0xf9,
    0xc, 0xaa, 0x7f, 0xc1, 0xff, 0xc0, 0xff, 0x41,
    0xf3, 0xff, 0x83, 0xfd, 0xfe, 0xe, 0x7f, 0xfc,
    0x1f, 0xf7, 0xfd, 0x7, 0xeb, 0xff, 0x21, 0xf5,
    0xfd, 0x7, 0xaf, 0xfd, 0x7, 0xf3, 0xff, 0x7,
    0xfc, 0xff, 0xe8, 0x39, 0xff, 0x7, 0xef, 0xfc,
    0x1f, 0xcf, 0xfa, 0xf, 0xfe, 0x17, 0xfe, 0x83,
    0x7f, 0x90, 0xfd, 0x7f, 0x41, 0xfd, 0x7f, 0xa0,
    0xff, 0xe2, 0x5f, 0xf8, 0xf, 0xf8, 0x3f, 0x9f,
    0x90, 0xfe, 0x7f, 0xe4, 0x3f, 0xf8, 0xcf, 0xfe,
    0x9, 0xf9, 0xf, 0xf2, 0x1f, 0xf5, 0xff, 0x21,
    0xff, 0xc9, 0xff, 0x90, 0xdc, 0x1f, 0xfc, 0xbb,
    0xfc, 0x1f, 0xfc, 0xcf, 0xe4, 0x3f, 0xfa, 0x6f,
    0xe0, 0xff, 0xe7, 0x5e, 0x43, 0xff, 0xaa, 0xf0,
    0x7f, 0xf4, 0x24, 0x3f, 0xff, 0x40,

    /* U+65E5 "日" */
    0xf, 0xff, 0x1f, 0xff, 0xf8, 0x9f, 0xff, 0xf1,
    0x3f, 0xff, 0xe2, 0x7f, 0xff, 0xc4, 0xff, 0xff,
    0x89, 0xff, 0x21, 0xff, 0xd5, 0xff, 0x3f, 0xe4,
    0x3f, 0xfa, 0xbf, 0xe7, 0xfc, 0x87, 0xff, 0x57,
    0xfc, 0xff, 0x90, 0xff, 0xea, 0xff, 0x9f, 0xf2,
    0x1f, 0xfd, 0x5f, 0xf3, 0xfe, 0x43, 0xff, 0xab,
    0xfe, 0x7f, 0xc8, 0x7f, 0xf5, 0x7f, 0xcf, 0xf9,
    0xf, 0xfe, 0xaf, 0xf9, 0xff, 0x21, 0xff, 0xd5,
    0xff, 0x37, 0xf2, 0x1f, 0xfd, 0x5f, 0xf3, 0x7f,
    0x21, 0xff, 0xd5, 0xff, 0x17, 0xf2, 0x1f, 0xfd,
    0x5f, 0xf1, 0x7f, 0x21, 0xff, 0xd5, 0xff, 0x17,
    0xf2, 0x1f, 0xfd, 0x5f, 0xf1, 0x7f, 0x21, 0xff,
    0xd5, 0xff, 0x17, 0xf2, 0x1f, 0xfd, 0x5f, 0xf1,
    0x7f, 0x21, 0xff, 0xd5, 0xff, 0x17, 0xf2, 0x1f,
    0xfd, 0x5f, 0xf1, 0x7f, 0x21, 0xff, 0xd5, 0xff,
    0x17, 0xfa, 0xbf, 0xfa, 0xbf, 0xe2, 0xff, 0xff,
    0x9, 0x7f, 0xff, 0x84, 0xbf, 0xff, 0xc2, 0x5f,
    0xff, 0xe1, 0x2f, 0xe4, 0x3f, 0xfa, 0xbf, 0xe2,
    0xfe, 0x43, 0xff, 0xab, 0xfe, 0x2f, 0xe4, 0x3f,
    0xfa, 0xbf, 0xe2, 0xfe, 0x43, 0xff, 0xab, 0xfe,
    0x2f, 0xe4, 0x3f, 0xfa, 0xbf, 0xe2, 0xfe, 0x43,
    0xff, 0xab, 0xfe, 0x2f, 0xe4, 0x3f, 0xfa, 0xbf,
    0xe2, 0xfe, 0x43, 0xff, 0xab, 0xfe, 0x2f, 0xe4,
    0x3f, 0xfa, 0xbf, 0xe2, 0xfe, 0x43, 0xff, 0xab,
    0xfe, 0x2f, 0xe4, 0x3f, 0xfa, 0xbf, 0xe2, 0xfe,
    0x43, 0xff, 0xab, 0xfe, 0x2f, 0xe4, 0x3f, 0xfa,
    0xbf, 0xe2, 0xfe, 0x43, 0xff, 0xab, 0xfe, 0x2f,
    0xe4, 0x3f, 0xfa, 0xbf, 0xe2, 0xfe, 0x43, 0xff,
    0xab, 0xfe, 0x2f, 0xe4, 0x3f, 0xfa, 0xbf, 0xe6,
    0xfe, 0x43, 0xff, 0xab, 0xfe, 0x6f, 0xe4, 0x3f,
    0xfa, 0xbf, 0xe6, 0xfe, 0x43, 0xff, 0xab, 0xfe,
    0x6f, 0xff, 0xf0, 0xbf, 0xff, 0xe2, 0x7f, 0xff,
    0xc4, 0xff, 0xff, 0x89, 0xff, 0xff, 0x13, 0xfe,
    0x43, 0xff, 0xab, 0xfe, 0x7f, 0xc8, 0x7f, 0xf5,
    0x7f, 0xcf, 0xf9, 0xf, 0xfe, 0xaf, 0xf9, 0xff,
    0x21, 0xff, 0xd5, 0xff, 0x3f, 0xe4, 0x3f, 0xfa,
    0xbf, 0xe7, 0xfc, 0x87, 0xff, 0x57, 0xfc, 0xff,
    0x90, 0xff, 0xea, 0xff, 0x9f, 0xf2, 0x1f, 0xfd,
    0xc5, 0xf0, 0x7f, 0xf7, 0x40,

    /* U+65E9 "早" */
    0xf, 0xe5, 0xff, 0xf1, 0x7, 0xff, 0x1b, 0xff,
    0xfc, 0x41, 0xff, 0xc6, 0xff, 0xff, 0x10, 0x7f,
    0xf1, 0xaf, 0xff, 0xf0, 0x41, 0xff, 0xc6, 0xbf,
    0xff, 0xc1, 0x7, 0xff, 0x1a, 0xff, 0xff, 0x4,
    0x1f, 0xfc, 0x6b, 0xf8, 0x3f, 0xfa, 0xdf, 0xd0,
    0x7f, 0xf1, 0xaf, 0xe0, 0xff, 0xeb, 0x7f, 0x41,
    0xff, 0xc6, 0xbf, 0x83, 0xff, 0xad, 0xfd, 0x7,
    0xff, 0x1a, 0xfe, 0xf, 0xfe, 0xb7, 0xf4, 0x1f,
    0xfc, 0x6b, 0xf8, 0x3f, 0xfa, 0xdf, 0xd0, 0x7f,
    0xf1, 0xaf, 0xe0, 0xff, 0xeb, 0x7f, 0x41, 0xff,
    0xc6, 0xbf, 0x83, 0xff, 0xad, 0xfd, 0x7, 0xff,
    0x1a, 0xff, 0xff, 0x4, 0x1f, 0xfc, 0x6b, 0xff,
    0xfc, 0x10, 0x7f, 0xf1, 0xaf, 0xff, 0xf0, 0x41,
    0xff, 0xc6, 0xbf, 0xff, 0xc1, 0x7, 0xff, 0x1a,
    0xff, 0xff, 0x4, 0x1f, 0xfc, 0x6b, 0xf8, 0x3f,
    0xfa, 0xdf, 0xd0, 0x7f, 0xf1, 0xaf, 0xe0, 0xff,
    0xeb, 0x7f, 0x41, 0xff, 0xc6, 0xbf, 0x83, 0xff,
    0xad, 0xfd, 0x7, 0xff, 0x1a, 0xfe, 0xf, 0xfe,
    0xb7, 0xf4, 0x1f, 0xfc, 0x6b, 0xf8, 0x3f, 0xfa,
    0xdf, 0xd0, 0x7f, 0xf1, 0xaf, 0xe0, 0xff, 0xeb,
    0x7f, 0x41, 0xff, 0xc6, 0xbf, 0x83, 0xff, 0xad,
    0xfd, 0x7, 0xff, 0x1a, 0xfe, 0xf, 0xfe, 0xb7,
    0xf4, 0x1f, 0xfc, 0x6b, 0xff, 0xfc, 0x10, 0x7f,
    0xf1, 0xaf, 0xff, 0xf0, 0x41, 0xff, 0xc6, 0xbf,
    0xff, 0xc1, 0x7, 0xff, 0x1b, 0xff, 0xfc, 0x41,
    0xff, 0xc6, 0xff, 0xff, 0x10, 0x7f, 0xf6, 0xbf,
    0xc1, 0xff, 0xee, 0xff, 0x7, 0xff, 0xbb, 0xfc,
    0x1f, 0xfe, 0xef, 0xf0, 0x7f, 0xfb, 0xbf, 0xc1,
    0xff, 0xee, 0xff, 0x7, 0xff, 0xbb, 0xfc, 0x1f,
    0xfe, 0xef, 0xf0, 0x7f, 0xfb, 0xbf, 0xc1, 0xff,
    0xd1, 0xff, 0xff, 0x9d, 0xff, 0xff, 0x3b, 0xff,
    0xfe, 0x77, 0xff, 0xfc, 0xef, 0xff, 0xf9, 0xdf,
    0xff, 0xf3, 0x83, 0xff, 0xa3, 0xfe, 0xf, 0xff,
    0x77, 0xf8, 0x3f, 0xfd, 0xdf, 0xe0, 0xff, 0xf7,
    0x7f, 0x83, 0xff, 0xdd, 0xfe, 0xf, 0xff, 0x77,
    0xf8, 0x3f, 0xfd, 0xdf, 0xe0, 0xff, 0xf7, 0x7f,
    0x83, 0xff, 0xdd, 0xfe, 0xf, 0xff, 0x77, 0xf8,
    0x3f, 0xfd, 0xdf, 0xe0, 0xff, 0xf7, 0x7f, 0x83,
    0xff, 0xdd, 0xfe, 0xf, 0xff, 0x77, 0xf8, 0x3f,
    0xfd, 0xdf, 0xe0, 0xff, 0xf7, 0x7f, 0x83, 0xff,
    0xdd, 0xfe, 0x43, 0xff, 0xdb, 0xfe, 0x43, 0xff,
    0xda, 0xbe, 0xf, 0xfe, 0x88,

    /* U+660E "明" */
    0xf, 0xfe, 0x93, 0xff, 0xfd, 0x0, 0xff, 0xe9,
    0x3f, 0xff, 0xd0, 0xaf, 0xfe, 0x58, 0x7c, 0xff,
    0xff, 0x3e, 0xff, 0xfe, 0x58, 0x7c, 0xff, 0xff,
    0x3e, 0xff, 0xfe, 0x58, 0x7c, 0xff, 0xff, 0x3e,
    0xff, 0xfe, 0x58, 0x7c, 0xff, 0x21, 0xff, 0xc4,
    0xfe, 0xbf, 0xff, 0x96, 0x1f, 0x3f, 0xc8, 0x7f,
    0xf1, 0x3f, 0xa9, 0xfa, 0xf, 0xf9, 0xfe, 0xf,
    0x9f, 0xe4, 0x3f, 0xf8, 0x9f, 0xd4, 0xfd, 0x7,
    0xfc, 0xff, 0x7, 0xcf, 0xf2, 0x1f, 0xfc, 0x4f,
    0xea, 0x7e, 0x83, 0xfe, 0x7f, 0x83, 0xf7, 0xf2,
    0x1f, 0xfc, 0x4f, 0xea, 0x7e, 0x83, 0xfe, 0x7f,
    0x83, 0xf7, 0xf2, 0x1f, 0xfc, 0x4f, 0xea, 0x7e,
    0x83, 0xfe, 0x7f, 0x83, 0xf7, 0xf2, 0x1f, 0xfc,
    0x4f, 0xea, 0x7e, 0x83, 0xfe, 0x7f, 0x83, 0xf7,
    0xf2, 0x1f, 0xfc, 0x4f, 0xea, 0x7e, 0x83, 0xfe,
    0x7f, 0x83, 0xf7, 0xf2, 0x1f, 0xfc, 0x4f, 0xea,
    0x7e, 0x83, 0xfe, 0x7f, 0x83, 0xf7, 0xf2, 0x1f,
    0xfc, 0x4f, 0xea, 0x7e, 0x83, 0xfe, 0x7f, 0x83,
    0xf7, 0xf2, 0x1f, 0xfc, 0x4f, 0xea, 0x7e, 0x83,
    0xfe, 0x7f, 0x83, 0xf7, 0xf5, 0x7f, 0xf1, 0x7f,
    0xa9, 0xfa, 0xf, 0xf9, 0xfe, 0xf, 0xdf, 0xff,
    0xcf, 0xa7, 0xe8, 0x3f, 0xe7, 0xf8, 0x3f, 0x7f,
    0xff, 0x3e, 0x9f, 0xcb, 0xff, 0x5f, 0xc1, 0xfb,
    0xff, 0xf9, 0xf4, 0xff, 0xfe, 0x50, 0x7e, 0xff,
    0xfe, 0x7d, 0x3f, 0xff, 0x94, 0x1f, 0xbf, 0xa0,
    0xff, 0xe1, 0xbf, 0xd4, 0xff, 0xfe, 0x50, 0x7e,
    0xfe, 0x43, 0xff, 0x89, 0xfd, 0x4f, 0xff, 0xe5,
    0x7, 0xef, 0xe4, 0x3f, 0xf8, 0x9f, 0xd4, 0xfd,
    0x7, 0xfc, 0xff, 0x7, 0xef, 0xe4, 0x3f, 0xf8,
    0x9f, 0xd4, 0xfd, 0x7, 0xfc, 0xff, 0x7, 0xef,
    0xe4, 0x3f, 0xf8, 0x9f, 0xd4, 0xfd, 0x7, 0xfc,
    0xff, 0x7, 0xef, 0xe4, 0x3f, 0xf8, 0x9f, 0xd4,
    0xfd, 0x7, 0xfc, 0xff, 0x7, 0xef, 0xe4, 0x3f,
    0xf8, 0x9f, 0xd4, 0xfd, 0x7, 0xfc, 0xff, 0x7,
    0xef, 0xe4, 0x3f, 0xf8, 0x9f, 0xd4, 0xfd, 0x7,
    0xfc, 0xff, 0x7, 0xef, 0xe4, 0x3f, 0xf8, 0x9f,
    0xd4, 0xfd, 0x7, 0xfc, 0xff, 0x7, 0xef, 0xe4,
    0x3f, 0xf8, 0x9f, 0xd4, 0xfd, 0x7, 0xfc, 0xff,
    0x7, 0xef, 0xe4, 0x3f, 0xf8, 0x9f, 0xd4, 0xfd,
    0x7, 0xfc, 0xff, 0x7, 0xcf, 0xf2, 0x1f, 0xfc,
    0x4f, 0xea, 0x7e, 0x83, 0xfe, 0x7f, 0x83, 0xe7,
    0xff, 0xf9, 0xf4, 0xfd, 0x7, 0xfc, 0xff, 0x7,
    0xcf, 0xff, 0xf3, 0xe9, 0xfa, 0xf, 0xf9, 0xfe,
    0xf, 0x9f, 0xff, 0xe7, 0xd3, 0xf4, 0x1f, 0xf3,
    0xfc, 0x1f, 0x5f, 0xff, 0xcf, 0xa7, 0xe8, 0x3f,
    0xe7, 0xf8, 0x3e, 0xbf, 0xd5, 0xff, 0xc4, 0xfe,
    0xa7, 0xff, 0xf2, 0x83, 0xef, 0xf0, 0x7f, 0xf1,
    0x7f, 0xa9, 0xff, 0xfc, 0xa0, 0xfb, 0xfc, 0x1f,
    0xfc, 0x5f, 0xea, 0x7f, 0xff, 0x28, 0x3e, 0xfe,
    0x83, 0xff, 0x8b, 0xfd, 0x4f, 0xff, 0xe5, 0x7,
    0x9f, 0xe8, 0x3f, 0xf8, 0xbf, 0xd4, 0xff, 0xfe,
    0x50, 0x79, 0xfe, 0x43, 0xff, 0x8b, 0xfd, 0x4f,
    0xd0, 0x7f, 0xcf, 0xf0, 0x7a, 0xfe, 0xf, 0xfe,
    0x37, 0xf5, 0x3f, 0x41, 0xff, 0x3f, 0xc1, 0xef,
    0xf0, 0x7f, 0xf1, 0xbf, 0xa9, 0xfa, 0xf, 0xf9,
    0xfe, 0xf, 0x7f, 0x83, 0xff, 0x8d, 0xfd, 0x4f,
    0xd0, 0x7f, 0xcf, 0xf0, 0x73, 0xfd, 0x7, 0xff,
    0x1b, 0xfa, 0xfe, 0x83, 0xff, 0x80, 0xbc, 0x1d,
    0xfe, 0xf, 0xfe, 0x3f, 0xf5, 0xfd, 0x7, 0xff,
    0x2b, 0xfc, 0x1f, 0xfc, 0x7f, 0xeb, 0xfa, 0xf,
    0xfe, 0x4b, 0xfd, 0x7, 0xff, 0x1f, 0xfa, 0xfe,
    0x83, 0xff, 0x93, 0xfe, 0x43, 0xff, 0x8f, 0xfd,
    0x7, 0xff, 0x39, 0xff, 0x7, 0xff, 0x23, 0xfa,
    0xf, 0xfe, 0x75, 0xfd, 0x7, 0xff, 0x23, 0xfa,
    0xf, 0xfe, 0x77, 0xf8, 0x3f, 0xf9, 0x3f, 0xd0,
    0x7f, 0xf3, 0x6f, 0xf0, 0x7f, 0xf2, 0x1f, 0xe8,
    0x3f, 0xf9, 0x8f, 0xf9, 0xf, 0xfe, 0x33, 0x7f,
    0xa0, 0xff, 0xe6, 0x7f, 0xc1, 0xff, 0xc2, 0xff,
    0xfe, 0xa, 0x1f, 0xfc, 0xbb, 0xfc, 0x87, 0xff,
    0xa, 0xff, 0xfe, 0x0, 0x7f, 0xf2, 0xdf, 0xf8,
    0x3f, 0xf8, 0x9f, 0xff, 0xc0, 0xf, 0xfe, 0x53,
    0xff, 0x21, 0xff, 0xc4, 0xbf, 0xfc, 0x1f, 0xfc,
    0xb7, 0xfe, 0xf, 0xfe, 0x2b, 0xff, 0x90, 0xff,
    0xe7, 0x3f, 0x90, 0xff, 0xe3, 0x7e, 0x90, 0xff,
    0xe9, 0xfa, 0xf, 0xfe, 0x3a, 0x83, 0xff, 0xb1,
    0x7, 0xff, 0x50,

    /* U+661F "星" */
    0xf, 0xe6, 0xbf, 0xfc, 0x81, 0xff, 0xc5, 0xff,
    0xff, 0x28, 0x7f, 0xf1, 0x7f, 0xff, 0xca, 0x1f,
    0xfc, 0x5f, 0xff, 0xf2, 0x87, 0xff, 0x17, 0xff,
    0xfc, 0xa1, 0xff, 0xc5, 0xbf, 0x90, 0xff, 0xec,
    0x7f, 0x83, 0xff, 0x8b, 0x7f, 0x21, 0xff, 0xd8,
    0xff, 0x7, 0xff, 0x16, 0xfe, 0x43, 0xff, 0xb1,
    0xfe, 0xf, 0xfe, 0x2d, 0xfc, 0x87, 0xff, 0x63,
    0xfc, 0x1f, 0xfc, 0x5b, 0xf9, 0xf, 0xfe, 0xc7,
    0xf8, 0x3f, 0xf8, 0xb7, 0xff, 0xf9, 0x3, 0xff,
    0x8b, 0x7f, 0xff, 0x90, 0x3f, 0xf8, 0xb7, 0xff,
    0xf9, 0x3, 0xff, 0x8b, 0x7f, 0xff, 0x90, 0x3f,
    0xf8, 0xb7, 0xf5, 0x7f, 0xf6, 0x7f, 0xc1, 0xff,
    0xc5, 0xbf, 0x90, 0xff, 0xec, 0x7f, 0x83, 0xff,
    0x8b, 0x7f, 0x21, 0xff, 0xd8, 0xff, 0x7, 0xff,
    0x16, 0xfe, 0x43, 0xff, 0xb1, 0xfe, 0xf, 0xfe,
    0x2d, 0xfc, 0x87, 0xff, 0x63, 0xfc, 0x1f, 0xfc,
    0x5b, 0xf9, 0xf, 0xfe, 0xc7, 0xf8, 0x3f, 0xf8,
    0xbf, 0xff, 0xe5, 0xf, 0xfe, 0x2f, 0xff, 0xf9,
    0x43, 0xff, 0x8b, 0xff, 0xfe, 0x50, 0xff, 0xe2,
    0xff, 0xff, 0x94, 0x3f, 0xf8, 0xad, 0x7f, 0xf9,
    0x3, 0xff, 0xfe, 0x1f, 0xff, 0xf0, 0x90, 0xff,
    0xe2, 0xd7, 0x83, 0xff, 0xbb, 0x79, 0xf, 0xfe,
    0x1f, 0xf9, 0xf, 0xfe, 0xe7, 0xf2, 0x1f, 0xfc,
    0x1f, 0xf0, 0x7f, 0xf7, 0x2f, 0xf9, 0xf, 0xfb,
    0xfc, 0x1f, 0xfd, 0xcf, 0xf9, 0xf, 0xfe, 0x7,
    0xf8, 0x3f, 0xfb, 0x77, 0xf9, 0xf, 0xfe, 0xf,
    0xf8, 0x3f, 0xfb, 0x4f, 0xf9, 0xf, 0xfe, 0x17,
    0xf8, 0x3f, 0xfb, 0x5f, 0xff, 0xe7, 0x43, 0xff,
    0x83, 0x7f, 0xff, 0x9d, 0xf, 0xfe, 0x3, 0xff,
    0xfe, 0x84, 0x3f, 0xf8, 0x1f, 0xff, 0xe9, 0x43,
    0xfe, 0xff, 0xff, 0x52, 0x1f, 0xeb, 0xfc, 0x87,
    0xff, 0x1b, 0xfc, 0x1f, 0xfd, 0x5b, 0xfd, 0x7,
    0xff, 0x1f, 0xfc, 0x1f, 0xfd, 0x47, 0xfe, 0xf,
    0xfe, 0x47, 0xf8, 0x3f, 0xfa, 0x6f, 0xfc, 0x1f,
    0xfc, 0x9f, 0xf0, 0x7f, 0xf4, 0x9f, 0xf9, 0xf,
    0xfe, 0x4f, 0xf8, 0x3f, 0xfa, 0x2f, 0xfd, 0x7,
    0xff, 0x2b, 0xfc, 0x1f, 0xfd, 0x2b, 0xfc, 0x1c,
    0x87, 0xff, 0x17, 0xfc, 0x1f, 0xfc, 0x75, 0x7,
    0xfa, 0xfc, 0x1c, 0xff, 0xff, 0x84, 0x3f, 0xe7,
    0xc8, 0x73, 0xff, 0xfe, 0x10, 0xff, 0xe0, 0x28,
    0x3c, 0xff, 0xff, 0x84, 0x3f, 0xf9, 0xf, 0xff,
    0xf8, 0x43, 0xff, 0x93, 0x5f, 0xcb, 0xfd, 0xfe,
    0x5f, 0xfa, 0xbf, 0xc1, 0xff, 0xdb, 0xff, 0x7,
    0xff, 0xc3, 0xfc, 0x1f, 0xff, 0xf, 0xf0, 0x7f,
    0xfc, 0x3f, 0xc1, 0xff, 0xf0, 0xff, 0x7, 0xff,
    0xc3, 0xfc, 0x1f, 0xfd, 0x3a, 0x2f, 0x7, 0xff,
    0x2b, 0xfc, 0x1f, 0xfc, 0xc5, 0xe0, 0x7f, 0xff,
    0xce, 0x7, 0xff, 0xfc, 0xe0, 0x7f, 0xff, 0xce,
    0x7, 0xff, 0xfc, 0xe0, 0x7f, 0xff, 0xce, 0x2,
    0x1f, 0xff, 0x30,

    /* U+6625 "春" */
    0xf, 0xfe, 0x9a, 0x1f, 0xff, 0x5f, 0xa5, 0x7,
    0xff, 0xc3, 0xfc, 0x87, 0xff, 0xbf, 0xfc, 0x1f,
    0xff, 0xf, 0xe8, 0x3f, 0xfe, 0x1f, 0xc8, 0x7f,
    0xfc, 0x3f, 0x83, 0xff, 0xb1, 0x5f, 0x2f, 0xff,
    0x16, 0xfe, 0x5f, 0xfe, 0x25, 0x7e, 0x43, 0xfe,
    0xbf, 0xff, 0xd3, 0x7, 0xfd, 0x7f, 0xff, 0xa6,
    0xf, 0xfa, 0xff, 0xff, 0x4c, 0x1f, 0xf5, 0xff,
    0xfe, 0x98, 0x3f, 0xfa, 0xff, 0xc1, 0xff, 0xf1,
    0xfe, 0xf, 0xff, 0x83, 0xfa, 0xf, 0xff, 0x85,
    0xf8, 0x3f, 0xfe, 0x3f, 0xc1, 0xff, 0xdd, 0x7f,
    0xff, 0xc8, 0x1f, 0xfc, 0x57, 0xff, 0xfc, 0x81,
    0xff, 0xc5, 0x7f, 0xff, 0xc8, 0x1f, 0xfc, 0x57,
    0xff, 0xfc, 0x81, 0xff, 0xc6, 0x50, 0x7f, 0xf0,
    0xff, 0xa0, 0xff, 0xe5, 0xa8, 0x3f, 0xfa, 0xff,
    0xc1, 0xff, 0xf0, 0xbf, 0x83, 0xff, 0xe1, 0xfc,
    0x87, 0xff, 0xbe, 0xfe, 0xf, 0xff, 0x87, 0xf2,
    0x1f, 0xfd, 0xa9, 0x7f, 0xf9, 0x1f, 0xe5, 0xff,
    0xea, 0x41, 0xef, 0xff, 0xf8, 0x21, 0xdf, 0xff,
    0xf0, 0x43, 0xbf, 0xff, 0xe0, 0x87, 0x7f, 0x57,
    0xff, 0x3, 0xfe, 0xaf, 0xfe, 0xf, 0xfd, 0x5f,
    0xef, 0xf2, 0x1f, 0xfc, 0x97, 0xfc, 0x87, 0xff,
    0xb, 0xfc, 0x87, 0xff, 0x61, 0xff, 0x21, 0xff,
    0xc4, 0xff, 0x21, 0xff, 0xd6, 0x7f, 0xc8, 0x7f,
    0xf1, 0x5f, 0xf2, 0x1f, 0xfd, 0x4b, 0xfc, 0x87,
    0xff, 0x1e, 0xff, 0x41, 0xff, 0xd2, 0xff, 0x83,
    0xff, 0x95, 0xff, 0x83, 0xff, 0x9e, 0xff, 0xc1,
    0xff, 0xcc, 0xff, 0xd0, 0x7f, 0xf3, 0x2f, 0xff,
    0xef, 0x21, 0xff, 0xc8, 0x7f, 0xff, 0xc4, 0x87,
    0xff, 0x11, 0xff, 0xff, 0x34, 0x1f, 0xfc, 0x1b,
    0xff, 0xfd, 0x48, 0x7c, 0xff, 0xf2, 0x7f, 0x7,
    0xff, 0x36, 0xff, 0xfe, 0x32, 0x7, 0xff, 0xc1,
    0x7f, 0x7, 0xff, 0x36, 0xfe, 0x7f, 0xff, 0x80,
    0xf, 0xff, 0x21, 0xbf, 0x83, 0xff, 0x9b, 0x7f,
    0x2, 0xff, 0xe0, 0xdf, 0xf4, 0x1e, 0xfe, 0xf,
    0xfe, 0x6d, 0xfc, 0x1a, 0xff, 0x7, 0xbf, 0x90,
    0xfb, 0xf8, 0x3f, 0xf9, 0xb7, 0xf0, 0x7a, 0xf9,
    0xf, 0xbc, 0x87, 0xf7, 0xf2, 0xff, 0xf3, 0x6f,
    0xe0, 0xfc, 0xe1, 0xff, 0xc8, 0xff, 0xfe, 0xc0,
    0x7f, 0xf4, 0xbf, 0xff, 0xb0, 0x1f, 0xfd, 0x2f,
    0xff, 0xec, 0x7, 0xff, 0x4b, 0xff, 0xfb, 0x1,
    0xff, 0xd2, 0xfe, 0xf, 0xfe, 0x6d, 0xfc, 0x1f,
    0xfd, 0x2f, 0xe0, 0xff, 0xe6, 0xdf, 0xc1, 0xff,
    0xd2, 0xfe, 0xf, 0xfe, 0x6d, 0xfc, 0x1f, 0xfd,
    0x2f, 0xe0, 0xff, 0xe6, 0xdf, 0xc1, 0xff, 0xd2,
    0xfe, 0xf, 0xfe, 0x6d, 0xfc, 0x1f, 0xfd, 0x2f,
    0xe4, 0x3f, 0xf9, 0x97, 0xf0, 0x7f, 0xf4, 0xbf,
    0xff, 0xb0, 0x1f, 0xfd, 0x2f, 0xff, 0xec, 0x7,
    0xff, 0x4b, 0xff, 0xfb, 0x1, 0xff, 0xd1, 0x7f,
    0xff, 0xb0, 0x1f, 0xfd, 0x17, 0xf9, 0xf, 0xfe,
    0x65, 0xfc, 0x1f, 0xfd, 0x17, 0xf8, 0x3f, 0xf9,
    0xb7, 0xf0, 0x7f, 0xf4, 0x5f, 0xe0, 0xff, 0xe6,
    0xdf, 0xc1, 0xff, 0xd2, 0x5e, 0xf, 0xfe, 0x6b,
    0xfc, 0x1f, 0xfc, 0x20,

    /* U+6628 "昨" */
    0xf, 0xfe, 0xba, 0x1f, 0xff, 0xf, 0x41, 0xff,
    0xed, 0x7f, 0x90, 0xff, 0xf5, 0x5f, 0xe4, 0x3f,
    0xfd, 0x3f, 0xe8, 0x3f, 0xfd, 0x2f, 0xf8, 0x3f,
    0xfd, 0x5f, 0xe4, 0x3f, 0xf9, 0x2f, 0xff, 0xf2,
    0x10, 0xff, 0xbf, 0xc1, 0xff, 0xca, 0x7f, 0xff,
    0x90, 0x87, 0xfa, 0xfe, 0x43, 0xff, 0x94, 0xff,
    0xff, 0x21, 0xf, 0xf7, 0xf8, 0x3f, 0xf9, 0x6f,
    0xff, 0xf2, 0x10, 0xfe, 0x7f, 0xa0, 0xff, 0xe6,
    0x7f, 0x2f, 0xfb, 0xf9, 0xf, 0xef, 0xf2, 0xff,
    0xf3, 0xf, 0xe0, 0xff, 0x7f, 0x21, 0xf9, 0xff,
    0xfe, 0x8c, 0x7f, 0x7, 0xfb, 0xf9, 0xf, 0xdf,
    0xff, 0xd2, 0x8f, 0xe0, 0xff, 0x7f, 0x21, 0xf3,
    0xff, 0xfd, 0x28, 0xfe, 0xf, 0xf7, 0xf2, 0x1f,
    0x7f, 0xff, 0x4e, 0x3f, 0x83, 0xfd, 0xfc, 0x1f,
    0x3f, 0xd1, 0x7e, 0x43, 0xff, 0x91, 0xfc, 0x1f,
    0xef, 0xe0, 0xfb, 0xfc, 0xb, 0xf2, 0x1f, 0xfc,
    0x8f, 0xe0, 0xff, 0x7f, 0x7, 0xaf, 0xe4, 0x17,
    0xe4, 0x3f, 0xf9, 0x1f, 0xc1, 0xfe, 0xfe, 0xf,
    0x7f, 0x82, 0xbf, 0x21, 0xff, 0xc8, 0xfe, 0xf,
    0xf7, 0xf0, 0x77, 0xf9, 0xa, 0xfc, 0x87, 0xff,
    0x23, 0xf8, 0x3f, 0xdf, 0xc1, 0xaf, 0xe8, 0x35,
    0xf9, 0xf, 0xfe, 0x47, 0xf0, 0x7f, 0xbf, 0x82,
    0x7f, 0xc1, 0xd7, 0xe4, 0x3f, 0xf9, 0x1f, 0xc1,
    0xfe, 0xfe, 0xb, 0xfc, 0x87, 0x5f, 0x90, 0xff,
    0xe4, 0x7f, 0x7, 0xfb, 0xf8, 0x1f, 0xf0, 0x7a,
    0xfc, 0x87, 0xff, 0x23, 0xf9, 0x7f, 0xdf, 0xc5,
    0xfe, 0xf, 0xaf, 0xc8, 0x7f, 0xf2, 0x3f, 0xff,
    0x90, 0x7, 0xf4, 0x1f, 0x5f, 0x90, 0xff, 0xe4,
    0x7f, 0xff, 0x20, 0x33, 0xe0, 0xfd, 0x7e, 0xaf,
    0xfe, 0x30, 0x5f, 0xff, 0xc8, 0xf, 0xfe, 0x1d,
    0xff, 0xfc, 0xa0, 0xbf, 0xff, 0x90, 0x1f, 0xfc,
    0x3b, 0xff, 0xf9, 0x41, 0x7f, 0x7, 0xfb, 0xf8,
    0x3f, 0xf8, 0x77, 0xff, 0xf2, 0x82, 0xfe, 0xf,
    0xf7, 0xf0, 0x7f, 0xf0, 0xef, 0xff, 0xe5, 0x5,
    0xfc, 0x1f, 0xef, 0xe0, 0xff, 0xe1, 0xdf, 0x90,
    0xff, 0xe4, 0x7f, 0x7, 0xfb, 0xf8, 0x3f, 0xf8,
    0x77, 0xe4, 0x3f, 0xf9, 0x1f, 0xc1, 0xfe, 0xfe,
    0xf, 0xfe, 0x1d, 0xf9, 0xf, 0xfe, 0x47, 0xf0,
    0x7f, 0xbf, 0x83, 0xff, 0x87, 0x7e, 0x43, 0xff,
    0x91, 0xfc, 0x1f, 0xef, 0xe0, 0xff, 0xe1, 0xdf,
    0x90, 0xff, 0xe4, 0x7f, 0x7, 0xfb, 0xf8, 0x3f,
    0xf8, 0x77, 0xe4, 0x3f, 0xf9, 0x1f, 0xc1, 0xfe,
    0xfe, 0xf, 0xfe, 0x1d, 0xf9, 0xf, 0xfe, 0x47,
    0xf0, 0x7f, 0xbf, 0x83, 0xff, 0x87, 0x7e, 0x43,
    0xff, 0x91, 0xfc, 0x1f, 0xef, 0xe0, 0xff, 0xe1,
    0xdf, 0x90, 0xff, 0xe4, 0x7f, 0x7, 0xfb, 0xf8,
    0x3f, 0xf8, 0x77, 0xe4, 0x3f, 0xf9, 0x1f, 0xc1,
    0xfe, 0xfe, 0xf, 0xfe, 0x1d, 0xf9, 0xf, 0xfe,
    0x47, 0xf0, 0x7f, 0xbf, 0x90, 0xff, 0xe1, 0x5f,
    0x90, 0xff, 0xe4, 0x7f, 0x2f, 0xfb, 0xf9, 0xf,
    0xfe, 0x15, 0xf9, 0xf, 0xfe, 0x2a, 0xf, 0xff,
    0xe4, 0x21, 0xff, 0xc2, 0xbf, 0xff, 0x98, 0x7f,
    0xff, 0x21, 0xf, 0xfe, 0x15, 0xff, 0xfc, 0xc3,
    0xff, 0xf9, 0x8, 0x7f, 0xf0, 0xaf, 0xff, 0xe6,
    0x1f, 0xff, 0xc8, 0x43, 0xff, 0x85, 0x7f, 0xff,
    0x30, 0xfe, 0xf, 0xf7, 0xf2, 0x1f, 0xfc, 0x2b,
    0xf4, 0xbf, 0xd5, 0xfe, 0x3f, 0x83, 0xfd, 0xfc,
    0x87, 0xff, 0xa, 0xfc, 0x87, 0xff, 0x23, 0xf8,
    0x3f, 0xdf, 0xc8, 0x7f, 0xf0, 0xaf, 0xc8, 0x7f,
    0xf2, 0x3f, 0x83, 0xfd, 0xfc, 0x87, 0xff, 0xa,
    0xfc, 0x87, 0xff, 0x1d, 0xfe, 0xf, 0xf5, 0x72,
    0x1f, 0xfc, 0x2b, 0xf2, 0x1f, 0xfc, 0x77, 0xf8,
    0x3f, 0xfa, 0x57, 0xe4, 0x3f, 0xf8, 0xef, 0xf0,
    0x7f, 0xf4, 0xaf, 0xc8, 0x7f, 0xf1, 0xdf, 0xe0,
    0xff, 0xe9, 0x5f, 0x90, 0xff, 0xe4, 0x57, 0x7,
    0xff, 0x4a, 0xfc, 0x87, 0xff, 0xae, 0xfc, 0x87,
    0xff, 0xae, 0xfc, 0x87, 0xff, 0xae, 0xfc, 0x87,
    0xff, 0xaf, 0xfa, 0xf, 0xff, 0x5f, 0xf4, 0x1f,
    0xfe, 0xbf, 0xe8, 0x3f, 0xfd, 0x7f, 0xd0, 0x7f,
    0xfa, 0xd7, 0xc1, 0xff, 0xc7,

    /* U+662F "是" */
    0xf, 0xf9, 0x7f, 0xfb, 0xc1, 0xff, 0xcc, 0xff,
    0xfe, 0xf0, 0x7f, 0xf3, 0x2f, 0xff, 0xee, 0x87,
    0xff, 0x32, 0xff, 0xfe, 0xe8, 0x7f, 0xf3, 0x2f,
    0xff, 0xee, 0x87, 0xff, 0x32, 0xfe, 0xf, 0xfe,
    0x97, 0xf8, 0x3f, 0xf9, 0x97, 0xf0, 0x7f, 0xf4,
    0xbf, 0xc1, 0xff, 0xcc, 0xbf, 0x83, 0xff, 0xa5,
    0xfd, 0x7, 0xff, 0x32, 0xfe, 0xf, 0xfe, 0x97,
    0xf4, 0x1f, 0xfc, 0xcb, 0xf8, 0x3f, 0xfa, 0x5f,
    0xd0, 0x7f, 0xf3, 0x2f, 0xe0, 0xff, 0xe9, 0x7f,
    0x41, 0xff, 0xcc, 0xbf, 0xff, 0xb9, 0x7, 0xff,
    0x32, 0xff, 0xfe, 0xe4, 0x1f, 0xfc, 0xcb, 0xff,
    0xfb, 0x90, 0x7f, 0xf3, 0x2f, 0xff, 0xee, 0x41,
    0xff, 0xcc, 0xbf, 0xd5, 0xff, 0xd1, 0xfe, 0x83,
    0xff, 0x99, 0x7f, 0x7, 0xff, 0x4b, 0xfa, 0xf,
    0xfe, 0x65, 0xfc, 0x1f, 0xfd, 0x2f, 0xf0, 0x7f,
    0xf3, 0x2f, 0xe0, 0xff, 0xe9, 0x7f, 0x83, 0xff,
    0x99, 0x7f, 0x7, 0xff, 0x4b, 0xfc, 0x1f, 0xfc,
    0xcb, 0xf8, 0x3f, 0xfa, 0x5f, 0xe0, 0xff, 0xe6,
    0x5f, 0xd5, 0xff, 0xd2, 0xff, 0x7, 0xff, 0x32,
    0xff, 0xfe, 0xe8, 0x7f, 0xf3, 0x2f, 0xff, 0xee,
    0x87, 0xff, 0x33, 0xff, 0xfb, 0xc1, 0xff, 0xcc,
    0xff, 0xfe, 0xf0, 0x7f, 0xff, 0xc3, 0xff, 0xfe,
    0x1f, 0xff, 0xf0, 0xff, 0xff, 0x87, 0xff, 0x83,
    0xff, 0x57, 0xff, 0x8b, 0xff, 0x41, 0x7f, 0xff,
    0xca, 0xb, 0xff, 0xfe, 0x50, 0x5f, 0xff, 0xf2,
    0x82, 0xff, 0xff, 0x94, 0x1f, 0xfd, 0x37, 0xf8,
    0x3f, 0xfe, 0xf, 0xf0, 0x7f, 0xf8, 0x50, 0xff,
    0xe1, 0x3f, 0xc1, 0xff, 0xe0, 0x7e, 0x83, 0xfe,
    0x7f, 0x83, 0xff, 0xc1, 0x7f, 0x83, 0xf9, 0xfe,
    0xf, 0xff, 0x7, 0xfc, 0x1f, 0xcf, 0xf0, 0x7f,
    0xf8, 0x3f, 0xc8, 0x7f, 0x3f, 0xc1, 0xff, 0xc8,
    0x43, 0xff, 0x94, 0xff, 0x83, 0xfc, 0xff, 0xff,
    0x3a, 0xf, 0xfe, 0x4d, 0xfd, 0x7, 0xf9, 0xff,
    0xfe, 0x74, 0x1f, 0xfc, 0x9f, 0xf0, 0x7f, 0xcf,
    0xff, 0xf3, 0xa0, 0xff, 0xe4, 0x5f, 0xe0, 0xff,
    0x9f, 0xff, 0xe7, 0x41, 0xff, 0xc8, 0xff, 0x90,
    0xff, 0x3f, 0xcb, 0xff, 0x57, 0xf9, 0xf, 0xfe,
    0x3b, 0xff, 0x90, 0xfe, 0x7f, 0x83, 0xff, 0xbb,
    0xff, 0xe4, 0x3f, 0x3f, 0xc1, 0xff, 0xdc, 0x7f,
    0xfe, 0x83, 0xe7, 0xf8, 0x3f, 0xfb, 0x9f, 0xff,
    0xc2, 0x43, 0x9f, 0xe0, 0xff, 0xed, 0xdf, 0xe7,
    0xff, 0x41, 0x9f, 0xe0, 0xff, 0xed, 0x3f, 0xe8,
    0x17, 0xfe, 0x80, 0xff, 0x7, 0xff, 0x6b, 0xfe,
    0xd, 0x7f, 0xfa, 0xfe, 0xf, 0xfe, 0xcf, 0xfc,
    0x87, 0x3f, 0xff, 0xc3, 0xf, 0xfe, 0xc7, 0xfd,
    0x7, 0xeb, 0xff, 0xf8, 0x54, 0x5c, 0x1f, 0xfc,
    0x15, 0xaa, 0xfc, 0x1d, 0xff, 0x83, 0xfe, 0xff,
    0xfe, 0xec, 0x1b, 0xff, 0x21, 0xff, 0xc0, 0x6f,
    0xff, 0xed, 0x4, 0xff, 0xe4, 0x3f, 0xf8, 0x97,
    0xff, 0xf5, 0xe0, 0x3f, 0xfa, 0xf, 0xfe, 0x43,
    0xff, 0xfd, 0x44, 0x27, 0xfd, 0x7, 0xff, 0x35,
    0xbf, 0xff, 0x9e, 0x1e, 0xfe, 0xf, 0xfe, 0xaa,
    0xf5, 0x7f, 0xf1, 0x10, 0xfa, 0xf0, 0x7f, 0xfd,
    0x10, 0xff, 0xf8, 0x0,

    /* U+665A "晚" */
    0xf, 0xfe, 0xaa, 0x83, 0xff, 0xe7, 0xf2, 0x1f,
    0xff, 0x7, 0xfa, 0xf, 0xff, 0x77, 0xfc, 0x87,
    0xff, 0xb2, 0xff, 0x7, 0xff, 0xbb, 0xfc, 0x87,
    0xff, 0xb6, 0xfe, 0x43, 0xff, 0xda, 0xff, 0x41,
    0xff, 0xd1, 0x7f, 0xff, 0x8c, 0x1f, 0xef, 0xf0,
    0x7f, 0xf4, 0x9f, 0xff, 0xe3, 0x7, 0xf7, 0xff,
    0xf3, 0x50, 0xff, 0x9f, 0xff, 0xe3, 0x7, 0xeb,
    0xff, 0xf9, 0xa1, 0xff, 0xc0, 0x7f, 0xff, 0x8c,
    0x1f, 0x3f, 0xff, 0xcd, 0x43, 0xff, 0x83, 0xfc,
    0xbf, 0xbf, 0x83, 0xef, 0xff, 0xe7, 0x7, 0xff,
    0xb, 0xf8, 0x3f, 0x7f, 0x7, 0xbf, 0xd2, 0xff,
    0xf0, 0x6f, 0xe4, 0x3f, 0xf8, 0x5f, 0xc1, 0xfb,
    0xf8, 0x3b, 0xfd, 0x7, 0xff, 0xa, 0xfe, 0xf,
    0xfe, 0x1f, 0xf0, 0x7e, 0xfe, 0xd, 0x7f, 0x83,
    0xff, 0x87, 0xfc, 0x87, 0xff, 0xf, 0xf8, 0x3f,
    0x7f, 0x5, 0x7f, 0x83, 0xff, 0x87, 0x7f, 0x7,
    0xff, 0x13, 0xf8, 0x3f, 0x7f, 0x2, 0xff, 0x21,
    0xff, 0xc3, 0xfe, 0x43, 0xff, 0x89, 0xfc, 0x1f,
    0xbf, 0x8b, 0xfd, 0x7, 0xff, 0xd, 0xfe, 0xf,
    0xfe, 0x2f, 0xf0, 0x7e, 0xfe, 0x2f, 0xe8, 0x3f,
    0xf8, 0x9f, 0xc8, 0x7f, 0xf1, 0x7f, 0x83, 0xf7,
    0xf0, 0x1f, 0xc1, 0xff, 0xc4, 0x7f, 0x83, 0xff,
    0x8d, 0xfc, 0x1f, 0xbf, 0x83, 0x78, 0x3f, 0xf8,
    0xbf, 0xd0, 0x7f, 0xf1, 0xbf, 0x83, 0xf7, 0xf0,
    0x72, 0xff, 0xf1, 0xbf, 0x97, 0xff, 0x80, 0x1f,
    0x7f, 0x7, 0xef, 0xe0, 0xef, 0xff, 0xeb, 0xa1,
    0xef, 0xe0, 0xfd, 0xfc, 0x1d, 0xff, 0xfd, 0x74,
    0x3d, 0xfc, 0x1f, 0xbf, 0x83, 0xbf, 0xff, 0xae,
    0x1f, 0x7f, 0x7, 0xef, 0xe0, 0xef, 0xff, 0xeb,
    0x87, 0xdf, 0xc1, 0xfb, 0xf8, 0x3b, 0xf8, 0x3f,
    0xdf, 0xd0, 0x7f, 0x7f, 0x7, 0xdf, 0xff, 0xc6,
    0xe, 0xfe, 0xf, 0xf7, 0xf2, 0x1f, 0xdf, 0xc1,
    0xf7, 0xff, 0xf1, 0x83, 0xbf, 0x83, 0xfd, 0xfc,
    0x87, 0xf7, 0xf0, 0x7d, 0xff, 0xfc, 0x60, 0xef,
    0xe0, 0xff, 0x7f, 0x7, 0xfb, 0xf8, 0x3e, 0xff,
    0xfe, 0x30, 0x77, 0xf0, 0x7f, 0x3f, 0xc1, 0xfe,
    0xfe, 0xf, 0xbf, 0x97, 0xf7, 0xf0, 0x77, 0xf0,
    0x7f, 0x3f, 0xc1, 0xfe, 0xfe, 0xf, 0xbf, 0x83,
    0xf7, 0xf0, 0x77, 0xf0, 0x7f, 0x5f, 0xa0, 0xff,
    0x7f, 0x7, 0xdf, 0xc1, 0xfb, 0xf8, 0x3b, 0xf8,
    0x3f, 0xbf, 0xa0, 0xff, 0x7f, 0x7, 0xdf, 0xc1,
    0xfb, 0xf8, 0x3b, 0xf8, 0x3f, 0xbf, 0x90, 0xff,
    0x7f, 0x7, 0xdf, 0xc1, 0xfb, 0xf8, 0x3b, 0xff,
    0xfa, 0xe1, 0xf7, 0xf0, 0x7e, 0xfe, 0xe, 0xff,
    0xfe, 0xb8, 0x7d, 0xfc, 0x1f, 0xbf, 0x83, 0xbf,
    0xff, 0xae, 0x87, 0xbf, 0x83, 0xf7, 0xf0, 0x77,
    0xff, 0xf5, 0xd0, 0xf7, 0xf0, 0x7e, 0xfe, 0xe,
    0xaf, 0xfe, 0xf, 0xf5, 0x7f, 0xf1, 0x43, 0xef,
    0xe0, 0xfd, 0xfc, 0x1f, 0xfc, 0x5b, 0xf8, 0x3f,
    0xf9, 0x9f, 0xc1, 0xfb, 0xf8, 0x3f, 0xf8, 0xbf,
    0xe0, 0xff, 0xe6, 0x7f, 0x7, 0xef, 0xe0, 0xff,
    0xe2, 0x3f, 0xd0, 0x3f, 0x41, 0xff, 0xc5, 0xfe,
    0xf, 0xdf, 0xc1, 0xff, 0xc4, 0xff, 0x5, 0xfa,
    0xf, 0xfe, 0x2f, 0xf0, 0x7e, 0xfe, 0xf, 0xfe,
    0x1b, 0xfd, 0x5, 0xfa, 0xf, 0xfe, 0x2f, 0xf0,
    0x7e, 0xfe, 0xf, 0xfe, 0x1f, 0xf9, 0xb, 0xf4,
    0x1f, 0xfc, 0x5f, 0xe0, 0xfd, 0xfc, 0x1f, 0xfc,
    0x27, 0xfc, 0x1b, 0xf4, 0x1f, 0xfc, 0x5f, 0xea,
    0xfd, 0xfc, 0x1f, 0xfc, 0x2f, 0xf2, 0x1b, 0xf4,
    0x1f, 0xfc, 0x5f, 0xff, 0xe3, 0x7, 0xff, 0x6,
    0xfe, 0x83, 0xbf, 0x41, 0xff, 0xc5, 0xff, 0xfe,
    0x30, 0x7f, 0xf0, 0x1f, 0xf0, 0x7b, 0xf4, 0x1f,
    0xfc, 0x5f, 0xff, 0xe3, 0x7, 0xff, 0x3, 0xfc,
    0x87, 0xbf, 0x41, 0xff, 0xc5, 0xff, 0xfe, 0x30,
    0x7f, 0xdf, 0xe8, 0x3e, 0xfd, 0x7, 0xff, 0x17,
    0xf8, 0x3f, 0x7f, 0x7, 0xfa, 0xff, 0x7, 0xef,
    0xd0, 0x7f, 0xf1, 0x7f, 0x83, 0xf7, 0xf0, 0x7f,
    0x5f, 0xe4, 0x3f, 0x7e, 0x83, 0xfd, 0x7, 0x3f,
    0xc1, 0xfb, 0xf8, 0x3f, 0x5f, 0xe4, 0x3f, 0xbf,
    0x41, 0xfe, 0xf2, 0x13, 0xfc, 0x1f, 0xbf, 0x83,
    0xeb, 0xfd, 0x7, 0xfb, 0xf4, 0x1f, 0xef, 0xd2,
    0xbf, 0x83, 0xf2, 0xf0, 0x7b, 0xff, 0x7, 0xfd,
    0xfa, 0xf, 0xf7, 0xf4, 0xff, 0x7, 0xff, 0x1b,
    0xff, 0x7, 0xff, 0x3, 0xf8, 0x3f, 0x9f, 0xe0,
    0x2f, 0x7, 0xff, 0x11, 0xff, 0xc1, 0xff, 0xc1,
    0xfe, 0xf, 0xeb, 0xf8, 0x3f, 0xf9, 0x57, 0xfe,
    0xf, 0xfe, 0x17, 0xf4, 0x1f, 0x3f, 0xd0, 0x7f,
    0xf2, 0x1f, 0xfd, 0x7, 0xff, 0xf, 0xff, 0xf8,
    0xe8, 0x7f, 0xf1, 0x9f, 0xfe, 0x83, 0xff, 0x89,
    0xff, 0xfc, 0x70, 0xff, 0xe4, 0x5f, 0xf2, 0x1f,
    0xfc, 0x57, 0xff, 0xf8, 0xb0, 0x7f, 0xf2, 0x5f,
    0xe4, 0x3f, 0xf8, 0xf7, 0xff, 0xf1, 0x3, 0xff,
    0x96, 0xfc, 0x1f, 0xfc, 0xb6, 0xbf, 0xe5, 0x7,
    0xff, 0x37, 0x83, 0xff, 0xfe, 0x1f, 0xfd, 0x40,

    /* U+6708 "月" */
    0xf, 0xfe, 0x2, 0xff, 0xf7, 0xc3, 0xfe, 0xbf,
    0xff, 0xbe, 0x1f, 0xf3, 0xff, 0xfd, 0xf0, 0xff,
    0x9f, 0xff, 0xef, 0x87, 0xfc, 0xff, 0xff, 0x7a,
    0xf, 0xf9, 0xfe, 0xf, 0xfe, 0xa7, 0xf4, 0x1f,
    0xf3, 0xfc, 0x1f, 0xfd, 0x4f, 0xe8, 0x3f, 0xe7,
    0xf8, 0x3f, 0xfa, 0x9f, 0xd0, 0x7f, 0xcf, 0xf0,
    0x7f, 0xf5, 0x3f, 0xa0, 0xff, 0x9f, 0xe0, 0xff,
    0xea, 0x7f, 0x21, 0xff, 0x3f, 0xc1, 0xff, 0xd4,
    0xfe, 0x43, 0xfe, 0x7f, 0x83, 0xff, 0xa9, 0xfc,
    0x87, 0xfc, 0xff, 0x7, 0xff, 0x53, 0xf9, 0xf,
    0xf9, 0xfe, 0xf, 0xfe, 0xa7, 0xf2, 0x1f, 0xf3,
    0xfc, 0x1f, 0xfd, 0x4f, 0xe4, 0x3f, 0xe7, 0xf8,
    0x3f, 0xfa, 0x9f, 0xc8, 0x7f, 0xcf, 0xf2, 0xff,
    0xf5, 0x3f, 0x90, 0xff, 0x9f, 0xff, 0xef, 0x21,
    0xff, 0x3f, 0xff, 0xde, 0x43, 0xfe, 0x7f, 0xff,
    0xbc, 0x87, 0xfc, 0xff, 0xff, 0x79, 0xf, 0xf9,
    0xfe, 0xf, 0xfe, 0xa7, 0xf2, 0x1f, 0xf3, 0xfc,
    0x1f, 0xfd, 0x4f, 0xe4, 0x3f, 0xe7, 0xf8, 0x3f,
    0xfa, 0x9f, 0xc8, 0x7f, 0xcf, 0xf0, 0x7f, 0xf5,
    0x3f, 0x90, 0xff, 0x9f, 0xe0, 0xff, 0xea, 0x7f,
    0x21, 0xff, 0x3f, 0xc1, 0xff, 0xd4, 0xfe, 0x43,
    0xfe, 0x7f, 0x83, 0xff, 0xa9, 0xfc, 0x87, 0xfc,
    0xff, 0x7, 0xff, 0x53, 0xf9, 0xf, 0xf9, 0xfe,
    0xf, 0xfe, 0xa7, 0xf2, 0x1f, 0xf3, 0xfc, 0x1f,
    0xfd, 0x4f, 0xe4, 0x3f, 0xe7, 0xf8, 0x3f, 0xfa,
    0x9f, 0xc8, 0x7f, 0xcf, 0xf5, 0x7f, 0xf5, 0x3f,
    0x90, 0xff, 0x9f, 0xff, 0xef, 0x21, 0xff, 0x5f,
    0xff, 0xde, 0x43, 0xfe, 0xbf, 0xff, 0xbc, 0x87,
    0xfd, 0x7f, 0xff, 0x79, 0xf, 0xfb, 0xfa, 0xf,
    0xfe, 0xa7, 0xf2, 0x1f, 0xf7, 0xf4, 0x1f, 0xfd,
    0x4f, 0xe4, 0x3f, 0xef, 0xe4, 0x3f, 0xfa, 0x9f,
    0xc8, 0x7f, 0x9f, 0xe0, 0xff, 0xea, 0xff, 0x21,
    0xfe, 0xbf, 0x83, 0xff, 0xab, 0xfc, 0x87, 0xfb,
    0xfa, 0xf, 0xfe, 0xaf, 0xf2, 0x1f, 0xef, 0xe4,
    0x3f, 0xfa, 0xbf, 0xc8, 0x7f, 0x3f, 0xc1, 0xff,
    0xd6, 0xfe, 0x43, 0xfa, 0xfe, 0xf, 0xfe, 0xb7,
    0xf2, 0x1f, 0xdf, 0xd0, 0x7f, 0xf5, 0xbf, 0x90,
    0xfd, 0x7f, 0x21, 0xff, 0xd6, 0xfe, 0x43, 0xf7,
    0xf8, 0x3f, 0xfa, 0xff, 0xc8, 0x7c, 0xff, 0x41,
    0xff, 0xd7, 0xfe, 0x43, 0xef, 0xf0, 0x7f, 0xf6,
    0x3f, 0x90, 0xf5, 0xfe, 0xf, 0xfe, 0xc7, 0xf2,
    0x1e, 0xff, 0x21, 0xff, 0xd8, 0xfe, 0x43, 0xbf,
    0xe0, 0xff, 0xec, 0x5f, 0xc8, 0x6b, 0xfc, 0x87,
    0xff, 0x39, 0x7f, 0xaf, 0xf2, 0x13, 0xfe, 0x83,
    0xff, 0x9e, 0xff, 0xff, 0xc, 0x37, 0xfc, 0x1f,
    0xfd, 0x1f, 0xff, 0xe1, 0x85, 0xff, 0x21, 0xff,
    0xd1, 0x7f, 0xff, 0x83, 0x3, 0xff, 0x7, 0xff,
    0x4f, 0xff, 0xf8, 0x21, 0x9f, 0xe0, 0xff, 0xea,
    0x5f, 0xfd, 0x21, 0xf3, 0xe0, 0xff, 0xea, 0xbf,
    0x51, 0x41, 0xff, 0xf2,

    /* U+671F "期" */
    0xf, 0xcd, 0x70, 0x7f, 0xf0, 0x6b, 0xc1, 0xff,
    0xdc, 0xbf, 0x90, 0xff, 0x9f, 0xf0, 0x7f, 0xf7,
    0x2f, 0xe0, 0xff, 0xe0, 0x3f, 0xd0, 0x7f, 0xf7,
    0x1f, 0xe0, 0xff, 0xe0, 0xff, 0x41, 0xfb, 0xff,
    0xf9, 0x81, 0xf9, 0xfe, 0xf, 0xfe, 0xf, 0xf4,
    0x1f, 0xbf, 0xff, 0x98, 0x1f, 0x9f, 0xe0, 0xff,
    0xe0, 0xff, 0x41, 0xfb, 0xff, 0xf9, 0x81, 0xf9,
    0xfe, 0xf, 0xfe, 0xf, 0xf4, 0x1f, 0xbf, 0xff,
    0x98, 0x1f, 0x9f, 0xe0, 0xff, 0xe0, 0xff, 0x41,
    0xfb, 0xfc, 0xbf, 0xfc, 0xf, 0xf0, 0x7e, 0x7f,
    0x83, 0xff, 0x83, 0xfd, 0x7, 0xef, 0xf0, 0x7f,
    0xf0, 0x3f, 0xa0, 0xa8, 0xb5, 0xfc, 0xbf, 0xfc,
    0x1f, 0xe9, 0x69, 0xb, 0xfc, 0x1f, 0xfc, 0xf,
    0xe8, 0x2f, 0xff, 0xeb, 0x41, 0x7f, 0x83, 0xff,
    0x81, 0xfd, 0x5, 0xff, 0xfd, 0x68, 0x2f, 0xf0,
    0x7f, 0xf0, 0x3f, 0xa0, 0xbf, 0xff, 0xad, 0x5,
    0xfe, 0xf, 0xfe, 0x7, 0xf4, 0x17, 0xff, 0xf5,
    0xa0, 0xaf, 0xe0, 0xff, 0xe0, 0x7f, 0x41, 0xf9,
    0xfe, 0xf, 0xfe, 0xf, 0xf4, 0x1f, 0xaf, 0xe0,
    0xff, 0xe0, 0x7f, 0x41, 0xf9, 0xfe, 0xf, 0xfe,
    0xf, 0xf4, 0x1f, 0xaf, 0xe0, 0xff, 0xe0, 0x7f,
    0x41, 0xf9, 0xfe, 0xf, 0xfe, 0xf, 0xf4, 0x1f,
    0xaf, 0xe0, 0xff, 0xe0, 0x7f, 0x41, 0xf9, 0xfe,
    0xf, 0xfe, 0xf, 0xf4, 0x1f, 0xaf, 0xe0, 0xff,
    0xe0, 0x7f, 0x41, 0xf9, 0xfe, 0xf, 0xfe, 0xf,
    0xf4, 0x1f, 0xaf, 0xe0, 0xff, 0xe0, 0x7f, 0x41,
    0xf9, 0xfe, 0xf, 0xfe, 0xf, 0xf4, 0x1f, 0xaf,
    0xe0, 0xff, 0xe0, 0x7f, 0x41, 0xf9, 0xff, 0xfe,
    0x5c, 0x1f, 0xaf, 0xff, 0xe5, 0x41, 0xf9, 0xff,
    0xfe, 0x5c, 0x1f, 0xaf, 0xff, 0xe5, 0x41, 0xf9,
    0xff, 0xfe, 0x5c, 0x1f, 0xaf, 0xff, 0xe5, 0x41,
    0xf9, 0xff, 0xfe, 0x5c, 0x1f, 0xaf, 0xff, 0xe5,
    0x41, 0xf9, 0xfe, 0x5f, 0xfe, 0xf, 0xf4, 0x1f,
    0xaf, 0xe5, 0xff, 0xe0, 0x7f, 0x41, 0xf9, 0xfe,
    0xf, 0xfe, 0xf, 0xf4, 0x1f, 0xaf, 0xe0, 0xff,
    0xe0, 0x7f, 0x41, 0xf9, 0xfe, 0xf, 0xfe, 0xf,
    0xf4, 0x1f, 0xaf, 0xe0, 0xff, 0xe0, 0x7f, 0x41,
    0xf9, 0xfe, 0xf, 0xfe, 0xf, 0xf4, 0x1f, 0xaf,
    0xe0, 0xff, 0xe0, 0x7f, 0x41, 0xf9, 0xfe, 0xf,
    0xfe, 0xf, 0xf4, 0x1f, 0xaf, 0xe0, 0xff, 0xe0,
    0x7f, 0x41, 0xf9, 0xfe, 0xf, 0xfe, 0xf, 0xf4,
    0x1f, 0xaf, 0xe0, 0xff, 0xe0, 0x7f, 0x41, 0xf9,
    0xff, 0xfe, 0x5c, 0x1f, 0xaf, 0xe0, 0xff, 0xe0,
    0x7f, 0x41, 0xf9, 0xff, 0xfe, 0x5c, 0x1f, 0xbf,
    0xc1, 0xff, 0xc0, 0xfe, 0x83, 0xf3, 0xff, 0xfc,
    0xb8, 0x3f, 0x7f, 0x83, 0xff, 0x81, 0xfd, 0x7,
    0xe7, 0xff, 0xf9, 0x70, 0x7e, 0xff, 0x7, 0xff,
    0x3, 0xfa, 0xf, 0xcf, 0xf2, 0xff, 0xf0, 0x7f,
    0xa0, 0xfd, 0xfe, 0xf, 0xfe, 0x7, 0xf4, 0x1f,
    0x9f, 0xe0, 0xff, 0xe0, 0xff, 0x41, 0xfb, 0xfc,
    0x1f, 0xfc, 0xf, 0xe8, 0x3f, 0x3f, 0xc1, 0xff,
    0xc1, 0xfe, 0x83, 0xf7, 0xff, 0xf2, 0xe0, 0xfc,
    0xff, 0x7, 0xff, 0x7, 0xfa, 0xf, 0xdf, 0xff,
    0xcb, 0x83, 0xf3, 0xfc, 0x1f, 0xfc, 0x1f, 0xe8,
    0x3f, 0x7f, 0xff, 0x2e, 0xf, 0xcf, 0xf0, 0x7f,
    0xf0, 0x7f, 0xa0, 0xfd, 0xff, 0xfc, 0xb8, 0xae,
    0x55, 0xfc, 0xbf, 0xfc, 0xb, 0xfa, 0x6a, 0x42,
    0xfe, 0x97, 0xff, 0x81, 0xfd, 0x1f, 0xff, 0xd8,
    0x80, 0xff, 0x41, 0xff, 0xc0, 0xfe, 0x8f, 0xff,
    0xec, 0x40, 0x7f, 0x90, 0xff, 0xe0, 0x7f, 0x47,
    0xff, 0xf6, 0x20, 0x5f, 0xc8, 0x7f, 0xf0, 0x3f,
    0xa3, 0xff, 0xfb, 0x10, 0x3f, 0xc1, 0xff, 0xc1,
    0xfe, 0x83, 0xff, 0xb9, 0xfe, 0xf, 0xfe, 0xf,
    0xf4, 0x1f, 0xe4, 0x3f, 0xfa, 0xf, 0xf4, 0x1f,
    0xfc, 0x1f, 0xe8, 0x3f, 0xde, 0x43, 0xff, 0x83,
    0xe0, 0xff, 0xaf, 0xe4, 0x3f, 0xf8, 0x3f, 0xd0,
    0x7f, 0x7e, 0x83, 0xfe, 0xfc, 0x1f, 0xef, 0xf0,
    0x7f, 0xf0, 0xbf, 0xa0, 0xfc, 0xff, 0x90, 0xf9,
    0xff, 0x7, 0xe7, 0xfc, 0x1f, 0xfc, 0x2f, 0xe8,
    0x3f, 0x7f, 0xc1, 0xfd, 0xff, 0x7, 0xd7, 0xf4,
    0x1f, 0xfc, 0x2f, 0xe8, 0x3e, 0xbf, 0xc1, 0xff,
    0x7f, 0xa0, 0xf7, 0xf8, 0x3f, 0xf8, 0x7f, 0xd0,
    0x79, 0xff, 0x7, 0xff, 0x1, 0xff, 0x41, 0xaf,
    0xf0, 0x7f, 0xf0, 0xff, 0xa0, 0xe7, 0xfc, 0x1f,
    0xfc, 0x2b, 0xfd, 0x5, 0xfe, 0x43, 0xff, 0x87,
    0xfd, 0x7, 0x7f, 0x90, 0xff, 0xe1, 0xff, 0xc9,
    0x7f, 0x83, 0xff, 0x89, 0xfd, 0x6, 0xff, 0x41,
    0xff, 0xc5, 0xff, 0xf, 0xfa, 0xf, 0xfe, 0x27,
    0xf4, 0x17, 0xfa, 0xf, 0xfe, 0x33, 0xf4, 0xf,
    0xf8, 0x3f, 0xf8, 0xbf, 0xd0, 0x3f, 0xe0, 0xff,
    0xe4, 0x5c, 0xf, 0xfa, 0xf, 0xfe, 0x23, 0xfd,
    0x1f, 0xf0, 0x7f, 0xf2, 0xa0, 0x5f, 0xf0, 0x7f,
    0xf0, 0x1a, 0xbf, 0xe8, 0x7f, 0x90, 0xff, 0xe6,
    0x3f, 0xf2, 0x1f, 0xfc, 0x1f, 0xff, 0x21, 0x5e,
    0x83, 0xff, 0x98, 0xff, 0xd0, 0x7f, 0xf0, 0xaf,
    0xfe, 0xe, 0x60, 0xff, 0xe7, 0x5f, 0xe0, 0xff,
    0xe2, 0x7f, 0xe4, 0x3f, 0xfa, 0xff, 0x90, 0xff,
    0xe2, 0x7f, 0xc8, 0x7f, 0xf6, 0x6d, 0xf, 0xfe,
    0x2d, 0xfa, 0xf, 0xfe, 0xe2, 0x1f, 0xfc, 0x66,
    0x43, 0xe0,

    /* U+6728 "木" */
    0xf, 0xfe, 0x9d, 0x78, 0x3f, 0xfe, 0x5f, 0xe0,
    0xff, 0xf9, 0x7f, 0x83, 0xff, 0xe5, 0xfe, 0xf,
    0xff, 0x95, 0xfc, 0x1f, 0xff, 0x2b, 0xf8, 0x3f,
    0xfe, 0x57, 0xf0, 0x7f, 0xfc, 0xaf, 0xd0, 0x7f,
    0xfc, 0xaf, 0xd0, 0x7f, 0xfc, 0xaf, 0xd0, 0x7f,
    0xfc, 0xaf, 0xd0, 0x7f, 0xfc, 0xaf, 0xd0, 0x7f,
    0xfc, 0xaf, 0xd0, 0x7f, 0xfc, 0xaf, 0xd0, 0x7f,
    0xfc, 0xaf, 0xd0, 0x7f, 0xf5, 0xaa, 0x5f, 0x7,
    0xff, 0x1e, 0xfd, 0x7, 0xff, 0x21, 0x75, 0x41,
    0xf7, 0xff, 0xfc, 0x43, 0xef, 0xff, 0xf8, 0x87,
    0xdf, 0xff, 0xf1, 0xf, 0xbf, 0xff, 0xe2, 0x1f,
    0x7e, 0xaf, 0x97, 0xff, 0x81, 0xff, 0xfc, 0x29,
    0x7f, 0xf8, 0x35, 0xef, 0xc1, 0xff, 0xd2, 0xff,
    0xfe, 0x14, 0x1f, 0xfe, 0x8b, 0xff, 0xf8, 0x61,
    0xff, 0xe8, 0xff, 0xfe, 0x22, 0x1f, 0xfe, 0x67,
    0xfa, 0x9f, 0xfd, 0x7, 0xff, 0x9b, 0xfc, 0xdf,
    0xfe, 0xf, 0xff, 0x2b, 0xfe, 0x2f, 0xd7, 0xf4,
    0x1f, 0xfe, 0x4f, 0xf2, 0x5f, 0xa7, 0xf8, 0x3f,
    0xfc, 0x6f, 0xf8, 0x17, 0xe8, 0xfe, 0x83, 0xff,
    0xc5, 0xfe, 0x41, 0x7e, 0x8b, 0xf8, 0x3f, 0xfc,
    0x2f, 0xf8, 0x2b, 0xf4, 0x3f, 0xd0, 0x7f, 0xf8,
    0x3f, 0xd0, 0x57, 0xe8, 0x1f, 0xe0, 0xff, 0xef,
    0xbf, 0xe0, 0xd7, 0xe8, 0xf, 0xf4, 0x1f, 0xfd,
    0xef, 0xf4, 0x1a, 0xfd, 0x5, 0xfe, 0x43, 0xff,
    0xb9, 0x7f, 0x83, 0xaf, 0xd0, 0x4f, 0xf8, 0x3f,
    0xfb, 0x6f, 0xfa, 0xe, 0xbf, 0x41, 0xbf, 0xd0,
    0x7f, 0xf6, 0xbf, 0xe0, 0xf5, 0xfa, 0xc, 0xff,
    0x90, 0xff, 0xec, 0x5f, 0xe4, 0x3d, 0x7e, 0x83,
    0xbf, 0xe0, 0xff, 0xeb, 0xbf, 0xf0, 0x7d, 0x7e,
    0x83, 0x9f, 0xf8, 0x3f, 0xfa, 0xdf, 0xf2, 0x1f,
    0x5f, 0xa0, 0xf5, 0xff, 0x7, 0xff, 0x53, 0xfe,
    0x83, 0xf5, 0xfa, 0xf, 0xbf, 0xe8, 0x3f, 0xfa,
    0x57, 0xfc, 0x1f, 0xd7, 0xe8, 0x3e, 0x7f, 0xe8,
    0x3f, 0xfa, 0xf, 0xfc, 0x1f, 0xeb, 0xf4, 0x1f,
    0xaf, 0xfa, 0xf, 0xfe, 0x7f, 0xfc, 0x87, 0xfa,
    0xfd, 0x7, 0xf5, 0xff, 0x41, 0xff, 0xcd, 0xff,
    0xa0, 0xff, 0xaf, 0xd0, 0x7f, 0xbf, 0xf4, 0x1f,
    0xfc, 0xbf, 0xfc, 0x1f, 0xfc, 0xb, 0xf4, 0x1f,
    0xf7, 0xff, 0x7, 0xff, 0x27, 0xff, 0x7, 0xff,
    0x6, 0xfd, 0x7, 0xff, 0x3, 0xff, 0x90, 0xff,
    0xe3, 0x7f, 0xe4, 0x3f, 0xf8, 0x37, 0xe8, 0x3f,
    0xf8, 0x3f, 0xfd, 0x7, 0xff, 0x13, 0xff, 0x21,
    0xff, 0xc2, 0xbf, 0x41, 0xff, 0xc2, 0xff, 0xf2,
    0x1f, 0xfc, 0x7, 0xff, 0x41, 0xff, 0xc3, 0xbf,
    0x41, 0xff, 0xc3, 0xff, 0xf4, 0x1f, 0xe7, 0xff,
    0x41, 0xff, 0xc4, 0xbf, 0x41, 0xff, 0xc4, 0xff,
    0xfa, 0xf, 0xaf, 0xfd, 0x7, 0xff, 0x16, 0xfd,
    0x7, 0xff, 0x16, 0xff, 0xfa, 0xd, 0xff, 0xe0,
    0xff, 0xe3, 0x5f, 0xa0, 0xff, 0xe3, 0x5f, 0xfe,
    0x80, 0xff, 0xf8, 0x3f, 0xf8, 0xf7, 0xe8, 0x3f,
    0xf8, 0xef, 0xfe, 0x43, 0x5f, 0xf8, 0x3f, 0xf9,
    0x17, 0xe8, 0x3f, 0xf9, 0x3f, 0xe4, 0x3e, 0xff,
    0x7, 0xff, 0x26, 0xfd, 0x7, 0xff, 0x2a, 0xf9,
    0xf, 0xef, 0xc1, 0xff, 0xca, 0xbf, 0x41, 0xff,
    0xcb, 0x78, 0x3f, 0xef, 0x7, 0xff, 0x2e, 0xfd,
    0x7, 0xff, 0xca, 0xfd, 0x7, 0xff, 0xca, 0xfe,
    0xf, 0xff, 0x95, 0xfc, 0x1f, 0xff, 0x2f, 0xf0,
    0x7f, 0xfc, 0xbf, 0xc1, 0xff, 0xf2, 0xff, 0x7,
    0xff, 0xcb, 0xfc, 0x1f, 0xff, 0x25, 0xf0, 0x7f,
    0xf4, 0xc0,

    /* U+672C "本" */
    0xf, 0xff, 0xf8, 0x7f, 0xf2, 0x7f, 0xc1, 0xff,
    0xf0, 0xff, 0x7, 0xff, 0xc3, 0xfc, 0x1f, 0xff,
    0xf, 0xf0, 0x7f, 0xfc, 0x3f, 0xc1, 0xff, 0xf0,
    0xff, 0x7, 0xff, 0xc3, 0xfc, 0x1f, 0xff, 0xf,
    0xf0, 0x7f, 0xfc, 0x3f, 0xc1, 0xff, 0xf0, 0xff,
    0x7, 0xff, 0xc3, 0xfc, 0x1f, 0xff, 0xf, 0xf0,
    0x7f, 0xfc, 0x3f, 0xc1, 0xff, 0xd6, 0x58, 0x3f,
    0xf9, 0x7f, 0xe0, 0xff, 0xe5, 0xae, 0xf, 0x5f,
    0xff, 0xef, 0xf, 0x5f, 0xff, 0xef, 0xf, 0x5f,
    0xff, 0xef, 0xf, 0x5f, 0xff, 0xef, 0xf, 0x5f,
    0xab, 0xff, 0x8b, 0xff, 0xfc, 0x4a, 0xff, 0xe2,
    0x7f, 0x83, 0xff, 0xa1, 0xff, 0xfc, 0x38, 0x3f,
    0xfc, 0xaf, 0xff, 0xf1, 0x3, 0xff, 0xcb, 0x7f,
    0xff, 0x11, 0xf, 0xff, 0x27, 0xf5, 0xfe, 0x7f,
    0x41, 0xff, 0xe3, 0x7f, 0x8f, 0xf1, 0xfc, 0x1f,
    0xfe, 0x3f, 0xe8, 0xff, 0x1f, 0xc8, 0x7f, 0xf8,
    0x5f, 0xe4, 0xff, 0x17, 0xf0, 0x7f, 0xf8, 0x7f,
    0xc0, 0xff, 0x3, 0xf9, 0xf, 0xfe, 0xfb, 0xfc,
    0x83, 0xfc, 0xb, 0xf4, 0x1f, 0xfd, 0xff, 0xf0,
    0x5f, 0xe0, 0x3f, 0xc1, 0xff, 0xde, 0x7f, 0x90,
    0xbf, 0xc1, 0x7f, 0x41, 0xff, 0xdd, 0xff, 0x6,
    0xff, 0x4, 0xff, 0x21, 0xff, 0xdb, 0xbf, 0x90,
    0xdf, 0xe0, 0xdf, 0xe0, 0xff, 0xed, 0xff, 0x83,
    0xbf, 0xc1, 0x9f, 0xe4, 0x3f, 0xfb, 0x37, 0xf2,
    0x1d, 0xfe, 0xe, 0xff, 0x7, 0xff, 0x61, 0xff,
    0x7, 0xbf, 0xc1, 0xcf, 0xf8, 0x3f, 0xfa, 0xff,
    0xe4, 0x3d, 0xfe, 0xf, 0x7f, 0xa0, 0xff, 0xea,
    0xdf, 0xd0, 0x7d, 0xfe, 0xf, 0xbf, 0xc8, 0x7f,
    0xf4, 0xdf, 0xf0, 0x7e, 0xff, 0x7, 0xcf, 0xf8,
    0x3f, 0xfa, 0x7f, 0xe4, 0x3f, 0x7f, 0x83, 0xf7,
    0xfc, 0x1f, 0xfd, 0x1f, 0xf8, 0x3f, 0xbf, 0xc1,
    0xfd, 0xff, 0x7, 0xff, 0x3f, 0xfe, 0xf, 0xf7,
    0xf8, 0x3f, 0x9f, 0xf8, 0x3f, 0xf9, 0xb7, 0xf9,
    0xf, 0xf7, 0xf8, 0x3f, 0xd7, 0xfc, 0x1f, 0xfc,
    0xbb, 0xfd, 0x7, 0xfd, 0xfe, 0xf, 0xfb, 0xff,
    0x21, 0xff, 0xc8, 0xbf, 0xe0, 0xff, 0xe0, 0x7f,
    0x83, 0xff, 0x81, 0xff, 0x90, 0xff, 0xe3, 0x5f,
    0xf0, 0x7f, 0xf0, 0x7f, 0xc1, 0xff, 0xc1, 0xff,
    0xd0, 0x7f, 0xf1, 0x2f, 0xf8, 0x3f, 0xf8, 0x5f,
    0xe0, 0xff, 0xe1, 0x7f, 0xf0, 0x7f, 0xf0, 0xaf,
    0xf9, 0x2, 0xc1, 0xfd, 0xfe, 0xf, 0xf2, 0xc0,
    0xff, 0xe4, 0x3f, 0xef, 0xfc, 0x81, 0xff, 0xfe,
    0x98, 0x5f, 0xfe, 0x43, 0xe7, 0xff, 0x41, 0x3f,
    0xff, 0xd3, 0xd, 0xff, 0xe8, 0x3a, 0xff, 0xd0,
    0x67, 0xff, 0xfa, 0x61, 0xdf, 0xff, 0x1, 0xff,
    0xe8, 0x39, 0xff, 0xfe, 0x98, 0x7a, 0xff, 0xc0,
    0x7f, 0xfa, 0xf, 0x3f, 0xab, 0xf7, 0xfa, 0xbf,
    0x7e, 0x83, 0xe7, 0xfc, 0x19, 0xff, 0xa0, 0xff,
    0xe4, 0x7f, 0x83, 0xff, 0x95, 0xf8, 0x3e, 0xfe,
    0x43, 0xff, 0x93, 0xfe, 0xf, 0xfe, 0x5d, 0xa1,
    0xfb, 0xe4, 0x3f, 0xf9, 0x5f, 0xe0, 0xff, 0xeb,
    0xe1, 0xff, 0xcc, 0xff, 0x7, 0xff, 0xc3, 0xfc,
    0x1f, 0xff, 0xf, 0xf0, 0x7f, 0xfc, 0x3f, 0xc1,
    0xff, 0xf0, 0xff, 0x7, 0xff, 0xc3, 0xfc, 0x1f,
    0xff, 0xf, 0xf0, 0x7f, 0xfc, 0x3f, 0xc1, 0xff,
    0xf0, 0xff, 0x7, 0xff, 0xc3, 0xfc, 0x1f, 0xfd,
    0x20,

    /* U+6761 "条" */
    0xf, 0xfe, 0x4a, 0x1f, 0xff, 0x57, 0xc8, 0x7f,
    0xfc, 0xff, 0xa4, 0x3f, 0xfe, 0x1f, 0xf0, 0x7f,
    0xfb, 0xef, 0xf0, 0x7f, 0xfc, 0x3f, 0xc1, 0xff,
    0xf0, 0xff, 0x21, 0xff, 0xef, 0x7f, 0xff, 0xb2,
    0x87, 0xff, 0x43, 0xff, 0xfb, 0x41, 0xff, 0xd0,
    0xbf, 0xff, 0xb2, 0x87, 0xff, 0x3d, 0xff, 0xfe,
    0xcc, 0x1f, 0xfd, 0xf, 0xff, 0xed, 0x7, 0xff,
    0x42, 0xff, 0xc1, 0xff, 0xca, 0xbf, 0xc1, 0xff,
    0xd0, 0x7f, 0xfa, 0xf, 0xfe, 0x43, 0xfe, 0x43,
    0xff, 0x9e, 0xff, 0xfc, 0x87, 0xff, 0x1f, 0xfd,
    0x7, 0xff, 0x43, 0xfd, 0x7f, 0x90, 0xff, 0xe2,
    0xff, 0xc1, 0xff, 0xd0, 0xff, 0x43, 0xfe, 0x43,
    0xff, 0x87, 0xff, 0x7, 0xff, 0x43, 0xfe, 0x9,
    0xff, 0x21, 0xff, 0xc1, 0xff, 0x83, 0xff, 0xa1,
    0xff, 0x7, 0x3f, 0xe4, 0x3f, 0xef, 0xf9, 0xf,
    0xfe, 0x7d, 0xfe, 0x43, 0xd7, 0xfa, 0xf, 0xcf,
    0xfc, 0x87, 0xff, 0x3f, 0xfe, 0x43, 0xf5, 0xfe,
    0x83, 0xcf, 0xfc, 0x87, 0xff, 0x3f, 0xfe, 0x83,
    0xfd, 0x7f, 0xc1, 0xaf, 0xf9, 0xf, 0xfe, 0x7b,
    0xfe, 0x83, 0xff, 0x80, 0xff, 0xd3, 0xff, 0x83,
    0xff, 0xa6, 0xfd, 0x7, 0xff, 0x9, 0xff, 0xfe,
    0x18, 0x7f, 0xf5, 0xbc, 0x1f, 0xfc, 0x47, 0xff,
    0xf8, 0x10, 0x7f, 0xfa, 0xaf, 0xff, 0x41, 0xff,
    0xea, 0xbf, 0xff, 0x81, 0x7, 0xff, 0x9d, 0xff,
    0xfe, 0x24, 0x87, 0xff, 0x89, 0xff, 0xe6, 0xff,
    0xf4, 0x87, 0xff, 0x76, 0xff, 0xe8, 0x37, 0xff,
    0xf0, 0x24, 0x3f, 0xfa, 0xf7, 0xff, 0xa0, 0xf9,
    0xff, 0xfe, 0x1c, 0x87, 0xff, 0x39, 0xbf, 0xfe,
    0x83, 0xfe, 0x7f, 0xff, 0x91, 0x52, 0xc1, 0xff,
    0x37, 0xff, 0xf0, 0x60, 0xff, 0xe1, 0xb7, 0xff,
    0xf2, 0xc3, 0x2a, 0x9f, 0xff, 0xc4, 0x43, 0xdf,
    0xe0, 0xfc, 0xff, 0xff, 0x20, 0xf, 0xff, 0xf1,
    0xe0, 0xfe, 0xff, 0x7, 0xfc, 0xff, 0xff, 0x12,
    0x9, 0xff, 0xfe, 0x1c, 0x87, 0xfd, 0xfe, 0xf,
    0xfe, 0x13, 0x4f, 0xff, 0x83, 0xaf, 0xff, 0x48,
    0x7f, 0xf0, 0xff, 0xc1, 0xff, 0xc7, 0x69, 0xfe,
    0xf, 0x7f, 0xd2, 0x1f, 0xfc, 0x6f, 0xf0, 0x7f,
    0xf3, 0x94, 0x1e, 0xf4, 0xa0, 0xff, 0xe5, 0x7f,
    0x83, 0xff, 0xe3, 0xfe, 0xf, 0xfe, 0xcd, 0xff,
    0xfe, 0x84, 0x3f, 0xf8, 0x37, 0xff, 0xfa, 0x10,
    0xff, 0xe0, 0xdf, 0xff, 0xe8, 0x43, 0xff, 0x83,
    0x7f, 0xff, 0xa1, 0xf, 0xfe, 0xd, 0xff, 0xfe,
    0x84, 0x3f, 0xfb, 0x3f, 0xe0, 0xff, 0xf8, 0xff,
    0x83, 0xff, 0xe3, 0xfe, 0xf, 0xff, 0x2a, 0x83,
    0xfd, 0xfe, 0xf, 0xff, 0x2f, 0xa0, 0xfe, 0xff,
    0x7, 0xee, 0xf, 0xfe, 0xd7, 0xe8, 0x3f, 0x7f,
    0x83, 0xef, 0xc8, 0x7f, 0xf5, 0xff, 0xe0, 0xfb,
    0xfc, 0x1e, 0x7f, 0xc1, 0xff, 0xd4, 0x7f, 0xf2,
    0x1e, 0xff, 0x7, 0x3f, 0xfa, 0xf, 0xfe, 0x8b,
    0xff, 0x83, 0xf7, 0xf8, 0x39, 0xff, 0xf2, 0x1f,
    0xfc, 0xeb, 0xff, 0x7, 0xf7, 0xf8, 0x3e, 0x7f,
    0xfa, 0xf, 0xfe, 0x67, 0xfe, 0x83, 0xfd, 0xfe,
    0xf, 0xeb, 0xff, 0x90, 0xff, 0xe4, 0x5f, 0xf9,
    0xf, 0xfb, 0xfc, 0x1f, 0xf5, 0xff, 0xc1, 0xff,
    0xc6, 0xff, 0xd0, 0x7f, 0xf0, 0x7f, 0xc1, 0xff,
    0xc0, 0x7f, 0xfa, 0xf, 0xfe, 0x15, 0xff, 0x90,
    0xff, 0xe1, 0x7f, 0x83, 0xff, 0x85, 0x7f, 0xf0,
    0x7f, 0xcf, 0xff, 0x7, 0xff, 0xd, 0xff, 0x7,
    0xff, 0xd, 0xff, 0xe8, 0x3f, 0x7f, 0xf4, 0x1f,
    0xfc, 0x26, 0xff, 0x83, 0xff, 0x8b, 0x7f, 0xe0,
    0xfc, 0xff, 0xc8, 0x7f, 0xaf, 0xff, 0xe0, 0x41,
    0xff, 0xc6, 0x7f, 0xc1, 0xff, 0x7e, 0x83, 0xff,
    0x83, 0xff, 0xfc, 0x4, 0x3f, 0xf9, 0x1f, 0x90,
    0xff, 0x9f, 0x7, 0xff, 0xe, 0xff, 0xf8, 0x3f,
    0xf9, 0x57, 0x7, 0xff, 0x5, 0xf, 0xfe, 0x23,
    0xff, 0xe0, 0xff, 0xf6, 0xff, 0xe4, 0x3f, 0xfd,
    0xd7, 0xd2, 0x1f, 0xff, 0xf0, 0xff, 0xe8, 0x80,

    /* U+6765 "来" */
    0xf, 0xfe, 0x8a, 0xfc, 0x1f, 0xfe, 0xfb, 0xfc,
    0x1f, 0xfe, 0xfb, 0xfa, 0xf, 0xff, 0x7b, 0xfd,
    0x7, 0xff, 0xbd, 0xfe, 0x83, 0xff, 0xe1, 0xfd,
    0x7, 0xff, 0xc3, 0xfa, 0xf, 0xff, 0x87, 0xf4,
    0x1f, 0xff, 0xf, 0xe8, 0x3f, 0xfb, 0xb, 0x7,
    0xff, 0x27, 0xfa, 0xf, 0xfe, 0x42, 0xe0, 0xff,
    0x9f, 0xff, 0xf4, 0xc1, 0xff, 0x3f, 0xff, 0xe9,
    0x83, 0xfe, 0x7f, 0xff, 0xd3, 0x7, 0xfc, 0xff,
    0xff, 0xa6, 0xf, 0xf9, 0xfd, 0x5f, 0xfc, 0x8f,
    0xf5, 0x7f, 0xf2, 0x3e, 0x83, 0xff, 0xb1, 0xfd,
    0x7, 0xff, 0xc3, 0xfa, 0xf, 0xfe, 0x2, 0x1f,
    0xfd, 0x47, 0x43, 0xff, 0x81, 0xfd, 0x7, 0xfd,
    0xf4, 0x1f, 0xfd, 0x1b, 0xe4, 0x3f, 0xef, 0xe8,
    0x3f, 0xcf, 0xf2, 0x1f, 0xfc, 0xef, 0xf0, 0x7f,
    0xdf, 0xd0, 0x7f, 0xbf, 0xc8, 0x7f, 0xf3, 0xaf,
    0xf0, 0x7f, 0xbf, 0xa0, 0xfe, 0xbf, 0xa0, 0xff,
    0xe8, 0x7f, 0xa0, 0xfe, 0xfe, 0x83, 0xfb, 0xfc,
    0x1f, 0xfd, 0x2f, 0xf0, 0x7f, 0x7f, 0x41, 0xfa,
    0xfe, 0x83, 0xff, 0xa4, 0xff, 0x83, 0xf7, 0xf4,
    0x1f, 0x3f, 0xe0, 0xff, 0xea, 0x7f, 0xa0, 0xfb,
    0xfa, 0xf, 0xbf, 0xc8, 0x7f, 0xf5, 0x7f, 0xc1,
    0xf7, 0xf4, 0x1e, 0x7f, 0xa0, 0xff, 0xeb, 0x5f,
    0xd0, 0x7b, 0xfa, 0xf, 0x7f, 0x83, 0xff, 0xb1,
    0xfc, 0x87, 0xbf, 0xa0, 0xeb, 0xfa, 0xf, 0xfe,
    0xc3, 0xe4, 0x3f, 0x7f, 0x41, 0xeb, 0xf0, 0x7f,
    0xf6, 0xa0, 0xff, 0x7f, 0x41, 0xf9, 0xd0, 0xff,
    0xe4, 0xa8, 0x3f, 0xf9, 0xdf, 0xd0, 0x7f, 0xf3,
    0x56, 0xd, 0xff, 0xff, 0x20, 0xdf, 0xff, 0xf2,
    0xd, 0xff, 0xff, 0x20, 0xdf, 0xff, 0xf2, 0xd,
    0xfd, 0x5f, 0xfc, 0x5f, 0xff, 0xe2, 0xd7, 0xff,
    0x1f, 0xf0, 0x7f, 0xf3, 0xbf, 0xff, 0x8a, 0x1f,
    0xfe, 0x4f, 0xf1, 0xfd, 0x7f, 0x83, 0xff, 0xc5,
    0x7f, 0x27, 0xf5, 0x3f, 0xa0, 0xff, 0xf0, 0x5f,
    0xd0, 0x3f, 0xa3, 0xfd, 0x7, 0xff, 0x79, 0xff,
    0x5, 0xfd, 0xf, 0xfa, 0xf, 0xfe, 0xe3, 0xfe,
    0x42, 0xfe, 0x81, 0x7f, 0xa0, 0xff, 0xed, 0x3f,
    0xe8, 0x37, 0xf4, 0x15, 0xff, 0x7, 0xff, 0x61,
    0xff, 0x41, 0xdf, 0xd0, 0x6f, 0xfc, 0x1f, 0xfd,
    0x67, 0xfe, 0xf, 0x7f, 0x41, 0xdf, 0xf9, 0xf,
    0xfe, 0x9b, 0xff, 0x7, 0xdf, 0xd0, 0x7b, 0xff,
    0x41, 0xff, 0xd1, 0x7f, 0xe4, 0x3e, 0xfe, 0x83,
    0xef, 0xfe, 0xf, 0xfe, 0x7d, 0xff, 0x21, 0xfb,
    0xfa, 0xf, 0xdf, 0xfd, 0x7, 0xff, 0x33, 0xff,
    0x21, 0xfd, 0xfd, 0x7, 0xf7, 0xff, 0x90, 0xff,
    0xe4, 0x3f, 0xf9, 0xf, 0xf7, 0xf4, 0x1f, 0xef,
    0xff, 0x90, 0xff, 0xe2, 0xdf, 0xf9, 0xf, 0xfb,
    0xfa, 0xf, 0xfb, 0xff, 0xf8, 0x10, 0x7f, 0xf0,
    0x5f, 0xfe, 0x43, 0xff, 0x81, 0xfd, 0x7, 0xff,
    0x2, 0xff, 0xfe, 0xa, 0x1f, 0x9f, 0xff, 0x7,
    0xff, 0xb, 0xfa, 0xf, 0xfe, 0xb, 0xff, 0xfc,
    0x34, 0x27, 0xff, 0xe0, 0xff, 0xe1, 0xff, 0x41,
    0xff, 0xc3, 0xff, 0xfe, 0x10, 0x1f, 0xff, 0xa0,
    0xff, 0xe2, 0x7f, 0x41, 0xff, 0xc4, 0xbf, 0xfe,
    0xa, 0xff, 0xf2, 0x1f, 0xfc, 0x5f, 0xe8, 0x3f,
    0xf8, 0xd7, 0xfe, 0xe, 0xbf, 0xf2, 0x1f, 0xfc,
    0x6f, 0xe8, 0x3f, 0xf8, 0xef, 0xf9, 0xf, 0x5f,
    0xd0, 0x7f, 0xf2, 0x3f, 0xa0, 0xff, 0xe4, 0xbf,
    0x41, 0xfa, 0xf9, 0xf, 0xfe, 0x43, 0xfd, 0x7,
    0xff, 0x2d, 0x90, 0xfe, 0xa0, 0x7f, 0xf2, 0x9f,
    0xe8, 0x3f, 0xfd, 0xef, 0xf4, 0x1f, 0xfe, 0xf7,
    0xfa, 0xf, 0xff, 0x7d, 0xfe, 0xf, 0xff, 0x7b,
    0x5c, 0x87, 0xff, 0x48,

    /* U+6797 "林" */
    0xf, 0xfe, 0xf5, 0x78, 0x3f, 0xfa, 0x9f, 0xe0,
    0xff, 0xe6, 0x7f, 0x83, 0xff, 0xa9, 0xfe, 0xf,
    0xfe, 0x67, 0xf8, 0x3f, 0xfa, 0x9f, 0xe0, 0xff,
    0xe6, 0x5f, 0xc1, 0xff, 0xd4, 0xff, 0x7, 0xff,
    0x32, 0xfe, 0xf, 0xfe, 0xa7, 0xf8, 0x3f, 0xf9,
    0x97, 0xf0, 0x7f, 0xf5, 0x3f, 0xc1, 0xff, 0xcc,
    0xbf, 0x83, 0xff, 0xa9, 0xfe, 0xf, 0xfe, 0x65,
    0xfc, 0x1f, 0xfd, 0x4f, 0xf0, 0x7f, 0xf3, 0x2f,
    0xe0, 0xff, 0xea, 0x7f, 0x83, 0xff, 0x99, 0x7f,
    0x7, 0xff, 0x53, 0xfc, 0x1f, 0xfc, 0xcb, 0xf8,
    0x3f, 0xfa, 0x9f, 0xe0, 0xff, 0xe6, 0x5f, 0xc1,
    0xff, 0xd4, 0xff, 0x7, 0xff, 0x32, 0xfe, 0xf,
    0xfe, 0xa7, 0xf8, 0x3f, 0xf9, 0x97, 0xf0, 0x7f,
    0xf5, 0x3f, 0xc1, 0xff, 0xcc, 0xbf, 0x83, 0xff,
    0x96, 0x87, 0xef, 0xf0, 0x7e, 0x43, 0x21, 0xfe,
    0xbf, 0x83, 0xff, 0x82, 0xb8, 0x3b, 0xff, 0xf9,
    0xa8, 0x5f, 0xff, 0xd5, 0x83, 0xbf, 0xff, 0x9a,
    0x85, 0xff, 0xfd, 0x58, 0x3b, 0xff, 0xf9, 0xa8,
    0x5f, 0xff, 0xd5, 0x83, 0xbf, 0xff, 0x9a, 0x85,
    0xff, 0xfd, 0x58, 0x3a, 0xbf, 0x3f, 0xf2, 0xab,
    0xe0, 0xd5, 0xcb, 0xaf, 0xfc, 0xbf, 0xea, 0xe4,
    0x3f, 0xf8, 0x5f, 0xf0, 0x7f, 0xf2, 0x9f, 0xfc,
    0x1f, 0xfd, 0x2f, 0xf8, 0x3f, 0xf9, 0x57, 0xfe,
    0x83, 0xff, 0xa0, 0xff, 0xc1, 0xff, 0xca, 0xff,
    0xf0, 0x7f, 0xf4, 0x2f, 0xf8, 0x3f, 0xf9, 0x2f,
    0xff, 0x90, 0xff, 0xe7, 0xff, 0xe0, 0xff, 0xe4,
    0xff, 0xfd, 0x7, 0xff, 0x39, 0xff, 0xc1, 0xff,
    0xc9, 0xff, 0xfe, 0x0, 0x7f, 0xf3, 0xaf, 0xfc,
    0x19, 0xf, 0xfe, 0x1d, 0xff, 0xfc, 0x8, 0x3f,
    0xf9, 0xbf, 0xfc, 0xb, 0xc1, 0xff, 0xc3, 0xff,
    0xfe, 0x10, 0x7f, 0xf3, 0x1f, 0xfe, 0x7f, 0x41,
    0xff, 0xc1, 0x7f, 0xff, 0x85, 0x7, 0xff, 0x2f,
    0xff, 0xf8, 0x88, 0x7f, 0xf0, 0x3f, 0xff, 0x88,
    0x1f, 0xfc, 0xbf, 0xff, 0x5f, 0xe0, 0xff, 0x9f,
    0xeb, 0xfa, 0xfd, 0x7, 0xff, 0x26, 0xff, 0xf1,
    0xfe, 0x83, 0xfd, 0xfd, 0x4f, 0xe7, 0xf8, 0x3f,
    0xf9, 0x3f, 0xff, 0x17, 0xf8, 0x3f, 0x9f, 0xe2,
    0xfe, 0x3f, 0xc1, 0xff, 0xc7, 0xbf, 0xfe, 0x7,
    0xfa, 0xf, 0xdf, 0xd1, 0x7f, 0xf, 0xf4, 0x1f,
    0xfc, 0x6f, 0xe7, 0xfc, 0x7, 0xfc, 0x1f, 0x5f,
    0xc9, 0x7f, 0x3, 0xfc, 0x87, 0xff, 0x12, 0xfe,
    0x3f, 0xc1, 0x7f, 0xc1, 0xef, 0xf0, 0x2f, 0xe0,
    0x3f, 0xe0, 0xff, 0xe1, 0xbf, 0xd1, 0xfe, 0x9,
    0xfe, 0x43, 0xbf, 0xc8, 0x2f, 0xe0, 0xbf, 0xe0,
    0xff, 0xe1, 0x7f, 0x81, 0xfe, 0xd, 0xf2, 0x1e,
    0x7f, 0xc1, 0x5f, 0xc1, 0xbf, 0xd0, 0x7f, 0xf0,
    0x2f, 0xf0, 0x3f, 0xc1, 0xa8, 0x1f, 0xbf, 0xc8,
    0x57, 0xf0, 0x6b, 0xfd, 0x7, 0xf9, 0xff, 0x20,
    0xff, 0x7, 0xff, 0x6, 0xff, 0x6, 0xbf, 0x83,
    0xbf, 0xe8, 0x3f, 0xbf, 0xe0, 0xbf, 0xc1, 0xff,
    0xc0, 0x7f, 0xc8, 0x6b, 0xf8, 0x39, 0xff, 0xa0,
    0xfb, 0xfe, 0x42, 0xff, 0x7, 0xff, 0x3, 0xfe,
    0xe, 0xbf, 0x83, 0xd7, 0xfd, 0x7, 0xbf, 0xe0,
    0xdf, 0xe0, 0xff, 0xbf, 0xe4, 0x3a, 0xfe, 0xf,
    0xaf, 0xfc, 0x87, 0x7f, 0x21, 0xbf, 0xc1, 0xfe,
    0xbf, 0xd0, 0x7a, 0xfe, 0xf, 0xdf, 0xfd, 0x6,
    0xbf, 0x7, 0x7f, 0x83, 0xf9, 0xff, 0x83, 0xeb,
    0xf8, 0x3f, 0xbf, 0xfc, 0x85, 0xf2, 0x1d, 0xfe,
    0xf, 0xcf, 0xfd, 0x7, 0xd7, 0xf0, 0x7f, 0xbf,
    0xf8, 0x33, 0xc1, 0xef, 0xf0, 0x7c, 0xff, 0xe0,
    0xfd, 0x7f, 0x7, 0xf9, 0xff, 0x90, 0xe8, 0x3e,
    0xff, 0x7, 0x9f, 0xfc, 0x1f, 0xd7, 0xf0, 0x7f,
    0xcf, 0xf2, 0x1f, 0xfc, 0x2f, 0xf0, 0x7b, 0xff,
    0x41, 0xfd, 0x7f, 0x7, 0xff, 0x1, 0xfa, 0xf,
    0xfe, 0x1f, 0xf8, 0x3c, 0xff, 0xc1, 0xfe, 0xbf,
    0x83, 0xff, 0x82, 0xf8, 0x3f, 0xf8, 0x9f, 0xe0,
    0xfd, 0x7e, 0xf, 0xfa, 0xfe, 0xf, 0xfe, 0x12,
    0x1f, 0xfc, 0x5f, 0xf0, 0x7f, 0x3e, 0x43, 0xfe,
    0xbf, 0x83, 0xff, 0xa9, 0xfe, 0xf, 0xf9, 0xf,
    0xfe, 0x5, 0xfc, 0x1f, 0xfd, 0x4f, 0xf0, 0x7f,
    0xf3, 0x2f, 0xe0, 0xff, 0xea, 0x7f, 0x83, 0xff,
    0x99, 0x7f, 0x7, 0xff, 0x53, 0xfc, 0x1f, 0xfc,
    0xcb, 0xf8, 0x3f, 0xfa, 0x9f, 0xe0, 0xff, 0xe6,
    0x5f, 0xc1, 0xff, 0xd4, 0xff, 0x7, 0xff, 0x32,
    0xfe, 0xf, 0xfe, 0xa7, 0xf8, 0x3f, 0xf9, 0x97,
    0xf0, 0x7f, 0xf5, 0x3f, 0xc1, 0xff, 0xcc, 0xbf,
    0x83, 0xff, 0xa9, 0xfe, 0xf, 0xfe, 0x65, 0xfc,
    0x1f, 0xfd, 0x4f, 0xf0, 0x7f, 0xf3, 0x3f, 0xc1,
    0xff, 0xd4, 0xff, 0x7, 0xff, 0x33, 0xfc, 0x87,
    0xff, 0x4e, 0xbc, 0x1f, 0xfc, 0xca, 0xf0, 0x7f,
    0xf2, 0x0,

    /* U+679C "果" */
    0xf, 0xe5, 0xff, 0xf1, 0x7, 0xff, 0x1b, 0xff,
    0xfc, 0x50, 0x7f, 0xf1, 0x7f, 0xff, 0xc5, 0x7,
    0xff, 0x17, 0xff, 0xfc, 0x50, 0x7f, 0xf1, 0x7f,
    0xff, 0xc5, 0x7, 0xff, 0x17, 0xfc, 0x1f, 0xfc,
    0x27, 0xf8, 0x3f, 0xf8, 0x7f, 0xd0, 0x7f, 0xf1,
    0x7f, 0xc1, 0xff, 0xc2, 0x7f, 0x83, 0xff, 0x87,
    0xfd, 0x7, 0xff, 0x17, 0xfc, 0x1f, 0xfc, 0x27,
    0xf8, 0x3f, 0xf8, 0x7f, 0xc8, 0x7f, 0xf1, 0x7f,
    0xc1, 0xff, 0xc2, 0x7f, 0x83, 0xff, 0x87, 0xfc,
    0x87, 0xff, 0x17, 0xfc, 0x1f, 0xfc, 0x27, 0xf8,
    0x3f, 0xf8, 0x7f, 0xc8, 0x7f, 0xf1, 0x7f, 0xc1,
    0xff, 0xc2, 0x7f, 0x83, 0xff, 0x87, 0xfc, 0x87,
    0xff, 0x17, 0xfc, 0x1f, 0xfc, 0x27, 0xf8, 0x3f,
    0xf8, 0x7f, 0xc8, 0x7f, 0xf1, 0x7f, 0xc1, 0xff,
    0xc2, 0x7f, 0x83, 0xff, 0x87, 0xfc, 0x87, 0xff,
    0x17, 0xfc, 0xbf, 0xfc, 0x2b, 0xf9, 0x7f, 0xf8,
    0x7f, 0xc8, 0x7f, 0xf1, 0x7f, 0xff, 0xc4, 0x87,
    0xff, 0x17, 0xff, 0xfc, 0x48, 0x7f, 0xf1, 0x7f,
    0xff, 0xc4, 0x87, 0xff, 0x17, 0xff, 0xfc, 0x48,
    0x7f, 0xf1, 0x7f, 0xc1, 0xff, 0xc2, 0x7f, 0x83,
    0xff, 0x87, 0xfc, 0x87, 0xff, 0x17, 0xfc, 0x1f,
    0xfc, 0x27, 0xf8, 0x3f, 0xf8, 0x7f, 0xc8, 0x7f,
    0xf1, 0x7f, 0xc1, 0xff, 0xc2, 0x7f, 0x83, 0xff,
    0x87, 0xfc, 0x87, 0xff, 0x17, 0xfc, 0x1f, 0xfc,
    0x27, 0xf8, 0x3f, 0xf8, 0x7f, 0xc8, 0x7f, 0xf1,
    0x7f, 0xc1, 0xff, 0xc2, 0x7f, 0x83, 0xff, 0x87,
    0xfc, 0x87, 0xff, 0x17, 0xfc, 0x1f, 0xfc, 0x27,
    0xf8, 0x3f, 0xf8, 0x7f, 0xd0, 0x7f, 0xf1, 0x7f,
    0xc1, 0xff, 0xc2, 0x7f, 0x83, 0xff, 0x87, 0xfd,
    0x7, 0xff, 0x17, 0xff, 0xfc, 0x50, 0x7f, 0xf1,
    0x7f, 0xff, 0xc5, 0x7, 0xff, 0x17, 0xff, 0xfc,
    0x50, 0x7f, 0xf1, 0x7f, 0xff, 0xc5, 0x7, 0xff,
    0x15, 0x7f, 0xf9, 0x3f, 0xcb, 0xff, 0xc8, 0xf,
    0xfe, 0xd3, 0xfc, 0x1f, 0xfe, 0xe7, 0xf8, 0x3f,
    0xfd, 0xcf, 0xf0, 0x7f, 0xfb, 0x9f, 0xe0, 0xff,
    0xe9, 0x7e, 0xaf, 0xfe, 0x6f, 0xf5, 0x7f, 0xf3,
    0xd0, 0x7f, 0xff, 0xc5, 0x7, 0xff, 0xfc, 0x50,
    0x7f, 0xff, 0xc5, 0x7, 0xff, 0xfc, 0x50, 0x2e,
    0xf, 0xfe, 0x2d, 0xfc, 0xaf, 0xe0, 0x3f, 0xa0,
    0xff, 0xe2, 0x2c, 0x1f, 0xfc, 0xb7, 0xfa, 0x1f,
    0xe0, 0xbf, 0x90, 0xff, 0xee, 0xff, 0x80, 0xff,
    0x5, 0x7f, 0x7, 0xff, 0x73, 0xfc, 0x81, 0xfe,
    0xd, 0xfe, 0xf, 0xfe, 0xd7, 0xfc, 0x13, 0xfc,
    0x1a, 0xfe, 0x83, 0xff, 0xb1, 0xff, 0x6, 0x7f,
    0x83, 0xbf, 0xd0, 0x7f, 0xf5, 0xbf, 0xe4, 0x33,
    0xfc, 0x1c, 0xff, 0xc1, 0xff, 0xd3, 0x7f, 0xe4,
    0x39, 0xfe, 0xf, 0x3f, 0xf0, 0x7f, 0xf4, 0x7f,
    0xf2, 0x1e, 0x7f, 0x83, 0xeb, 0xfe, 0x83, 0xff,
    0x9a, 0xff, 0xe8, 0x3e, 0x7f, 0x83, 0xf7, 0xff,
    0x21, 0xff, 0xc9, 0x7f, 0xf9, 0xf, 0xcf, 0xf0,
    0x7f, 0x5f, 0xfc, 0x87, 0xff, 0x15, 0xff, 0xf2,
    0x1f, 0xcf, 0xf0, 0x7f, 0xaf, 0xff, 0x21, 0xff,
    0xc1, 0x7f, 0xfe, 0xf, 0xf9, 0xfe, 0xf, 0xf9,
    0xff, 0xfe, 0x2, 0x1f, 0x9f, 0xff, 0xa0, 0xff,
    0xe0, 0x3f, 0xc1, 0xff, 0xc1, 0xff, 0xfe, 0x14,
    0x8d, 0xff, 0xfc, 0x0, 0xff, 0xe1, 0x3f, 0xc1,
    0xff, 0xc2, 0x7f, 0xff, 0x82, 0x9f, 0xff, 0xc0,
    0x83, 0xff, 0x86, 0xff, 0x7, 0xff, 0x12, 0xff,
    0xf4, 0xb, 0xff, 0xc1, 0xff, 0xc5, 0x7f, 0x83,
    0xff, 0x8d, 0x7f, 0xe0, 0xdf, 0xf9, 0xf, 0xfe,
    0x33, 0xfc, 0x1f, 0xfc, 0x8b, 0xfa, 0xc, 0xff,
    0x21, 0xff, 0xc8, 0x7f, 0x83, 0xff, 0x95, 0x7c,
    0x87, 0x7c, 0x87, 0xff, 0x29, 0xfe, 0xf, 0xfe,
    0x63, 0x87, 0x94, 0x1f, 0xfc, 0xc7, 0xf8, 0x3f,
    0xfd, 0xcf, 0xf2, 0x1f, 0xfe, 0xd7, 0xf9, 0xf,
    0xff, 0x6b, 0xfc, 0x87, 0xff, 0x40,

    /* U+67F3 "柳" */
    0xf, 0xfa, 0xb8, 0x3f, 0xfe, 0xf, 0xf2, 0x1f,
    0xfe, 0xf7, 0xf8, 0x3f, 0xf9, 0x56, 0x87, 0xff,
    0x63, 0xf8, 0x3f, 0xf8, 0xf7, 0xf0, 0x7f, 0xf6,
    0x3f, 0x83, 0xff, 0x86, 0xdf, 0xfa, 0xf, 0xfe,
    0xbf, 0xf0, 0x7f, 0x2a, 0x9f, 0xff, 0xc1, 0x43,
    0xff, 0xad, 0xfc, 0x1f, 0xdf, 0xff, 0xc6, 0xc,
    0xff, 0xff, 0x15, 0xf, 0xfb, 0xf8, 0x3f, 0xbf,
    0xff, 0x87, 0x44, 0x33, 0xff, 0xfc, 0x54, 0x3f,
    0xef, 0xe0, 0xfe, 0xff, 0xf4, 0x87, 0xf9, 0xff,
    0xfe, 0x2a, 0x1f, 0xf7, 0xf0, 0x7f, 0x7f, 0x48,
    0x7f, 0xf0, 0xdf, 0xff, 0xe2, 0xa1, 0xff, 0x7f,
    0x7, 0xf7, 0xf0, 0x7f, 0xf1, 0xbf, 0xab, 0xef,
    0xe4, 0x3f, 0xef, 0xe0, 0xfe, 0xfe, 0xf, 0xfe,
    0x37, 0xf0, 0x7d, 0xfc, 0x1f, 0xfc, 0xf, 0xe0,
    0xfe, 0xfe, 0xf, 0xfe, 0x37, 0xf0, 0x7d, 0xfc,
    0x1f, 0xfc, 0xf, 0xe0, 0xfe, 0xbf, 0x7, 0xff,
    0x1b, 0xf8, 0x3e, 0xfe, 0xc, 0x87, 0xdf, 0xc1,
    0xc8, 0x57, 0xe0, 0xf3, 0x28, 0x3f, 0x7f, 0x7,
    0xdf, 0xc1, 0x7f, 0xff, 0x20, 0x2b, 0xf0, 0x79,
    0xff, 0x7, 0x7f, 0x7, 0xdf, 0xc1, 0x7f, 0xff,
    0x20, 0x2b, 0xf0, 0x79, 0xff, 0x7, 0x7f, 0x7,
    0xdf, 0xc1, 0x7f, 0xff, 0x20, 0x2b, 0xf0, 0x7d,
    0xfd, 0x7, 0x7f, 0x7, 0xdf, 0xc1, 0x7f, 0xff,
    0x20, 0x2b, 0xf0, 0x7d, 0xfd, 0x7, 0x7f, 0x7,
    0xdf, 0xc1, 0x57, 0x2d, 0xfe, 0x55, 0x60, 0xaf,
    0xc1, 0xf7, 0xf2, 0x1d, 0xfc, 0x1f, 0x7f, 0x7,
    0xfd, 0xfe, 0xf, 0xeb, 0xf0, 0x7d, 0xfc, 0x87,
    0x7f, 0x7, 0xdf, 0xc1, 0xff, 0x7f, 0x83, 0xfa,
    0xfc, 0x1f, 0x7f, 0x21, 0xdf, 0xc1, 0xf7, 0xf0,
    0x7f, 0x9f, 0xf0, 0x7f, 0x5f, 0x83, 0xef, 0xe0,
    0xf7, 0xf0, 0x7d, 0xfc, 0x1f, 0xeb, 0xfc, 0x1f,
    0xd7, 0xe0, 0xfb, 0xf8, 0x3d, 0xfc, 0x1f, 0x7f,
    0x7, 0xfb, 0xfe, 0xf, 0xeb, 0xf0, 0x7d, 0xfc,
    0x1e, 0xfe, 0xf, 0xbf, 0x83, 0xfd, 0xff, 0x7,
    0xf5, 0xf8, 0x3e, 0xfe, 0xf, 0x7f, 0x7, 0xdf,
    0xc1, 0xfc, 0xff, 0xc1, 0x61, 0xd7, 0xe0, 0xfb,
    0xf8, 0x3d, 0xfc, 0x1f, 0x7f, 0x7, 0xf5, 0xff,
    0x17, 0x90, 0xd7, 0xe0, 0xfb, 0xf8, 0x3d, 0xfc,
    0x1f, 0x7f, 0x7, 0xf7, 0xff, 0xf0, 0x43, 0x5f,
    0x83, 0xef, 0xe0, 0xf7, 0xf0, 0x7d, 0xfc, 0x1f,
    0x9f, 0xff, 0xe0, 0xa1, 0x5f, 0x83, 0xef, 0xe0,
    0xf7, 0xf0, 0x7d, 0xfc, 0x1f, 0xaf, 0xff, 0xe1,
    0x5, 0x7e, 0xf, 0xbf, 0x83, 0xdf, 0xc1, 0xf7,
    0xf0, 0x7e, 0xff, 0xeb, 0xf9, 0x5, 0xf8, 0x3e,
    0xfe, 0xf, 0x7f, 0x7, 0xdf, 0xc1, 0xf3, 0xff,
    0xc7, 0xf8, 0x17, 0xe0, 0xfb, 0xf8, 0x3d, 0xfc,
    0x1f, 0x7f, 0x7, 0xdf, 0xfe, 0x3f, 0xc9, 0x7e,
    0xf, 0xbf, 0x83, 0xdf, 0xc1, 0xf7, 0xf0, 0x79,
    0xff, 0xf0, 0xff, 0x8b, 0xf0, 0x7d, 0xfc, 0x1e,
    0xfe, 0xf, 0xbf, 0x83, 0xdf, 0xd7, 0xf0, 0x3f,
    0xc5, 0xf8, 0x3e, 0xfe, 0xf, 0x7f, 0x7, 0xdf,
    0xc1, 0xcf, 0xf1, 0xfc, 0xb, 0xf4, 0x5f, 0x83,
    0x9f, 0xf0, 0x7b, 0xf8, 0x3e, 0xfe, 0xe, 0xfe,
    0x8f, 0xe0, 0xbd, 0x5, 0x7e, 0xd, 0x7f, 0xc1,
    0xef, 0xe0, 0xfb, 0xf8, 0x33, 0xfc, 0x9f, 0xc1,
    0x41, 0xd7, 0xe0, 0x3f, 0xfc, 0x1e, 0xfe, 0xf,
    0xbf, 0x83, 0x7f, 0x81, 0xfc, 0x1f, 0xd7, 0xe7,
    0xff, 0xe0, 0xf7, 0xf0, 0x7d, 0xfc, 0x15, 0xfc,
    0x83, 0xf8, 0x3f, 0xbf, 0xff, 0x8a, 0x1e, 0xfe,
    0xf, 0xbf, 0x80, 0xff, 0x82, 0xfe, 0xf, 0xcf,
    0xff, 0xf1, 0x43, 0xdf, 0xc1, 0xf7, 0xf0, 0x3f,
    0xc8, 0x5f, 0xc1, 0xfb, 0xff, 0xe5, 0x7e, 0x83,
    0xdf, 0xc1, 0xf7, 0xf1, 0x7f, 0x83, 0x7f, 0x7,
    0xef, 0xfe, 0x81, 0x7e, 0x83, 0xdf, 0xc1, 0xf7,
    0xf0, 0x2f, 0xc8, 0x6f, 0xe0, 0xfc, 0xff, 0xc8,
    0x57, 0xe4, 0x3d, 0xfc, 0x1f, 0x7f, 0x4, 0xfc,
    0x1d, 0xfc, 0x1f, 0xd7, 0xf0, 0x77, 0xf0, 0x7d,
    0xfc, 0x1e, 0xbf, 0x83, 0x3a, 0x1d, 0xfc, 0x1f,
    0xef, 0xa0, 0xe7, 0xf8, 0x3e, 0xfe, 0x1a, 0x7f,
    0xe0, 0xe4, 0x3d, 0xfc, 0x1f, 0xe7, 0x43, 0xd7,
    0xf0, 0x7d, 0xfc, 0xf, 0xff, 0x7, 0xff, 0x3,
    0xf8, 0x3f, 0xf8, 0xff, 0xc8, 0x7d, 0xfc, 0xb,
    0xff, 0x41, 0xff, 0xc0, 0xfe, 0xf, 0xfe, 0x33,
    0xfc, 0x1f, 0xbf, 0x82, 0xff, 0xc1, 0xff, 0xc1,
    0xfe, 0xf, 0xfe, 0x37, 0xf8, 0x3f, 0x7f, 0x5,
    0xfe, 0x83, 0xff, 0x85, 0xfc, 0x1f, 0xfc, 0x57,
    0xf9, 0xf, 0xdf, 0xc1, 0x5f, 0x48, 0x7f, 0xf0,
    0xff, 0x83, 0xff, 0x8b, 0xfe, 0xf, 0xef, 0xe0,
    0xca, 0xf, 0xfe, 0x37, 0xf0, 0x7f, 0xf1, 0x2f,
    0xe8, 0x3f, 0xbf, 0x83, 0xff, 0x99, 0xfc, 0x1f,
    0xfc, 0x37, 0xfc, 0x1f, 0xef, 0xe0, 0xff, 0xe6,
    0x7f, 0x7, 0xff, 0x9, 0xff, 0x41, 0xfe, 0xfe,
    0xf, 0xfe, 0x67, 0xf0, 0x7f, 0xf0, 0x5f, 0xf8,
    0x3f, 0xef, 0xe0, 0xff, 0xe6, 0x7f, 0x7, 0xff,
    0x2, 0xff, 0x83, 0xfe, 0x7f, 0x83, 0xff, 0x99,
    0xfc, 0x1f, 0xf7, 0xfe, 0x43, 0xfe, 0x7f, 0x83,
    0xff, 0x99, 0xfc, 0x1f, 0xd7, 0xfe, 0x83, 0xff,
    0x80, 0xff, 0x7, 0xff, 0x33, 0xf8, 0x3e, 0x7f,
    0xfa, 0xf, 0xfe, 0xb, 0xfc, 0x1f, 0xfc, 0xb7,
    0xf8, 0x3e, 0xff, 0xe4, 0x3f, 0xf8, 0x4f, 0xf0,
    0x7f, 0xf2, 0xdf, 0xe4, 0x3e, 0xff, 0x90, 0xff,
    0xe1, 0xdf, 0xc1, 0xff, 0xcb, 0x7f, 0x90, 0xfd,
    0xfc, 0x1f, 0xfc, 0x5b, 0xf8, 0x3f, 0xf9, 0x6f,
    0xf2, 0x1f, 0x9f, 0x41, 0xff, 0xc6, 0x6b, 0x83,
    0xff, 0x98, 0xbc, 0x1f, 0xe8, 0x3f, 0xfb, 0x60,

    /* U+6811 "树" */
    0xf, 0xf3, 0x5c, 0x1f, 0xfd, 0xba, 0xe0, 0xff,
    0xe2, 0xff, 0x83, 0xff, 0xb4, 0xff, 0x7, 0xff,
    0x17, 0xfc, 0x1f, 0xfd, 0xa7, 0xf8, 0x3f, 0xf8,
    0xb7, 0xf0, 0x7f, 0xf6, 0x9f, 0xe0, 0xff, 0xe2,
    0xdf, 0xa0, 0xff, 0xed, 0x3f, 0xc1, 0xff, 0xc5,
    0xbf, 0x41, 0xff, 0xda, 0x7f, 0x83, 0xff, 0x8b,
    0x7e, 0x83, 0xff, 0xb4, 0xff, 0x7, 0xff, 0x16,
    0xfc, 0x87, 0xff, 0x69, 0xfe, 0xf, 0xfe, 0x2d,
    0xf9, 0xf, 0xfe, 0xd3, 0xfc, 0x1f, 0xfc, 0x5b,
    0xf2, 0x1f, 0x75, 0xff, 0xc5, 0xf, 0xfe, 0xb,
    0xfc, 0x1f, 0xfc, 0x5b, 0xf2, 0x1e, 0x7f, 0xff,
    0x8c, 0x1f, 0xfc, 0x17, 0xf8, 0x3f, 0xf8, 0xb7,
    0xe4, 0x3c, 0xff, 0xff, 0x18, 0x3f, 0xf8, 0x5f,
    0xc1, 0xff, 0xc5, 0xbf, 0x21, 0xe7, 0xff, 0xf8,
    0xc1, 0xff, 0xc2, 0xfe, 0xf, 0xfe, 0x2d, 0xf9,
    0xf, 0x3f, 0xff, 0xc6, 0xf, 0xfe, 0x17, 0xf0,
    0x7f, 0x2f, 0xeb, 0xf4, 0xbe, 0xf, 0xfe, 0xb,
    0xfc, 0x1f, 0xfc, 0x2f, 0xe0, 0xca, 0xb, 0xff,
    0xf9, 0x1, 0xff, 0xc1, 0x7f, 0x40, 0xff, 0xfe,
    0x58, 0x5f, 0xff, 0xc8, 0xf, 0xfe, 0xd, 0xfa,
    0x7, 0xff, 0xf2, 0xc2, 0xff, 0xfe, 0x40, 0x7f,
    0xf0, 0x6f, 0xc8, 0x3f, 0xff, 0x96, 0x17, 0xff,
    0xf2, 0x3, 0xff, 0x83, 0xfc, 0x83, 0xff, 0xf9,
    0x61, 0x2f, 0x1, 0xfe, 0x80, 0xb8, 0x3f, 0xf8,
    0x3f, 0xc1, 0x57, 0xcb, 0xaf, 0xe5, 0x56, 0xf,
    0xf3, 0xfc, 0x87, 0xff, 0x1f, 0xf8, 0x3f, 0xf8,
    0x7f, 0xc1, 0xff, 0xc4, 0xbf, 0x90, 0xfe, 0x74,
    0x3e, 0xfe, 0xf, 0xfe, 0x1f, 0xf0, 0x7f, 0xf1,
    0x3f, 0xc8, 0x7e, 0xbe, 0xf, 0x3f, 0xa0, 0xff,
    0xe1, 0xff, 0x7, 0xff, 0x13, 0xfc, 0x87, 0xdf,
    0xe0, 0xeb, 0xf2, 0x1f, 0xfc, 0x3f, 0xe0, 0xff,
    0xe2, 0x7f, 0x90, 0xf9, 0xfe, 0x83, 0x7f, 0x7,
    0xff, 0x13, 0xf8, 0x3f, 0xf8, 0x6f, 0xf9, 0xf,
    0xd7, 0xf2, 0x17, 0xf0, 0x7f, 0xf1, 0x3f, 0x83,
    0xff, 0x87, 0x7f, 0x90, 0xfe, 0xff, 0x1, 0xfd,
    0x7, 0xd0, 0x7e, 0xfe, 0xf, 0xfe, 0x1f, 0xfc,
    0x92, 0x1f, 0x7f, 0x45, 0xf9, 0xe, 0xbc, 0x87,
    0xdf, 0xc1, 0xff, 0xc2, 0x7f, 0xe6, 0xf0, 0x7d,
    0x7f, 0x3f, 0xc1, 0xaf, 0xe0, 0xfb, 0xf8, 0x3f,
    0xf8, 0x57, 0xff, 0xf0, 0x3, 0xef, 0xff, 0x83,
    0x5f, 0xc8, 0x7b, 0xf8, 0x3f, 0xf8, 0x5f, 0xff,
    0xc1, 0x83, 0xef, 0xfe, 0x83, 0xbf, 0xc1, 0xef,
    0xe0, 0xff, 0xe0, 0xbf, 0xfa, 0xfe, 0x43, 0xd7,
    0xfe, 0x43, 0xaf, 0xe0, 0xf7, 0xf0, 0x7f, 0xf0,
    0x6f, 0xfc, 0xdf, 0xc1, 0xf7, 0xfe, 0xf, 0xbf,
    0xa0, 0xef, 0xe0, 0xff, 0xe0, 0xff, 0xf2, 0x7f,
    0x41, 0xe7, 0xfd, 0x7, 0xcf, 0xf0, 0x77, 0xf0,
    0x7f, 0xf0, 0x1f, 0xfe, 0x47, 0xf9, 0xf, 0x7f,
    0x90, 0xfd, 0xfd, 0x6, 0xfe, 0xf, 0xfe, 0x7,
    0xff, 0x90, 0x7f, 0x83, 0xcf, 0xf8, 0x3f, 0x3f,
    0xc1, 0xbf, 0x83, 0xfe, 0x7f, 0xaf, 0xc8, 0x1f,
    0xe4, 0x3b, 0xfe, 0x43, 0xf7, 0xf4, 0x17, 0xf0,
    0x7f, 0xdf, 0xd4, 0xfc, 0x85, 0x7f, 0x7, 0x7f,
    0xe0, 0xfd, 0x7f, 0x5, 0xfc, 0x1f, 0xe7, 0xf9,
    0xbf, 0x21, 0xbf, 0x83, 0x5f, 0xfc, 0x1f, 0xbf,
    0xa0, 0x7f, 0x7, 0xfb, 0xfc, 0x5f, 0x90, 0xd7,
    0x90, 0xef, 0xff, 0x21, 0xf5, 0xfc, 0xf, 0xe0,
    0xfe, 0xbf, 0x92, 0xfc, 0x87, 0x41, 0xeb, 0xff,
    0xe0, 0xf9, 0xfe, 0x8f, 0xe0, 0xfe, 0xff, 0x2,
    0xfc, 0x87, 0xff, 0x3, 0xfa, 0x7f, 0xa0, 0xfb,
    0xf2, 0xf, 0xe0, 0xfd, 0xfe, 0x41, 0x7e, 0x43,
    0xfe, 0xbf, 0x81, 0xfe, 0x43, 0xcf, 0x6, 0xfe,
    0xf, 0xdf, 0xe0, 0xaf, 0xc8, 0x7f, 0x9f, 0xe8,
    0x2f, 0xf0, 0x7f, 0xf0, 0x7f, 0x83, 0xf3, 0xf9,
    0xa, 0xfc, 0x87, 0xfb, 0xfc, 0x1a, 0xfe, 0x83,
    0xff, 0x81, 0xfc, 0x1f, 0xd7, 0xc1, 0xaf, 0xc8,
    0x7f, 0x5f, 0xc8, 0x77, 0xf8, 0x3f, 0xf8, 0x1f,
    0xc1, 0xfe, 0xf2, 0x1a, 0xfc, 0x87, 0xe7, 0xfc,
    0x1e, 0xbf, 0xc1, 0xff, 0x7f, 0x7, 0xf9, 0x83,
    0xaf, 0xc8, 0x7e, 0xff, 0x21, 0xf7, 0xf9, 0xf,
    0xf7, 0xf0, 0x7f, 0xf1, 0x6f, 0xc8, 0x7d, 0x7f,
    0x41, 0xf9, 0xff, 0x7, 0xfb, 0xf8, 0x3f, 0xf8,
    0xb7, 0xe4, 0x3d, 0x7f, 0x83, 0xfd, 0xfd, 0x7,
    0xfb, 0xf8, 0x3f, 0xf8, 0xb7, 0xe4, 0x3a, 0xff,
    0x21, 0xfe, 0x7e, 0xf, 0xfe, 0x7, 0xf0, 0x7f,
    0xf1, 0x6f, 0xc8, 0x6b, 0xfd, 0x7, 0xff, 0x3,
    0xc1, 0xff, 0xc1, 0xfe, 0xf, 0xfe, 0x2d, 0xf9,
    0xa, 0xff, 0x83, 0xff, 0x82, 0x87, 0xff, 0xb,
    0xf8, 0x3f, 0xf8, 0xb7, 0xe4, 0x17, 0xfc, 0x87,
    0xff, 0x43, 0xf8, 0x3f, 0xf8, 0xb7, 0xe4, 0x2f,
    0xf4, 0x1f, 0xfd, 0x1f, 0xe0, 0xff, 0xe2, 0xdf,
    0x90, 0xcf, 0xd0, 0x7f, 0xf4, 0xbf, 0x83, 0xff,
    0x8b, 0x7e, 0x43, 0xde, 0xf, 0xfe, 0x9f, 0xf0,
    0x7f, 0xf1, 0x6f, 0xc8, 0x7f, 0xf6, 0x9f, 0xe0,
    0xff, 0xe2, 0xdf, 0x90, 0xff, 0xec, 0xbf, 0xe0,
    0xff, 0xe2, 0xdf, 0xa0, 0xff, 0xea, 0x5f, 0xff,
    0x7, 0xff, 0x17, 0xfa, 0xf, 0xfe, 0xaf, 0xff,
    0xa0, 0xff, 0xe2, 0xff, 0x41, 0xff, 0xd5, 0x7f,
    0xf8, 0x3f, 0xf8, 0xdf, 0xd0, 0x7f, 0xf5, 0xbf,
    0xf2, 0x1f, 0xfc, 0x6f, 0xe8, 0x3f, 0xfa, 0xd7,
    0xf9, 0xf, 0xfe, 0x3a, 0xf8, 0x3f, 0xfa, 0xcf,
    0xa4, 0x3f, 0xff, 0xe1, 0x80,

    /* U+6821 "校" */
    0xf, 0xff, 0xf8, 0x7f, 0xf6, 0x9c, 0x3f, 0xfa,
    0xf5, 0xe0, 0xff, 0xe6, 0x3f, 0x83, 0xff, 0xad,
    0xfe, 0xf, 0xfe, 0x5d, 0xfd, 0x7, 0xff, 0x57,
    0xfa, 0xf, 0xfe, 0x67, 0xf8, 0x3f, 0xfa, 0xbf,
    0xd0, 0x7f, 0xf3, 0x2f, 0xe8, 0x3f, 0xfa, 0x9f,
    0xd0, 0x7f, 0xf3, 0x7f, 0xc1, 0xff, 0xd4, 0xfe,
    0x83, 0xff, 0x9b, 0x7f, 0x41, 0xff, 0xd3, 0xfe,
    0x83, 0xff, 0x9d, 0xfe, 0xf, 0xfe, 0x9f, 0xf4,
    0x1f, 0xfc, 0xef, 0xd0, 0x7f, 0xf5, 0x3f, 0xa0,
    0xff, 0xe7, 0x5a, 0x1f, 0xfd, 0x6f, 0xe8, 0x3f,
    0x94, 0x1f, 0xfd, 0x75, 0x83, 0xff, 0x85, 0xfd,
    0x7, 0xeb, 0xff, 0xfb, 0x81, 0xff, 0xc2, 0xfe,
    0x83, 0xf5, 0xff, 0xfd, 0xc0, 0xff, 0xe1, 0x7f,
    0x41, 0xfa, 0xff, 0xfe, 0xe0, 0x7f, 0xf0, 0xbf,
    0xa0, 0xfd, 0x7f, 0xff, 0x70, 0x32, 0x1f, 0xdf,
    0xd0, 0x7e, 0x6a, 0x5f, 0xfe, 0xad, 0x60, 0xdf,
    0xff, 0xca, 0x83, 0xff, 0xc5, 0xff, 0xfc, 0xa8,
    0x3f, 0xfc, 0x5f, 0xff, 0xca, 0x83, 0xff, 0xc5,
    0xff, 0xfc, 0xa8, 0x3f, 0xf8, 0x1c, 0x1f, 0xfc,
    0x34, 0x3f, 0xf8, 0x95, 0xf2, 0xbf, 0xe6, 0xbc,
    0x1f, 0xf3, 0xf2, 0x1f, 0xfc, 0x1f, 0x21, 0xff,
    0xcb, 0xff, 0x41, 0xff, 0xc6, 0xff, 0x7, 0xfd,
    0xfa, 0xf, 0xfe, 0x4b, 0xfe, 0x83, 0xff, 0x8b,
    0xff, 0x83, 0xf3, 0xfe, 0x83, 0xff, 0x91, 0x7f,
    0xa0, 0xff, 0xe2, 0x5f, 0xf2, 0x1f, 0xaf, 0xfc,
    0x1f, 0xfc, 0x7f, 0xfa, 0xf, 0xfe, 0x1b, 0xff,
    0x21, 0xfe, 0x7f, 0xf2, 0x1f, 0xfc, 0x47, 0xfe,
    0x83, 0xff, 0x84, 0xff, 0xc8, 0x7f, 0xf0, 0x7f,
    0xf2, 0x1f, 0xfc, 0x3b, 0xfe, 0x83, 0xff, 0x82,
    0xff, 0xc8, 0x7f, 0xf0, 0xff, 0xf4, 0x1f, 0xfc,
    0x2f, 0xfd, 0x7, 0xff, 0x7, 0xfe, 0x43, 0xff,
    0x8b, 0xff, 0xc1, 0xff, 0xc0, 0x7f, 0xf4, 0x1f,
    0xfc, 0xf, 0xf9, 0xf, 0xfe, 0x3f, 0xff, 0x7,
    0xfd, 0x7f, 0xe8, 0x16, 0x1e, 0x7f, 0xe8, 0x3f,
    0xf9, 0x3f, 0xfa, 0xf, 0xf7, 0xff, 0x4f, 0xe0,
    0xcf, 0xfd, 0x7, 0xff, 0x2f, 0xfc, 0x87, 0xf9,
    0xff, 0xfe, 0x1a, 0x13, 0xfe, 0x83, 0xff, 0x9b,
    0xf9, 0xf, 0xfb, 0xff, 0xd7, 0xf8, 0x3a, 0xfc,
    0x1f, 0xfc, 0xff, 0x7, 0xff, 0x7, 0xff, 0xd3,
    0xfd, 0x7, 0x3e, 0xf, 0xfe, 0x44, 0x1f, 0x21,
    0xff, 0xc1, 0xbf, 0x5f, 0xd1, 0xfe, 0x43, 0xfe,
    0x90, 0xff, 0xe0, 0xde, 0x83, 0xff, 0x8f, 0xfc,
    0xff, 0x43, 0xfe, 0xf, 0xe7, 0xe0, 0xff, 0xe0,
    0xff, 0xa0, 0xff, 0xe1, 0xdf, 0xc7, 0xf4, 0xf,
    0xf4, 0x1e, 0x7f, 0x83, 0xff, 0x80, 0xff, 0x90,
    0xff, 0xe1, 0xff, 0x47, 0xf4, 0xb, 0xfc, 0x87,
    0xbf, 0xa0, 0xff, 0xaf, 0xf0, 0x7f, 0xf0, 0xef,
    0xe0, 0x7f, 0x41, 0x7f, 0x21, 0xf5, 0xfc, 0x1f,
    0xf7, 0xf9, 0xf, 0xfe, 0x13, 0xfe, 0x7, 0xf4,
    0x15, 0xe4, 0x3f, 0x9f, 0xe8, 0x3f, 0x9f, 0xf0,
    0x7f, 0xf0, 0xff, 0xc8, 0x3f, 0xa0, 0xd0, 0x7f,
    0xf0, 0x3f, 0xc1, 0xfd, 0xfe, 0x43, 0xff, 0x85,
    0x7f, 0x82, 0xfe, 0x83, 0xff, 0x8a, 0xff, 0x41,
    0xf3, 0xfe, 0xf, 0xfe, 0x1f, 0xfa, 0xb, 0xfa,
    0xf, 0xfe, 0x37, 0xf8, 0x3e, 0xff, 0x21, 0xff,
    0xc2, 0xff, 0x83, 0x7f, 0x41, 0xff, 0xc6, 0x7f,
    0xa0, 0xe7, 0xfc, 0x1f, 0xfc, 0x2b, 0xfd, 0x6,
    0xfe, 0x83, 0xff, 0x8f, 0xfe, 0xe, 0xff, 0x21,
    0xff, 0xc3, 0xbf, 0x90, 0xdf, 0xd0, 0x7f, 0xf1,
    0xdf, 0xf0, 0x57, 0xf4, 0x1f, 0xfc, 0x5b, 0xf0,
    0x77, 0xf4, 0x1f, 0xfc, 0x8b, 0xfa, 0x1f, 0xf0,
    0x7f, 0xf1, 0xfe, 0x43, 0xbf, 0xa0, 0xff, 0xe4,
    0xff, 0xaf, 0xf2, 0x1f, 0xfc, 0x8f, 0x7, 0xbf,
    0xa0, 0xff, 0xe4, 0xbf, 0xff, 0x41, 0xff, 0xc9,
    0x50, 0x7b, 0xfa, 0xf, 0xfe, 0x55, 0xff, 0xe0,
    0xff, 0xe9, 0x7f, 0x41, 0xff, 0xcb, 0xff, 0xe0,
    0xff, 0xe9, 0xff, 0x41, 0xff, 0xcb, 0x7f, 0xe4,
    0x3f, 0xfa, 0x7f, 0xd0, 0x7f, 0xf2, 0x9f, 0xfe,
    0xf, 0xfe, 0x9f, 0xf4, 0x1f, 0xfc, 0x9b, 0xff,
    0xe4, 0x3f, 0xfa, 0x3f, 0xd0, 0x7f, 0xf2, 0x3f,
    0xff, 0x85, 0x7, 0xff, 0x43, 0xfa, 0xf, 0xfe,
    0x35, 0xff, 0xfc, 0x54, 0x3f, 0xf9, 0xdf, 0xd0,
    0x7f, 0xf1, 0x1f, 0xfe, 0x4b, 0xff, 0x90, 0xff,
    0xe6, 0x7f, 0x41, 0xff, 0xc2, 0x7f, 0xfc, 0x19,
    0xff, 0xf2, 0x1f, 0xfc, 0xaf, 0xe8, 0x3f, 0xf8,
    0x17, 0xff, 0xa0, 0xf3, 0xff, 0xf4, 0x87, 0xff,
    0x1f, 0xfa, 0xf, 0xe7, 0xff, 0xf8, 0x8, 0x7f,
    0x5f, 0xff, 0xc1, 0x90, 0xff, 0xe1, 0xff, 0x41,
    0xeb, 0xff, 0xf8, 0x30, 0x7f, 0xf0, 0x1f, 0xff,
    0xe1, 0xc1, 0xff, 0xc1, 0xfe, 0x83, 0x7f, 0xff,
    0xa, 0xf, 0xfe, 0x25, 0xff, 0xfc, 0x4, 0x3f,
    0xf8, 0x5f, 0xd0, 0x77, 0xff, 0xd0, 0x7f, 0xf2,
    0x2f, 0xfe, 0x43, 0xff, 0x87, 0xfe, 0xf, 0x7f,
    0xe8, 0x3f, 0xf9, 0x8f, 0xfa, 0xf, 0xfe, 0x27,
    0xf8, 0x3e, 0xfe, 0x83, 0xff, 0xa0, 0xdf, 0x7,
    0xff, 0x49, 0xe4, 0x3f, 0xfa, 0xaa, 0xf, 0xff,
    0xf0,

    /* U+6843 "桃" */
    0xf, 0xf9, 0x7c, 0x1f, 0xfc, 0x7a, 0x28, 0x3e,
    0x7f, 0x90, 0xff, 0xe6, 0x7f, 0x83, 0xff, 0x8f,
    0xfe, 0xe, 0x7f, 0x90, 0xff, 0xe6, 0x7f, 0x83,
    0xff, 0x8f, 0xfe, 0xe, 0x7f, 0x90, 0xff, 0xe6,
    0x7f, 0x83, 0xff, 0x8f, 0xfd, 0x7, 0xbf, 0x90,
    0xff, 0xe6, 0x7f, 0x83, 0xff, 0x8f, 0xfd, 0x7,
    0xbf, 0x83, 0xff, 0x9b, 0x7f, 0x7, 0xff, 0x1e,
    0xfc, 0x87, 0xbf, 0x83, 0xff, 0x9b, 0x7f, 0x7,
    0xff, 0x1e, 0xfc, 0x87, 0xbf, 0x83, 0xff, 0x9b,
    0x7f, 0x7, 0xff, 0x1e, 0xfc, 0x87, 0xbf, 0x83,
    0xff, 0x9b, 0x7f, 0x7, 0xff, 0x1e, 0xfc, 0x87,
    0xbf, 0x83, 0xff, 0x9b, 0x7f, 0x7, 0xff, 0x1e,
    0xfc, 0x87, 0xbf, 0x83, 0xcc, 0x87, 0xff, 0x12,
    0xfd, 0x7, 0xf9, 0xf2, 0x1d, 0x7e, 0x43, 0xdf,
    0xc1, 0xeb, 0xe9, 0xf, 0xfe, 0xd, 0xfa, 0xf,
    0xcf, 0xe8, 0x3a, 0xfc, 0x87, 0xbf, 0x83, 0xdf,
    0xe8, 0x3f, 0xf8, 0x17, 0xe8, 0x3f, 0x3f, 0xc1,
    0xd7, 0xe4, 0x3d, 0xfc, 0x1c, 0xff, 0x83, 0xff,
    0x83, 0x7e, 0x83, 0xfb, 0xf8, 0x3a, 0xfc, 0x87,
    0xbf, 0x83, 0xbf, 0xc1, 0xff, 0xc2, 0xbf, 0x41,
    0xfd, 0x7e, 0x83, 0x5f, 0x90, 0xf7, 0xf0, 0x77,
    0xf4, 0x1d, 0x7e, 0xad, 0xfe, 0xab, 0xf0, 0x5f,
    0xc1, 0xaf, 0xc8, 0x7b, 0xf8, 0x35, 0xfc, 0x1e,
    0xff, 0xfe, 0x50, 0x5f, 0xc1, 0xaf, 0xc8, 0x7b,
    0xf8, 0x37, 0xf4, 0x1e, 0xff, 0xfe, 0x50, 0x57,
    0xe8, 0x2b, 0xf2, 0x1e, 0xfe, 0xa, 0xfe, 0xf,
    0xbf, 0xff, 0x94, 0x1b, 0xf8, 0x2b, 0xf2, 0x1e,
    0xfe, 0xb, 0xfa, 0xf, 0xbf, 0xff, 0x94, 0x1b,
    0xf9, 0x5, 0xf9, 0xf, 0x7f, 0x1, 0xfe, 0xf,
    0xfe, 0x2f, 0xf2, 0x1f, 0xf5, 0xfa, 0x5, 0xf9,
    0xf, 0x7f, 0x3, 0xfa, 0xf, 0xfe, 0x23, 0xfc,
    0x87, 0xfc, 0xff, 0x2, 0xfc, 0x87, 0xbf, 0x8b,
    0xf8, 0x3f, 0xf8, 0xb7, 0xf2, 0x1f, 0xfc, 0xf,
    0xe4, 0xbf, 0x21, 0xef, 0xe3, 0xfa, 0xf, 0xfe,
    0x2d, 0xfc, 0x87, 0xff, 0x3, 0xfa, 0x2f, 0xc8,
    0x7b, 0xf8, 0xf, 0xc1, 0xff, 0xc6, 0xff, 0x21,
    0xff, 0xc0, 0x7e, 0x41, 0x7e, 0x43, 0xdf, 0xc1,
    0x98, 0x3f, 0xf8, 0xaf, 0xf9, 0xf, 0xfe, 0xe,
    0x86, 0xbf, 0x21, 0xef, 0xe0, 0xff, 0xe5, 0xdf,
    0xe4, 0x3f, 0xf8, 0xf7, 0xe4, 0x3d, 0xfc, 0x1f,
    0xfc, 0xbf, 0xf9, 0x4, 0x1f, 0xfc, 0x4b, 0xf2,
    0x1e, 0xfe, 0xf, 0xfe, 0x5f, 0xfc, 0x9f, 0x7,
    0xff, 0xe, 0xfc, 0x87, 0xbf, 0x83, 0xff, 0x95,
    0x7f, 0xd7, 0xf0, 0x7f, 0xf0, 0xaf, 0xc8, 0x7b,
    0xf8, 0x3f, 0xf9, 0x5f, 0xff, 0xc2, 0x83, 0xff,
    0x83, 0xfc, 0x87, 0xbf, 0x90, 0xff, 0xe4, 0x3f,
    0xf9, 0xff, 0x41, 0xff, 0x7f, 0x90, 0xf7, 0xfa,
    0xf, 0xfe, 0x3d, 0xff, 0x93, 0xfd, 0x7, 0xe7,
    0xfe, 0x43, 0xdf, 0xf9, 0xf, 0xfe, 0x2f, 0xff,
    0x23, 0xfe, 0x43, 0xd7, 0xfe, 0x43, 0xdf, 0xfd,
    0x7, 0xff, 0xe, 0xff, 0xe4, 0x17, 0xe4, 0x3d,
    0xff, 0xe4, 0x3d, 0xff, 0xf2, 0x1f, 0xfc, 0x1f,
    0xeb, 0xf2, 0x17, 0xa0, 0xf5, 0xff, 0xf2, 0x1e,
    0xff, 0xfe, 0x4, 0x1f, 0xf5, 0xfa, 0x9f, 0x90,
    0xc8, 0x7b, 0xff, 0xf8, 0x28, 0x7b, 0xfa, 0xff,
    0xa0, 0xff, 0x7f, 0x37, 0xe4, 0x3f, 0x9f, 0xfc,
    0x7f, 0x21, 0xef, 0xe1, 0xff, 0xc1, 0xfa, 0xfe,
    0x2f, 0xc8, 0x7e, 0xff, 0xe0, 0x7f, 0x21, 0xef,
    0xe0, 0xaf, 0xf9, 0xe, 0x7f, 0x92, 0xfc, 0x87,
    0xaf, 0xfd, 0x5, 0xfc, 0x1f, 0x7f, 0x6, 0xbf,
    0xe4, 0x37, 0xf8, 0x17, 0xe4, 0x3d, 0x7f, 0xd0,
    0x6f, 0xe0, 0xfb, 0xf8, 0x39, 0xff, 0x6, 0xbf,
    0x90, 0x5f, 0x90, 0xfa, 0xfe, 0x83, 0x3f, 0xc1,
    0xf7, 0xf0, 0x79, 0xfc, 0x19, 0xff, 0x5, 0x7e,
    0x43, 0xf5, 0xf2, 0x1d, 0x7f, 0x7, 0xdf, 0xc1,
    0xf3, 0xe0, 0xef, 0xf2, 0x15, 0xf9, 0xf, 0xeb,
    0x83, 0xdf, 0xd0, 0x7d, 0xfc, 0x1f, 0xa0, 0xeb,
    0xfc, 0x1a, 0xfc, 0x87, 0xfa, 0xf, 0xbf, 0xa0,
    0xfb, 0xf8, 0x3f, 0xf8, 0x7f, 0xc1, 0xd7, 0xe4,
    0x3f, 0xf8, 0xb7, 0xf2, 0x1f, 0x7f, 0x7, 0xff,
    0x13, 0xe8, 0x3a, 0xfc, 0x87, 0xff, 0x17, 0xfc,
    0x1f, 0xbf, 0x83, 0xff, 0x88, 0xf8, 0x3d, 0x7e,
    0x43, 0xff, 0x88, 0xff, 0x41, 0xfb, 0xf8, 0x3f,
    0xf8, 0xb2, 0x1e, 0xbf, 0x21, 0xff, 0xc4, 0xff,
    0x21, 0xfb, 0xf8, 0x3f, 0xf9, 0xb7, 0xe4, 0x3f,
    0xf8, 0x77, 0xf8, 0x3f, 0xbf, 0x83, 0xf2, 0x1f,
    0xfc, 0x4b, 0xf2, 0x1f, 0xfc, 0x3f, 0xf4, 0x1f,
    0xdf, 0xc1, 0xfb, 0xc8, 0x7f, 0xf0, 0xaf, 0xc8,
    0x7f, 0xf0, 0xbf, 0xe0, 0xff, 0x7f, 0x7, 0xef,
    0xd2, 0x1f, 0xf5, 0xf9, 0xf, 0xfe, 0xd, 0xfe,
    0x83, 0xfd, 0xfc, 0x1f, 0xbf, 0xc1, 0xff, 0x5f,
    0x90, 0xff, 0xe0, 0x3f, 0xf0, 0x7f, 0xdf, 0xc1,
    0xfb, 0xfa, 0xf, 0xfa, 0xfc, 0x87, 0xfc, 0xff,
    0xc1, 0xff, 0xc0, 0xfe, 0xf, 0x9f, 0xe4, 0x3f,
    0xeb, 0xf2, 0x1f, 0xeb, 0xfe, 0x43, 0xff, 0x81,
    0xfc, 0x1f, 0x7f, 0x83, 0xff, 0x81, 0x7e, 0x43,
    0xfb, 0xff, 0x21, 0xff, 0xc1, 0xfe, 0x43, 0xaf,
    0xf0, 0x7f, 0xf0, 0x2f, 0xc8, 0x7c, 0xff, 0xe8,
    0x3f, 0xf8, 0x5f, 0xff, 0xc5, 0x43, 0xff, 0x81,
    0x7e, 0x83, 0x9f, 0xfe, 0x83, 0xff, 0x87, 0xff,
    0xfc, 0x50, 0xff, 0xe0, 0xff, 0x41, 0xdf, 0xfd,
    0x7, 0xff, 0x12, 0xff, 0xfe, 0x1a, 0x1f, 0xfc,
    0x1f, 0xe8, 0x3d, 0x7f, 0xa0, 0xff, 0xe3, 0x7f,
    0xff, 0x9, 0xf, 0xfe, 0x17, 0xf4, 0x1f, 0x5f,
    0x90, 0xff, 0xe4, 0x37, 0xfe, 0x90, 0xff, 0xe2,
    0x7f, 0x41, 0xfb, 0xe0, 0xff, 0xf3, 0x57, 0x21,
    0xfc, 0x87, 0xff, 0x70,

    /* U+684C "桌" */
    0xf, 0xff, 0xf8, 0x7f, 0xf1, 0xbf, 0xa0, 0xff,
    0xf7, 0xff, 0x41, 0xff, 0xef, 0xfe, 0x43, 0xff,
    0xdf, 0xfc, 0x87, 0xff, 0xbf, 0xf9, 0xf, 0xff,
    0x7f, 0xff, 0xf5, 0x3, 0xff, 0xab, 0xff, 0xfd,
    0x40, 0xff, 0xea, 0xff, 0xff, 0x50, 0x3f, 0xfa,
    0xbf, 0xff, 0xd4, 0xf, 0xfe, 0xaf, 0xf2, 0x1f,
    0xfc, 0xd4, 0x3f, 0xfa, 0xbf, 0xc8, 0x7f, 0xfb,
    0xff, 0x90, 0xff, 0xf7, 0xff, 0x21, 0xff, 0xef,
    0xfe, 0x43, 0xff, 0xb8, 0xbf, 0xfc, 0x7f, 0xe9,
    0x7f, 0xf9, 0x21, 0xff, 0xc7, 0xff, 0xff, 0x12,
    0x1f, 0xfc, 0x6f, 0xff, 0xf1, 0x7, 0xff, 0x1f,
    0xff, 0xfc, 0x41, 0xff, 0xc7, 0xff, 0xff, 0x10,
    0x7f, 0xf1, 0xff, 0xc1, 0xff, 0xd6, 0xbf, 0x83,
    0xff, 0x8f, 0x7f, 0x7, 0xff, 0x5a, 0xfe, 0xf,
    0xfe, 0x3d, 0xfc, 0x1f, 0xfd, 0x6b, 0xf8, 0x3f,
    0xf8, 0xf7, 0xf0, 0x7f, 0xf5, 0xaf, 0xe0, 0xff,
    0xe3, 0xdf, 0xff, 0xe1, 0xf, 0xfe, 0x3d, 0xff,
    0xfe, 0x10, 0xff, 0xe3, 0xdf, 0xff, 0xe1, 0xf,
    0xfe, 0x3d, 0xff, 0xfe, 0x10, 0xff, 0xe3, 0xdf,
    0xc1, 0xff, 0xd6, 0xbf, 0x83, 0xff, 0x8f, 0x7f,
    0x7, 0xff, 0x5a, 0xfe, 0xf, 0xfe, 0x3f, 0xf8,
    0x3f, 0xfa, 0xd7, 0xf0, 0x7f, 0xf1, 0xff, 0xc1,
    0xff, 0xd6, 0xbf, 0x83, 0xff, 0x8f, 0xfe, 0xf,
    0xfe, 0xb5, 0xfc, 0x1f, 0xfc, 0x7f, 0xff, 0xf1,
    0x7, 0xff, 0x1f, 0xff, 0xfc, 0x41, 0xff, 0xc7,
    0xff, 0xff, 0x10, 0x7f, 0xf1, 0xff, 0xff, 0xc4,
    0x87, 0xff, 0x6b, 0xfc, 0x1f, 0xfe, 0xff, 0xf0,
    0x7f, 0xfb, 0xff, 0xc1, 0xff, 0xef, 0xff, 0x7,
    0xff, 0x49, 0xfd, 0x5f, 0xfc, 0xcf, 0xf5, 0x7f,
    0xf3, 0x7f, 0xf, 0xff, 0xfc, 0xc7, 0xff, 0xfe,
    0x63, 0xff, 0xff, 0x31, 0xfd, 0x5f, 0xfc, 0x6f,
    0xff, 0xe2, 0xd7, 0xff, 0x23, 0xf0, 0x7f, 0xf2,
    0xdf, 0xff, 0xe2, 0xc1, 0xff, 0xe1, 0x7f, 0xcf,
    0xf8, 0xff, 0x7, 0xff, 0x7d, 0xff, 0x27, 0xf8,
    0xbf, 0xc1, 0xff, 0xdd, 0x7f, 0xd0, 0x3f, 0xc0,
    0xbf, 0xc1, 0xff, 0xdb, 0x7f, 0xd0, 0x5f, 0xe0,
    0xaf, 0xf2, 0x1f, 0xfd, 0x8b, 0xfd, 0x6, 0xff,
    0x6, 0xbf, 0xc8, 0x7f, 0xf5, 0x5f, 0xfa, 0xe,
    0xff, 0x7, 0x5f, 0xe8, 0x3f, 0xfa, 0x4f, 0xfe,
    0x43, 0xdf, 0xe0, 0xf3, 0xff, 0x21, 0xff, 0xcf,
    0xbf, 0xf0, 0x7e, 0xff, 0x7, 0xcf, 0xfd, 0x7,
    0xff, 0x32, 0xff, 0xd0, 0x7f, 0x7f, 0x83, 0xf3,
    0xff, 0xa0, 0xff, 0xe3, 0xbf, 0xfe, 0x43, 0xfd,
    0xfe, 0xf, 0xf7, 0xff, 0x90, 0xff, 0xe0, 0xb7,
    0xff, 0xc1, 0xff, 0xc0, 0xff, 0x7, 0xfd, 0xff,
    0xfc, 0x9, 0xf, 0x37, 0xff, 0xf0, 0x20, 0xff,
    0xe0, 0xff, 0x83, 0xff, 0x81, 0x7f, 0xff, 0x8,
    0x35, 0xff, 0xfc, 0x0, 0xff, 0xe1, 0xff, 0x83,
    0xff, 0x85, 0xff, 0xfc, 0x0, 0xf5, 0xff, 0xc8,
    0x7f, 0xf1, 0x3f, 0xc1, 0xff, 0xc3, 0x7f, 0xf8,
    0x3f, 0x7f, 0xc8, 0x7f, 0xf1, 0xbf, 0xc1, 0xff,
    0xc5, 0x7f, 0xd0, 0x7f, 0x7e, 0x43, 0xff, 0x91,
    0xfe, 0xf, 0xfe, 0x45, 0xf0, 0x7f, 0xad, 0xf,
    0xfe, 0x4b, 0xfe, 0xf, 0xfe, 0x52, 0x83, 0xff,
    0xac, 0xff, 0x83, 0xff, 0xde, 0xbe, 0xf, 0xfe,
    0x90,

    /* U+6865 "桥" */
    0xf, 0xff, 0x5b, 0x21, 0xff, 0xca, 0xfe, 0x43,
    0xff, 0xaa, 0xd3, 0xf0, 0x7f, 0xf2, 0xbf, 0x83,
    0xff, 0xa2, 0xab, 0xff, 0x90, 0xff, 0xe4, 0xff,
    0x7, 0xff, 0x29, 0x54, 0xff, 0xfe, 0x20, 0x7f,
    0xf2, 0x7f, 0x83, 0xfe, 0x5a, 0xaf, 0xff, 0xe6,
    0xc1, 0xff, 0xc8, 0xfe, 0xf, 0xfb, 0xff, 0xfa,
    0x81, 0xff, 0xc8, 0xfe, 0xf, 0xf9, 0xff, 0xfe,
    0x55, 0x14, 0x1f, 0xfc, 0xdf, 0xe0, 0xff, 0xe0,
    0x7f, 0xff, 0x16, 0x43, 0xff, 0xa9, 0xfc, 0x1f,
    0xfc, 0x7, 0xf5, 0x4a, 0x7, 0xf0, 0x7f, 0xf5,
    0xbf, 0x83, 0xff, 0x99, 0xfc, 0x1f, 0xfd, 0x6f,
    0xe0, 0xff, 0xe6, 0x7f, 0x7, 0xff, 0x5b, 0xf8,
    0x3f, 0xf9, 0x6f, 0xf0, 0x7f, 0xf5, 0xbf, 0x83,
    0xff, 0x96, 0xfe, 0x83, 0xff, 0xad, 0xfc, 0x1f,
    0xfc, 0xb7, 0xf2, 0x1f, 0xfd, 0x6f, 0xe0, 0xff,
    0xe5, 0xdf, 0x90, 0xff, 0xeb, 0x7f, 0x7, 0xff,
    0x2e, 0xfc, 0x1f, 0xfc, 0xea, 0xfe, 0xfe, 0xaf,
    0x61, 0xba, 0xff, 0xbf, 0xab, 0xff, 0x8b, 0x87,
    0xef, 0xff, 0xe4, 0x86, 0xff, 0xfe, 0xba, 0x1f,
    0x7f, 0xff, 0x24, 0x37, 0xff, 0xf5, 0xd0, 0xfb,
    0xff, 0xf9, 0x21, 0xbf, 0xff, 0xae, 0x87, 0xdf,
    0xeb, 0xfe, 0xad, 0xf0, 0x6f, 0xea, 0xef, 0xf5,
    0x5f, 0xd5, 0xef, 0xe0, 0xff, 0xe1, 0xbf, 0xe0,
    0xff, 0xe4, 0xdf, 0xa0, 0xbf, 0x83, 0xff, 0x9d,
    0x7f, 0x83, 0xff, 0x93, 0xfc, 0x1a, 0xfc, 0x1f,
    0xfc, 0xef, 0xf8, 0x8, 0x7f, 0xf1, 0x5f, 0xe0,
    0xcf, 0xe4, 0x3f, 0xf9, 0xbf, 0xf1, 0x70, 0x7f,
    0xf1, 0x3f, 0x90, 0xef, 0xe0, 0xff, 0xe6, 0x3f,
    0xff, 0x7, 0xff, 0xe, 0xfe, 0xf, 0x5f, 0x90,
    0xff, 0xe5, 0xdf, 0xff, 0x41, 0xff, 0xc2, 0xfe,
    0x43, 0xef, 0xe0, 0xff, 0xe5, 0xff, 0xff, 0x4,
    0x3f, 0xf8, 0x3f, 0xe0, 0xfd, 0xfd, 0x7, 0xff,
    0x25, 0xff, 0xcf, 0xe8, 0x3f, 0xe7, 0xf9, 0xf,
    0xcf, 0xf2, 0x1f, 0xfc, 0x8b, 0xff, 0x1f, 0xc8,
    0x7f, 0xbf, 0xc1, 0xfe, 0xbf, 0x83, 0xff, 0x91,
    0xff, 0xc3, 0xfc, 0x1f, 0xdf, 0xe4, 0x3f, 0xef,
    0xf2, 0x1f, 0xfc, 0x57, 0xff, 0x81, 0xfc, 0x87,
    0xd7, 0xf4, 0x1f, 0xfc, 0x7, 0xfc, 0x87, 0xff,
    0x13, 0xff, 0xc0, 0x7f, 0x83, 0xd7, 0xf8, 0x3f,
    0xf8, 0x57, 0xfa, 0xf, 0xfe, 0x13, 0xfa, 0xfe,
    0xb, 0xf9, 0xd, 0xff, 0x7, 0xff, 0x12, 0xff,
    0x90, 0xff, 0xe0, 0x5f, 0x8f, 0xe0, 0xaf, 0x41,
    0xdf, 0xfd, 0x52, 0x83, 0xfe, 0xff, 0xe4, 0x3f,
    0xdf, 0xc7, 0xf0, 0x68, 0x39, 0xff, 0x9b, 0xfa,
    0xf, 0xab, 0xbf, 0xfd, 0x7, 0xdf, 0xd1, 0xfc,
    0x1f, 0xd7, 0xfc, 0x97, 0xf2, 0x1f, 0x7f, 0x37,
    0xff, 0x90, 0xcf, 0xf0, 0x3f, 0x83, 0xe7, 0xff,
    0x40, 0xbf, 0x83, 0xf7, 0xf0, 0x2f, 0xfc, 0x1e,
    0xff, 0x3, 0xf8, 0x3d, 0xff, 0xc8, 0x57, 0xf0,
    0x7e, 0xfe, 0x9, 0xff, 0x7, 0xaf, 0xe4, 0x1f,
    0xc1, 0xe7, 0xfe, 0x43, 0x5f, 0xc1, 0xfb, 0xf8,
    0x3a, 0xf9, 0xf, 0x7f, 0x82, 0xfe, 0xf, 0xd7,
    0xe4, 0x3b, 0xfa, 0xf, 0xdf, 0xc1, 0xe7, 0x83,
    0xdf, 0xe4, 0x2f, 0xe0, 0xfe, 0xbc, 0x1f, 0x7f,
    0x41, 0xfb, 0xf8, 0x3f, 0xf8, 0x4f, 0xf8, 0x37,
    0xf0, 0x7f, 0x90, 0xfd, 0xfc, 0x87, 0xef, 0xe0,
    0xff, 0xe1, 0x7f, 0x90, 0xdf, 0xc1, 0xff, 0xc7,
    0xfe, 0x43, 0xf7, 0xf0, 0x7f, 0xf0, 0xff, 0x83,
    0xbf, 0x83, 0xff, 0x8c, 0xff, 0x21, 0xfb, 0xf8,
    0x3f, 0xf8, 0x9f, 0x7, 0xbf, 0x83, 0xff, 0x8c,
    0xff, 0x7, 0xf7, 0xf0, 0x7f, 0xf1, 0x1e, 0xf,
    0x7f, 0x7, 0xff, 0x1a, 0xfe, 0xf, 0xef, 0xe0,
    0xff, 0xe2, 0xa1, 0xf7, 0xf0, 0x7f, 0xf1, 0xaf,
    0xe0, 0xfe, 0xfe, 0xf, 0xfe, 0x6f, 0xf0, 0x7f,
    0xf1, 0xbf, 0xa0, 0xfe, 0xfe, 0xf, 0xfe, 0x6f,
    0xf0, 0x7f, 0xf1, 0xbf, 0xa0, 0xfe, 0xfe, 0xf,
    0xfe, 0x6f, 0xf0, 0x7f, 0xf1, 0x5f, 0xe4, 0x3f,
    0xbf, 0x83, 0xff, 0x9b, 0xfc, 0x1f, 0xfc, 0x5f,
    0xf0, 0x7f, 0xbf, 0x83, 0xff, 0x9b, 0xfc, 0x1f,
    0xfc, 0x5f, 0xf0, 0x7f, 0xbf, 0x83, 0xff, 0x9b,
    0xfc, 0x1f, 0xfc, 0x4b, 0xfa, 0xf, 0xf7, 0xf0,
    0x7f, 0xf3, 0x7f, 0x83, 0xff, 0x89, 0xfe, 0xf,
    0xfb, 0xf8, 0x3f, 0xf9, 0xbf, 0xc1, 0xff, 0xc3,
    0xbf, 0xc1, 0xff, 0x7f, 0x7, 0xff, 0x37, 0xf8,
    0x3f, 0xf8, 0x4f, 0xfa, 0xf, 0xfb, 0xf8, 0x3f,
    0xf9, 0xbf, 0xc1, 0xff, 0xc2, 0xff, 0x83, 0xff,
    0x81, 0xfc, 0x1f, 0xfc, 0xdf, 0xe0, 0xff, 0xe0,
    0xff, 0xd0, 0x7f, 0xf0, 0x3f, 0x83, 0xff, 0x9b,
    0xfc, 0x1f, 0xfc, 0xf, 0xfc, 0x1f, 0xfc, 0x1f,
    0xe0, 0xff, 0xe6, 0xff, 0x7, 0xfd, 0xff, 0x90,
    0xff, 0xe0, 0xff, 0x7, 0xff, 0x37, 0xf8, 0x3f,
    0x9f, 0xfd, 0x7, 0xff, 0xb, 0xf8, 0x3f, 0xf9,
    0xbf, 0xc1, 0xfe, 0x6f, 0xf0, 0x7f, 0xf0, 0xff,
    0x83, 0xff, 0x9b, 0xfc, 0x1f, 0xfc, 0x1f, 0xc1,
    0xff, 0xc4, 0xfe, 0xf, 0xfe, 0x6f, 0xf0, 0x7f,
    0xf0, 0xac, 0x3f, 0xf8, 0xbf, 0xc1, 0xff, 0xcd,
    0xae, 0xf, 0xff, 0x38,

    /* U+68CB "棋" */
    0xf, 0xf9, 0xae, 0x43, 0xff, 0xae, 0xbe, 0xf,
    0xfe, 0x3b, 0xfc, 0x87, 0xff, 0xf, 0xfa, 0xf,
    0xfe, 0x17, 0xf4, 0x1f, 0xfc, 0x77, 0xf9, 0xf,
    0xfe, 0x1f, 0xf4, 0x1f, 0xfc, 0x2f, 0xe4, 0x3f,
    0xf8, 0xef, 0xf0, 0x7f, 0xf1, 0x3f, 0x90, 0xff,
    0xe1, 0x7f, 0x21, 0xff, 0xc7, 0x7f, 0x83, 0xff,
    0x89, 0xfc, 0x87, 0xff, 0xb, 0xf9, 0xf, 0xfe,
    0x3b, 0xfc, 0x1f, 0xfc, 0x4f, 0xe4, 0x3f, 0xf8,
    0x5f, 0xc8, 0x7f, 0xf1, 0xdf, 0xe0, 0xff, 0xe2,
    0x7f, 0x7, 0xff, 0xe, 0xfc, 0x87, 0xff, 0x1d,
    0xfe, 0xf, 0xfe, 0x27, 0xf0, 0x7f, 0xf0, 0xef,
    0xc8, 0x7f, 0xf1, 0xdf, 0xe0, 0xff, 0xe2, 0x7f,
    0x7, 0xff, 0xe, 0xfc, 0x87, 0xff, 0x1d, 0xfe,
    0xf, 0xf2, 0xc1, 0x7f, 0x21, 0xff, 0xc2, 0xbf,
    0x21, 0x2c, 0x1f, 0xfc, 0x17, 0xf8, 0x3f, 0xdf,
    0xff, 0xda, 0xf, 0xfe, 0xb, 0xfc, 0x1f, 0xef,
    0xff, 0xed, 0x7, 0xff, 0x5, 0xfe, 0xf, 0xf7,
    0xff, 0xf6, 0x83, 0xff, 0x82, 0xff, 0x7, 0xfb,
    0xff, 0xfb, 0x41, 0xff, 0xc1, 0x7f, 0x83, 0xff,
    0x89, 0xfc, 0x1f, 0xfc, 0x3b, 0xf2, 0x1f, 0xe7,
    0xaf, 0xdf, 0xd5, 0xda, 0x1f, 0xdf, 0xc1, 0xff,
    0xc3, 0xbf, 0x21, 0xfe, 0xbf, 0xff, 0x90, 0x87,
    0xf7, 0xf0, 0x7f, 0xf0, 0xef, 0xc8, 0x7f, 0xaf,
    0xff, 0xe4, 0x21, 0xfd, 0xfc, 0x1f, 0xfc, 0x3b,
    0xf2, 0x1f, 0xeb, 0xff, 0xf9, 0x8, 0x7f, 0x7f,
    0x7, 0xff, 0xe, 0xfc, 0x87, 0xf9, 0xfd, 0x57,
    0xfd, 0x57, 0xc8, 0x7f, 0x7f, 0x7, 0xff, 0xe,
    0xfc, 0x87, 0xff, 0x1a, 0xff, 0x7, 0xff, 0x13,
    0xf8, 0x3f, 0xf8, 0x77, 0xe4, 0x3f, 0xf8, 0xdf,
    0xf0, 0x7f, 0xf1, 0x3f, 0x83, 0xff, 0x87, 0x7e,
    0x43, 0xff, 0x8d, 0xff, 0x7, 0xff, 0x13, 0xff,
    0xf9, 0xa8, 0x7f, 0xf1, 0x5f, 0xf8, 0x3f, 0xf8,
    0x9f, 0xff, 0xcd, 0x43, 0xff, 0x8b, 0x7f, 0xc1,
    0xff, 0xc4, 0xff, 0xfe, 0x6a, 0x1f, 0xfc, 0x5f,
    0xfc, 0x1f, 0xfc, 0x4f, 0xff, 0xe6, 0xa1, 0xff,
    0xc5, 0xff, 0xc1, 0x41, 0xff, 0xc0, 0xfe, 0xf,
    0xfe, 0x1d, 0xf9, 0xf, 0xfe, 0x23, 0xff, 0x81,
    0xe8, 0x3f, 0xef, 0xe0, 0xff, 0xe1, 0xdf, 0x90,
    0xff, 0xe2, 0x5f, 0xfa, 0xfc, 0x87, 0xfb, 0xf8,
    0x3f, 0xf8, 0x77, 0xe4, 0x3f, 0xf8, 0x9f, 0xff,
    0xc3, 0xf, 0xf7, 0xf0, 0x7f, 0xf0, 0xef, 0xc8,
    0x7f, 0xf0, 0xdf, 0xfe, 0x3f, 0xa0, 0xfe, 0xfe,
    0xf, 0xfe, 0x1d, 0xf9, 0xf, 0xfe, 0x1f, 0xeb,
    0xf8, 0x7f, 0x90, 0xfd, 0xfc, 0x1f, 0xfc, 0x3b,
    0xf2, 0x1f, 0xfc, 0x27, 0xf3, 0xfc, 0xb, 0xf8,
    0x3f, 0x7f, 0x7, 0xff, 0xe, 0xfc, 0x87, 0xff,
    0xb, 0xf9, 0xfe, 0xb, 0xfa, 0xf, 0xbf, 0xff,
    0x9a, 0x87, 0xff, 0x5, 0xfc, 0xaf, 0xe0, 0x9f,
    0xe0, 0xfb, 0xff, 0xf9, 0xa8, 0x7f, 0xf0, 0x7f,
    0x87, 0xf8, 0x37, 0xf0, 0x7d, 0xff, 0xfc, 0xd4,
    0x3f, 0xf8, 0xf, 0xe8, 0x7f, 0x83, 0x3e, 0x43,
    0xf7, 0xff, 0xf3, 0x50, 0xff, 0xe0, 0x7f, 0x1,
    0xfe, 0xe, 0xc3, 0xfd, 0xfc, 0x87, 0xff, 0xa,
    0xfc, 0x87, 0xfd, 0x7f, 0x1, 0xfe, 0xf, 0xfe,
    0x27, 0xf0, 0x7f, 0xf0, 0xef, 0xc8, 0x7f, 0xdf,
    0xc8, 0x1f, 0xe0, 0xff, 0xe2, 0x7f, 0x7, 0xff,
    0xe, 0xfc, 0x87, 0xfb, 0xfc, 0x13, 0xfc, 0x1f,
    0xfc, 0x4f, 0xe0, 0xff, 0xe1, 0xdf, 0x90, 0xfe,
    0x7f, 0xa0, 0x9f, 0xe0, 0xff, 0xe2, 0x7f, 0x7,
    0xff, 0xe, 0xfc, 0x87, 0xe7, 0xfc, 0x19, 0xfe,
    0xf, 0xfe, 0x27, 0xf0, 0x7f, 0xf0, 0xef, 0xc8,
    0x7e, 0x7f, 0xa0, 0xcf, 0xf0, 0x7f, 0xf1, 0x3f,
    0x83, 0xff, 0x87, 0x7e, 0x43, 0xfd, 0xf8, 0x39,
    0xfe, 0xf, 0xfe, 0x27, 0xf0, 0x7f, 0xf0, 0xef,
    0xc8, 0x7f, 0xde, 0x83, 0x9f, 0xe0, 0xf5, 0xff,
    0xfd, 0xf0, 0xd8, 0x79, 0xfe, 0xf, 0x5f, 0xff,
    0xdf, 0xf, 0xf9, 0xfe, 0xf, 0x5f, 0xff, 0xdf,
    0xf, 0xf9, 0xfe, 0xf, 0x5f, 0xff, 0xdf, 0xf,
    0xf9, 0xfe, 0xf, 0x2c, 0x1f, 0xfe, 0x87, 0xf8,
    0x3f, 0xfe, 0x2f, 0xf0, 0x7f, 0xf1, 0xe0, 0xff,
    0xe2, 0x21, 0xff, 0xcc, 0x7f, 0x83, 0xff, 0x8c,
    0xf9, 0xf, 0xfe, 0xb, 0xc1, 0xff, 0xcb, 0x7f,
    0x83, 0xff, 0x8a, 0xfe, 0x83, 0xff, 0x81, 0xfa,
    0xf, 0xfe, 0x4b, 0xfc, 0x1f, 0xfc, 0x5f, 0xf9,
    0xf, 0xef, 0xf8, 0x3f, 0xf9, 0xf, 0xf0, 0x7f,
    0xf1, 0x3f, 0xe8, 0x3f, 0xbf, 0xf9, 0xf, 0xfe,
    0x33, 0xfc, 0x1f, 0xfc, 0x3f, 0xf9, 0xf, 0xfa,
    0xff, 0xd0, 0x7f, 0xf1, 0x5f, 0xe0, 0xff, 0xe1,
    0x7f, 0xc1, 0xff, 0xc2, 0x7f, 0xf8, 0x3f, 0xf8,
    0x8f, 0xf0, 0x7f, 0xf0, 0x7f, 0xe0, 0xff, 0xe2,
    0xdf, 0xf9, 0xf, 0xfe, 0x13, 0xfc, 0x1f, 0xfc,
    0xf, 0xf8, 0x3f, 0xf8, 0xef, 0xfe, 0x83, 0xff,
    0x82, 0xff, 0x7, 0xf9, 0xff, 0x83, 0xff, 0x95,
    0xff, 0xc1, 0xff, 0xc0, 0x7f, 0x83, 0xfb, 0xff,
    0x7, 0xff, 0x33, 0xff, 0x7, 0xff, 0x1, 0xfe,
    0xf, 0xdf, 0xf8, 0x3f, 0xf9, 0xd7, 0xf0, 0x7f,
    0xf0, 0x5f, 0xe0, 0xfe, 0xbf, 0x41, 0xff, 0xd0,
    0x7e, 0xf, 0xfe, 0x13, 0xfc, 0x87, 0xf3, 0xe8,
    0x3f, 0xfa, 0x4e, 0x1f, 0xfc, 0x37, 0xf9, 0xf,
    0xf3, 0x7, 0xff, 0x64,

    /* U+68EE "森" */
    0xf, 0xff, 0xf8, 0x7f, 0xf2, 0x7f, 0x90, 0xff,
    0xf8, 0x7f, 0x21, 0xff, 0xf0, 0xfe, 0x43, 0xff,
    0xe1, 0xfc, 0x87, 0xff, 0xc3, 0xf9, 0xf, 0xff,
    0x87, 0xf2, 0x1f, 0xfd, 0x85, 0x83, 0xff, 0x93,
    0xfc, 0x87, 0xff, 0x25, 0x60, 0xff, 0xe0, 0x7f,
    0xff, 0xa9, 0xf, 0xfb, 0xff, 0xfd, 0x48, 0x7f,
    0xdf, 0xff, 0xea, 0x43, 0xfe, 0xff, 0xff, 0x52,
    0x1f, 0xf5, 0x65, 0xff, 0xe0, 0xdf, 0xff, 0x53,
    0xfa, 0x5f, 0xfe, 0x15, 0x41, 0xff, 0xd0, 0x7f,
    0xc7, 0xf2, 0x7f, 0x83, 0xff, 0xc3, 0xfe, 0x4f,
    0xe4, 0xbf, 0xa0, 0xff, 0xef, 0xff, 0x90, 0x7f,
    0x20, 0xff, 0x41, 0xff, 0xdc, 0x7f, 0xd0, 0x5f,
    0xc8, 0x5f, 0xe8, 0x3f, 0xfb, 0x57, 0xfa, 0xd,
    0xfc, 0x84, 0xff, 0xc8, 0x7f, 0xf5, 0xff, 0xe8,
    0x3b, 0xf9, 0xc, 0xff, 0xd0, 0x7f, 0xf5, 0x2f,
    0xfa, 0xf, 0x7f, 0x21, 0xcf, 0xfe, 0x90, 0xff,
    0xe7, 0xbf, 0xf9, 0xf, 0xbf, 0x90, 0xfb, 0xff,
    0xd2, 0x1f, 0xfc, 0xa7, 0xff, 0x90, 0xfd, 0xfc,
    0x87, 0xeb, 0xff, 0xea, 0x21, 0xff, 0xc4, 0xbf,
    0xfa, 0xf, 0xf7, 0xf2, 0x1f, 0xcf, 0xff, 0xf1,
    0x20, 0xfe, 0x7f, 0xfe, 0x43, 0xfe, 0xfe, 0x43,
    0xfe, 0x7f, 0xff, 0x84, 0x1f, 0xbf, 0xff, 0x81,
    0x7, 0xff, 0x7, 0xf9, 0xf, 0xfe, 0xb, 0xff,
    0xf2, 0x1f, 0x9f, 0xfe, 0x83, 0xff, 0x87, 0xfc,
    0x87, 0xff, 0xd, 0xbf, 0xe8, 0x3f, 0xcf, 0xfc,
    0x87, 0xff, 0x13, 0xf9, 0xf, 0xfe, 0x33, 0x7e,
    0xf, 0xfe, 0x3, 0xf9, 0xf, 0xfe, 0x37, 0xf2,
    0x1f, 0xfc, 0xa5, 0x7, 0xff, 0x7, 0x83, 0xe5,
    0xe0, 0xfe, 0xfe, 0x43, 0xea, 0xe0, 0xff, 0xeb,
    0x7f, 0x7, 0xf7, 0xf2, 0x1f, 0x7f, 0x7, 0xff,
    0x5b, 0xf8, 0x3f, 0xf9, 0x5f, 0xc1, 0xff, 0xd6,
    0xfe, 0xf, 0xfe, 0x57, 0xf0, 0x7f, 0xf5, 0xbf,
    0x83, 0xff, 0x95, 0xfc, 0x1f, 0xfd, 0x6f, 0xe0,
    0xff, 0xe5, 0x7f, 0x7, 0xff, 0x22, 0xbe, 0x5f,
    0xbf, 0x96, 0xae, 0xd, 0x5c, 0xbd, 0xfc, 0xbf,
    0xab, 0xe4, 0x37, 0xff, 0xf3, 0xd0, 0xbf, 0xff,
    0xa5, 0x6, 0xff, 0xfe, 0x7a, 0x17, 0xff, 0xf4,
    0xa0, 0xdf, 0xff, 0xcf, 0x42, 0xff, 0xfe, 0x94,
    0x1b, 0xff, 0xf9, 0xe8, 0x5f, 0xff, 0xd2, 0x83,
    0xff, 0x85, 0x7f, 0xe0, 0xff, 0xe3, 0x7f, 0xff,
    0x4, 0x3f, 0xf9, 0xdf, 0xfc, 0x1f, 0xfc, 0x6f,
    0xff, 0xe0, 0xa1, 0xff, 0xcc, 0x7f, 0xf8, 0x3f,
    0xf8, 0xaf, 0xff, 0xf0, 0x83, 0xff, 0x99, 0xff,
    0xe0, 0xad, 0xf, 0xfb, 0xff, 0xf8, 0x68, 0x7f,
    0xf2, 0x9f, 0xff, 0x2, 0xfa, 0xf, 0xe7, 0xff,
    0xcf, 0xf0, 0x7f, 0xf2, 0xbf, 0xfe, 0x3f, 0xd0,
    0x7e, 0xfe, 0xbf, 0x8f, 0xe8, 0x3f, 0xf9, 0x17,
    0xf1, 0xfc, 0x3f, 0xe8, 0x3c, 0xff, 0x1f, 0xc3,
    0xfc, 0x1f, 0xfc, 0x8f, 0xe8, 0xfe, 0x3, 0xff,
    0x7, 0x7f, 0x8f, 0xe0, 0x7f, 0x83, 0xff, 0x8d,
    0xfe, 0x7, 0xf0, 0x4f, 0xfc, 0x13, 0xfc, 0x9f,
    0xc1, 0x7f, 0x41, 0xff, 0xc4, 0xbf, 0xa0, 0x7f,
    0x6, 0x7f, 0x90, 0xbf, 0xc0, 0xfe, 0xa, 0xfe,
    0x83, 0xff, 0x84, 0xff, 0x82, 0xfe, 0xe, 0x7e,
    0xd, 0x7f, 0x20, 0xfe, 0xd, 0xfe, 0x43, 0xff,
    0x80, 0xff, 0x90, 0xbf, 0x83, 0xd4, 0xc, 0xff,
    0x41, 0x7f, 0x7, 0x7f, 0x90, 0xff, 0xbf, 0xd0,
    0x6f, 0xe0, 0xff, 0xe0, 0x7f, 0x83, 0x7f, 0x7,
    0x3f, 0xe8, 0x3f, 0xbf, 0xe0, 0xef, 0xe0, 0xff,
    0xbf, 0xc8, 0x6f, 0xe0, 0xf5, 0xfe, 0x83, 0xef,
    0xf8, 0x3d, 0xfc, 0x1f, 0xef, 0xf8, 0x3b, 0xf8,
    0x3e, 0xbf, 0xe4, 0x27, 0xfe, 0x43, 0xdf, 0xc1,
    0xfd, 0xff, 0x7, 0xbf, 0x83, 0xf5, 0xff, 0x40,
    0xbf, 0xd0, 0x7d, 0xfc, 0x1f, 0xbf, 0xe4, 0x3d,
    0xfc, 0x1f, 0xd7, 0xfc, 0x85, 0x7d, 0x7, 0xef,
    0xe0, 0xf3, 0xff, 0x41, 0xf7, 0xf0, 0x7f, 0xaf,
    0xe0, 0xf5, 0xe0, 0xfe, 0xfe, 0xe, 0x7f, 0xf0,
    0x7e, 0xfe, 0xf, 0xfa, 0xf8, 0x3f, 0x41, 0xfe,
    0xfe, 0xf, 0xaf, 0xe0, 0xfe, 0xfe, 0xf, 0xfe,
    0x5, 0x87, 0xff, 0x23, 0xf8, 0x3f, 0xbe, 0xf,
    0xf7, 0xf0, 0x7f, 0xf5, 0xbf, 0x83, 0xfd, 0x21,
    0xfe, 0xfe, 0xf, 0xfe, 0xb7, 0xf0, 0x7f, 0xf2,
    0xbf, 0x83, 0xff, 0xad, 0xfc, 0x1f, 0xfc, 0xaf,
    0xe0, 0xff, 0xeb, 0x7f, 0x7, 0xff, 0x2a, 0xb8,
    0x3f, 0xf8, 0xc0,

    /* U+6B4C "歌" */
    0xf, 0xff, 0xf8, 0x7f, 0xf6, 0x2e, 0x43, 0xff,
    0xe7, 0xfd, 0x21, 0xff, 0xf0, 0xff, 0x21, 0xff,
    0xc5, 0x5f, 0xfe, 0xc0, 0x79, 0xff, 0x7, 0xff,
    0x1b, 0xff, 0xfb, 0x1, 0xef, 0xf2, 0x1f, 0xfc,
    0x6f, 0xff, 0xec, 0x7, 0xbf, 0xc1, 0xff, 0xc7,
    0xff, 0xfe, 0xc0, 0x73, 0xfc, 0x87, 0xff, 0x1f,
    0xff, 0xfa, 0x55, 0x7c, 0x1d, 0xfe, 0xf, 0xff,
    0xf, 0xf0, 0x7f, 0xdf, 0xd0, 0x7f, 0xf8, 0x7f,
    0x83, 0xfd, 0x7f, 0x7, 0xff, 0x8b, 0xf8, 0x3f,
    0xdf, 0xe0, 0xff, 0xf1, 0x7f, 0x7, 0xf3, 0xfc,
    0x87, 0xff, 0x33, 0xff, 0xf8, 0xa8, 0x6f, 0xe0,
    0xfe, 0xff, 0x7, 0xff, 0x37, 0xff, 0xf8, 0xa8,
    0x6f, 0xe0, 0xfc, 0xff, 0xff, 0x31, 0xf, 0x7f,
    0xff, 0x15, 0xd, 0xfc, 0x1f, 0xaf, 0xff, 0xe6,
    0x7, 0xdf, 0xff, 0xc5, 0x43, 0x7f, 0x7, 0xef,
    0xff, 0xe6, 0x87, 0xd7, 0xe4, 0x3d, 0x7e, 0x43,
    0x7f, 0x7, 0xd7, 0xff, 0xf3, 0x20, 0xfa, 0xfc,
    0x87, 0xaf, 0xc1, 0xdf, 0xc1, 0xf7, 0xf4, 0x1f,
    0xfc, 0x2f, 0xe0, 0xfd, 0x7e, 0x43, 0xd7, 0xe0,
    0xef, 0xe0, 0xf5, 0xfc, 0x1f, 0xfc, 0x27, 0xf8,
    0x3f, 0x5f, 0x90, 0xf5, 0xf8, 0x3b, 0xf8, 0x3d,
    0xfe, 0xf, 0xfe, 0x15, 0xfa, 0xf, 0xd7, 0xe4,
    0x3d, 0x7e, 0xe, 0xfe, 0xe, 0xff, 0x21, 0xff,
    0xc2, 0xfe, 0x43, 0xf5, 0xfa, 0x5f, 0x5f, 0x90,
    0xdf, 0xc1, 0x9f, 0xf0, 0x7f, 0xf0, 0xff, 0x90,
    0xfd, 0xff, 0xfc, 0x54, 0x37, 0xf0, 0x6f, 0xf2,
    0x1f, 0xfc, 0x27, 0xf8, 0x3f, 0xbf, 0xff, 0x8a,
    0x86, 0xfe, 0xa, 0xff, 0x7, 0xff, 0xd, 0xfe,
    0xf, 0xef, 0xff, 0xe2, 0xa1, 0xbf, 0x82, 0xff,
    0x21, 0x97, 0xc1, 0xd7, 0xe8, 0x3f, 0xbf, 0xff,
    0x8a, 0x86, 0xfe, 0xc, 0xfe, 0xe, 0xbf, 0x90,
    0xdf, 0xc8, 0x7f, 0xf4, 0xff, 0x83, 0xcc, 0x87,
    0x5f, 0xc8, 0x79, 0xa0, 0x7f, 0xf9, 0xef, 0xe4,
    0x3f, 0xfe, 0xf, 0xf2, 0x1f, 0xfc, 0x4a, 0xe5,
    0xff, 0xe8, 0x57, 0x7, 0x9f, 0xe4, 0x3f, 0xf8,
    0x9f, 0xff, 0xda, 0xf, 0x3f, 0xc8, 0x7f, 0xf1,
    0x3f, 0xff, 0xb4, 0x1e, 0x7f, 0x83, 0xff, 0x8b,
    0xff, 0xfd, 0xa0, 0xf3, 0xfc, 0x1f, 0xfc, 0x5f,
    0xff, 0xed, 0x7, 0x9f, 0xe4, 0x3f, 0xfb, 0xbf,
    0xc1, 0xff, 0xc2, 0x7f, 0x90, 0xff, 0xee, 0xff,
    0x7, 0xff, 0x9, 0xfe, 0x43, 0xff, 0xbb, 0xfc,
    0x1f, 0xfc, 0x27, 0xfa, 0xf, 0xfe, 0xef, 0xf0,
    0x7f, 0xf0, 0xaf, 0xf0, 0x7f, 0xf7, 0x7f, 0x83,
    0xff, 0x85, 0x7f, 0x83, 0xff, 0x8f, 0xff, 0xfc,
    0x50, 0xef, 0xe0, 0xff, 0xe1, 0x7f, 0xc8, 0x7f,
    0xf1, 0xbf, 0xff, 0x8a, 0x1d, 0xfc, 0x1f, 0xfc,
    0x2f, 0xfa, 0xf, 0xfe, 0x37, 0xff, 0xf1, 0x43,
    0xbf, 0x83, 0xff, 0x85, 0xff, 0x83, 0xff, 0x8d,
    0xff, 0xfc, 0x50, 0xef, 0xe0, 0xff, 0xe0, 0xbf,
    0xf8, 0x3f, 0xf8, 0xdf, 0xc1, 0xf7, 0xf0, 0x77,
    0xf0, 0x7f, 0xf0, 0x6f, 0xfd, 0x7, 0xff, 0x17,
    0xf8, 0x3e, 0xfe, 0xe, 0xfe, 0xf, 0xfe, 0xf,
    0xff, 0x83, 0xff, 0x8b, 0xfc, 0x1f, 0x7f, 0x7,
    0x7f, 0x7, 0xff, 0x1, 0xfe, 0xbf, 0x41, 0xff,
    0xc4, 0xfe, 0xf, 0xbf, 0x83, 0xbf, 0x83, 0xff,
    0x81, 0xfd, 0x1f, 0xc1, 0xff, 0xc4, 0xfe, 0xf,
    0xbf, 0x83, 0xbf, 0x83, 0xfe, 0x7f, 0x81, 0x7e,
    0x83, 0xff, 0x87, 0xfc, 0x1f, 0x7f, 0x7, 0x7f,
    0x7, 0xfd, 0xfe, 0x3, 0xfc, 0x87, 0xff, 0xb,
    0xf8, 0x3e, 0xfe, 0xe, 0xfe, 0xf, 0xf5, 0xfc,
    0x85, 0xfe, 0xf, 0xfe, 0x17, 0xff, 0xf1, 0x43,
    0xbf, 0x83, 0xfd, 0xfe, 0xc, 0xff, 0x83, 0xff,
    0x83, 0xff, 0xfc, 0x50, 0xef, 0xe0, 0xfe, 0xff,
    0x21, 0xdf, 0xe8, 0x3f, 0xf8, 0x1f, 0xff, 0xc5,
    0xe, 0xfe, 0xf, 0xd7, 0xf4, 0x1e, 0x7f, 0xd0,
    0x7f, 0xdf, 0xd5, 0xf7, 0xf0, 0x77, 0xf0, 0x7c,
    0xff, 0x83, 0xf5, 0xfe, 0x83, 0xfd, 0xfc, 0x1f,
    0x7f, 0x7, 0x7f, 0x7, 0x9f, 0xf4, 0x1f, 0xdf,
    0xf4, 0x1f, 0xdf, 0xc1, 0xf5, 0x70, 0x77, 0xf0,
    0x7b, 0xfe, 0xf, 0xf3, 0xff, 0x41, 0xfb, 0xf8,
    0x3f, 0xf8, 0xbf, 0xc1, 0xdf, 0xf0, 0x7f, 0xf0,
    0x2f, 0xfc, 0x1f, 0x7f, 0x7, 0xff, 0x11, 0xfe,
    0xd, 0xff, 0x21, 0xff, 0xc1, 0xff, 0xe4, 0x3b,
    0xf8, 0x3f, 0xf8, 0x9f, 0xe0, 0x3f, 0xf4, 0x1f,
    0xfc, 0x3f, 0xfe, 0xe, 0xfe, 0xf, 0xef, 0xff,
    0xe0, 0x97, 0xfe, 0xf, 0xfe, 0x23, 0xfe, 0x83,
    0xff, 0x91, 0x7f, 0xfd, 0x1f, 0xf8, 0x3f, 0xf8,
    0xcf, 0xe8, 0x3f, 0xf9, 0x5f, 0xff, 0x5, 0xfe,
    0xf, 0xfe, 0x43, 0xe8, 0x3f, 0xf9, 0x77, 0xff,
    0x7, 0x5f, 0x7, 0xff, 0x29, 0xc3, 0xff, 0x98,
    0xff, 0xc8, 0x7d, 0x61, 0xff, 0xe6, 0xf4, 0xa0,
    0xff, 0xef, 0x0,

    /* U+6B63 "正" */
    0xe, 0x43, 0xff, 0xe5, 0xff, 0xfe, 0xa8, 0x3f,
    0x7f, 0xff, 0xaa, 0xf, 0xdf, 0xff, 0xea, 0x83,
    0xf7, 0xff, 0xfa, 0xa0, 0xfd, 0xff, 0xfe, 0xa8,
    0x3f, 0x21, 0xff, 0xcc, 0xbf, 0x83, 0xff, 0x94,
    0x87, 0xff, 0x5a, 0xfe, 0xf, 0xff, 0x6d, 0xfc,
    0x1f, 0xfe, 0xdb, 0xf8, 0x3f, 0xfd, 0xb7, 0xf0,
    0x7f, 0xfb, 0x6f, 0xe0, 0xff, 0xf6, 0xdf, 0xc1,
    0xff, 0xed, 0xbf, 0x83, 0xff, 0xdb, 0x7f, 0x7,
    0xff, 0xb6, 0xfe, 0xf, 0xff, 0x6d, 0xfc, 0x1f,
    0xfe, 0xdb, 0xf8, 0x3f, 0xfb, 0x2f, 0xf8, 0x3f,
    0xf8, 0x37, 0xf0, 0x7f, 0xf6, 0x5f, 0xf0, 0x7f,
    0xf0, 0x6f, 0xe0, 0xff, 0xed, 0x7f, 0x83, 0xff,
    0x83, 0x7f, 0x7, 0xff, 0x6b, 0xfc, 0x1f, 0xfc,
    0x1b, 0xf8, 0x3f, 0xfb, 0x5f, 0xe0, 0xff, 0xe0,
    0xdf, 0xc1, 0xff, 0xda, 0xff, 0x7, 0xff, 0x6,
    0xfe, 0xf, 0xfe, 0x4a, 0x1f, 0xfc, 0x4f, 0xf0,
    0x7f, 0xf0, 0x6f, 0xff, 0xe7, 0xa1, 0xff, 0xc3,
    0xff, 0x7, 0xff, 0x6, 0xff, 0xfe, 0x7a, 0x1f,
    0xfc, 0x3f, 0xf0, 0x7f, 0xf0, 0x6f, 0xff, 0xe7,
    0xa1, 0xff, 0xc3, 0xff, 0x7, 0xff, 0x6, 0xff,
    0xfe, 0x7a, 0x1f, 0xfc, 0x3f, 0xf0, 0x7f, 0xf0,
    0x6f, 0xf5, 0x7f, 0xf0, 0xff, 0xc8, 0x7f, 0xf0,
    0xff, 0xc1, 0xff, 0xc1, 0xbf, 0x83, 0xff, 0xb5,
    0xfe, 0xf, 0xfe, 0xd, 0xfc, 0x1f, 0xfd, 0xaf,
    0xf0, 0x7f, 0xf0, 0x6f, 0xe0, 0xff, 0xed, 0x7f,
    0x83, 0xff, 0x83, 0x7f, 0x7, 0xff, 0x6b, 0xfc,
    0x1f, 0xfc, 0x1b, 0xf8, 0x3f, 0xfb, 0x5f, 0xe0,
    0xff, 0xe0, 0xdf, 0xc1, 0xff, 0xda, 0xff, 0x7,
    0xff, 0x6, 0xfe, 0xf, 0xfe, 0xd7, 0xf8, 0x3f,
    0xf8, 0x37, 0xf0, 0x7f, 0xf6, 0xbf, 0xc1, 0xff,
    0xc1, 0xbf, 0x83, 0xff, 0xb5, 0xfe, 0xf, 0xfe,
    0xd, 0xfc, 0x1f, 0xfd, 0xaf, 0xf0, 0x7f, 0xf0,
    0x6f, 0xe0, 0xff, 0xed, 0x7f, 0x83, 0xff, 0x83,
    0x7f, 0x7, 0xff, 0x6b, 0xfc, 0x1f, 0xfc, 0x1b,
    0xf8, 0x3f, 0xfb, 0x5f, 0xe0, 0xff, 0xe0, 0xdf,
    0xc1, 0xff, 0xda, 0xff, 0x7, 0xff, 0x6, 0xfe,
    0xf, 0xfe, 0xd7, 0xf8, 0x3f, 0xf8, 0x37, 0xf0,
    0x7f, 0xf6, 0xbf, 0xc1, 0xff, 0xc1, 0xbf, 0x83,
    0xff, 0xb5, 0xfe, 0xf, 0xfe, 0xd, 0xfc, 0x1f,
    0xfd, 0xaf, 0xf0, 0x7f, 0xf0, 0x6f, 0xe0, 0xff,
    0xed, 0x7f, 0x83, 0xff, 0x83, 0x7f, 0x7, 0xff,
    0x6b, 0xfc, 0x1f, 0xfc, 0x1b, 0xf8, 0x3f, 0xfb,
    0x5f, 0xe0, 0xff, 0xe0, 0xdf, 0xc1, 0xff, 0xcf,
    0xff, 0xff, 0x91, 0xff, 0xff, 0x23, 0xff, 0xfe,
    0x47, 0xff, 0xfc, 0x8f, 0xff, 0xf9, 0xb, 0x83,
    0xff, 0xd2, 0xbc, 0x0,

    /* U+6B65 "步" */
    0xf, 0xfe, 0x9a, 0xf8, 0x3f, 0xfd, 0xdf, 0xe0,
    0xff, 0xf7, 0x7f, 0x83, 0xff, 0xdd, 0xfe, 0xf,
    0xff, 0x77, 0xf8, 0x3f, 0xfd, 0xdf, 0xe0, 0xff,
    0xf7, 0x5f, 0xa0, 0xff, 0xee, 0xb5, 0xc1, 0xff,
    0x5f, 0xa0, 0xff, 0xee, 0xdf, 0xc1, 0xff, 0x5f,
    0xa0, 0xff, 0xee, 0xdf, 0xc1, 0xff, 0x5f, 0xa0,
    0xff, 0xee, 0xdf, 0xc1, 0xff, 0x5f, 0xff, 0xcd,
    0x83, 0xff, 0x90, 0xff, 0x7, 0xfd, 0x7f, 0xff,
    0x36, 0xf, 0xfe, 0x43, 0xfc, 0x1f, 0xf5, 0xff,
    0xfc, 0xd8, 0x3f, 0xf9, 0xf, 0xf0, 0x7f, 0xd7,
    0xff, 0xf3, 0x60, 0xff, 0xe4, 0x3f, 0xc1, 0xff,
    0x5f, 0xd5, 0xff, 0xc4, 0xfc, 0x87, 0xff, 0x21,
    0xfe, 0xf, 0xfa, 0xfd, 0x7, 0xff, 0x75, 0xfe,
    0xf, 0xfa, 0xfd, 0x7, 0xff, 0x75, 0xfe, 0xf,
    0xfa, 0xfd, 0x7, 0xff, 0x75, 0xfe, 0xf, 0xfa,
    0xfd, 0x7, 0xff, 0x75, 0xfe, 0xf, 0xfa, 0xfd,
    0x7, 0xff, 0x75, 0xfe, 0xf, 0xfa, 0xfd, 0x7,
    0xff, 0x75, 0xfe, 0xf, 0xfa, 0xfd, 0x7, 0xff,
    0x75, 0xfe, 0xf, 0xfa, 0xfd, 0x7, 0xff, 0x75,
    0xfe, 0xf, 0xfa, 0xfd, 0x7, 0xff, 0x3d, 0xff,
    0xff, 0x94, 0xff, 0xff, 0xca, 0x7f, 0xff, 0xe5,
    0x3f, 0xff, 0xf2, 0x9f, 0xff, 0xf9, 0x42, 0x1f,
    0xff, 0xf0, 0xff, 0xff, 0x87, 0xdf, 0xe0, 0xff,
    0xf7, 0x7f, 0x83, 0xff, 0xc2, 0xc1, 0xff, 0x7f,
    0x83, 0xff, 0xc3, 0xf0, 0x7f, 0xbf, 0xc1, 0xff,
    0xe0, 0xfe, 0x43, 0xf5, 0xfc, 0x1f, 0xfc, 0x6a,
    0x7, 0xff, 0x2e, 0xff, 0x83, 0xeb, 0xf8, 0x3f,
    0xf8, 0xaf, 0xc1, 0xff, 0xc9, 0x7f, 0xe8, 0x3e,
    0xbf, 0x41, 0xff, 0xc5, 0xfe, 0x43, 0xff, 0x8c,
    0xff, 0xc8, 0x7e, 0xbf, 0x41, 0xff, 0xc4, 0xff,
    0xc1, 0xff, 0xc5, 0xff, 0x90, 0xfe, 0xbf, 0x41,
    0xff, 0xc3, 0xbf, 0xe8, 0x3f, 0xf8, 0x9f, 0xf2,
    0x1f, 0xeb, 0xf4, 0x1f, 0xfc, 0x27, 0xfe, 0x83,
    0xff, 0x89, 0xff, 0x21, 0xff, 0x5f, 0xa0, 0xff,
    0xe0, 0xbf, 0xf4, 0x1f, 0xfc, 0x4f, 0xf9, 0xf,
    0xfe, 0x5, 0xfa, 0xf, 0xfe, 0x3, 0xff, 0x41,
    0xff, 0xc4, 0xff, 0x90, 0xff, 0xe0, 0xdf, 0xa0,
    0xff, 0x9f, 0xfa, 0xf, 0xfe, 0x27, 0xfc, 0x87,
    0xff, 0xa, 0xfd, 0x7, 0xf9, 0xff, 0xa0, 0xff,
    0xe2, 0x7f, 0xc8, 0x7f, 0xf0, 0xef, 0xd0, 0x7f,
    0x3f, 0xf4, 0x1f, 0xfc, 0x4f, 0xf9, 0xf, 0xfe,
    0x25, 0xfa, 0xf, 0xcf, 0xfd, 0x7, 0xff, 0xd,
    0xff, 0x90, 0xff, 0xe2, 0xdf, 0xa0, 0xfa, 0xff,
    0xa0, 0xff, 0xe1, 0xdf, 0xf2, 0x1f, 0xfc, 0x6b,
    0xf4, 0x1e, 0xff, 0xd0, 0x7f, 0xf0, 0xef, 0xf9,
    0xf, 0xfe, 0x3d, 0xfa, 0xc, 0xff, 0xe4, 0x3f,
    0xf8, 0xbf, 0xe4, 0x3f, 0xf9, 0x17, 0xe8, 0x2b,
    0xff, 0x7, 0xff, 0x22, 0xf9, 0xf, 0xfe, 0x4d,
    0xfa, 0x1f, 0xfe, 0xf, 0xfe, 0x55, 0x87, 0xff,
    0x2e, 0xfe, 0xbf, 0xf4, 0x1f, 0xfe, 0x4b, 0xff,
    0xf8, 0x28, 0x7f, 0xf9, 0x6f, 0xff, 0xa0, 0xff,
    0xf2, 0xbf, 0xff, 0xc0, 0x43, 0xff, 0xc6, 0xff,
    0xff, 0x5, 0xf, 0xff, 0x3, 0x7f, 0xff, 0xd,
    0xf, 0xfe, 0xda, 0xaf, 0xff, 0xe3, 0x48, 0x7f,
    0xf4, 0x2b, 0xef, 0xff, 0xe6, 0xa1, 0xff, 0xd3,
    0x7f, 0xff, 0xa1, 0x7, 0xff, 0x5e, 0xff, 0xfe,
    0x5c, 0x87, 0xff, 0x6f, 0xff, 0xf8, 0xf2, 0x1f,
    0xfd, 0xf7, 0xff, 0xf8, 0x12, 0x83, 0xff, 0xcb,
    0xfa, 0x8a, 0xf, 0xff, 0xf8, 0x7f, 0xf7, 0x40,

    /* U+6C14 "气" */
    0xf, 0xff, 0xf8, 0x77, 0x7, 0xff, 0xc9, 0xfc,
    0x87, 0xff, 0xbf, 0xfe, 0x43, 0xff, 0xdb, 0xff,
    0x7, 0xff, 0xb6, 0xff, 0x7, 0xff, 0xbb, 0xfd,
    0x7, 0xff, 0xb6, 0xff, 0x7, 0xff, 0xbb, 0xfc,
    0x87, 0xff, 0x69, 0xf, 0xfe, 0x35, 0xff, 0xfe,
    0x28, 0x3f, 0xf8, 0xbf, 0xff, 0xe3, 0x83, 0xff,
    0x89, 0xff, 0xfe, 0x48, 0x3f, 0xf8, 0x6f, 0xff,
    0xf9, 0x20, 0xff, 0xe1, 0xff, 0xcb, 0xff, 0xd8,
    0xaf, 0x21, 0xff, 0xc2, 0xbf, 0xc1, 0xff, 0xed,
    0x7f, 0xd0, 0x7f, 0xfb, 0x7f, 0xe0, 0xff, 0xf6,
    0xdf, 0xe4, 0x3f, 0xfd, 0x8f, 0xfc, 0x1f, 0xfe,
    0xdf, 0xf8, 0x3f, 0xfb, 0x6a, 0xf, 0xfe, 0x27,
    0xfc, 0x82, 0xff, 0xfe, 0xd0, 0x7f, 0xf0, 0xef,
    0xf4, 0x15, 0xff, 0xfd, 0xa0, 0xff, 0xe1, 0x3f,
    0xf0, 0x6b, 0xff, 0xfb, 0x41, 0xff, 0xc1, 0x7f,
    0xe4, 0x35, 0xff, 0xfd, 0xa0, 0xff, 0xe0, 0x3f,
    0xf4, 0x1c, 0xd7, 0x97, 0xff, 0x9d, 0x5e, 0xf,
    0xfe, 0xb, 0xfd, 0x7, 0xff, 0xc1, 0xf8, 0x3f,
    0xfe, 0x78, 0x7f, 0xff, 0xc3, 0xff, 0xfe, 0x1f,
    0xff, 0xf0, 0xff, 0xeb, 0x5f, 0xfa, 0xbf, 0xfb,
    0x41, 0xff, 0xc6, 0xbf, 0xff, 0xc3, 0x7, 0xff,
    0x1a, 0xff, 0xff, 0xc, 0x1f, 0xfc, 0x6b, 0xff,
    0xfc, 0x30, 0x7f, 0xf1, 0xaf, 0xff, 0xf0, 0xc1,
    0xff, 0xef, 0xfe, 0x43, 0xff, 0xdf, 0xfc, 0x87,
    0xff, 0xb9, 0xfe, 0x43, 0xff, 0xdc, 0xff, 0x21,
    0xff, 0xee, 0x7f, 0x90, 0xff, 0xf7, 0x3f, 0xc8,
    0x7f, 0xfb, 0x9f, 0xe4, 0x3f, 0xfd, 0xcf, 0xf2,
    0x1f, 0xfe, 0xe7, 0xf9, 0xf, 0xff, 0x73, 0xfc,
    0x87, 0xff, 0xb9, 0xfe, 0x43, 0xff, 0xdf, 0xfd,
    0x7, 0xff, 0xbf, 0xfa, 0xf, 0xff, 0x7f, 0xf8,
    0x3f, 0xfd, 0xff, 0xe0, 0xf9, 0xf, 0xff, 0x3f,
    0xf8, 0x3e, 0xb0, 0xff, 0xf3, 0x5f, 0xc8, 0x7b,
    0xe0, 0xff, 0xf2, 0xbf, 0xe0, 0xf7, 0xe4, 0x3f,
    0xfc, 0x9f, 0xe0, 0xeb, 0xfc, 0x1f, 0xfe, 0x3f,
    0xf4, 0x1b, 0xfd, 0x7, 0xff, 0x8e, 0xff, 0x6,
    0xff, 0x7, 0xff, 0x97, 0xfd, 0x2, 0xff, 0x7,
    0xff, 0x97, 0xfe, 0x7, 0xf9, 0xf, 0xff, 0x2b,
    0xff, 0xfc, 0x20, 0xff, 0xf3, 0xff, 0xff, 0x5,
    0xf, 0xff, 0x3b, 0xff, 0xfc, 0x0, 0xff, 0xf4,
    0xff, 0xfc, 0x87, 0xff, 0xab, 0xff, 0xc1, 0xff,
    0xeb, 0x7f, 0xf0, 0x7f, 0xfb, 0x5f, 0xf0, 0x7f,
    0xfc, 0x1a, 0x21, 0xff, 0xfc,

    /* U+6C34 "水" */
    0xf, 0xff, 0xf8, 0x7f, 0xf2, 0xef, 0xf0, 0x7f,
    0xfc, 0x5f, 0xf0, 0x7f, 0xfc, 0x5f, 0xf0, 0x7f,
    0xfc, 0x5f, 0xf0, 0x7f, 0xfc, 0xbf, 0xc1, 0xff,
    0xf2, 0xfe, 0x83, 0xff, 0xe5, 0xfd, 0x7, 0xff,
    0xcb, 0xfa, 0xf, 0xff, 0x97, 0xf4, 0x1f, 0xff,
    0x2f, 0xe8, 0x3f, 0xfe, 0x5f, 0xd0, 0x7f, 0xfc,
    0xbf, 0xc1, 0xff, 0xf2, 0xff, 0x7, 0xff, 0xcb,
    0xfc, 0x1f, 0xfc, 0x7d, 0xf, 0xfe, 0xef, 0xf8,
    0x3f, 0xf8, 0xdf, 0x21, 0xff, 0xdc, 0xff, 0x7,
    0xff, 0x16, 0xfc, 0x87, 0xff, 0x6f, 0xfc, 0x87,
    0xff, 0xd, 0xff, 0x21, 0xfe, 0x58, 0x3f, 0xf9,
    0xbf, 0xe8, 0x3f, 0xf8, 0x7f, 0xf9, 0xf, 0xef,
    0xff, 0xe5, 0xc1, 0xbf, 0xe0, 0xff, 0xe1, 0x7f,
    0xf0, 0x7f, 0xbf, 0xff, 0x96, 0x86, 0xff, 0x90,
    0xff, 0xe0, 0x7f, 0xe8, 0x3f, 0xef, 0xff, 0xe5,
    0x87, 0x7f, 0xd0, 0x7f, 0xdf, 0xf9, 0xf, 0xfe,
    0x7, 0xff, 0xf2, 0xc3, 0xbf, 0xf0, 0x7f, 0xbf,
    0xf0, 0x7f, 0xf0, 0xbf, 0xff, 0x95, 0x7, 0x7f,
    0xe8, 0x3f, 0x7f, 0xe0, 0xff, 0xe1, 0xac, 0x1f,
    0xfc, 0x2f, 0xe4, 0x3b, 0xff, 0x83, 0xef, 0xfa,
    0xf, 0xfe, 0xa3, 0xfc, 0x87, 0x7f, 0xf4, 0x1d,
    0xff, 0x41, 0xff, 0xd5, 0xbf, 0x83, 0xdf, 0xfe,
    0x9, 0xff, 0x90, 0xff, 0xeb, 0x7f, 0x41, 0xef,
    0xff, 0x87, 0xfe, 0x43, 0xff, 0xac, 0xff, 0x21,
    0xef, 0xeb, 0xff, 0xf8, 0x21, 0xff, 0xd8, 0xbf,
    0x83, 0xef, 0xea, 0x7f, 0xfc, 0x1f, 0xfd, 0x9f,
    0xf0, 0x7d, 0xfd, 0x1f, 0xfe, 0xf, 0xfe, 0xcb,
    0xfd, 0x7, 0xdf, 0xd1, 0xff, 0xa0, 0xff, 0xed,
    0x5f, 0xc1, 0xfb, 0xfa, 0x7, 0xfa, 0xf, 0xfe,
    0xdf, 0xf8, 0x3f, 0x7f, 0x40, 0xbf, 0x90, 0xff,
    0xed, 0x5f, 0xc8, 0x7e, 0xfe, 0x82, 0xff, 0x7,
    0xff, 0x6b, 0xfc, 0x1f, 0xdf, 0xd0, 0x57, 0xf2,
    0x1f, 0xfd, 0x87, 0xfa, 0xf, 0xef, 0xe8, 0x37,
    0xf8, 0x3f, 0xfb, 0x1f, 0xe0, 0xff, 0x7f, 0x41,
    0x9f, 0xf0, 0x7f, 0xf5, 0x9f, 0xe8, 0x3f, 0xdf,
    0xd0, 0x77, 0xfa, 0xf, 0xfe, 0xaf, 0xf8, 0x3f,
    0xef, 0xe8, 0x39, 0xff, 0x21, 0xff, 0xd3, 0xbf,
    0xa0, 0xff, 0xbf, 0xa0, 0xf5, 0xfe, 0xf, 0xfe,
    0x9f, 0xf8, 0x3f, 0xf8, 0x1f, 0xd0, 0x7d, 0xff,
    0x7, 0xff, 0x47, 0xfd, 0x7, 0xff, 0x3, 0xfa,
    0xf, 0xdf, 0xf0, 0x7f, 0xf3, 0xef, 0xf0, 0x7f,
    0xf0, 0x7f, 0xa0, 0xfc, 0xff, 0xc1, 0xff, 0xcd,
    0x7f, 0xd0, 0x7f, 0xf0, 0x7f, 0xa0, 0xfe, 0xbf,
    0xe0, 0xff, 0xe6, 0x7f, 0xc1, 0xff, 0xc2, 0xfe,
    0x83, 0xfd, 0xff, 0x90, 0xff, 0xe4, 0xff, 0xc8,
    0x7f, 0xf0, 0xbf, 0xa0, 0xff, 0xbf, 0xf2, 0x1f,
    0xfc, 0x7f, 0xfa, 0xf, 0xfe, 0x1f, 0xf4, 0x1f,
    0xfc, 0xf, 0xfe, 0xf, 0xfe, 0x2f, 0xfe, 0xf,
    0xfe, 0x27, 0xf4, 0x1f, 0xfc, 0x1f, 0xfe, 0x43,
    0xff, 0x85, 0xff, 0x83, 0xff, 0x8b, 0xfd, 0x7,
    0xff, 0xb, 0xff, 0xc8, 0x7f, 0xdf, 0xf9, 0xf,
    0xfe, 0x2f, 0xf4, 0x1f, 0xfc, 0x3f, 0xff, 0x90,
    0xf9, 0xff, 0xc8, 0x7f, 0xf1, 0xbf, 0xa0, 0xff,
    0xe2, 0x7f, 0xff, 0x2, 0x42, 0x7f, 0xf4, 0x1f,
    0xfc, 0x7f, 0xe8, 0x3f, 0xf8, 0xb7, 0xff, 0xd0,
    0x2f, 0xfd, 0x7, 0xff, 0x23, 0xfa, 0xf, 0xfe,
    0x33, 0xff, 0xc1, 0x9f, 0xfc, 0x1f, 0xfc, 0x9f,
    0xe8, 0x3f, 0xf9, 0x1f, 0xf0, 0x7c, 0xff, 0x7,
    0xff, 0x2b, 0xfa, 0xf, 0xfe, 0x4d, 0xf8, 0x3f,
    0xdf, 0x7, 0xff, 0x2f, 0xfa, 0xf, 0xfe, 0x5f,
    0x90, 0xff, 0xa0, 0xff, 0xe6, 0x7f, 0x41, 0xff,
    0xcc, 0x43, 0xff, 0xb0, 0xff, 0x41, 0xff, 0xf1,
    0xff, 0x41, 0xff, 0xea, 0xeb, 0xbf, 0xe4, 0x3f,
    0xfd, 0x57, 0xff, 0xf0, 0x3, 0xff, 0xd9, 0xff,
    0xf4, 0x1f, 0xfe, 0xcf, 0xff, 0x83, 0xff, 0xda,
    0xff, 0xe4, 0x3f, 0xfd, 0xff, 0xd2, 0x1f, 0xff,
    0x1a, 0x21, 0xff, 0xdc,

    /* U+6C5F "江" */
    0xf, 0xe4, 0x3f, 0xfe, 0xaf, 0x90, 0xff, 0xf9,
    0xfe, 0x83, 0xff, 0xe3, 0x7f, 0x90, 0xff, 0xf7,
    0x3f, 0xfc, 0x1f, 0xfe, 0xd7, 0xff, 0xd0, 0x7b,
    0xea, 0xff, 0xe9, 0x7f, 0x41, 0xff, 0xc0, 0xbf,
    0xfc, 0x1d, 0xff, 0xfd, 0xa8, 0x3f, 0xf8, 0x2f,
    0xff, 0xa0, 0xbf, 0xff, 0xb5, 0x7, 0xff, 0xe,
    0xff, 0xe0, 0xbf, 0xff, 0xb5, 0x7, 0xff, 0x11,
    0xff, 0x83, 0x7f, 0xff, 0x6a, 0xf, 0xfe, 0x37,
    0xf0, 0x77, 0xff, 0xf6, 0xa0, 0xff, 0xe3, 0xfd,
    0x7, 0xff, 0x27, 0xfc, 0x1f, 0xfd, 0x9b, 0xf,
    0xfe, 0x57, 0xf8, 0x3f, 0xfe, 0x3f, 0xe0, 0xff,
    0xf8, 0xff, 0x83, 0xff, 0xe3, 0xfe, 0xf, 0xff,
    0x8f, 0xf8, 0x3f, 0xfe, 0x3f, 0xe0, 0xff, 0xf8,
    0xff, 0x83, 0xff, 0x99, 0x40, 0xff, 0xeb, 0xff,
    0x83, 0xff, 0x99, 0xf4, 0x87, 0xff, 0x53, 0xfc,
    0x1f, 0xfc, 0xbb, 0xfc, 0x87, 0xff, 0x4b, 0xfc,
    0x1f, 0xfc, 0xbf, 0xfe, 0x43, 0xff, 0xa1, 0xfe,
    0xf, 0xfe, 0x57, 0xff, 0xf0, 0x10, 0xff, 0xe7,
    0x7f, 0x83, 0xff, 0x95, 0x7f, 0xff, 0x4, 0x3f,
    0xf9, 0xbf, 0xe0, 0xff, 0xe6, 0x5f, 0xff, 0xc0,
    0x43, 0xff, 0x97, 0xfe, 0xf, 0xfe, 0x75, 0xff,
    0xe0, 0xff, 0xe6, 0x7f, 0x83, 0xff, 0xa1, 0x7f,
    0xc1, 0xff, 0xcd, 0xff, 0x7, 0xff, 0x45, 0xfe,
    0x83, 0xff, 0x9b, 0xfe, 0xf, 0xfe, 0x9b, 0xf0,
    0x7f, 0xf3, 0xbf, 0xc1, 0xff, 0xd5, 0xe0, 0xff,
    0xe7, 0x7f, 0x83, 0xff, 0xe3, 0xfe, 0xf, 0xff,
    0x8f, 0xf8, 0x3f, 0xfe, 0x3f, 0xe0, 0xff, 0xf8,
    0xff, 0x83, 0xff, 0xe3, 0xfe, 0xf, 0xfe, 0xbb,
    0x7, 0xff, 0x33, 0xfc, 0x1f, 0xfd, 0x7b, 0xc8,
    0x7f, 0xf2, 0xbf, 0xc1, 0xff, 0xd7, 0xfe, 0x43,
    0xff, 0x91, 0xfe, 0xf, 0xfe, 0xb3, 0xff, 0x7,
    0xff, 0x1f, 0xfc, 0x1f, 0xfd, 0x6f, 0xfa, 0xf,
    0xfe, 0x3f, 0xf8, 0x3f, 0xfa, 0xdf, 0xf0, 0x7f,
    0xf2, 0x3f, 0xc1, 0xff, 0xd5, 0xbf, 0xc1, 0xff,
    0xc9, 0xff, 0x7, 0xff, 0x57, 0xfd, 0x7, 0xff,
    0x27, 0xfc, 0x1f, 0xfd, 0x4b, 0xfc, 0x1f, 0xfc,
    0xaf, 0xf0, 0x7f, 0xf5, 0x3f, 0xd0, 0x7f, 0xf2,
    0xbf, 0xc1, 0xff, 0xd3, 0x7f, 0xc1, 0xff, 0xcb,
    0xff, 0x7, 0xff, 0x4f, 0xfd, 0x7, 0xff, 0x2f,
    0xfc, 0x1f, 0xfd, 0x27, 0xfc, 0x1f, 0xfc, 0xcf,
    0xf0, 0x7f, 0xf4, 0xbf, 0xd0, 0x7f, 0xf3, 0x3f,
    0xc1, 0xff, 0xd1, 0x7f, 0xc8, 0x7f, 0xf3, 0x3f,
    0xc1, 0xff, 0xd1, 0xff, 0x83, 0xff, 0x9b, 0xfe,
    0xf, 0xfe, 0x83, 0xfe, 0x43, 0xff, 0x9b, 0xfe,
    0xf, 0xfe, 0x87, 0xfc, 0x1f, 0xfc, 0xef, 0xf0,
    0x7f, 0xf3, 0xef, 0xf4, 0x1e, 0xff, 0xab, 0xff,
    0x83, 0xfe, 0xaf, 0xfe, 0xf, 0xfc, 0x87, 0xbf,
    0xe4, 0x3d, 0xff, 0xfe, 0x24, 0x3b, 0xff, 0x7,
    0xdf, 0xff, 0xe2, 0x43, 0x3f, 0xf4, 0x1f, 0x7f,
    0xff, 0x89, 0xd, 0xff, 0x83, 0xf7, 0xff, 0xf8,
    0x90, 0xbf, 0xf4, 0x1f, 0xbf, 0xea, 0xff, 0xea,
    0x7f, 0xc8, 0x1f, 0xfc, 0x87, 0xff, 0xbd, 0xff,
    0x7, 0xff, 0xc9, 0xfa, 0xf, 0xff, 0xa3, 0xa1,
    0xff, 0xff, 0xf, 0xff, 0x20,

    /* U+6CA1 "没" */
    0xf, 0xe4, 0x3f, 0xfe, 0x7e, 0x83, 0xff, 0xe3,
    0xfc, 0x1f, 0xfe, 0xfb, 0xfc, 0x87, 0xff, 0x5,
    0xaf, 0xfe, 0x62, 0x1f, 0xfc, 0x57, 0xff, 0x41,
    0xff, 0xc0, 0x7f, 0xff, 0x98, 0x87, 0xff, 0x19,
    0xff, 0xe0, 0xff, 0x9f, 0xff, 0xe6, 0x21, 0xff,
    0xc8, 0xff, 0xe4, 0x3f, 0x9f, 0xff, 0xe6, 0x21,
    0xff, 0xc9, 0xbf, 0xf2, 0x1f, 0x9f, 0xff, 0xe6,
    0x21, 0xff, 0xca, 0x7f, 0xf4, 0x1f, 0x3f, 0xc1,
    0xff, 0xc2, 0xfe, 0x43, 0xff, 0x99, 0xff, 0xc1,
    0xe7, 0xf8, 0x3f, 0xf8, 0x5f, 0xc8, 0x7f, 0xf3,
    0x7f, 0xf8, 0x39, 0xfe, 0xf, 0xfe, 0x17, 0xf2,
    0x1f, 0xfc, 0xeb, 0xfc, 0x1e, 0x7f, 0x41, 0xff,
    0xc2, 0xfe, 0x43, 0xff, 0x9f, 0x7e, 0xf, 0xaf,
    0xd0, 0x7f, 0xf0, 0xbf, 0x90, 0xff, 0xe8, 0x3e,
    0xf, 0xd7, 0xe8, 0x3f, 0xf8, 0x5f, 0xc8, 0x7f,
    0xf4, 0x50, 0xfe, 0xfe, 0x43, 0xff, 0x85, 0xfc,
    0x87, 0xff, 0x6f, 0xf8, 0x3f, 0xf8, 0x7f, 0xc8,
    0x7f, 0xf0, 0xdc, 0x3f, 0xf9, 0x5f, 0xc1, 0xff,
    0xc3, 0xfe, 0x43, 0xff, 0x87, 0xf2, 0x1f, 0xfc,
    0x77, 0xf8, 0x3f, 0xf8, 0x7f, 0xc8, 0x7f, 0xf0,
    0xbf, 0x90, 0xff, 0xe3, 0x5f, 0xa0, 0xff, 0xe1,
    0xff, 0x21, 0xff, 0xc1, 0xbf, 0xd0, 0x7f, 0xf1,
    0x7f, 0x83, 0xff, 0x89, 0xfc, 0x87, 0xff, 0x7,
    0xff, 0x83, 0xff, 0x87, 0xfe, 0xf, 0xfe, 0x27,
    0xf4, 0x1f, 0xfc, 0x2f, 0xfe, 0x43, 0xff, 0x80,
    0xff, 0x21, 0xff, 0xc4, 0xff, 0x48, 0x79, 0x60,
    0xcf, 0xfe, 0x43, 0xfc, 0xff, 0x83, 0xff, 0x8b,
    0xff, 0xfc, 0x48, 0x3d, 0xff, 0xa0, 0xfc, 0xff,
    0x83, 0xff, 0x8d, 0x7f, 0xff, 0xc, 0x3f, 0x5f,
    0xf8, 0x3d, 0x7f, 0x90, 0xff, 0xe3, 0xff, 0xff,
    0xc, 0x3f, 0x9f, 0xfc, 0x13, 0xff, 0x41, 0xff,
    0xc9, 0xff, 0xfe, 0xc, 0x1f, 0xe7, 0xfd, 0x5,
    0xff, 0x41, 0xff, 0xcb, 0x6b, 0xfe, 0x43, 0xff,
    0x81, 0xfa, 0xe, 0xbf, 0x41, 0xff, 0xe6, 0xf4,
    0x1f, 0x5e, 0x83, 0xff, 0xd1, 0x7, 0xf4, 0x87,
    0xff, 0xfc, 0x3f, 0xfd, 0x57, 0xff, 0xf5, 0x43,
    0xff, 0xa7, 0x7f, 0xff, 0x54, 0x3f, 0xfa, 0x77,
    0xff, 0xf5, 0x10, 0xff, 0xe9, 0xdf, 0xff, 0xd4,
    0xf, 0xfe, 0x5c, 0x1f, 0x9a, 0xbf, 0xcb, 0xff,
    0xc4, 0xbf, 0xa0, 0xff, 0xe5, 0x5e, 0xf, 0xfa,
    0xfe, 0xf, 0xfe, 0x27, 0xf8, 0x3f, 0xf9, 0x7f,
    0x90, 0xfe, 0x7f, 0x90, 0xff, 0xe1, 0x3f, 0xd0,
    0x7f, 0xf2, 0x9f, 0xe8, 0x3f, 0xbf, 0xc1, 0xff,
    0xc2, 0xbf, 0x83, 0xff, 0x97, 0xfe, 0x83, 0xf9,
    0xfe, 0x43, 0xff, 0x83, 0xfd, 0x7, 0xff, 0x2f,
    0xfc, 0x1f, 0xf7, 0xf8, 0x3f, 0xf8, 0x1f, 0xe0,
    0xff, 0xe5, 0xdf, 0xc8, 0x7f, 0xcf, 0xf4, 0x1f,
    0xe7, 0xf9, 0xf, 0xfe, 0x5f, 0xf8, 0x3f, 0xf8,
    0x3f, 0xe0, 0xff, 0x7f, 0x83, 0xff, 0x97, 0x7f,
    0x7, 0xff, 0x9, 0xff, 0x7, 0xeb, 0xf9, 0xf,
    0xfe, 0x5f, 0xf4, 0x1f, 0xfc, 0x3b, 0xfa, 0xf,
    0x3f, 0xd0, 0x7f, 0xf2, 0xef, 0xe0, 0xff, 0xe2,
    0xff, 0x90, 0xef, 0xf0, 0x7f, 0xf3, 0x3f, 0xa0,
    0xff, 0xe3, 0x7f, 0x90, 0xbf, 0xc8, 0x7f, 0xf2,
    0xef, 0xe0, 0xff, 0xe3, 0xbf, 0xe4, 0xff, 0x21,
    0xff, 0xcc, 0xfe, 0x83, 0xff, 0x91, 0x7f, 0xff,
    0x2, 0xf, 0xfe, 0x65, 0xfc, 0x1f, 0xfc, 0xab,
    0xff, 0xe0, 0xff, 0xe6, 0xff, 0x83, 0xff, 0x97,
    0x7f, 0xf0, 0x7f, 0xf3, 0x7f, 0xc8, 0x7f, 0xf3,
    0x3f, 0xf4, 0x1f, 0xfc, 0xc7, 0xfc, 0x1f, 0xfc,
    0xb7, 0xff, 0xe0, 0xff, 0xe5, 0xff, 0x90, 0xff,
    0xe5, 0x7f, 0xff, 0xa, 0xf, 0xfe, 0x45, 0xfe,
    0xf, 0xfe, 0x4d, 0xff, 0xfc, 0x58, 0x3f, 0xf8,
    0xaf, 0xf9, 0xf, 0xfe, 0x33, 0xff, 0xe4, 0xbf,
    0xfc, 0x87, 0xff, 0xb, 0xfe, 0xf, 0xfe, 0x23,
    0x7f, 0xfa, 0xe, 0xff, 0xfa, 0xf, 0xfa, 0xff,
    0x21, 0xff, 0xc1, 0x6f, 0xff, 0xe0, 0x7, 0xeb,
    0xff, 0xf8, 0x10, 0x7c, 0xff, 0xc1, 0xfc, 0xd3,
    0xff, 0xf8, 0x48, 0x7f, 0xd7, 0xff, 0xf0, 0x64,
    0x2f, 0xfa, 0xf, 0xef, 0xff, 0xe1, 0xa1, 0xff,
    0xc2, 0x7f, 0xff, 0x84, 0x84, 0xff, 0x7, 0xf9,
    0xff, 0xfe, 0x2, 0x1f, 0xfc, 0x67, 0xff, 0xe8,
    0x3d, 0x7a, 0xf, 0xfa, 0xff, 0xd2, 0x1f, 0xfc,
    0xa7, 0xff, 0x83, 0xf3, 0x87, 0xff, 0x7, 0xfd,
    0x7, 0xff, 0x42, 0xfe, 0xf, 0xfe, 0x65, 0xe9,
    0xf, 0xfe, 0xa3, 0xe8, 0x3f, 0xf9, 0xa8, 0x7f,
    0xf6, 0x50, 0xe0,

    /* U+6D41 "流" */
    0xf, 0xff, 0xf8, 0x7f, 0xf4, 0xa4, 0x3f, 0xfe,
    0x6f, 0xc1, 0xff, 0xf2, 0xfe, 0x83, 0xff, 0xab,
    0x21, 0xff, 0xce, 0xff, 0x7, 0xff, 0x52, 0xf4,
    0x1f, 0xfc, 0xd7, 0xfc, 0x1f, 0xfd, 0x27, 0xf9,
    0xf, 0xfe, 0x65, 0xfc, 0x87, 0xff, 0x47, 0xfe,
    0x83, 0xff, 0x99, 0xfe, 0xf, 0xfe, 0x85, 0xff,
    0xc8, 0x7f, 0xf2, 0xaf, 0xe8, 0x3f, 0xfa, 0xf,
    0xff, 0x41, 0x94, 0x1f, 0xfc, 0x4f, 0xf2, 0x1f,
    0xfc, 0x54, 0x3f, 0xeb, 0xff, 0x82, 0xff, 0xfe,
    0xfc, 0x1f, 0xf3, 0xff, 0xc0, 0xff, 0xfe, 0xfc,
    0x1f, 0xfc, 0x1f, 0xfa, 0x7, 0xff, 0xf7, 0xe0,
    0xff, 0xe1, 0x5f, 0xc1, 0x7f, 0xff, 0x7e, 0xf,
    0xfe, 0x1d, 0xf0, 0x6f, 0xab, 0xcb, 0xbe, 0x5f,
    0xfe, 0x4d, 0x79, 0xf, 0xfe, 0x25, 0x87, 0xff,
    0x1b, 0xf0, 0x7f, 0xfc, 0xaf, 0xe8, 0x3f, 0xfe,
    0x1f, 0xf0, 0x7f, 0xfb, 0xef, 0xf0, 0x7f, 0xfb,
    0xdf, 0xf0, 0x7f, 0xd6, 0x1f, 0xfe, 0x3f, 0xf0,
    0x7f, 0xdf, 0x41, 0xff, 0xc8, 0x43, 0xff, 0x99,
    0x7f, 0x21, 0xfc, 0xff, 0x41, 0xff, 0xc6, 0xf8,
    0x3f, 0xf9, 0x57, 0xf4, 0x1f, 0xe7, 0xfd, 0x7,
    0xff, 0x11, 0xfd, 0x7, 0xff, 0x1d, 0xfe, 0x83,
    0xff, 0x80, 0xff, 0xa0, 0xff, 0xe1, 0xff, 0xc8,
    0x7f, 0xf1, 0x7f, 0xc1, 0xff, 0xc2, 0x7f, 0xd0,
    0x7f, 0xf0, 0x7f, 0xfa, 0xf, 0xfe, 0x1f, 0xf8,
    0x3f, 0xf8, 0x8f, 0xf9, 0xf, 0xfe, 0x5, 0xff,
    0xe4, 0x3f, 0xf8, 0x1f, 0xe0, 0xff, 0xe3, 0x5f,
    0xe4, 0x3f, 0xf8, 0xf, 0xff, 0xa0, 0xff, 0x7f,
    0x83, 0xff, 0x91, 0x7f, 0x90, 0xff, 0xe0, 0xbf,
    0xfe, 0x43, 0xcf, 0xfa, 0x5f, 0xd5, 0xef, 0xff,
    0xe1, 0x7, 0xff, 0xe, 0xff, 0xe0, 0xeb, 0xff,
    0xfb, 0x21, 0xff, 0xc3, 0x7f, 0xe4, 0x33, 0xff,
    0xfd, 0xb0, 0xff, 0xe2, 0x7f, 0x41, 0xeb, 0xff,
    0xfa, 0x54, 0xff, 0x41, 0xff, 0xc4, 0xbe, 0xf,
    0xdf, 0xff, 0xc5, 0xa9, 0x70, 0x7e, 0xbf, 0xd0,
    0x7f, 0xf1, 0x2c, 0x3f, 0xaf, 0xea, 0x28, 0x3f,
    0xf9, 0x7f, 0xf0, 0x7f, 0xf4, 0x24, 0x3f, 0xfa,
    0x7f, 0xa0, 0xff, 0xf9, 0x3e, 0x43, 0xff, 0xe9,
    0x21, 0xff, 0xd6, 0xa2, 0xc1, 0xd7, 0xe8, 0x3d,
    0xfc, 0x87, 0xff, 0x3a, 0xf, 0xfe, 0x7, 0xf8,
    0x37, 0xf8, 0x3d, 0xfc, 0x87, 0xff, 0x3b, 0xc1,
    0xff, 0x7f, 0x83, 0x5f, 0xc1, 0xef, 0xe4, 0x3f,
    0xf9, 0xb7, 0xc8, 0x7f, 0x7f, 0x41, 0xaf, 0xe0,
    0xf7, 0xf2, 0x1f, 0xfc, 0xdf, 0xf0, 0x7e, 0xfe,
    0x83, 0x5f, 0xa0, 0xf7, 0xf2, 0x1f, 0xfc, 0xc7,
    0xfc, 0x1f, 0xbf, 0xa0, 0xd7, 0xe8, 0x3d, 0xfc,
    0x87, 0xff, 0x33, 0xfc, 0x87, 0xef, 0xe4, 0x35,
    0xfa, 0xf, 0x7f, 0x21, 0xff, 0xcb, 0x7f, 0xc1,
    0xfd, 0xfc, 0x86, 0xbf, 0x41, 0xef, 0xe4, 0x3f,
    0xf9, 0x77, 0xf2, 0x1f, 0xdf, 0xc1, 0xd7, 0xe8,
    0x3d, 0xfc, 0x87, 0xff, 0x2f, 0xfc, 0x1f, 0xef,
    0xe0, 0xeb, 0xf4, 0x1e, 0xfe, 0x43, 0xff, 0x95,
    0x7f, 0x7, 0xfd, 0xfc, 0x1d, 0x7e, 0x83, 0xdf,
    0xc8, 0x7f, 0xf2, 0xbf, 0xa0, 0xff, 0xbf, 0x83,
    0xaf, 0xd0, 0x7b, 0xf9, 0xf, 0xfe, 0x4d, 0xfc,
    0x1f, 0xf3, 0xfc, 0x1d, 0x7e, 0x83, 0xdf, 0xc8,
    0x7f, 0xf2, 0x1f, 0xe8, 0x3f, 0xeb, 0xf4, 0x1d,
    0x7e, 0x83, 0xdf, 0xc8, 0x7f, 0xf2, 0x3f, 0xc8,
    0x7f, 0xdf, 0xc8, 0x75, 0xfa, 0xf, 0x7f, 0x21,
    0xff, 0xc7, 0x7f, 0xc1, 0xff, 0xc0, 0xfe, 0xf,
    0x5f, 0xa0, 0xf7, 0xf2, 0x1f, 0xfc, 0x7f, 0xf2,
    0x1f, 0xf3, 0xfc, 0x1e, 0xbf, 0x41, 0xef, 0xe4,
    0x3f, 0xf8, 0xd7, 0xf8, 0x3f, 0xf8, 0x1f, 0xd0,
    0x7a, 0xfd, 0x7, 0xbf, 0x90, 0xff, 0xe3, 0x7f,
    0x90, 0xff, 0x9f, 0xe4, 0x3d, 0x7e, 0x83, 0xdf,
    0xc8, 0x7d, 0xc1, 0xfb, 0xfe, 0xf, 0xfe, 0x7,
    0xf8, 0x3e, 0xbf, 0x41, 0xef, 0xe4, 0x3e, 0xfa,
    0x43, 0x3f, 0xe4, 0x3f, 0xe7, 0xfa, 0xf, 0xaf,
    0xd0, 0x7b, 0xf9, 0xf, 0xbf, 0xa0, 0xbf, 0xe0,
    0xff, 0xe0, 0x7f, 0x83, 0xf5, 0xfa, 0xf, 0x7f,
    0x21, 0xe7, 0xf9, 0x7, 0xfc, 0x87, 0xfd, 0xfe,
    0x83, 0xf5, 0xfc, 0x1e, 0xfe, 0x43, 0xd7, 0xf0,
    0x2f, 0xf8, 0x3f, 0xef, 0xf8, 0x3f, 0xaf, 0xe0,
    0xf7, 0xf9, 0xc, 0xff, 0x81, 0xff, 0x21, 0xfc,
    0xff, 0xc8, 0x7f, 0x5f, 0xc1, 0xeb, 0xff, 0xf8,
    0x88, 0x4f, 0xf0, 0x7f, 0x5f, 0xf2, 0x1f, 0xef,
    0xf0, 0x7a, 0xff, 0xfe, 0x20, 0x7a, 0xf2, 0x1f,
    0x5f, 0xf9, 0xf, 0xfb, 0xfc, 0x1f, 0x7f, 0xff,
    0xd, 0xf, 0xd0, 0x7e, 0x7f, 0xe4, 0x3f, 0xf8,
    0x1f, 0xe0, 0xf9, 0xff, 0xfe, 0xc, 0x1f, 0xfc,
    0x77, 0xf9, 0xf, 0xfe, 0xd, 0x78, 0x3f, 0x9a,
    0xfe, 0x43, 0xff, 0x94, 0xfc, 0x1f, 0xff, 0x46,
    0xf, 0xff, 0x18,

    /* U+6E05 "清" */
    0xf, 0xff, 0xf8, 0x7f, 0xf4, 0x3f, 0xc1, 0xff,
    0xef, 0xff, 0x7, 0xff, 0xbf, 0xfc, 0x1f, 0xfd,
    0x9, 0xf, 0xfe, 0x8d, 0xfc, 0x1f, 0xfc, 0xfb,
    0xd0, 0x7f, 0xf4, 0x2f, 0xe0, 0xff, 0xe7, 0x5f,
    0xc1, 0xff, 0xcf, 0xbf, 0x83, 0xff, 0x9b, 0x7f,
    0xc8, 0x7e, 0xf5, 0x7f, 0xf0, 0xff, 0xd5, 0xff,
    0xc4, 0xe0, 0xfd, 0x7f, 0xd0, 0x7d, 0xff, 0xfd,
    0xc8, 0x3f, 0x9f, 0xfc, 0x87, 0x7f, 0xff, 0x72,
    0xf, 0xfb, 0xff, 0x21, 0xbf, 0xff, 0xb9, 0x7,
    0xff, 0x2, 0xff, 0xa0, 0xbf, 0xab, 0xff, 0x81,
    0xfe, 0xaf, 0xfe, 0x7, 0xf4, 0x1f, 0xfc, 0x1b,
    0xfe, 0x43, 0xff, 0x8f, 0x7f, 0x7, 0xff, 0x51,
    0xfe, 0x43, 0xff, 0x91, 0x7f, 0x7, 0xff, 0x5b,
    0xe4, 0x3f, 0xf9, 0x37, 0xf0, 0x7f, 0xf5, 0xf4,
    0x3e, 0x43, 0xff, 0x85, 0x7f, 0x7, 0xff, 0xd,
    0x41, 0xff, 0xcf, 0xff, 0xfe, 0xd0, 0x7f, 0xf3,
    0xff, 0xff, 0xb4, 0x1f, 0xfc, 0xff, 0xff, 0xed,
    0x7, 0xff, 0x3f, 0xff, 0xfb, 0x41, 0xf2, 0x1f,
    0xfc, 0x75, 0xf0, 0x7f, 0x5f, 0xc1, 0xfc, 0xbf,
    0x83, 0xef, 0x21, 0xff, 0xd4, 0xbf, 0x83, 0xff,
    0x97, 0x7d, 0x7, 0xff, 0x4e, 0xfe, 0xf, 0xfe,
    0x53, 0xfe, 0x83, 0xff, 0xa3, 0x7f, 0x7, 0xff,
    0x2b, 0xff, 0x90, 0xfc, 0x87, 0xff, 0x1a, 0xfe,
    0xf, 0xfe, 0x3a, 0x7, 0xff, 0xc1, 0xeb, 0xff,
    0xfc, 0x30, 0x57, 0xff, 0x41, 0xaf, 0xff, 0xf0,
    0xc1, 0xdf, 0xfe, 0x41, 0x7f, 0xff, 0x86, 0xf,
    0x5f, 0xf8, 0x2b, 0xff, 0xfc, 0x30, 0x7e, 0xff,
    0x6, 0x5f, 0xc1, 0xff, 0xd4, 0x5f, 0x83, 0xfa,
    0xf9, 0xf, 0xff, 0x8b, 0xc1, 0xff, 0xff, 0xf,
    0xff, 0xb5, 0xff, 0xfd, 0x60, 0xff, 0xe9, 0x5f,
    0xff, 0xd6, 0xf, 0xfe, 0x95, 0xff, 0xfd, 0x60,
    0xff, 0xe9, 0x5f, 0xff, 0xd6, 0xf, 0xfe, 0x95,
    0xfc, 0xbf, 0xfc, 0xbf, 0xf0, 0x7f, 0xf4, 0x9f,
    0xe0, 0xff, 0xe5, 0xdf, 0xc1, 0xff, 0xc7, 0x70,
    0xfe, 0x7f, 0x83, 0xff, 0x97, 0x7f, 0x7, 0xff,
    0x1f, 0xe0, 0xfc, 0xff, 0x7, 0xff, 0x2e, 0xfe,
    0xf, 0xfe, 0x33, 0xf9, 0xf, 0x3f, 0xc1, 0xff,
    0xcb, 0xbf, 0x83, 0xff, 0x8d, 0xfe, 0xf, 0x3f,
    0xff, 0xd6, 0xf, 0xfe, 0x37, 0xf2, 0x1e, 0x7f,
    0xff, 0xac, 0x1f, 0xfc, 0x5b, 0xf4, 0x1f, 0x3f,
    0xff, 0xd6, 0xf, 0xfe, 0x2f, 0xf0, 0x7e, 0x7f,
    0xff, 0xac, 0x1f, 0xfc, 0x4b, 0xf4, 0x1f, 0x9f,
    0xe5, 0xff, 0xe5, 0xff, 0x83, 0xff, 0x89, 0xfc,
    0x1f, 0xcf, 0xf0, 0x7f, 0xf2, 0xef, 0xe0, 0xff,
    0xe1, 0xdf, 0xa0, 0xfe, 0x7f, 0x83, 0xff, 0x97,
    0x7f, 0x7, 0xff, 0xf, 0xf8, 0x3f, 0xcf, 0xf0,
    0x7f, 0xf2, 0xef, 0xe0, 0xff, 0xe1, 0x7f, 0x41,
    0xfe, 0x7f, 0x97, 0xff, 0x97, 0xfe, 0xf, 0xfe,
    0xb, 0xfc, 0x1f, 0xf3, 0xff, 0xfd, 0x60, 0xff,
    0xe0, 0xff, 0x41, 0xff, 0x3f, 0xff, 0xd6, 0xf,
    0xfe, 0x3, 0xfc, 0x1f, 0xfc, 0x7, 0xff, 0xfa,
    0xc1, 0xff, 0xc0, 0xfe, 0x83, 0xff, 0x80, 0xff,
    0xff, 0x58, 0x3f, 0xeb, 0xf8, 0x3f, 0xf8, 0x2f,
    0xf0, 0x7f, 0xf2, 0xef, 0xe0, 0xff, 0x3f, 0xd0,
    0x7f, 0xf0, 0x5f, 0xe0, 0xff, 0xe5, 0xdf, 0xc1,
    0xfe, 0xff, 0x7, 0xff, 0x9, 0xfe, 0xf, 0xfe,
    0x5d, 0xfc, 0x1f, 0xdf, 0xe8, 0x3f, 0xf8, 0x4f,
    0xf0, 0x7f, 0xf2, 0xef, 0xe0, 0xfd, 0x7f, 0x83,
    0xff, 0x86, 0xff, 0x7, 0xff, 0x2f, 0xfc, 0x1f,
    0x3f, 0xe8, 0x3f, 0xf8, 0x6f, 0xf0, 0x7f, 0xf1,
    0x95, 0x7f, 0xe0, 0xf9, 0xff, 0x7, 0xff, 0x12,
    0xfe, 0xf, 0xfe, 0x35, 0xff, 0xe0, 0xfe, 0xbe,
    0x83, 0xff, 0x89, 0x7f, 0x7, 0xff, 0x1f, 0xff,
    0x90, 0xff, 0x3e, 0xf, 0xfe, 0x2d, 0xfc, 0x1f,
    0xfc, 0x8f, 0xfa, 0xf, 0xfe, 0x3, 0x7, 0xff,
    0x16, 0xfe, 0xf, 0xfe, 0x45, 0xfa, 0x43, 0xff,
    0xa9, 0x7f, 0x7, 0xff, 0x21, 0xe4, 0x3f, 0xff,
    0xe0,

    /* U+706B "火" */
    0xf, 0xff, 0xf8, 0x7f, 0xf2, 0xbd, 0x45, 0x7,
    0xff, 0xc7, 0xfd, 0x7, 0xff, 0xc3, 0xfc, 0x87,
    0xff, 0xc3, 0xfc, 0x1f, 0xff, 0x1f, 0xf0, 0x7f,
    0xfc, 0x7f, 0xa0, 0xff, 0xf8, 0xff, 0x41, 0xff,
    0xf1, 0xfe, 0x83, 0xff, 0xe3, 0xfc, 0x87, 0xff,
    0xc7, 0xf9, 0xf, 0xff, 0x8f, 0xf2, 0x1f, 0xff,
    0x1f, 0xe4, 0x3f, 0xfe, 0x3f, 0xc8, 0x7f, 0xf1,
    0x34, 0x3f, 0xf9, 0x8c, 0x87, 0xff, 0xd, 0xfe,
    0x43, 0xff, 0x86, 0xfd, 0x21, 0xff, 0xc9, 0xbf,
    0x50, 0x3f, 0xe7, 0xf9, 0xf, 0xfe, 0x1d, 0xfe,
    0x83, 0xff, 0x8f, 0xfe, 0x83, 0xfe, 0x7f, 0x90,
    0xff, 0xe1, 0xff, 0xc1, 0xff, 0xc8, 0xff, 0x7,
    0xff, 0x1, 0xfe, 0x43, 0xff, 0x84, 0xff, 0x83,
    0xff, 0x90, 0xff, 0x41, 0xff, 0xc0, 0x7f, 0x90,
    0xff, 0xe1, 0x5f, 0xd0, 0x7f, 0xf2, 0x2f, 0xe4,
    0x3f, 0xf8, 0x17, 0xf2, 0x1f, 0xfc, 0x2f, 0xf0,
    0x7f, 0xf2, 0x7f, 0xc1, 0xff, 0xc1, 0xbf, 0x90,
    0xff, 0xe0, 0xbf, 0xd0, 0x7f, 0xf2, 0x7f, 0xc1,
    0xff, 0xc1, 0xbf, 0x90, 0xff, 0xe0, 0xff, 0x83,
    0xff, 0x92, 0xff, 0x21, 0xff, 0xc1, 0xff, 0x21,
    0xff, 0xc1, 0xff, 0x7, 0xff, 0x26, 0xfe, 0xf,
    0xfe, 0x17, 0xfa, 0xf, 0xfe, 0x5, 0xfc, 0x87,
    0xff, 0x27, 0xfc, 0x1f, 0xfc, 0x2f, 0xf4, 0x1f,
    0xfc, 0xf, 0xf0, 0x7f, 0xf2, 0xbf, 0xa0, 0xff,
    0xe1, 0x7f, 0xa0, 0xff, 0xaf, 0xe8, 0x3f, 0xf9,
    0x37, 0xf2, 0x1f, 0xfc, 0x17, 0xfe, 0xf, 0xfb,
    0xfc, 0x87, 0xff, 0x27, 0xfc, 0x1f, 0xfc, 0x2b,
    0xfe, 0xf, 0xf5, 0xfe, 0xf, 0xfe, 0x57, 0xf8,
    0x3f, 0xf8, 0x57, 0xfc, 0x87, 0xf7, 0xf9, 0xf,
    0xfe, 0x4d, 0xfd, 0x7, 0xff, 0xb, 0xff, 0x41,
    0xfa, 0xff, 0x7, 0xff, 0x2b, 0xfc, 0x87, 0xff,
    0xb, 0xff, 0x41, 0xf3, 0xfe, 0x83, 0xff, 0x92,
    0xff, 0x83, 0xff, 0x84, 0xff, 0xf0, 0x7c, 0xdf,
    0xc1, 0xff, 0xca, 0xff, 0x41, 0xff, 0xc2, 0xbf,
    0xf9, 0xf, 0xe7, 0xe0, 0xff, 0xe5, 0x37, 0xe4,
    0x3f, 0xf8, 0x5f, 0xfe, 0x83, 0xfe, 0x50, 0x7f,
    0xf3, 0x98, 0x3f, 0xf8, 0x7f, 0xff, 0x7, 0xff,
    0xad, 0xfe, 0xbf, 0x90, 0xff, 0xf5, 0x5f, 0xcd,
    0xfc, 0x1f, 0xfe, 0xaf, 0xf0, 0xff, 0x7, 0xff,
    0xa5, 0xfe, 0x81, 0xfd, 0x7, 0xff, 0xa2, 0xfe,
    0x41, 0x7f, 0x7, 0xff, 0xa3, 0xfc, 0x13, 0xfd,
    0x7, 0xff, 0x9a, 0xfe, 0x83, 0x7f, 0x90, 0xff,
    0xf2, 0xff, 0x90, 0xcf, 0xf8, 0x3f, 0xfc, 0x97,
    0xf8, 0x3d, 0xfe, 0x83, 0xff, 0xc7, 0xfe, 0x43,
    0xcf, 0xf9, 0xf, 0xff, 0xf, 0xfc, 0x1f, 0xbf,
    0xe0, 0xff, 0xf0, 0x3f, 0xe0, 0xff, 0x7f, 0xc1,
    0xff, 0xde, 0x7f, 0xd0, 0x7f, 0x9f, 0xf8, 0x3f,
    0xfb, 0xbf, 0xf0, 0x7f, 0xf0, 0x3f, 0xf0, 0x7f,
    0xf6, 0xff, 0xe4, 0x3f, 0xf8, 0x3f, 0xf8, 0x3f,
    0xfb, 0x3f, 0xf4, 0x1f, 0xfc, 0x3f, 0xfc, 0x87,
    0xff, 0x5b, 0xff, 0x7, 0xff, 0x11, 0xff, 0xd0,
    0x7f, 0xf5, 0x3f, 0xf0, 0x7f, 0xf1, 0x9f, 0xfe,
    0xf, 0xfe, 0x8b, 0xff, 0x90, 0xff, 0xe3, 0xbf,
    0xfc, 0x87, 0xff, 0x39, 0xff, 0xc8, 0x7f, 0xf2,
    0x5f, 0xff, 0x21, 0xff, 0xcb, 0xbf, 0xf4, 0x1f,
    0xfc, 0xb7, 0xff, 0xe4, 0x3f, 0xf8, 0xef, 0xff,
    0x41, 0xff, 0xce, 0xff, 0xfe, 0x2, 0x1f, 0xfc,
    0x4b, 0xff, 0x90, 0xff, 0xe8, 0x5f, 0xff, 0xc0,
    0x90, 0xff, 0xaf, 0xff, 0x21, 0xff, 0xd2, 0x7f,
    0xff, 0x86, 0x87, 0x9f, 0xff, 0x83, 0xff, 0xad,
    0xff, 0xfc, 0x30, 0xd7, 0xff, 0xd0, 0x7f, 0xf6,
    0x2f, 0xff, 0xe0, 0x5, 0x7f, 0xff, 0x1, 0xf,
    0xfe, 0xdd, 0xff, 0xc8, 0x5f, 0xff, 0xc0, 0xf,
    0xfe, 0xf3, 0xff, 0x21, 0xd7, 0xfe, 0x83, 0xff,
    0xc2, 0xfe, 0x83, 0xe7, 0xfc, 0x1f, 0xfe, 0x57,
    0xc1, 0xfc, 0xfd, 0x7, 0xff, 0xce, 0xd0, 0xff,
    0xff, 0x87, 0xff, 0x9c,

    /* U+7238 "爸" */
    0xf, 0xfe, 0x62, 0x1f, 0xff, 0x67, 0x83, 0xff,
    0x89, 0x68, 0x7f, 0xf8, 0x5f, 0x90, 0xff, 0xe1,
    0x3f, 0x83, 0xff, 0xbe, 0xff, 0x41, 0xff, 0xc1,
    0xff, 0x41, 0xff, 0xdc, 0xbf, 0xe8, 0x3f, 0xef,
    0xfe, 0x83, 0xff, 0xb3, 0xff, 0xa0, 0xff, 0xe0,
    0xdf, 0xfc, 0x87, 0xff, 0x55, 0xff, 0xc8, 0x7f,
    0xf1, 0x3f, 0xfa, 0xf, 0xfe, 0x9d, 0xff, 0x83,
    0xff, 0x8e, 0xff, 0xf4, 0x1f, 0xfd, 0xf, 0xfd,
    0x7, 0xff, 0x2a, 0xff, 0xe4, 0x3f, 0xf9, 0x97,
    0xfe, 0x43, 0xff, 0x90, 0x86, 0xff, 0xe8, 0x3f,
    0xf9, 0x2f, 0xff, 0x5, 0xa1, 0xff, 0xc4, 0x78,
    0x33, 0xff, 0xc8, 0x7f, 0xf1, 0xbf, 0xf9, 0x3,
    0xf2, 0x1f, 0xfc, 0x3f, 0xa0, 0xef, 0xff, 0x7,
    0xff, 0xe, 0xff, 0xe0, 0xaf, 0xe4, 0x3f, 0xf8,
    0x3f, 0xd0, 0x73, 0xff, 0xc8, 0x7f, 0x9f, 0xff,
    0x41, 0xbf, 0xe8, 0x3f, 0xef, 0xf9, 0xf, 0x7f,
    0xf0, 0x7f, 0xdf, 0xfc, 0x1f, 0x7f, 0xd0, 0x7e,
    0x7f, 0xe0, 0xfe, 0xbf, 0xc1, 0xff, 0xc1, 0xff,
    0x21, 0xfd, 0x7f, 0xc1, 0xe7, 0xfd, 0x7, 0xfc,
    0xfe, 0xf, 0xfe, 0x1f, 0xd0, 0x7f, 0xf0, 0x2f,
    0xf8, 0x35, 0xfe, 0x43, 0xff, 0x85, 0xe4, 0x3f,
    0xf8, 0x6e, 0x87, 0xff, 0x9, 0xff, 0x93, 0xfe,
    0x43, 0xff, 0x88, 0x87, 0xff, 0x5f, 0xff, 0xf8,
    0x41, 0xff, 0xeb, 0xff, 0xfe, 0x0, 0x7f, 0xfb,
    0x7f, 0xfc, 0x1f, 0xfe, 0xdf, 0xff, 0xe0, 0x41,
    0xff, 0xe8, 0x7f, 0xff, 0x8a, 0x87, 0xff, 0x8d,
    0xff, 0xfe, 0x4c, 0x87, 0xff, 0x75, 0xff, 0xf9,
    0x3, 0xff, 0xfc, 0x19, 0xf, 0xfe, 0xb3, 0xff,
    0xf4, 0x87, 0x9b, 0xff, 0xf8, 0x52, 0x1f, 0xfc,
    0xe6, 0xff, 0xfe, 0x4, 0x1f, 0xfc, 0xb, 0xff,
    0xf8, 0xb2, 0x83, 0xff, 0x86, 0xdf, 0xff, 0xc3,
    0x83, 0xff, 0x88, 0xdf, 0xff, 0xc9, 0xa2, 0x34,
    0xff, 0xfe, 0x34, 0x87, 0xff, 0x25, 0xbf, 0xff,
    0x90, 0xb, 0xff, 0xf8, 0xc8, 0x7f, 0xf4, 0x2f,
    0xff, 0xe2, 0x21, 0x7f, 0xff, 0xd, 0xf, 0xfe,
    0xb3, 0x7f, 0xff, 0x0, 0x33, 0xff, 0xe9, 0xf,
    0xfe, 0xeb, 0x7f, 0xc8, 0x77, 0xfa, 0x47, 0xff,
    0xfb, 0xe8, 0x66, 0xf0, 0x79, 0xa2, 0x1c, 0xff,
    0xff, 0x7d, 0xf, 0xfe, 0x67, 0xff, 0xf7, 0xd0,
    0xff, 0xe6, 0x7f, 0xff, 0x7d, 0xf, 0xfe, 0x67,
    0xf2, 0xff, 0xf0, 0xbf, 0x97, 0xff, 0x85, 0xfc,
    0x1f, 0xfc, 0xdf, 0xd0, 0x7f, 0xf0, 0xaf, 0xc1,
    0xff, 0xc2, 0xfe, 0xf, 0xfe, 0x6f, 0xe8, 0x3f,
    0xf8, 0x57, 0xe0, 0xff, 0xe1, 0x7f, 0x7, 0xff,
    0x37, 0xf4, 0x1f, 0xfc, 0x2b, 0xf0, 0x7f, 0xf0,
    0xbf, 0x83, 0xff, 0x9b, 0xfa, 0xf, 0xfe, 0x15,
    0xf8, 0x3f, 0xf8, 0x5f, 0xc1, 0xff, 0xcd, 0xfd,
    0x7, 0xff, 0xa, 0xfc, 0x1f, 0xfc, 0x2f, 0xe0,
    0xff, 0xe6, 0xfe, 0x83, 0xff, 0x85, 0x7e, 0xf,
    0xfe, 0x17, 0xf0, 0x7f, 0xf3, 0x7f, 0x41, 0xff,
    0xc2, 0xbf, 0x7, 0xff, 0xb, 0xf8, 0x3f, 0xf9,
    0xbf, 0xa0, 0xff, 0xe1, 0x5f, 0x83, 0xff, 0x85,
    0xfc, 0x1f, 0xfc, 0xdf, 0xe5, 0xff, 0xe1, 0x7f,
    0x2f, 0xff, 0xb, 0xf8, 0x3f, 0xf9, 0xbf, 0xff,
    0xdf, 0xf, 0xfe, 0x6f, 0xff, 0xf7, 0xd0, 0xff,
    0xe6, 0x7f, 0xff, 0x7d, 0xf, 0xfe, 0x67, 0xff,
    0xf7, 0xd0, 0xff, 0xe6, 0x7e, 0x83, 0xff, 0xab,
    0xfc, 0x87, 0xff, 0x33, 0xf4, 0x1f, 0xfd, 0x5f,
    0xe4, 0x3f, 0xf9, 0x9f, 0xa0, 0xff, 0xf9, 0xfe,
    0x83, 0xff, 0xbb, 0x61, 0xff, 0xc8, 0xfd, 0x7,
    0xff, 0x77, 0xe8, 0x3f, 0xf8, 0xdf, 0xa0, 0xff,
    0xee, 0xff, 0x41, 0xff, 0xc4, 0xfe, 0xf, 0xfe,
    0xe3, 0xfe, 0x43, 0xff, 0x87, 0xfc, 0x1f, 0xfd,
    0xcb, 0xfc, 0x1f, 0xfc, 0x4f, 0xf0, 0x7f, 0xf6,
    0xff, 0xd0, 0x7f, 0xf1, 0x2f, 0xf2, 0x1f, 0xfd,
    0x66, 0xff, 0x83, 0xff, 0x8a, 0xff, 0xff, 0x96,
    0xf, 0xfe, 0x35, 0xff, 0xfe, 0x40, 0xff, 0xe4,
    0x5f, 0xff, 0xe2, 0xf, 0xfe, 0x53, 0xff, 0xfd,
    0xf8, 0x3f, 0xf9, 0xcb, 0xff, 0xdb, 0xf, 0xf0,

    /* U+7247 "片" */
    0xf, 0xfe, 0xe7, 0xf8, 0x3f, 0xfa, 0x28, 0x7f,
    0xf3, 0xff, 0xc1, 0xff, 0xd1, 0xff, 0x21, 0xff,
    0xc9, 0xff, 0x7, 0xff, 0x47, 0xfc, 0x1f, 0xfc,
    0xaf, 0xf0, 0x7f, 0xf4, 0x7f, 0xc1, 0xff, 0xca,
    0xff, 0x7, 0xff, 0x47, 0xfc, 0x1f, 0xfc, 0xaf,
    0xf0, 0x7f, 0xf4, 0x7f, 0xc1, 0xff, 0xca, 0xff,
    0x7, 0xff, 0x47, 0xfc, 0x1f, 0xfc, 0xaf, 0xf0,
    0x7f, 0xf4, 0x7f, 0xc1, 0xff, 0xca, 0xff, 0x7,
    0xff, 0x47, 0xfc, 0x1f, 0xfc, 0xaf, 0xf0, 0x7f,
    0xf4, 0x7f, 0xc1, 0xff, 0xca, 0xff, 0x7, 0xff,
    0x47, 0xfc, 0x1f, 0xfc, 0xaf, 0xf0, 0x7f, 0xf4,
    0x7f, 0xc1, 0xff, 0xca, 0xff, 0x7, 0xff, 0x47,
    0xfc, 0x1f, 0xfc, 0xaf, 0xf0, 0x7f, 0xf4, 0x7f,
    0xc1, 0xff, 0xca, 0xff, 0x7, 0xff, 0x47, 0xfc,
    0x1f, 0xfc, 0xaf, 0xf0, 0x7f, 0xf4, 0x7f, 0xc1,
    0xff, 0xca, 0xff, 0x7, 0xff, 0x47, 0xfc, 0x1f,
    0xfc, 0xaf, 0xf0, 0x7f, 0xf4, 0x7f, 0xc1, 0xff,
    0xca, 0xff, 0x7, 0xff, 0x47, 0xfc, 0x1f, 0xfc,
    0xaf, 0xf0, 0x7f, 0xf4, 0x7f, 0xff, 0xce, 0x1f,
    0xfc, 0xf, 0xff, 0xf3, 0x87, 0xff, 0x3, 0xff,
    0xfc, 0xe1, 0xff, 0xc0, 0xff, 0xff, 0x38, 0x7f,
    0xf0, 0x3f, 0xd5, 0xff, 0xdb, 0xff, 0x7, 0xff,
    0x3, 0xfc, 0x1f, 0xfe, 0xdf, 0xf0, 0x7f, 0xfb,
    0x7f, 0xc1, 0xff, 0xed, 0xff, 0x7, 0xff, 0xb7,
    0xfc, 0x1f, 0xfe, 0xdf, 0xe8, 0x3f, 0xfd, 0xbf,
    0xd0, 0x7f, 0xfb, 0x1f, 0xe8, 0x3f, 0xfd, 0x8f,
    0xf4, 0x1f, 0xfe, 0xc7, 0xfa, 0xf, 0xff, 0x65,
    0xfd, 0x7, 0xff, 0xb2, 0xff, 0xfe, 0xe0, 0x7f,
    0xf2, 0xbf, 0xff, 0xba, 0x1f, 0xfc, 0xaf, 0xff,
    0xee, 0x87, 0xff, 0x2b, 0xff, 0xfb, 0x90, 0x7f,
    0xf2, 0x5f, 0xf5, 0x7f, 0xf4, 0x7f, 0xa0, 0xff,
    0xe4, 0xbf, 0xe0, 0xff, 0xe8, 0xff, 0x41, 0xff,
    0xc9, 0xbf, 0xa0, 0xff, 0xe8, 0xff, 0x41, 0xff,
    0xc9, 0xff, 0x21, 0xff, 0xd1, 0xfe, 0x83, 0xff,
    0x93, 0xfe, 0x43, 0xff, 0xa3, 0xfd, 0x7, 0xff,
    0x21, 0xff, 0x7, 0xff, 0x4b, 0xfa, 0xf, 0xfe,
    0x45, 0xfe, 0xf, 0xfe, 0x97, 0xf4, 0x1f, 0xfc,
    0x8f, 0xf2, 0x1f, 0xfd, 0x2f, 0xe8, 0x3f, 0xf8,
    0xef, 0xf8, 0x3f, 0xfa, 0x7f, 0xd0, 0x7f, 0xf1,
    0xef, 0xf0, 0x7f, 0xf4, 0xff, 0xa0, 0xff, 0xe3,
    0xff, 0xa0, 0xff, 0xe9, 0xff, 0x41, 0xff, 0xc6,
    0x7f, 0xc1, 0xff, 0xd4, 0xfe, 0x83, 0xff, 0x8d,
    0xff, 0x7, 0xff, 0x53, 0xfa, 0xf, 0xfe, 0x37,
    0xf9, 0xf, 0xfe, 0xa7, 0xf4, 0x1f, 0xfc, 0x5f,
    0xf8, 0x3f, 0xfa, 0xbf, 0xd0, 0x7f, 0xf1, 0x1f,
    0xf4, 0x1f, 0xfd, 0x5f, 0xe8, 0x3f, 0xf8, 0x9f,
    0xf2, 0x1f, 0xfd, 0x5f, 0xe8, 0x3f, 0xf8, 0x6f,
    0xfc, 0x1f, 0xfd, 0x6f, 0xe8, 0x3f, 0xf8, 0x7f,
    0xf2, 0x1f, 0xfd, 0x6f, 0xe8, 0x3f, 0xf8, 0x5f,
    0xf8, 0x3f, 0xfa, 0xff, 0xd0, 0x7f, 0xf0, 0x6f,
    0xf9, 0xf, 0xfe, 0xbf, 0xf4, 0x1f, 0xfc, 0x7,
    0xfe, 0x83, 0xff, 0xb1, 0xfd, 0x7, 0xff, 0x2,
    0xff, 0x83, 0xff, 0xb3, 0xfd, 0x7, 0xff, 0x9,
    0xbe, 0x83, 0xff, 0xb0, 0xff, 0x83, 0xff, 0x88,
    0xf8, 0x3f, 0xfb, 0x2f, 0xf8, 0x3f, 0xf8, 0xa8,
    0x7f, 0xf6, 0xff, 0xa0, 0xff, 0x80,

    /* U+7259 "牙" */
    0xf, 0xff, 0xcb, 0xff, 0xfe, 0x80, 0xff, 0x9f,
    0xff, 0xf4, 0x7, 0xfc, 0xff, 0xff, 0xa0, 0x3f,
    0xe7, 0xff, 0xfd, 0x1, 0xff, 0x3f, 0xff, 0xe8,
    0xf, 0xff, 0xf, 0xf4, 0x1f, 0xfe, 0xef, 0xe8,
    0x3f, 0xfd, 0xdf, 0xd0, 0x7f, 0xf5, 0x90, 0xff,
    0xe5, 0xff, 0x41, 0xff, 0xd6, 0xf9, 0xf, 0xfe,
    0x47, 0xf4, 0x1f, 0xfd, 0x57, 0xfa, 0x43, 0xff,
    0x8b, 0xfd, 0x7, 0xff, 0x57, 0xfe, 0x43, 0xff,
    0x8b, 0xfd, 0x7, 0xff, 0x57, 0xfd, 0x7, 0xff,
    0x1b, 0xfa, 0xf, 0xfe, 0xa5, 0xfe, 0xf, 0xfe,
    0x3f, 0xf4, 0x1f, 0xfd, 0x4f, 0xf0, 0x7f, 0xf2,
    0x3f, 0xa0, 0xff, 0xe9, 0xdf, 0xd0, 0x7f, 0xf2,
    0x3f, 0xa0, 0xff, 0xe9, 0xff, 0x83, 0xff, 0x93,
    0xfd, 0x7, 0xff, 0x4a, 0xfe, 0x43, 0xff, 0x93,
    0xfd, 0x7, 0xff, 0x4b, 0xfc, 0x1f, 0xfc, 0xaf,
    0xe8, 0x3f, 0xfa, 0x3f, 0xe0, 0xff, 0xe5, 0xff,
    0x41, 0xff, 0xd0, 0xbf, 0xa0, 0xff, 0xe5, 0xff,
    0x41, 0xff, 0xcf, 0x7f, 0xc1, 0xff, 0xcc, 0xfe,
    0x83, 0xff, 0x9c, 0xff, 0xa0, 0xff, 0xe6, 0x7f,
    0x41, 0xff, 0xcd, 0x7f, 0xff, 0xda, 0x1f, 0x7f,
    0xff, 0xb4, 0x3e, 0xbf, 0xff, 0xd8, 0x1f, 0xbf,
    0xff, 0xd8, 0x1f, 0xbf, 0xd5, 0x2f, 0xff, 0xf,
    0xff, 0xf8, 0x2b, 0xff, 0xc3, 0xac, 0x1f, 0x99,
    0xf, 0xfe, 0x4f, 0xf8, 0xfe, 0x83, 0xff, 0xcd,
    0x7f, 0x47, 0xf4, 0x1f, 0xfe, 0x6f, 0xf0, 0x3f,
    0xa0, 0xff, 0xf2, 0xff, 0xa0, 0x7f, 0x41, 0xff,
    0xe4, 0x7f, 0xc1, 0x7f, 0x41, 0xff, 0xe4, 0xff,
    0x41, 0x7f, 0x41, 0xff, 0xe3, 0xff, 0x83, 0x7f,
    0x41, 0xff, 0xe2, 0xbf, 0xc8, 0x6f, 0xe8, 0x3f,
    0xfc, 0x2f, 0xfa, 0xe, 0xfe, 0x83, 0xff, 0xc3,
    0xff, 0x7, 0xbf, 0xa0, 0xff, 0xf0, 0x7f, 0xc1,
    0xf7, 0xf4, 0x1f, 0xfd, 0xff, 0xf9, 0xf, 0xbf,
    0xa0, 0xff, 0xef, 0x7f, 0xc8, 0x7e, 0xfe, 0x83,
    0xff, 0xbb, 0xff, 0x41, 0xfd, 0xfd, 0x7, 0xff,
    0x6d, 0xff, 0xa0, 0xff, 0x7f, 0x41, 0xff, 0xda,
    0x7f, 0xe8, 0x3f, 0xef, 0xe8, 0x3f, 0xfb, 0x37,
    0xfd, 0x7, 0xff, 0x3, 0xfa, 0xf, 0xfe, 0xc7,
    0xfe, 0x83, 0xff, 0x83, 0xfd, 0x7, 0xff, 0x5a,
    0xff, 0xd0, 0x7f, 0xf0, 0xbf, 0xa0, 0xff, 0xea,
    0xff, 0xf2, 0x1f, 0xfc, 0x3f, 0xe8, 0x3f, 0xfa,
    0x77, 0xff, 0x7, 0xff, 0x17, 0xfa, 0xf, 0xfe,
    0x8b, 0xff, 0xd0, 0x7f, 0xf1, 0xbf, 0xa0, 0xff,
    0xe7, 0xbf, 0xfe, 0x43, 0xff, 0x8f, 0xfd, 0x7,
    0xff, 0x3a, 0xff, 0xf0, 0x7f, 0xf2, 0x7f, 0xa0,
    0xff, 0xe5, 0xbf, 0xff, 0x21, 0xff, 0xca, 0xfe,
    0x83, 0xff, 0x92, 0xff, 0xff, 0x0, 0x3f, 0xf9,
    0x9f, 0xd0, 0x7f, 0xf1, 0xdf, 0xff, 0xe0, 0x21,
    0xff, 0xcc, 0xff, 0x41, 0xff, 0xc8, 0x7f, 0xfa,
    0xf, 0xfe, 0x42, 0xa9, 0xff, 0xa0, 0xff, 0xe5,
    0x7f, 0xa0, 0xff, 0xe4, 0xff, 0xff, 0x5, 0xf,
    0xfe, 0x5f, 0xe4, 0x3f, 0xf9, 0x57, 0xff, 0xf0,
    0x3, 0xff, 0x98, 0xe8, 0x7f, 0xf3, 0x7f, 0xfe,
    0x83, 0xff, 0xd1, 0xff, 0xe4, 0x3f, 0xfd, 0x37,
    0xfa, 0x43, 0xff, 0xd6, 0xd1, 0xf, 0xfe, 0x80,

    /* U+738B "王" */
    0xf, 0xff, 0xc5, 0xff, 0xfe, 0xa8, 0x3f, 0x5f,
    0xff, 0xea, 0x83, 0xf5, 0xff, 0xfe, 0xa8, 0x3f,
    0x5f, 0xff, 0xea, 0x83, 0xf5, 0xff, 0xfe, 0xa8,
    0x3f, 0x97, 0x7, 0xff, 0x22, 0xfe, 0xf, 0xfe,
    0x4a, 0xc1, 0xff, 0xd6, 0xbf, 0x83, 0xff, 0xdd,
    0x7f, 0x7, 0xff, 0xba, 0xfe, 0xf, 0xff, 0x75,
    0xfc, 0x1f, 0xfe, 0xeb, 0xf8, 0x3f, 0xfd, 0xd7,
    0xf0, 0x7f, 0xfb, 0xaf, 0xe0, 0xff, 0xf7, 0x5f,
    0xc1, 0xff, 0xee, 0xbf, 0x83, 0xff, 0xdd, 0x7f,
    0x7, 0xff, 0xba, 0xfe, 0xf, 0xff, 0x75, 0xfc,
    0x1f, 0xfe, 0xeb, 0xf8, 0x3f, 0xfd, 0xd7, 0xf0,
    0x7f, 0xfb, 0xaf, 0xe0, 0xff, 0xf7, 0x5f, 0xc1,
    0xff, 0xee, 0xbf, 0x83, 0xff, 0xb5, 0xff, 0xfe,
    0x20, 0xff, 0xe3, 0x7f, 0xff, 0x88, 0x3f, 0xf8,
    0xdf, 0xff, 0xe2, 0xf, 0xfe, 0x37, 0xff, 0xf8,
    0x83, 0xff, 0x8d, 0xff, 0xfe, 0x20, 0xff, 0xe3,
    0x56, 0x5f, 0xfe, 0x25, 0xfc, 0xbf, 0xfc, 0x4a,
    0xc1, 0xff, 0xda, 0xbf, 0x83, 0xff, 0xdd, 0x7f,
    0x7, 0xff, 0xba, 0xfe, 0xf, 0xff, 0x75, 0xfc,
    0x1f, 0xfe, 0xeb, 0xf8, 0x3f, 0xfd, 0xd7, 0xf0,
    0x7f, 0xfb, 0xaf, 0xe0, 0xff, 0xf7, 0x5f, 0xc1,
    0xff, 0xee, 0xbf, 0x83, 0xff, 0xdd, 0x7f, 0x7,
    0xff, 0xba, 0xfe, 0xf, 0xff, 0x75, 0xfc, 0x1f,
    0xfe, 0xeb, 0xf8, 0x3f, 0xfd, 0xd7, 0xf0, 0x7f,
    0xfb, 0xaf, 0xe0, 0xff, 0xf7, 0x5f, 0xc1, 0xff,
    0xee, 0xbf, 0x83, 0xff, 0xdd, 0x7f, 0x7, 0xff,
    0xba, 0xfe, 0xf, 0xff, 0x75, 0xfc, 0x1f, 0xfe,
    0xeb, 0xf8, 0x3f, 0xfa, 0x37, 0xff, 0xfc, 0x9b,
    0xff, 0xfe, 0x4d, 0xff, 0xff, 0x26, 0xff, 0xff,
    0x93, 0x7f, 0xff, 0xc9, 0x17, 0x83, 0xff, 0xd2,
    0xb8,

    /* U+73ED "班" */
    0xf, 0xfe, 0xbd, 0x10, 0xff, 0xfa, 0x5f, 0xc1,
    0xff, 0xf1, 0xbf, 0x83, 0xff, 0xe3, 0x7f, 0x7,
    0xff, 0xc6, 0xfe, 0xf, 0xff, 0x8d, 0xfa, 0xf,
    0xff, 0x8d, 0xfa, 0x1a, 0x2f, 0xff, 0x1a, 0xa0,
    0xdf, 0xff, 0xc8, 0x83, 0xfe, 0xbf, 0x47, 0xff,
    0xf3, 0x3, 0x7f, 0xff, 0x22, 0xf, 0xfa, 0xfd,
    0x1f, 0xff, 0xcc, 0xd, 0xff, 0xfc, 0x88, 0x3f,
    0xeb, 0xf2, 0x7f, 0xff, 0x30, 0x37, 0xff, 0xf2,
    0x20, 0xff, 0xaf, 0xc9, 0xff, 0xfc, 0xc0, 0xdf,
    0xea, 0x7f, 0x53, 0xfa, 0xf, 0xfa, 0xfc, 0x87,
    0xfb, 0xf9, 0xf, 0xfe, 0x4f, 0xf0, 0x7f, 0xf1,
    0xef, 0xc8, 0x7f, 0xbf, 0x90, 0xff, 0xe4, 0xff,
    0x7, 0xff, 0x1e, 0xfc, 0x87, 0xfb, 0xf9, 0xf,
    0xfe, 0x4f, 0xf0, 0x7f, 0xf1, 0xef, 0xc8, 0x7f,
    0xbf, 0x90, 0xff, 0xe4, 0xff, 0x7, 0xff, 0x1e,
    0xfc, 0x87, 0xfb, 0xf9, 0xf, 0xfe, 0x4f, 0xf0,
    0x7f, 0xf1, 0xef, 0xc8, 0x7f, 0xbf, 0x90, 0xff,
    0xe4, 0xff, 0x7, 0xfb, 0xf8, 0x35, 0xf9, 0xf,
    0xf7, 0xf2, 0x1f, 0xfc, 0x9f, 0xe0, 0xff, 0x7f,
    0x6, 0xbf, 0x21, 0xfe, 0xfe, 0x43, 0xff, 0x93,
    0xfc, 0x1f, 0xef, 0xe0, 0xd7, 0xe4, 0x3f, 0xdf,
    0xc8, 0x7f, 0xf2, 0x7f, 0x83, 0xfd, 0xfc, 0x1a,
    0xfc, 0x87, 0xfb, 0xf9, 0xf, 0xfe, 0x4f, 0xf0,
    0x7f, 0xbf, 0x83, 0x5f, 0x90, 0xff, 0x7f, 0x21,
    0xff, 0xc9, 0xfe, 0xf, 0xf7, 0xf0, 0x6b, 0xf0,
    0x7f, 0xdf, 0xc8, 0x7f, 0xf2, 0x7f, 0x83, 0xfd,
    0xfc, 0x1a, 0xfc, 0x1f, 0xf7, 0xf2, 0x1f, 0xfc,
    0x9f, 0xe0, 0xff, 0x7f, 0x6, 0xbf, 0x7, 0xfd,
    0xfc, 0x87, 0xff, 0x27, 0xf8, 0x3f, 0x9f, 0xd0,
    0x6b, 0xf0, 0x7f, 0xdf, 0xc8, 0x7f, 0xf2, 0x7f,
    0x83, 0xf9, 0xfd, 0x6, 0xbf, 0x7, 0xfd, 0xfc,
    0x87, 0xff, 0x27, 0xf8, 0x3f, 0x9f, 0xd0, 0x6b,
    0xf0, 0x7f, 0xdf, 0xc8, 0x7f, 0xf0, 0x5a, 0x97,
    0x7f, 0x2d, 0x58, 0xf, 0xe8, 0x35, 0xf8, 0xd,
    0x65, 0xdf, 0xd2, 0xea, 0x90, 0xe7, 0xff, 0xf8,
    0xe0, 0x7f, 0x41, 0xbf, 0x81, 0x7f, 0xff, 0x25,
    0xe, 0x7f, 0xff, 0x8e, 0xb, 0xf4, 0x1b, 0xf8,
    0x17, 0xff, 0xf2, 0x50, 0xe7, 0xff, 0xf8, 0xe0,
    0xbf, 0x21, 0xbf, 0x81, 0x7f, 0xff, 0x25, 0xe,
    0x7f, 0xff, 0x8e, 0xb, 0xf2, 0x1b, 0xf8, 0x17,
    0xff, 0xf2, 0x50, 0xf2, 0x83, 0xbf, 0x83, 0x94,
    0xf, 0xe4, 0x37, 0xe8, 0x3f, 0xef, 0xe4, 0x3f,
    0xf9, 0x3f, 0xc1, 0xfd, 0xfc, 0x19, 0xfd, 0x7,
    0xfd, 0xfc, 0x87, 0xff, 0x27, 0xf8, 0x3f, 0xbf,
    0x83, 0x3f, 0x90, 0xff, 0xbf, 0x90, 0xff, 0xe4,
    0xff, 0x7, 0xf2, 0xf0, 0x6b, 0xf2, 0x1f, 0xf7,
    0xf2, 0x1f, 0xfc, 0x9f, 0xe0, 0xff, 0xe3, 0x7f,
    0x7, 0xff, 0x3, 0xf9, 0xf, 0xfe, 0x4f, 0xf0,
    0x7f, 0xf1, 0xbf, 0x83, 0xff, 0x81, 0xfc, 0x87,
    0xff, 0x27, 0xf8, 0x3f, 0xf8, 0xdf, 0xc1, 0xff,
    0xc0, 0xfe, 0x43, 0xff, 0x93, 0xfc, 0x1f, 0xfc,
    0x57, 0xf4, 0x1f, 0xfc, 0xf, 0xe4, 0x3f, 0xf9,
    0x3f, 0xc1, 0xff, 0xc5, 0xbf, 0x21, 0xff, 0xc0,
    0xfe, 0x43, 0xff, 0x93, 0xfc, 0x1f, 0xfc, 0x5f,
    0xe0, 0xff, 0xe0, 0xff, 0x21, 0xff, 0xc9, 0xfe,
    0xf, 0xfe, 0x23, 0xfc, 0x1f, 0xfc, 0x1f, 0xe4,
    0x3f, 0xf9, 0x3f, 0xc1, 0xff, 0xc4, 0xbf, 0x41,
    0xff, 0xc1, 0xfe, 0x43, 0xff, 0x93, 0xfc, 0x1f,
    0xfc, 0x4f, 0xe4, 0x3f, 0xf8, 0x3f, 0xc8, 0x7f,
    0xf2, 0x7f, 0x83, 0xff, 0x86, 0xff, 0x7, 0xff,
    0xb, 0xf9, 0xf, 0xfe, 0x4f, 0xf0, 0x7d, 0x7,
    0xd7, 0xf0, 0x7f, 0xf0, 0xbf, 0x90, 0xff, 0xe4,
    0xff, 0x6, 0x7e, 0x83, 0xdf, 0xc8, 0x7f, 0xf0,
    0xbf, 0x90, 0xff, 0xe4, 0xff, 0x2, 0xff, 0x7,
    0x5f, 0xc1, 0xff, 0xc3, 0xfe, 0x43, 0xff, 0x93,
    0xfd, 0x7f, 0xe0, 0xef, 0xe8, 0x3f, 0xf8, 0x7f,
    0xc8, 0x7f, 0xf2, 0x7f, 0xff, 0x84, 0x1a, 0xfe,
    0x43, 0xff, 0x87, 0xfc, 0x87, 0xff, 0x1d, 0xbf,
    0xfe, 0x90, 0xcf, 0xf8, 0x3f, 0xf8, 0x9f, 0xc8,
    0x7f, 0xf1, 0x1b, 0xff, 0xf8, 0x10, 0x7d, 0xfe,
    0xf, 0xfe, 0x2f, 0xf2, 0x1f, 0xfc, 0x16, 0xff,
    0xfe, 0x4, 0x87, 0xeb, 0xfa, 0xf, 0xfe, 0x2f,
    0xf2, 0x1f, 0xf5, 0xff, 0xfc, 0x18, 0x3f, 0xd7,
    0xf8, 0x3c, 0xd6, 0x5f, 0xbf, 0xa5, 0xea, 0xe2,
    0xff, 0xf9, 0xf, 0xf9, 0xff, 0x21, 0xeb, 0xff,
    0xf9, 0xe0, 0xff, 0xd2, 0x1f, 0xfc, 0x7, 0xfe,
    0xf, 0xaf, 0xff, 0xe7, 0x81, 0xfe, 0x83, 0xff,
    0x84, 0xff, 0xc1, 0xfa, 0xff, 0xfe, 0x78, 0x5f,
    0x41, 0xff, 0xc3, 0x7f, 0xe4, 0x3f, 0x5f, 0xff,
    0xcf, 0x9, 0x41, 0xff, 0xc4, 0x7f, 0xe8, 0x3f,
    0xfe, 0x17, 0xf0, 0x7f, 0xfc, 0xfe, 0xf, 0xff,
    0xac, 0x1f, 0xfd, 0xc0,

    /* U+74DC "瓜" */
    0xf, 0xff, 0xf8, 0x7f, 0xf8, 0x1b, 0xf, 0xff,
    0x9d, 0xfa, 0xf, 0xff, 0x73, 0x7f, 0xe0, 0xff,
    0xf5, 0x37, 0xff, 0xf0, 0x43, 0xff, 0xc6, 0xab,
    0xff, 0xf8, 0xd0, 0x7f, 0xf6, 0xd5, 0x4f, 0xff,
    0xe6, 0xa1, 0xff, 0xc8, 0x5f, 0xab, 0xbf, 0xff,
    0xa5, 0x21, 0xff, 0xcc, 0xff, 0xfe, 0xd4, 0x87,
    0xff, 0x43, 0xff, 0xfb, 0x30, 0x7f, 0xf4, 0xaf,
    0xff, 0xe6, 0xd1, 0xd, 0xfa, 0xf, 0xfe, 0x95,
    0xff, 0xfc, 0x94, 0x3f, 0xdf, 0xa0, 0xff, 0xe9,
    0x5f, 0xd2, 0x83, 0xf7, 0xf2, 0x1f, 0xef, 0xd0,
    0x7f, 0xf4, 0xaf, 0xe4, 0x3f, 0xdf, 0xc8, 0x7f,
    0xbf, 0x41, 0xff, 0xd2, 0xbf, 0x90, 0xff, 0x7f,
    0x21, 0xfe, 0xfe, 0xf, 0xfe, 0x95, 0xfc, 0x87,
    0xfb, 0xf8, 0x3f, 0xef, 0xe0, 0xff, 0xe9, 0x5f,
    0xc1, 0xff, 0x7f, 0x7, 0xfd, 0xfc, 0x1f, 0xfd,
    0x27, 0xf8, 0x3f, 0xef, 0xe0, 0xff, 0xbf, 0x83,
    0xff, 0xa4, 0xff, 0x7, 0xfd, 0xfc, 0x1f, 0xf7,
    0xf0, 0x7f, 0xf4, 0x9f, 0xe0, 0xff, 0xbf, 0x83,
    0xfe, 0xfe, 0xf, 0xfe, 0x93, 0xfc, 0x1f, 0xf7,
    0xf0, 0x7f, 0xdf, 0xc1, 0xff, 0xd2, 0x7f, 0x83,
    0xfe, 0xfe, 0xf, 0xfa, 0xfc, 0x87, 0xff, 0x45,
    0xfe, 0xf, 0xfb, 0xf8, 0x3f, 0xeb, 0xf2, 0x1f,
    0xfd, 0x17, 0xf8, 0x3f, 0xef, 0xe0, 0xff, 0xaf,
    0xd0, 0x7f, 0xf4, 0x6f, 0xe0, 0xff, 0xbf, 0x83,
    0xfe, 0x7f, 0x41, 0xff, 0xd1, 0xbf, 0x83, 0xfe,
    0xfe, 0xf, 0xf9, 0xfe, 0xf, 0xfe, 0x8d, 0xfc,
    0x1f, 0xf7, 0xf0, 0x7f, 0xf0, 0x3f, 0x83, 0xff,
    0xa3, 0x7f, 0x7, 0xfd, 0xfc, 0x1f, 0xfc, 0xf,
    0xe0, 0xff, 0xe8, 0xdf, 0xc1, 0xff, 0x7f, 0x7,
    0xff, 0x3, 0xf9, 0xf, 0xfe, 0x85, 0xfc, 0x1f,
    0xf7, 0xf0, 0x7f, 0xf0, 0x2f, 0xc8, 0x7f, 0xf4,
    0x3f, 0xc1, 0xff, 0x7f, 0x7, 0xff, 0x1, 0xfd,
    0x7, 0xff, 0x43, 0xfa, 0xf, 0xfb, 0xf8, 0x3f,
    0xf8, 0xf, 0xf0, 0x7f, 0xf4, 0x3f, 0xa0, 0xff,
    0xbf, 0x83, 0xff, 0x83, 0xfc, 0x1f, 0xfd, 0xf,
    0xe8, 0x3f, 0xef, 0xe0, 0xff, 0xe0, 0xff, 0x21,
    0xff, 0xcf, 0xfe, 0x43, 0xfe, 0xfe, 0xf, 0xfe,
    0xd, 0xfa, 0xf, 0xfe, 0x7f, 0xf2, 0x1f, 0xf7,
    0xf0, 0x7f, 0xf0, 0x5f, 0xe0, 0xff, 0xe7, 0xff,
    0x7, 0xff, 0x3, 0xf8, 0x3f, 0xf8, 0x5f, 0xc8,
    0x7f, 0xf3, 0x5f, 0xe0, 0xff, 0xe0, 0x7f, 0x7,
    0xff, 0xb, 0xfa, 0xf, 0xfe, 0x6d, 0xfc, 0x1f,
    0xf3, 0xfc, 0x1f, 0xfc, 0x2b, 0xf8, 0x3f, 0xf9,
    0xb7, 0xf0, 0x7f, 0xcf, 0xe8, 0x3f, 0xf8, 0x4f,
    0xf2, 0x1f, 0xfc, 0xcf, 0xe8, 0x3f, 0xe7, 0xf4,
    0x1f, 0xfc, 0x3f, 0xf0, 0x7f, 0xf3, 0x3f, 0xa0,
    0xff, 0x9f, 0xd0, 0x7f, 0xf0, 0xef, 0xe4, 0x3f,
    0xf9, 0x7f, 0xc8, 0x7f, 0xd7, 0xe8, 0x3f, 0xf8,
    0x6f, 0xf8, 0x3f, 0xf9, 0x4f, 0xf0, 0x7f, 0xf0,
    0x2f, 0xc8, 0x7f, 0xf1, 0x3f, 0xc1, 0xff, 0xca,
    0xbf, 0x83, 0xff, 0x81, 0xfc, 0x87, 0xff, 0x12,
    0xff, 0x7, 0xff, 0x27, 0xfc, 0x1f, 0xfc, 0xf,
    0xe4, 0x3e, 0x70, 0xfd, 0xfe, 0x43, 0xff, 0x91,
    0xfd, 0x7, 0xff, 0x3, 0xf8, 0x39, 0xbe, 0x43,
    0xeb, 0xfc, 0x1f, 0xfc, 0x77, 0xf9, 0xf, 0xfe,
    0x7, 0xf0, 0x77, 0xf8, 0x3e, 0x7f, 0xd0, 0x7f,
    0xf1, 0xaf, 0xe0, 0xff, 0xe0, 0xff, 0x7, 0x5f,
    0xc8, 0x7d, 0xff, 0x7, 0xff, 0x1b, 0xfc, 0x1f,
    0xfc, 0x7, 0xf8, 0x3d, 0xfd, 0x7, 0xcf, 0xfc,
    0x1f, 0xfc, 0x5f, 0xe8, 0x3f, 0xf8, 0xf, 0xe8,
    0x3d, 0x7f, 0x7, 0xef, 0xfa, 0xf, 0xfe, 0x1d,
    0xfc, 0x87, 0xff, 0x2, 0xfd, 0x7, 0xdf, 0xd0,
    0x7e, 0xff, 0x90, 0xff, 0xe1, 0x7f, 0x83, 0xff,
    0x83, 0xfc, 0x87, 0xdf, 0xe0, 0xfd, 0x7f, 0xc8,
    0x7f, 0xf0, 0x7f, 0xc1, 0xff, 0xc1, 0xfe, 0x43,
    0xcf, 0xf9, 0xf, 0xdf, 0xf8, 0x3f, 0xf8, 0x17,
    0xf2, 0x1f, 0xfc, 0x7, 0xf8, 0x26, 0xff, 0xf0,
    0x7e, 0x7f, 0xf0, 0x7f, 0xdf, 0xe0, 0xff, 0xe0,
    0xdf, 0xd7, 0xff, 0xf0, 0x90, 0xfd, 0x7f, 0xe0,
    0xfe, 0xbf, 0xa0, 0xff, 0xe0, 0x3f, 0xff, 0xca,
    0xf, 0xef, 0xfe, 0x43, 0xef, 0xf2, 0x1f, 0xf3,
    0xff, 0xfc, 0x4b, 0xfc, 0x87, 0xf7, 0xff, 0x41,
    0xdf, 0xf0, 0x7f, 0xf0, 0x1f, 0xff, 0xe0, 0x21,
    0x9f, 0xf0, 0x7f, 0x3f, 0xfe, 0x9, 0xff, 0x41,
    0xff, 0xc1, 0xff, 0xe8, 0x3f, 0x7f, 0x83, 0xfd,
    0x7f, 0xf2, 0xf, 0xf8, 0x3f, 0xf8, 0x7f, 0xe4,
    0x3f, 0xcf, 0xf4, 0x1f, 0xeb, 0xfe, 0xb, 0xfe,
    0x83, 0xff, 0x87, 0x7d, 0x7, 0xff, 0x7, 0xe9,
    0xf, 0xfe, 0x5, 0xfc, 0x1a, 0xff, 0x7, 0xff,
    0x17, 0x83, 0xff, 0x87, 0x61, 0xff, 0xc4, 0xbe,
    0xf, 0xaf, 0xc1, 0xff, 0xe9, 0xb0, 0xfe, 0x7c,
    0x87, 0xff, 0xd9, 0xf, 0xff, 0x88,

    /* U+751F "生" */
    0xf, 0xfe, 0x9a, 0xf8, 0x3f, 0xfd, 0xcf, 0xf8,
    0x3f, 0xfd, 0xcf, 0xf8, 0x3f, 0xfd, 0xff, 0xe0,
    0xff, 0xed, 0xb2, 0x1f, 0xfc, 0x5f, 0xf0, 0x7f,
    0xf6, 0xdf, 0x90, 0xff, 0xe1, 0xff, 0x83, 0xff,
    0xb7, 0x7f, 0x48, 0x7f, 0xf0, 0x3f, 0xc1, 0xff,
    0xdb, 0xff, 0xa0, 0xff, 0xe0, 0x7f, 0x83, 0xff,
    0xb7, 0xff, 0x7, 0xff, 0x7, 0xfc, 0x1f, 0xfd,
    0xa7, 0xfc, 0x87, 0xff, 0x7, 0xfc, 0x1f, 0xfd,
    0xab, 0xfc, 0x1f, 0xfc, 0x2f, 0xf0, 0x7f, 0xf6,
    0xbf, 0xc8, 0x7f, 0xf0, 0xbf, 0xc1, 0xff, 0xda,
    0xff, 0x7, 0xff, 0xf, 0xfc, 0x1f, 0xfd, 0x9b,
    0xfa, 0xf, 0xfe, 0x1f, 0xf8, 0x3f, 0xfb, 0x3f,
    0xe4, 0x3f, 0xf8, 0x7f, 0xe0, 0xff, 0xec, 0x3f,
    0xe0, 0xff, 0xe2, 0x7f, 0x83, 0xff, 0xb1, 0x7f,
    0x21, 0xff, 0xc4, 0xff, 0x7, 0xff, 0x63, 0xfd,
    0x2f, 0xff, 0x13, 0xfc, 0xbf, 0xfc, 0x6a, 0xc1,
    0xff, 0xc1, 0xbf, 0xff, 0xce, 0x87, 0xff, 0x3,
    0xff, 0xfd, 0x8, 0x7f, 0xcf, 0xff, 0xfa, 0x10,
    0xff, 0xbf, 0xff, 0xd2, 0x87, 0xf9, 0xff, 0x57,
    0xff, 0x1f, 0xfd, 0x5f, 0xfc, 0x6f, 0xc8, 0x7f,
    0xbf, 0xd0, 0x7f, 0xf1, 0xff, 0xc1, 0xff, 0xd4,
    0xbf, 0xc1, 0xff, 0xc8, 0xff, 0x7, 0xff, 0x53,
    0xfe, 0xf, 0xfe, 0x47, 0xf8, 0x3f, 0xfa, 0x77,
    0xf9, 0xf, 0xfe, 0x47, 0xf8, 0x3f, 0xfa, 0x4f,
    0xfc, 0x1f, 0xfc, 0x9f, 0xf0, 0x7f, 0xf4, 0xbf,
    0xe4, 0x3f, 0xf9, 0x3f, 0xe0, 0xff, 0xe8, 0xff,
    0xe0, 0xff, 0xe5, 0x7f, 0x83, 0xff, 0xa0, 0xff,
    0xc1, 0xff, 0xcb, 0xff, 0x7, 0xff, 0x4d, 0xbd,
    0x7, 0xff, 0x2f, 0xfc, 0x1f, 0xfd, 0x64, 0x3f,
    0xf9, 0x9f, 0xe0, 0xff, 0xf7, 0xff, 0x83, 0xff,
    0xdf, 0xfe, 0xf, 0xfe, 0xe5, 0xff, 0xfd, 0xe0,
    0xff, 0xe5, 0x5f, 0xff, 0xde, 0xf, 0xfe, 0x55,
    0xff, 0xfd, 0xe0, 0xff, 0xe5, 0x5f, 0xff, 0xde,
    0xf, 0xfe, 0x55, 0xff, 0xfd, 0xe0, 0xff, 0xe5,
    0xa8, 0x3f, 0xf8, 0x9f, 0xe0, 0xff, 0xe1, 0xac,
    0x1f, 0xfd, 0xdf, 0xf0, 0x7f, 0xfb, 0xff, 0xc1,
    0xff, 0xef, 0xff, 0x7, 0xff, 0xbf, 0xfc, 0x1f,
    0xfe, 0xff, 0xf0, 0x7f, 0xfb, 0xff, 0xc1, 0xff,
    0xef, 0xff, 0x7, 0xff, 0xbf, 0xfc, 0x1f, 0xfe,
    0xff, 0xf0, 0x7f, 0xfb, 0xff, 0xc1, 0xff, 0xef,
    0xff, 0x7, 0xff, 0xbf, 0xfc, 0x1f, 0xfe, 0xff,
    0xf0, 0x7f, 0xfb, 0xff, 0xc1, 0xff, 0xef, 0xff,
    0x7, 0xff, 0xbf, 0xfc, 0x1f, 0xfd, 0x3b, 0xff,
    0xfe, 0x1, 0xaf, 0xff, 0xf8, 0x6, 0xbf, 0xff,
    0xe0, 0x1a, 0xff, 0xff, 0x80, 0x6b, 0xff, 0xfe,
    0x1, 0xff, 0xf6,

    /* U+7528 "用" */
    0xf, 0xcd, 0x7f, 0xf9, 0x50, 0xfd, 0x7f, 0xff,
    0x98, 0x3f, 0x3f, 0xff, 0xe6, 0xf, 0xcf, 0xff,
    0xf9, 0x60, 0xfc, 0xff, 0xff, 0x96, 0xf, 0xcf,
    0xf0, 0x7f, 0xf1, 0x3f, 0xc1, 0xff, 0xc5, 0xfe,
    0x83, 0xf3, 0xfc, 0x1f, 0xfc, 0x4f, 0xf0, 0x7f,
    0xf1, 0x7f, 0xa0, 0xfc, 0xff, 0x7, 0xff, 0x13,
    0xfc, 0x1f, 0xfc, 0x5f, 0xe8, 0x3f, 0x3f, 0xc1,
    0xff, 0xc4, 0xff, 0x7, 0xff, 0x17, 0xfa, 0xf,
    0xcf, 0xf0, 0x7f, 0xf1, 0x3f, 0xc1, 0xff, 0xc5,
    0xfe, 0x83, 0xf3, 0xfc, 0x1f, 0xfc, 0x4f, 0xf0,
    0x7f, 0xf1, 0x7f, 0xa0, 0xfc, 0xff, 0x7, 0xff,
    0x13, 0xfc, 0x1f, 0xfc, 0x5f, 0xe8, 0x3f, 0x3f,
    0xc1, 0xff, 0xc4, 0xff, 0x7, 0xff, 0x17, 0xfa,
    0xf, 0xcf, 0xf0, 0x7f, 0xf1, 0x3f, 0xc1, 0xff,
    0xc5, 0xfe, 0x83, 0xf3, 0xfc, 0x1f, 0xfc, 0x4f,
    0xf0, 0x7f, 0xf1, 0x7f, 0xa0, 0xfc, 0xff, 0x7,
    0xff, 0x13, 0xfc, 0x1f, 0xfc, 0x5f, 0xe8, 0x3f,
    0x3f, 0xc1, 0xff, 0xc4, 0xff, 0x7, 0xff, 0x17,
    0xfa, 0xf, 0xcf, 0xff, 0xf9, 0x60, 0xfc, 0xff,
    0xff, 0x96, 0xf, 0xcf, 0xff, 0xf9, 0x60, 0xfc,
    0xff, 0xff, 0x96, 0xf, 0xcf, 0xf0, 0x7f, 0xf1,
    0x3f, 0xc1, 0xff, 0xc5, 0xfe, 0x83, 0xf3, 0xfc,
    0x1f, 0xfc, 0x4f, 0xf0, 0x7f, 0xf1, 0x7f, 0xa0,
    0xfc, 0xff, 0x7, 0xff, 0x13, 0xfc, 0x1f, 0xfc,
    0x5f, 0xe8, 0x3f, 0x3f, 0xc1, 0xff, 0xc4, 0xff,
    0x7, 0xff, 0x17, 0xfa, 0xf, 0xcf, 0xf0, 0x7f,
    0xf1, 0x3f, 0xc1, 0xff, 0xc5, 0xfe, 0x83, 0xf3,
    0xfc, 0x1f, 0xfc, 0x4f, 0xf0, 0x7f, 0xf1, 0x7f,
    0xa0, 0xfc, 0xff, 0x7, 0xff, 0x13, 0xfc, 0x1f,
    0xfc, 0x5f, 0xe8, 0x3f, 0x3f, 0xc1, 0xff, 0xc4,
    0xff, 0x7, 0xff, 0x17, 0xfa, 0xf, 0xcf, 0xf0,
    0x7f, 0xf1, 0x3f, 0xc1, 0xff, 0xc5, 0xfe, 0x83,
    0xf3, 0xfc, 0x1f, 0xfc, 0x4f, 0xf0, 0x7f, 0xf1,
    0x7f, 0xa0, 0xfc, 0xff, 0x7, 0xff, 0x13, 0xfc,
    0x1f, 0xfc, 0x5f, 0xe8, 0x3f, 0x3f, 0xc1, 0xff,
    0xc4, 0xff, 0x7, 0xff, 0x17, 0xfa, 0xf, 0xcf,
    0xff, 0xf9, 0x60, 0xfc, 0xff, 0xff, 0x96, 0xf,
    0xd7, 0xff, 0xf9, 0x60, 0xfd, 0x7f, 0xff, 0x96,
    0xf, 0xd7, 0xf2, 0xff, 0xf1, 0x3f, 0xcb, 0xff,
    0xc5, 0xfe, 0x83, 0xf5, 0xfc, 0x1f, 0xfc, 0x4f,
    0xf0, 0x7f, 0xf1, 0x7f, 0xa0, 0xfd, 0xfe, 0xf,
    0xfe, 0x27, 0xf8, 0x3f, 0xf8, 0xbf, 0xd0, 0x7e,
    0xfe, 0x83, 0xff, 0x89, 0xfe, 0xf, 0xfe, 0x2f,
    0xf4, 0x1f, 0xbf, 0xa0, 0xff, 0xe2, 0x7f, 0x83,
    0xff, 0x8b, 0xfd, 0x7, 0xef, 0xe4, 0x3f, 0xf8,
    0x9f, 0xe0, 0xff, 0xe2, 0xff, 0x41, 0xf3, 0xfc,
    0x1f, 0xfc, 0x5f, 0xf0, 0x7f, 0xf1, 0x7f, 0xa0,
    0xfa, 0xfe, 0xf, 0xfe, 0x2f, 0xf8, 0x3f, 0xf8,
    0xbf, 0xd0, 0x7d, 0xfd, 0x7, 0xff, 0x17, 0xfc,
    0x1f, 0xfc, 0x5f, 0xe8, 0x3e, 0xfe, 0x43, 0xff,
    0x8b, 0xfe, 0xf, 0xfe, 0x2f, 0xf4, 0x1e, 0x7f,
    0x83, 0xff, 0x8d, 0xfe, 0xf, 0xfe, 0x2f, 0xf4,
    0x1e, 0xbf, 0x83, 0xff, 0x8d, 0xfe, 0xf, 0xfe,
    0x2f, 0xf4, 0x1e, 0xfe, 0x83, 0xff, 0x8d, 0xfe,
    0xf, 0xfe, 0x2f, 0xf4, 0x1c, 0xff, 0x21, 0xff,
    0xc6, 0xff, 0x7, 0xff, 0x17, 0xfa, 0xe, 0xff,
    0x7, 0xff, 0x1f, 0xfc, 0x1f, 0xfc, 0x5f, 0xe8,
    0x3b, 0xfa, 0xf, 0xfe, 0x3f, 0xf8, 0x3f, 0xf8,
    0xbf, 0xd0, 0x6b, 0xf9, 0xf, 0xfe, 0x3f, 0xf8,
    0x3f, 0xf8, 0x97, 0xf2, 0x1b, 0xfc, 0x1f, 0xfc,
    0x8f, 0xf0, 0x7f, 0x97, 0xaf, 0xf2, 0x15, 0xfc,
    0x87, 0xff, 0x23, 0xfc, 0x1f, 0xef, 0xff, 0xe0,
    0x4, 0xff, 0x83, 0xff, 0x93, 0xfe, 0xf, 0xf7,
    0xff, 0xd0, 0x5f, 0xe8, 0x3f, 0xf9, 0x3f, 0xe0,
    0xff, 0x3f, 0xfe, 0xa, 0xff, 0x7, 0xff, 0x2b,
    0xfc, 0x1f, 0xf7, 0xff, 0x21, 0x5f, 0xd0, 0x7f,
    0xf2, 0xab, 0xc1, 0xff, 0x7f, 0xa4, 0x3e, 0x7e,
    0xf, 0xfe, 0xe7, 0xa8, 0x87, 0xff, 0x1, 0x83,
    0xff, 0xd0,

    /* U+7530 "田" */
    0xf, 0xff, 0x67, 0xff, 0xfa, 0xef, 0xff, 0xf5,
    0xdf, 0xff, 0xeb, 0x6f, 0xff, 0xf5, 0x37, 0xff,
    0xfa, 0x9b, 0xf8, 0x3f, 0xf8, 0xff, 0xc8, 0x7f,
    0xf1, 0xff, 0x9b, 0xf8, 0x3f, 0xf8, 0xff, 0xc8,
    0x7f, 0xf1, 0xff, 0x9b, 0xf8, 0x3f, 0xf8, 0xff,
    0xc8, 0x7f, 0xf1, 0xff, 0x9b, 0xf8, 0x3f, 0xf8,
    0xff, 0xc8, 0x7f, 0xf1, 0xff, 0x9b, 0xf8, 0x3f,
    0xf8, 0xff, 0xc8, 0x7f, 0xf1, 0xff, 0x9b, 0xf8,
    0x3f, 0xf8, 0xff, 0xc8, 0x7f, 0xf1, 0xff, 0x9b,
    0xf8, 0x3f, 0xf8, 0xff, 0xc8, 0x7f, 0xf1, 0xff,
    0x9b, 0xf8, 0x3f, 0xf8, 0xff, 0xc8, 0x7f, 0xf1,
    0xff, 0x9b, 0xf8, 0x3f, 0xf8, 0xff, 0xc8, 0x7f,
    0xf1, 0xff, 0x9b, 0xf8, 0x3f, 0xf8, 0xff, 0xc8,
    0x7f, 0xf1, 0xff, 0x9b, 0xf8, 0x3f, 0xf8, 0xff,
    0xc8, 0x7f, 0xf1, 0xff, 0x9b, 0xf8, 0x3f, 0xf8,
    0xff, 0xc8, 0x7f, 0xf1, 0xff, 0x9b, 0xf8, 0x3f,
    0xf8, 0xff, 0xc8, 0x7f, 0xf1, 0xff, 0x9b, 0xf8,
    0x3f, 0xf8, 0xff, 0xc8, 0x7f, 0xf1, 0xff, 0x9b,
    0xf8, 0x3f, 0xf8, 0xff, 0xc8, 0x7f, 0xf1, 0xff,
    0x9b, 0xf8, 0x3f, 0xf8, 0xff, 0xc8, 0x7f, 0xf1,
    0xff, 0x9b, 0xf8, 0x3f, 0xf8, 0xff, 0xc8, 0x7f,
    0xf1, 0xff, 0x9b, 0xf8, 0x3f, 0xf8, 0xff, 0xc8,
    0x7f, 0xf1, 0xff, 0x9b, 0xf9, 0x7f, 0xf8, 0xff,
    0xcb, 0xff, 0xc8, 0xfe, 0x6f, 0xff, 0xf5, 0x37,
    0xff, 0xfa, 0x9b, 0xff, 0xfd, 0x4d, 0xff, 0xfe,
    0xa6, 0xff, 0xff, 0x53, 0x7f, 0x7, 0xff, 0x1f,
    0xf9, 0xf, 0xfe, 0x3f, 0xf3, 0x7f, 0x7, 0xff,
    0x1f, 0xf9, 0xf, 0xfe, 0x3f, 0xf3, 0x7f, 0x7,
    0xff, 0x1f, 0xf9, 0xf, 0xfe, 0x3f, 0xf3, 0x7f,
    0x7, 0xff, 0x1f, 0xf9, 0xf, 0xfe, 0x3f, 0xf3,
    0x7f, 0x7, 0xff, 0x1f, 0xf9, 0xf, 0xfe, 0x3f,
    0xf3, 0x7f, 0x7, 0xff, 0x1f, 0xf9, 0xf, 0xfe,
    0x3f, 0xf3, 0x7f, 0x7, 0xff, 0x1f, 0xf9, 0xf,
    0xfe, 0x3f, 0xf3, 0x7f, 0x7, 0xff, 0x1f, 0xf9,
    0xf, 0xfe, 0x3f, 0xf3, 0x7f, 0x7, 0xff, 0x1f,
    0xf9, 0xf, 0xfe, 0x3f, 0xf3, 0x7f, 0x7, 0xff,
    0x1f, 0xf9, 0xf, 0xfe, 0x3f, 0xf3, 0x7f, 0x7,
    0xff, 0x1f, 0xf9, 0xf, 0xfe, 0x3f, 0xf3, 0x7f,
    0x7, 0xff, 0x1f, 0xf9, 0xf, 0xfe, 0x3f, 0xf3,
    0x7f, 0x7, 0xff, 0x1f, 0xf9, 0xf, 0xfe, 0x3f,
    0xf3, 0x7f, 0x7, 0xff, 0x1f, 0xf9, 0xf, 0xfe,
    0x3f, 0xf3, 0x7f, 0x7, 0xff, 0x1f, 0xf9, 0xf,
    0xfe, 0x3f, 0xf3, 0x7f, 0x7, 0xff, 0x1f, 0xf9,
    0xf, 0xfe, 0x3f, 0xf3, 0x7f, 0x7, 0xff, 0x1f,
    0xf9, 0xf, 0xfe, 0x3f, 0xf3, 0x7f, 0x7, 0xff,
    0x1f, 0xf9, 0xf, 0xfe, 0x3f, 0xf3, 0x7f, 0x7,
    0xff, 0x1f, 0xf9, 0xf, 0xfe, 0x3f, 0xf3, 0x7f,
    0x2f, 0xff, 0x1f, 0xf9, 0x7f, 0xf9, 0x1f, 0xcd,
    0xff, 0xfe, 0xa6, 0xff, 0xff, 0x53, 0x7f, 0xff,
    0xa9, 0xbf, 0xff, 0xd4, 0xdf, 0xff, 0xea, 0x6f,
    0xe0, 0xff, 0xf0, 0x7f, 0x37, 0xf0, 0x7f, 0xf8,
    0x3f, 0x9b, 0xf8, 0x3f, 0xfc, 0x1f, 0xcf, 0xf8,
    0x3f, 0xfc, 0x1f, 0xd7, 0xf8, 0x3f, 0xfc, 0xd,
    0x67, 0xfc, 0x1f, 0xfe, 0x60,

    /* U+7537 "男" */
    0xf, 0x9a, 0xff, 0xf3, 0x87, 0xfb, 0xff, 0xfd,
    0x1, 0xfe, 0xff, 0xff, 0x40, 0x7f, 0xbf, 0xff,
    0xd0, 0x1f, 0xeb, 0xff, 0xfc, 0xe1, 0xfe, 0xbf,
    0x90, 0xff, 0xe2, 0x7f, 0x90, 0xff, 0xe2, 0x7f,
    0x83, 0xfd, 0x7f, 0x21, 0xff, 0xc4, 0xff, 0x21,
    0xff, 0xc4, 0xff, 0x7, 0xfa, 0xfe, 0x43, 0xff,
    0x89, 0xfe, 0x43, 0xff, 0x89, 0xfe, 0xf, 0xf5,
    0xfc, 0x87, 0xff, 0x13, 0xfc, 0x87, 0xff, 0x13,
    0xfc, 0x1f, 0xeb, 0xf9, 0xf, 0xfe, 0x27, 0xf9,
    0xf, 0xfe, 0x27, 0xf8, 0x3f, 0xd7, 0xf2, 0x1f,
    0xfc, 0x4f, 0xf2, 0x1f, 0xfc, 0x4f, 0xf0, 0x7f,
    0xaf, 0xe4, 0x3f, 0xf8, 0x9f, 0xe4, 0x3f, 0xf8,
    0x9f, 0xe0, 0xff, 0x5f, 0xd5, 0xff, 0xc5, 0xff,
    0x57, 0xff, 0x17, 0xfc, 0x1f, 0xeb, 0xff, 0xfc,
    0xe1, 0xfe, 0xbf, 0xff, 0xce, 0x1f, 0xeb, 0xff,
    0xfc, 0xe1, 0xfe, 0xbf, 0xff, 0xce, 0x1f, 0xeb,
    0xf9, 0xf, 0xfe, 0x27, 0xf9, 0xf, 0xfe, 0x27,
    0xf8, 0x3f, 0xd7, 0xf2, 0x1f, 0xfc, 0x4f, 0xf2,
    0x1f, 0xfc, 0x4f, 0xf0, 0x7f, 0xaf, 0xe4, 0x3f,
    0xf8, 0x9f, 0xe4, 0x3f, 0xf8, 0x9f, 0xe0, 0xff,
    0x5f, 0xc8, 0x7f, 0xf1, 0x3f, 0xc8, 0x7f, 0xf1,
    0x3f, 0xc1, 0xfe, 0xbf, 0x90, 0xff, 0xe2, 0x7f,
    0x90, 0xff, 0xe2, 0x7f, 0x83, 0xfd, 0x7f, 0x21,
    0xff, 0xc4, 0xff, 0x21, 0xff, 0xc4, 0xff, 0x7,
    0xfa, 0xfe, 0x43, 0xff, 0x89, 0xfe, 0x43, 0xff,
    0x89, 0xfe, 0xf, 0xf5, 0xfc, 0x87, 0xff, 0x13,
    0xfc, 0x87, 0xff, 0x13, 0xfc, 0x1f, 0xeb, 0xff,
    0xfc, 0xe1, 0xfe, 0xff, 0xff, 0x40, 0x7f, 0xbf,
    0xff, 0xd0, 0x1f, 0xef, 0xff, 0xf4, 0x7, 0xff,
    0xfc, 0x3f, 0xf8, 0xbd, 0x4b, 0x7, 0xff, 0xaf,
    0xfe, 0xf, 0xff, 0x5f, 0xfc, 0x1f, 0xfe, 0xbf,
    0xf4, 0x1f, 0xfe, 0xbf, 0xf2, 0x1f, 0xfe, 0xbf,
    0xf2, 0x1f, 0xfd, 0x37, 0xd5, 0xff, 0xc9, 0xff,
    0x57, 0xff, 0x44, 0x27, 0xff, 0xfd, 0xc1, 0x3f,
    0xff, 0xed, 0x82, 0x7f, 0xff, 0xda, 0x84, 0xff,
    0xff, 0xb5, 0xc, 0xb0, 0x7f, 0xf1, 0xef, 0xe4,
    0x3f, 0xf9, 0x5f, 0xe0, 0xff, 0xe7, 0xff, 0x83,
    0xff, 0x97, 0xfe, 0xf, 0xfe, 0x7f, 0xf8, 0x3f,
    0xf9, 0x7f, 0xe0, 0xff, 0xe7, 0x3f, 0xd0, 0x7f,
    0xf2, 0xff, 0xc1, 0xff, 0xce, 0xff, 0x21, 0xff,
    0xcb, 0xff, 0x7, 0xff, 0x3b, 0xfc, 0x1f, 0xfc,
    0xb7, 0xfa, 0xf, 0xfe, 0x6d, 0xfd, 0x7, 0xff,
    0x2d, 0xfe, 0x83, 0xff, 0x9b, 0xfe, 0x43, 0xff,
    0x96, 0xff, 0x21, 0xff, 0xcc, 0xff, 0x83, 0xff,
    0x99, 0x7f, 0x21, 0xff, 0xcb, 0xff, 0x90, 0xff,
    0xe6, 0x5f, 0xc1, 0xff, 0xcb, 0xff, 0xc1, 0xff,
    0xcd, 0xff, 0x7, 0xff, 0x25, 0xff, 0xc1, 0xff,
    0xce, 0xff, 0x7, 0xff, 0x23, 0xff, 0x90, 0xff,
    0xe7, 0x7f, 0x83, 0xff, 0x8a, 0xdf, 0xfc, 0x87,
    0xff, 0x3a, 0xfe, 0x83, 0xff, 0x87, 0x7f, 0xfc,
    0x87, 0xff, 0x3f, 0xfc, 0x87, 0xfc, 0xdf, 0xff,
    0xc0, 0x83, 0xff, 0xa1, 0xff, 0x7, 0xca, 0xbf,
    0xff, 0x86, 0x87, 0xff, 0x25, 0x6a, 0x7f, 0xf8,
    0x35, 0xff, 0xfc, 0x64, 0x3f, 0xf9, 0x4f, 0xff,
    0xf0, 0xa0, 0xeb, 0xff, 0xf8, 0x52, 0x1f, 0xfc,
    0xd7, 0xff, 0xf8, 0x21, 0xf5, 0xff, 0xe9, 0xf,
    0xfe, 0x8f, 0xff, 0xf0, 0x3, 0xfa, 0xff, 0x48,
    0x7f, 0xf5, 0x7f, 0xf9, 0xf, 0xfb, 0xe9, 0xf,
    0xfe, 0xc5, 0xfa, 0x43, 0xff, 0x84, 0xa0, 0xff,
    0xed, 0xb2, 0x1f, 0xfc, 0x10,

    /* U+753B "画" */
    0x16, 0xf, 0xff, 0x4a, 0xc0, 0xff, 0xff, 0x78,
    0x3f, 0xff, 0xde, 0xf, 0xff, 0xf7, 0x83, 0xff,
    0xfd, 0xe0, 0xaf, 0xcb, 0xff, 0xe0, 0xaf, 0x83,
    0xff, 0xfe, 0x1f, 0xff, 0xf0, 0xff, 0xff, 0x87,
    0xff, 0xfc, 0x3f, 0xff, 0xe1, 0xef, 0xff, 0xea,
    0x21, 0xff, 0xd0, 0xff, 0xfe, 0xa2, 0x1f, 0xfd,
    0xf, 0xff, 0xea, 0x21, 0xff, 0xd0, 0xff, 0xfe,
    0xa2, 0x1f, 0xfd, 0xf, 0xe5, 0xfe, 0xfe, 0x5f,
    0xdf, 0xc8, 0x7f, 0xf4, 0x3f, 0x83, 0xfb, 0xf8,
    0x3f, 0x7f, 0x21, 0xff, 0xc2, 0xbf, 0x83, 0xf7,
    0xf0, 0x7f, 0x7f, 0x7, 0xef, 0xe0, 0xfd, 0xfe,
    0x2f, 0xe0, 0xfd, 0xfc, 0x1f, 0xdf, 0xc1, 0xfb,
    0xf8, 0x3f, 0x7f, 0x8b, 0xf8, 0x3f, 0x7f, 0x7,
    0xf7, 0xf0, 0x7e, 0xfe, 0xf, 0xdf, 0xe1, 0xfe,
    0xf, 0xdf, 0xc1, 0xfd, 0xfc, 0x1f, 0xbf, 0x83,
    0xf7, 0xf8, 0x7f, 0x83, 0xf7, 0xf0, 0x7f, 0x7f,
    0x7, 0xef, 0xe0, 0xfd, 0x7f, 0xf, 0xf0, 0x7e,
    0xfe, 0xf, 0xef, 0xe0, 0xfd, 0xfc, 0x1f, 0xaf,
    0xe1, 0xfe, 0xf, 0xdf, 0xc1, 0xfd, 0xfc, 0x1f,
    0xbf, 0x83, 0xf5, 0xfc, 0x3f, 0xc1, 0xfb, 0xf8,
    0x3f, 0xbf, 0x83, 0xf7, 0xf0, 0x7e, 0xbf, 0x87,
    0xf8, 0x3f, 0x7f, 0x21, 0xf3, 0xfc, 0x1f, 0xbf,
    0x83, 0xf5, 0xfc, 0x3f, 0xc1, 0xfb, 0xff, 0xfa,
    0x81, 0xfa, 0xfe, 0x1f, 0xe0, 0xfd, 0xff, 0xfd,
    0x40, 0xfd, 0x7f, 0xf, 0xf0, 0x7e, 0xff, 0xfe,
    0xa0, 0x7e, 0xbf, 0x87, 0xf8, 0x3f, 0x7f, 0xff,
    0x50, 0x3f, 0x5f, 0xc3, 0xfc, 0x1f, 0xbf, 0x97,
    0xfb, 0xf9, 0x7f, 0x7f, 0x7, 0xeb, 0xf8, 0x7f,
    0x83, 0xf7, 0xf0, 0x7f, 0x7f, 0x7, 0xef, 0xe0,
    0xfd, 0x7f, 0xf, 0xf0, 0x7e, 0xfe, 0xf, 0xef,
    0xe0, 0xfd, 0xfc, 0x1f, 0xaf, 0xe1, 0xfe, 0xf,
    0xdf, 0xc1, 0xfd, 0xfc, 0x1f, 0xbf, 0x83, 0xf5,
    0xfc, 0x3f, 0xc1, 0xfb, 0xf8, 0x3f, 0xbf, 0x83,
    0xf7, 0xf0, 0x7e, 0xbf, 0x87, 0xf8, 0x3f, 0x7f,
    0x7, 0xf7, 0xf0, 0x7e, 0xfe, 0xf, 0xd7, 0xf0,
    0xff, 0x7, 0xef, 0xe0, 0xfe, 0xfe, 0xf, 0xdf,
    0xc1, 0xfa, 0xfe, 0x1f, 0xe0, 0xfd, 0xfc, 0x1f,
    0xdf, 0xc1, 0xfb, 0xf9, 0xf, 0xaf, 0xe1, 0xfe,
    0xf, 0xdf, 0xc1, 0xfd, 0xfc, 0x1f, 0xbf, 0x90,
    0xfa, 0xfe, 0x1f, 0xe0, 0xfd, 0xfc, 0x1f, 0xdf,
    0xc1, 0xfb, 0xf9, 0xf, 0xaf, 0xe1, 0xfe, 0xf,
    0xdf, 0xcb, 0xfd, 0xfc, 0xbf, 0xbf, 0x90, 0xfa,
    0xfe, 0x1f, 0xe0, 0xfd, 0xff, 0xfd, 0x44, 0x3e,
    0xbf, 0x87, 0xf8, 0x3f, 0x7f, 0xff, 0x51, 0xf,
    0xaf, 0xe1, 0xfe, 0xf, 0xdf, 0xff, 0xd4, 0x43,
    0xeb, 0xf8, 0x7f, 0x83, 0xf7, 0xff, 0xf5, 0x10,
    0xfa, 0xfe, 0x1f, 0xe0, 0xff, 0xf2, 0x5f, 0xc3,
    0xfc, 0x1f, 0xfe, 0x4b, 0xf8, 0x7f, 0x83, 0xff,
    0xc9, 0x7f, 0xf, 0xf0, 0x7f, 0xf9, 0x2f, 0xe1,
    0xfe, 0xf, 0xff, 0x25, 0xfc, 0x3f, 0xc1, 0xff,
    0xe4, 0xbf, 0x87, 0xf8, 0x3f, 0xfc, 0x97, 0xf0,
    0xff, 0xff, 0xbc, 0xbf, 0xff, 0xde, 0x5f, 0xff,
    0xef, 0x2f, 0xff, 0xf7, 0x87, 0xff, 0xaf, 0xfc,
    0x1f, 0xfe, 0xbb, 0xf8, 0x3f, 0xfd, 0x77, 0xf0,
    0x7f, 0xfa, 0xef, 0xe0, 0xff, 0xf5, 0xdf, 0xc0,

    /* U+767D "白" */
    0xf, 0xff, 0xe6, 0x87, 0xff, 0x9f, 0xe4, 0x3f,
    0xfc, 0x8f, 0xf4, 0x1f, 0xfe, 0x2f, 0xfa, 0xf,
    0xff, 0xf, 0xfc, 0x1f, 0xfe, 0x17, 0xfc, 0x1f,
    0xfe, 0x2f, 0xf2, 0x1f, 0xfe, 0x2f, 0xf0, 0x7f,
    0xf8, 0xaf, 0xe0, 0xff, 0xf1, 0xff, 0x41, 0xff,
    0xe2, 0x7f, 0x83, 0xff, 0xc7, 0xfd, 0x7, 0xff,
    0x57, 0xff, 0xfd, 0x7, 0xff, 0xfa, 0xf, 0xff,
    0xf3, 0xc7, 0xff, 0xf9, 0xe3, 0xff, 0xfc, 0xf1,
    0xfe, 0xf, 0xfe, 0xe7, 0xf4, 0x7f, 0x83, 0xff,
    0xb9, 0xfd, 0x1f, 0xe0, 0xff, 0xee, 0x7f, 0x47,
    0xf8, 0x3f, 0xfb, 0x9f, 0xd1, 0xfe, 0xf, 0xfe,
    0xe7, 0xf4, 0x7f, 0x83, 0xff, 0xb9, 0xfd, 0x1f,
    0xe0, 0xff, 0xee, 0x7f, 0x47, 0xf8, 0x3f, 0xfb,
    0x9f, 0xd1, 0xfe, 0xf, 0xfe, 0xe7, 0xf4, 0x7f,
    0x83, 0xff, 0xb9, 0xfd, 0x1f, 0xe0, 0xff, 0xee,
    0x7f, 0x47, 0xf8, 0x3f, 0xfb, 0x9f, 0xd1, 0xfe,
    0xf, 0xfe, 0xe7, 0xf4, 0x7f, 0x83, 0xff, 0xb9,
    0xfd, 0x1f, 0xe0, 0xff, 0xee, 0x7f, 0x47, 0xff,
    0xf9, 0xe3, 0xff, 0xfc, 0xf1, 0xff, 0xfe, 0x78,
    0xff, 0xff, 0x3c, 0x7f, 0xff, 0x9e, 0x3f, 0xc1,
    0xff, 0xdc, 0xfe, 0x8f, 0xf0, 0x7f, 0xf7, 0x3f,
    0xa3, 0xfc, 0x1f, 0xfd, 0xcf, 0xe8, 0xff, 0x7,
    0xff, 0x73, 0xfa, 0x3f, 0xc1, 0xff, 0xdc, 0xfe,
    0x8f, 0xf0, 0x7f, 0xf7, 0x3f, 0xa3, 0xfc, 0x1f,
    0xfd, 0xcf, 0xe8, 0xff, 0x7, 0xff, 0x73, 0xfa,
    0x3f, 0xc1, 0xff, 0xdc, 0xfe, 0x8f, 0xf0, 0x7f,
    0xf7, 0x3f, 0xa3, 0xfc, 0x1f, 0xfd, 0xcf, 0xe8,
    0xff, 0x7, 0xff, 0x73, 0xfa, 0x3f, 0xc1, 0xff,
    0xdc, 0xfe, 0x8f, 0xf0, 0x7f, 0xf7, 0x3f, 0xa3,
    0xfc, 0x1f, 0xfd, 0xcf, 0xe8, 0xff, 0x2f, 0xff,
    0x73, 0xfa, 0x3f, 0xff, 0xcf, 0x1f, 0xff, 0xe7,
    0x8f, 0xff, 0xf3, 0xc7, 0xff, 0xf9, 0xe3, 0xff,
    0xfc, 0xf1, 0xfe, 0xf, 0xfe, 0xe7, 0xf4, 0x7f,
    0x83, 0xff, 0xb9, 0xfd, 0x1f, 0xe0, 0xff, 0xee,
    0x7f, 0x47, 0xf8, 0x3f, 0xfb, 0x9f, 0xd1, 0xfe,
    0xf, 0xfe, 0xe7, 0xf4, 0x7f, 0x83, 0xff, 0xb9,
    0xfe, 0x3f, 0xc1, 0xff, 0xdc, 0xfe, 0x85, 0xf0,
    0x7f, 0xf8, 0x80,

    /* U+7684 "的" */
    0xf, 0xff, 0xdf, 0x21, 0xff, 0xcb, 0x79, 0xf,
    0xfe, 0x97, 0xf4, 0x1f, 0xfc, 0x8b, 0xf4, 0x1f,
    0xfd, 0xf, 0xf2, 0x1f, 0xfc, 0x7b, 0xfc, 0x87,
    0xff, 0x3b, 0xfc, 0x1f, 0xfc, 0x8f, 0xf4, 0x1f,
    0xfc, 0xe7, 0xfa, 0xf, 0xfe, 0x47, 0xf8, 0x3f,
    0xf9, 0xef, 0xf2, 0x1f, 0xfc, 0x77, 0xfc, 0x1f,
    0xfc, 0xfb, 0xf8, 0x3f, 0xf9, 0x17, 0xf2, 0x1f,
    0xfc, 0xff, 0xe8, 0x3f, 0xf9, 0x1f, 0xe0, 0xff,
    0xe8, 0x7f, 0x21, 0xff, 0xc7, 0x7f, 0xa0, 0xff,
    0xe8, 0x7f, 0x7, 0xff, 0x22, 0xfe, 0xf, 0xfe,
    0x83, 0xfa, 0xf, 0xfe, 0x47, 0xf4, 0x1f, 0xfd,
    0xb, 0xf2, 0x1f, 0xfc, 0x77, 0xf9, 0xf, 0xfe,
    0x87, 0xf0, 0x7f, 0xf2, 0x2f, 0xff, 0xe6, 0x95,
    0xfb, 0xfa, 0xbf, 0xf8, 0x8, 0x7d, 0xff, 0xfc,
    0xe3, 0xff, 0xf9, 0xa8, 0x79, 0xff, 0xfe, 0x71,
    0xff, 0xfc, 0xd4, 0x3d, 0xff, 0xfc, 0xf3, 0xff,
    0xf9, 0xa8, 0x7b, 0xff, 0xf9, 0xe7, 0xff, 0xf3,
    0x50, 0xeb, 0xf9, 0x7f, 0xf8, 0x97, 0xf1, 0xfd,
    0x7, 0xff, 0xb, 0xf9, 0xe, 0xff, 0x7, 0xff,
    0x11, 0xfe, 0x3f, 0xa0, 0xff, 0xe1, 0x7f, 0x21,
    0xaf, 0xe4, 0x3f, 0xf8, 0x8f, 0xf1, 0xfd, 0x7,
    0xff, 0xb, 0xf9, 0xd, 0xfe, 0xf, 0xfe, 0x2b,
    0xfa, 0x3f, 0xa0, 0xff, 0xe1, 0x7f, 0x21, 0x5f,
    0xc8, 0x7f, 0xf1, 0x5f, 0xd1, 0xfd, 0x7, 0xff,
    0xb, 0xf8, 0x37, 0xf8, 0x3f, 0xf8, 0xcf, 0xe8,
    0xfe, 0x83, 0xff, 0x85, 0xfc, 0x15, 0xfc, 0x87,
    0xff, 0x19, 0xfd, 0x1f, 0xd0, 0x7f, 0xf0, 0xbf,
    0x80, 0xff, 0x83, 0xff, 0x8e, 0xfe, 0x8f, 0xe8,
    0x3f, 0xf8, 0x5f, 0xc0, 0xff, 0x21, 0xff, 0xc7,
    0xbf, 0x47, 0xf4, 0x1f, 0xfc, 0x2f, 0xe2, 0xff,
    0x7, 0xff, 0x22, 0xfd, 0x1f, 0xd0, 0x7f, 0xf0,
    0xbf, 0x81, 0x7e, 0x43, 0xff, 0x91, 0x7e, 0x8f,
    0xe8, 0x3f, 0xf8, 0x5f, 0xc1, 0xbd, 0x7, 0x38,
    0x7f, 0xf0, 0xaf, 0xd1, 0xfd, 0x7, 0xff, 0xb,
    0xf8, 0x3a, 0xe, 0xbc, 0x87, 0xff, 0x6, 0xfd,
    0x1f, 0xd0, 0x7f, 0xf0, 0xbf, 0x83, 0xfa, 0xfe,
    0xf, 0xfe, 0xd, 0xfa, 0x3f, 0xa0, 0xff, 0xe1,
    0x7f, 0x7, 0xf7, 0xf9, 0xf, 0xfe, 0x5, 0xfa,
    0x3f, 0xd5, 0xff, 0xc1, 0xff, 0x7, 0xf3, 0xfe,
    0xf, 0xfe, 0x5, 0xf9, 0x3f, 0xff, 0x9a, 0x1f,
    0xef, 0xf2, 0x1f, 0xf5, 0xf9, 0x3f, 0xff, 0x9a,
    0x1f, 0xf7, 0xf8, 0x3f, 0xeb, 0xf2, 0x7f, 0xff,
    0x34, 0x3f, 0xeb, 0xf9, 0xf, 0xf7, 0xf2, 0x7f,
    0xff, 0x34, 0x3f, 0xe7, 0xfc, 0x1f, 0xef, 0xe4,
    0xfe, 0x83, 0xff, 0x85, 0xfc, 0x1f, 0xfc, 0xf,
    0xf2, 0x1f, 0xdf, 0xc9, 0xfd, 0x7, 0xff, 0xb,
    0xf8, 0x3f, 0xf8, 0xf, 0xf8, 0x3f, 0xbf, 0x93,
    0xfa, 0xf, 0xfe, 0x17, 0xf0, 0x7f, 0xf0, 0x7f,
    0xc8, 0x7e, 0xfe, 0x7, 0xf4, 0x1f, 0xfc, 0x2f,
    0xe0, 0xff, 0xe0, 0xdf, 0xd0, 0x7e, 0xfe, 0x7,
    0xf4, 0x1f, 0xfc, 0x2f, 0xe0, 0xff, 0xe1, 0x7f,
    0x83, 0xf7, 0xf0, 0x3f, 0xa0, 0xff, 0xe1, 0x7f,
    0x7, 0xff, 0xb, 0xfd, 0x7, 0xdf, 0xc0, 0xfe,
    0x83, 0xff, 0x85, 0xfc, 0x1f, 0xfc, 0x27, 0xfc,
    0x1f, 0x7f, 0x3, 0xfa, 0xf, 0xfe, 0x17, 0xf0,
    0x7f, 0xf0, 0xff, 0x21, 0xfb, 0xf8, 0x1f, 0xd0,
    0x7f, 0xf0, 0xbf, 0x83, 0xff, 0x87, 0x68, 0x7f,
    0xbf, 0x81, 0xfd, 0x7, 0xff, 0xb, 0xf8, 0x3f,
    0xfa, 0x1f, 0xc0, 0xfe, 0x83, 0xff, 0x85, 0xfc,
    0x1f, 0xfd, 0xf, 0xe0, 0x7f, 0x41, 0xff, 0xc2,
    0xfe, 0xf, 0xfe, 0x7b, 0xfc, 0xf, 0xe8, 0x3f,
    0xf8, 0x5f, 0xc1, 0xff, 0xcf, 0x7f, 0x40, 0xfe,
    0x83, 0xff, 0x85, 0xfc, 0x1f, 0xfc, 0xf7, 0xf4,
    0xf, 0xe8, 0x3f, 0xf8, 0x5f, 0xc1, 0xff, 0xcf,
    0xbf, 0x40, 0xff, 0xfe, 0x68, 0x7f, 0xf3, 0xef,
    0xd0, 0x3f, 0xff, 0x9a, 0x87, 0xff, 0x3b, 0xf9,
    0x7, 0xff, 0xf3, 0x50, 0xff, 0xe7, 0x7f, 0x20,
    0xff, 0xfe, 0x6a, 0x1f, 0xfc, 0xd7, 0xf9, 0x7,
    0xff, 0xf3, 0x50, 0xff, 0xe6, 0xff, 0x82, 0xfe,
    0x83, 0xff, 0x85, 0xfc, 0x87, 0xff, 0x2d, 0xff,
    0x82, 0xfe, 0x83, 0xff, 0x85, 0xfc, 0x87, 0xff,
    0x5, 0x7d, 0x4f, 0xfe, 0x82, 0xfe, 0x83, 0xff,
    0x85, 0xfc, 0x87, 0xff, 0x6, 0xff, 0xfe, 0x20,
    0x6f, 0xe8, 0x3f, 0xf8, 0x5f, 0xc8, 0x7f, 0xf0,
    0xbf, 0xff, 0x86, 0x86, 0xfe, 0x83, 0xff, 0x85,
    0xfc, 0x87, 0xff, 0xa, 0xff, 0xfe, 0xa, 0x1d,
    0xfd, 0x7, 0xff, 0x9, 0x78, 0x3f, 0xf8, 0x6f,
    0xff, 0xd0, 0x7f, 0xf9, 0x3f, 0xf2, 0x1f, 0xfe,
    0x7f, 0x51, 0xf, 0xfe, 0x8,

    /* U+76AE "皮" */
    0xf, 0xff, 0xf8, 0x7f, 0xf3, 0x3f, 0xc1, 0xff,
    0xf0, 0xff, 0x7, 0xff, 0xc3, 0xfc, 0x1f, 0xff,
    0xf, 0xf0, 0x7f, 0xfc, 0x2f, 0xe0, 0xff, 0xf8,
    0x5f, 0xc1, 0xff, 0xf0, 0xbf, 0x41, 0xff, 0xf0,
    0xbf, 0x41, 0xff, 0xf0, 0xbf, 0x41, 0xff, 0xf0,
    0xbf, 0x41, 0xff, 0xf0, 0xbf, 0x41, 0xff, 0xd7,
    0x7f, 0xff, 0xd6, 0x87, 0xfb, 0xff, 0xfd, 0x61,
    0xff, 0x7f, 0xff, 0xaa, 0xf, 0xfb, 0xff, 0xfd,
    0x48, 0x7f, 0xdf, 0xcb, 0xff, 0xc7, 0xbf, 0x97,
    0xff, 0x8d, 0xfe, 0xf, 0xfe, 0x7, 0xf2, 0x1f,
    0xfc, 0x6b, 0xf4, 0x1f, 0xfc, 0x6f, 0xe8, 0x3f,
    0xf8, 0x1f, 0xc8, 0x7f, 0xf1, 0xaf, 0xd0, 0x7f,
    0xf1, 0x5f, 0xe0, 0xff, 0xe0, 0xff, 0x21, 0xff,
    0xc6, 0xbf, 0x41, 0xff, 0xc5, 0xbf, 0x83, 0xff,
    0x83, 0xfc, 0x87, 0xff, 0x1a, 0xfd, 0x7, 0xff,
    0x17, 0xfa, 0xf, 0xfe, 0xf, 0xf2, 0x1f, 0xfc,
    0x6b, 0xf4, 0x1f, 0xfc, 0x47, 0xf8, 0x3f, 0xf8,
    0x5f, 0xc8, 0x7f, 0xf1, 0xaf, 0xd0, 0x7f, 0xf1,
    0x3f, 0xc1, 0xff, 0xc2, 0xfe, 0x43, 0xff, 0x8d,
    0x7e, 0x83, 0xff, 0x89, 0x4f, 0xa0, 0xff, 0xe1,
    0x7f, 0x21, 0xff, 0xc6, 0xbf, 0x41, 0xff, 0xd8,
    0xfe, 0x43, 0xff, 0x8d, 0x7e, 0x83, 0xff, 0xb1,
    0xfc, 0x87, 0xff, 0x1a, 0xfd, 0x7, 0xff, 0x63,
    0xf8, 0x3f, 0xf8, 0xf7, 0xe8, 0x3f, 0xfb, 0x1f,
    0xc1, 0xff, 0xc7, 0xbf, 0x41, 0xff, 0xd8, 0xfe,
    0xf, 0xfe, 0x3d, 0xfa, 0xf, 0xfe, 0xc7, 0xf0,
    0x54, 0x5f, 0xfe, 0x17, 0xf9, 0x7f, 0xf8, 0xa1,
    0xff, 0xc7, 0xfe, 0xb, 0xff, 0xfb, 0x61, 0xff,
    0xc7, 0xfe, 0xb, 0xff, 0xfb, 0x50, 0x7f, 0xf1,
    0xff, 0x82, 0xff, 0xfe, 0xd2, 0x1f, 0xfc, 0x7f,
    0xe0, 0xbf, 0xff, 0xb4, 0x1f, 0xfc, 0x8f, 0xe0,
    0xfc, 0xfe, 0x83, 0xff, 0x90, 0xff, 0x21, 0xff,
    0xc8, 0xfe, 0xf, 0xef, 0xe0, 0xff, 0xe4, 0x5f,
    0xc1, 0xff, 0xc8, 0x7f, 0x83, 0xfa, 0xfc, 0x87,
    0xff, 0x1f, 0xfa, 0xf, 0xfe, 0x43, 0xfc, 0x1f,
    0xcf, 0xf0, 0x7f, 0xf1, 0xaf, 0xe0, 0xff, 0xe4,
    0xbf, 0xc1, 0xfe, 0xfe, 0x43, 0xff, 0x8b, 0xfd,
    0x7, 0xff, 0x26, 0xfe, 0xf, 0xf3, 0xfc, 0x1f,
    0xfc, 0x4b, 0xf8, 0x3f, 0xf9, 0x57, 0xf0, 0x7f,
    0xdf, 0xc8, 0x7f, 0xf0, 0xff, 0xa0, 0xff, 0xe5,
    0x7f, 0x41, 0xff, 0x5f, 0xc1, 0xff, 0xc2, 0xbf,
    0x83, 0xff, 0x97, 0xfd, 0x7, 0xff, 0x3, 0xfa,
    0xf, 0xfe, 0x3, 0xfd, 0x7, 0xff, 0x2f, 0xfa,
    0xf, 0xfe, 0x5, 0xfc, 0x1f, 0xfc, 0xf, 0xf0,
    0x7f, 0xf2, 0xdf, 0xe4, 0x3f, 0xf8, 0x3f, 0xe0,
    0xff, 0x5f, 0xd0, 0x7f, 0xf2, 0xef, 0xe4, 0x3f,
    0xf8, 0x2f, 0xf4, 0x1f, 0x9f, 0xf0, 0x7f, 0xf3,
    0x3f, 0xc1, 0xff, 0xc3, 0xff, 0x41, 0xe7, 0xfc,
    0x87, 0xff, 0x33, 0xfc, 0x1f, 0xfc, 0x4f, 0xf2,
    0x1d, 0xfe, 0x83, 0xff, 0x9b, 0xfe, 0xf, 0xfe,
    0x23, 0xfe, 0x42, 0xff, 0x83, 0xff, 0x9a, 0xff,
    0x41, 0xff, 0xc5, 0xbf, 0xd1, 0xff, 0x21, 0xff,
    0xcd, 0xff, 0x21, 0xff, 0xc6, 0xff, 0xfe, 0x12,
    0x1f, 0xfc, 0xef, 0xf0, 0x7f, 0xf2, 0x3f, 0xff,
    0x81, 0x7, 0xff, 0x39, 0xff, 0x7, 0xff, 0x27,
    0xff, 0xd0, 0x7f, 0xf3, 0xef, 0xe8, 0x3f, 0xf9,
    0x5f, 0xfc, 0x1f, 0xfd, 0xf, 0xf0, 0x7f, 0xf2,
    0xaf, 0xff, 0x7, 0xff, 0x39, 0xff, 0x7, 0xff,
    0x21, 0xff, 0xfe, 0xc, 0x1f, 0xfc, 0xcf, 0xf2,
    0x1f, 0xfc, 0x67, 0xff, 0xf8, 0xb2, 0x1f, 0xfc,
    0x87, 0xfc, 0x1f, 0xfc, 0x57, 0xff, 0xcf, 0xff,
    0xd0, 0x7f, 0xf1, 0xbf, 0xd0, 0x7f, 0xf0, 0x9b,
    0xff, 0xd0, 0x4f, 0xff, 0xf0, 0x24, 0x3f, 0xf8,
    0x2f, 0xf9, 0xf, 0xf3, 0x7f, 0xff, 0x2, 0xf,
    0xaf, 0xff, 0xe1, 0x4a, 0xf, 0xdf, 0xf0, 0x7c,
    0xdf, 0xff, 0xc3, 0x43, 0xfd, 0x7f, 0xff, 0x21,
    0x1f, 0xf2, 0x6, 0xff, 0xfe, 0x32, 0x1f, 0xfc,
    0x27, 0xff, 0xf8, 0xb0, 0x3f, 0xe0, 0xd7, 0xff,
    0xf1, 0x10, 0xff, 0xe3, 0x3f, 0xff, 0xc3, 0xe,
    0x7e, 0x83, 0xaf, 0xff, 0xe0, 0x41, 0xff, 0xcc,
    0xbf, 0xfe, 0xf, 0xce, 0x1f, 0x7f, 0xf4, 0x87,
    0xff, 0x41, 0xbf, 0xe8, 0x3f, 0xf8, 0xaf, 0xf4,
    0x87, 0xff, 0x59, 0xbf, 0x7, 0xff, 0x1f, 0xd0,
    0x7f, 0xf7, 0x98, 0x3f, 0xff, 0x40,

    /* U+76EE "目" */
    0xf, 0xff, 0x3f, 0xff, 0xf9, 0x13, 0xff, 0xfc,
    0x89, 0xff, 0xfe, 0x44, 0xff, 0xff, 0x22, 0x7f,
    0x97, 0xff, 0xb1, 0xfe, 0x7, 0xf8, 0x3f, 0xfb,
    0x1f, 0xe0, 0x7f, 0x83, 0xff, 0xb1, 0xfe, 0x7,
    0xf8, 0x3f, 0xfb, 0x1f, 0xe0, 0x7f, 0x83, 0xff,
    0xb1, 0xfe, 0x7, 0xf8, 0x3f, 0xfb, 0x1f, 0xe0,
    0x7f, 0x83, 0xff, 0xb1, 0xfe, 0x7, 0xf8, 0x3f,
    0xfb, 0x1f, 0xe0, 0x7f, 0x83, 0xff, 0xb1, 0xfe,
    0x7, 0xf8, 0x3f, 0xfb, 0x1f, 0xe0, 0x7f, 0x83,
    0xff, 0xb1, 0xfe, 0x7, 0xf8, 0x3f, 0xfb, 0x1f,
    0xe0, 0x7f, 0x97, 0xff, 0xb1, 0xfe, 0x7, 0xff,
    0xf9, 0x1, 0xff, 0xfe, 0x40, 0x7f, 0xff, 0x90,
    0x1f, 0xff, 0xe4, 0x7, 0xf8, 0x3f, 0xfb, 0x1f,
    0xe0, 0x7f, 0x83, 0xff, 0xb1, 0xfe, 0x7, 0xf8,
    0x3f, 0xfb, 0x1f, 0xe0, 0x7f, 0x83, 0xff, 0xb1,
    0xfe, 0x7, 0xf8, 0x3f, 0xfb, 0x1f, 0xe0, 0x7f,
    0x83, 0xff, 0xb1, 0xfe, 0x7, 0xf8, 0x3f, 0xfb,
    0x1f, 0xe0, 0x7f, 0x83, 0xff, 0xb1, 0xfe, 0x7,
    0xf8, 0x3f, 0xfb, 0x1f, 0xe0, 0x7f, 0x83, 0xff,
    0xb1, 0xfe, 0x7, 0xf8, 0x3f, 0xfb, 0x1f, 0xe0,
    0x7f, 0x83, 0xff, 0xb1, 0xfe, 0x7, 0xf8, 0x3f,
    0xfb, 0x1f, 0xe0, 0x7f, 0xff, 0x90, 0x1f, 0xff,
    0xe4, 0x7, 0xff, 0xf9, 0x1, 0xff, 0xfe, 0x40,
    0x7f, 0x97, 0xff, 0xb1, 0xfe, 0x7, 0xf8, 0x3f,
    0xfb, 0x1f, 0xe0, 0x7f, 0x83, 0xff, 0xb1, 0xfe,
    0x7, 0xf8, 0x3f, 0xfb, 0x1f, 0xe0, 0x7f, 0x83,
    0xff, 0xb1, 0xfe, 0x7, 0xf8, 0x3f, 0xfb, 0x1f,
    0xe0, 0x7f, 0x83, 0xff, 0xb1, 0xfe, 0x7, 0xf8,
    0x3f, 0xfb, 0x1f, 0xe0, 0x7f, 0x83, 0xff, 0xb1,
    0xfe, 0x7, 0xf8, 0x3f, 0xfb, 0x1f, 0xe0, 0x7f,
    0x83, 0xff, 0xb1, 0xfe, 0x7, 0xf8, 0x3f, 0xfb,
    0x1f, 0xe0, 0x7f, 0x83, 0xff, 0xb1, 0xfe, 0x7,
    0xf9, 0x7f, 0xfb, 0x1f, 0xe0, 0x7f, 0xff, 0x90,
    0x1f, 0xff, 0xe4, 0x7, 0xff, 0xf9, 0x1, 0xff,
    0xfe, 0x40, 0x7f, 0x83, 0xff, 0xb1, 0xfe, 0x7,
    0xf8, 0x3f, 0xfb, 0x1f, 0xe0, 0x7f, 0x83, 0xff,
    0xb1, 0xfe, 0x4f, 0xf0, 0x7f, 0xf6, 0x3f, 0xc9,
    0xfd, 0x7, 0xff, 0x63, 0xfc, 0x87, 0xff, 0x98,

    /* U+7740 "着" */
    0xf, 0xfe, 0x54, 0x1f, 0xfc, 0x7a, 0x21, 0xff,
    0xde, 0xf4, 0x1f, 0xfc, 0x57, 0xfa, 0x43, 0xff,
    0xb3, 0xfa, 0xf, 0xfe, 0x23, 0xfe, 0x83, 0xff,
    0xb1, 0xfe, 0x43, 0xff, 0x87, 0x7f, 0x83, 0xff,
    0xb3, 0x7f, 0x83, 0xff, 0x87, 0xfe, 0x43, 0xff,
    0xb5, 0xff, 0x7, 0xff, 0xb, 0xfa, 0xf, 0xfe,
    0xe7, 0xfa, 0xf, 0xfe, 0x3, 0xfc, 0x1f, 0xfd,
    0xd7, 0xf8, 0x3f, 0xf8, 0x3f, 0xd0, 0x7f, 0xf7,
    0xaf, 0x41, 0xff, 0xc2, 0xfe, 0xf, 0xfe, 0x63,
    0x52, 0xff, 0xf1, 0x39, 0x7f, 0xf8, 0x57, 0xe9,
    0x7f, 0xf8, 0x90, 0x7d, 0x7f, 0xff, 0xb8, 0x3e,
    0xbf, 0xff, 0xdc, 0x1f, 0x5f, 0xff, 0xee, 0xf,
    0x9f, 0xd5, 0xff, 0xc7, 0xff, 0xab, 0xff, 0x97,
    0xfc, 0x1f, 0xfd, 0x37, 0xfa, 0xf, 0xff, 0x7d,
    0xfc, 0x1f, 0xff, 0xf, 0xf0, 0x7f, 0xfc, 0x3f,
    0xa0, 0xff, 0xee, 0x7f, 0xff, 0x9d, 0xf, 0xfe,
    0x17, 0xff, 0xf9, 0xd0, 0xff, 0xe1, 0x7f, 0xff,
    0x9d, 0xf, 0xfe, 0x17, 0xff, 0xf9, 0xd0, 0xff,
    0xea, 0x5f, 0xc8, 0x7f, 0xfb, 0xff, 0xc1, 0xff,
    0xef, 0xbf, 0x90, 0xff, 0xf7, 0xff, 0x41, 0xff,
    0xd9, 0xaf, 0x2f, 0xff, 0x13, 0xfd, 0x2f, 0xff,
    0x3a, 0xbf, 0x93, 0xff, 0xfe, 0x91, 0xff, 0xff,
    0x48, 0xff, 0xff, 0xa4, 0x7f, 0xff, 0xd1, 0xf,
    0xfe, 0x43, 0xfe, 0xf, 0xff, 0x7f, 0xf8, 0x3f,
    0xfd, 0xff, 0xe4, 0x3f, 0xfd, 0xdf, 0xe8, 0x3f,
    0xfd, 0xdf, 0xff, 0xdc, 0xf, 0xfe, 0x6f, 0xff,
    0xf7, 0x43, 0xff, 0x99, 0xff, 0xfd, 0xe0, 0xff,
    0xe5, 0xff, 0xff, 0x7a, 0xf, 0xfe, 0x4b, 0xff,
    0x83, 0xff, 0xa5, 0xfd, 0x7, 0xff, 0x22, 0xff,
    0xe0, 0xff, 0xe9, 0x7f, 0x41, 0xff, 0xc7, 0xbf,
    0xfc, 0x1f, 0xfd, 0x2f, 0xe8, 0x3f, 0xf8, 0xaf,
    0xff, 0xf0, 0x3, 0xff, 0xa5, 0xfd, 0x7, 0xff,
    0x12, 0xff, 0xff, 0x24, 0x1f, 0xfc, 0x27, 0xff,
    0x17, 0xff, 0xf7, 0x20, 0xff, 0xe0, 0x3f, 0xfc,
    0xb, 0xff, 0xfb, 0x90, 0x7f, 0x9f, 0xfe, 0x82,
    0xbf, 0xff, 0xb9, 0x7, 0xf5, 0xff, 0xc8, 0x6b,
    0xf8, 0x3f, 0xfa, 0x5f, 0xd0, 0x7f, 0xaf, 0xf9,
    0xe, 0xbf, 0x83, 0xff, 0xa5, 0xfd, 0x7, 0xfd,
    0x7f, 0x7, 0xd7, 0xf0, 0x7f, 0xf4, 0xbf, 0xa0,
    0xff, 0xe0, 0x5e, 0x83, 0xf5, 0xff, 0xfd, 0xc8,
    0x3f, 0xf8, 0x3a, 0x1f, 0xd7, 0xff, 0xf7, 0x20,
    0xff, 0xe6, 0x5f, 0xff, 0xdc, 0x83, 0xff, 0x99,
    0x7f, 0xff, 0x72, 0xf, 0xfe, 0x65, 0xfc, 0xbf,
    0xfd, 0x2f, 0xe8, 0x3f, 0xf9, 0x97, 0xf0, 0x7f,
    0xf4, 0xbf, 0xa0, 0xff, 0xe6, 0x5f, 0xc1, 0xff,
    0xd2, 0xfe, 0x83, 0xff, 0x99, 0x7f, 0x7, 0xff,
    0x4b, 0xfa, 0xf, 0xfe, 0x65, 0xff, 0xfd, 0xc8,
    0x3f, 0xf9, 0x97, 0xff, 0xf7, 0x20, 0xff, 0xe6,
    0x7f, 0xff, 0x76, 0xf, 0xfe, 0x67, 0xff, 0xf7,
    0x60, 0xff, 0xe6, 0x7f, 0x83, 0xff, 0xa5, 0xfe,
    0xf, 0xfe, 0x67, 0xf8, 0x3f, 0xfa, 0x5f, 0xe0,
    0xff, 0xe6, 0x7f, 0x83, 0xff, 0xa5, 0xfe, 0xf,
    0xfe, 0x67, 0xf8, 0x3f, 0xfa, 0x5f, 0xe0, 0xff,
    0xe6, 0x2f, 0x7, 0xff, 0x88,

    /* U+79BE "禾" */
    0xf, 0xff, 0xf8, 0x7f, 0xf8, 0xaf, 0x7, 0xff,
    0xc5, 0xbf, 0x90, 0xff, 0xf5, 0xb4, 0xff, 0xf0,
    0x7f, 0xf9, 0x55, 0x7f, 0xff, 0x12, 0xf, 0xfe,
    0xea, 0xa9, 0xff, 0xfc, 0xb4, 0x3f, 0xfa, 0x2b,
    0x55, 0xff, 0xfd, 0x50, 0xff, 0xe4, 0x7f, 0xff,
    0x76, 0x50, 0x7f, 0xf3, 0x3f, 0xff, 0xaf, 0x44,
    0x3f, 0xfa, 0x4f, 0xff, 0xf4, 0x28, 0x87, 0xff,
    0x67, 0xff, 0xf8, 0xf7, 0xf8, 0x3f, 0xfb, 0xcf,
    0xfe, 0xa9, 0x41, 0xef, 0xf0, 0x7f, 0xf7, 0xd4,
    0x1f, 0xfc, 0x5f, 0xf0, 0x7f, 0xfc, 0xbf, 0xc1,
    0xff, 0xf2, 0xff, 0x7, 0xff, 0xcb, 0xfc, 0x1f,
    0xff, 0x2f, 0xf0, 0x7f, 0xfc, 0xbf, 0xc1, 0xff,
    0xf2, 0xff, 0x7, 0xff, 0xcb, 0xfc, 0x1f, 0xff,
    0x2f, 0xf0, 0x7f, 0xfc, 0xbf, 0xc1, 0xff, 0xf2,
    0xff, 0x7, 0xff, 0x57, 0xff, 0xfe, 0x48, 0x77,
    0xff, 0xfc, 0x90, 0xef, 0xff, 0xf9, 0x21, 0xdf,
    0xff, 0xf2, 0x43, 0xbf, 0xff, 0xe4, 0x87, 0x2c,
    0x1f, 0xfc, 0x8b, 0xff, 0xf8, 0x68, 0x7f, 0xf1,
    0x56, 0xa2, 0x1f, 0xfd, 0xf, 0xff, 0xe2, 0x87,
    0xff, 0x9a, 0xfe, 0x7f, 0xd7, 0xe8, 0x3f, 0xfc,
    0x8f, 0xf8, 0xff, 0x1f, 0xc1, 0xff, 0xe4, 0xff,
    0x27, 0xf8, 0xbf, 0x83, 0xff, 0xc5, 0x7f, 0x40,
    0xff, 0x3, 0xfa, 0xf, 0xff, 0xf, 0xf8, 0x2f,
    0xf0, 0x2f, 0xe4, 0x3f, 0xfb, 0xff, 0xe8, 0x2f,
    0xf0, 0x5f, 0xe0, 0xff, 0xef, 0x5f, 0xe0, 0xdf,
    0xe0, 0xaf, 0xe8, 0x3f, 0xfb, 0x8f, 0xf9, 0xd,
    0xfe, 0xd, 0xfe, 0x83, 0xff, 0xb7, 0xfe, 0x83,
    0xbf, 0xc1, 0x9f, 0xf2, 0x1f, 0xfd, 0x9f, 0xf8,
    0x3d, 0xfe, 0xe, 0xbf, 0xc8, 0x7f, 0xf5, 0xef,
    0xf2, 0x1e, 0xff, 0x7, 0xbf, 0xe4, 0x3f, 0xfa,
    0xb7, 0xfa, 0xf, 0xbf, 0xc1, 0xe7, 0xfe, 0x43,
    0xff, 0xa7, 0x7f, 0xc1, 0xfb, 0xfc, 0x1f, 0x5f,
    0xf2, 0x1f, 0xfd, 0x17, 0xfe, 0xf, 0xef, 0xf0,
    0x7e, 0xbf, 0xe4, 0x3f, 0xf9, 0xef, 0xfc, 0x87,
    0xf7, 0xf8, 0x3f, 0xbf, 0xf4, 0x1f, 0xfc, 0xdb,
    0xfe, 0x83, 0xfd, 0xfe, 0xf, 0xf7, 0xff, 0x7,
    0xff, 0x2e, 0xff, 0xa0, 0xff, 0xbf, 0xc1, 0xff,
    0x7f, 0xf2, 0x1f, 0xfc, 0x8f, 0xfe, 0xf, 0xfe,
    0x7, 0xf8, 0x3f, 0xf8, 0x1f, 0xfd, 0x7, 0xff,
    0x15, 0xff, 0xe0, 0xff, 0xe0, 0xff, 0x83, 0xff,
    0x83, 0xff, 0xe4, 0x3f, 0xf8, 0x57, 0xff, 0x7,
    0xff, 0xb, 0xfc, 0x1f, 0xfc, 0x2f, 0xff, 0x90,
    0xff, 0x3f, 0xfe, 0xf, 0xfe, 0x1f, 0xf8, 0x3f,
    0xf8, 0x77, 0xff, 0xc8, 0x7d, 0xff, 0xf0, 0x7f,
    0xf1, 0x3f, 0xc1, 0xff, 0xc4, 0x7f, 0xff, 0x80,
    0x85, 0x7f, 0xfa, 0xf, 0xfe, 0x2f, 0xf8, 0x3f,
    0xf8, 0xaf, 0xff, 0xa0, 0x5f, 0xff, 0x41, 0xff,
    0xc6, 0xff, 0x7, 0xff, 0x1e, 0xff, 0xc1, 0x5f,
    0xfe, 0x43, 0xff, 0x8f, 0xfe, 0xf, 0xfe, 0x43,
    0xfe, 0xe, 0xff, 0xe0, 0xff, 0xe4, 0xff, 0x83,
    0xff, 0x95, 0x7d, 0x7, 0xbf, 0xd0, 0x7f, 0xf2,
    0xbf, 0xc1, 0xff, 0xcb, 0x7c, 0x1f, 0x3f, 0x90,
    0xff, 0xe5, 0xff, 0x83, 0xff, 0x9a, 0x87, 0xef,
    0x83, 0xff, 0x9b, 0xfe, 0xf, 0xfe, 0xb2, 0x83,
    0xff, 0x9d, 0xfe, 0xf, 0xff, 0x97, 0xf8, 0x3f,
    0xfe, 0x5f, 0xe0, 0xff, 0xf9, 0x7f, 0x83, 0xff,
    0xe5, 0xfe, 0xf, 0xff, 0x97, 0xf8, 0x3f, 0xff,
    0xe1, 0xff, 0xcb,

    /* U+79CB "秋" */
    0xf, 0xff, 0xf8, 0x7f, 0xf2, 0x10, 0xff, 0xe1,
    0xdf, 0xd0, 0x7f, 0xf7, 0xef, 0x41, 0xff, 0xc2,
    0xbf, 0xc1, 0xff, 0xdc, 0x7f, 0xc8, 0x7f, 0xf0,
    0x6f, 0xe8, 0x3f, 0xfb, 0x37, 0xff, 0x83, 0xff,
    0x83, 0x7f, 0x21, 0xff, 0xd4, 0x55, 0xff, 0xfc,
    0x20, 0xff, 0xe0, 0x5f, 0xc8, 0x7f, 0xf3, 0xd5,
    0x7f, 0xff, 0x1a, 0x43, 0xfe, 0xbf, 0x83, 0xff,
    0x92, 0xb5, 0x3f, 0xff, 0x8f, 0x21, 0xff, 0xc3,
    0xbf, 0x83, 0xff, 0x93, 0x7f, 0xff, 0x1e, 0x43,
    0xff, 0x8e, 0xff, 0x7, 0xff, 0x2b, 0xff, 0xf8,
    0xa1, 0xff, 0xcb, 0x7f, 0x83, 0xff, 0x94, 0xff,
    0xff, 0x10, 0x3f, 0xf9, 0x6f, 0xf0, 0x7f, 0xf2,
    0xff, 0x51, 0x9, 0xfe, 0xf, 0xfe, 0x5b, 0xfc,
    0x1f, 0xfc, 0xb5, 0x7, 0xe7, 0xf8, 0x3f, 0xf9,
    0x6f, 0xf0, 0x7f, 0xf5, 0x5f, 0xe0, 0xff, 0xe5,
    0xbf, 0xc1, 0xff, 0xd5, 0x7f, 0x83, 0xff, 0x96,
    0xff, 0x7, 0xff, 0x55, 0xfe, 0xf, 0xfe, 0x5b,
    0xfc, 0x1f, 0xfd, 0x57, 0xf8, 0x3f, 0xf9, 0x6f,
    0xe8, 0x3f, 0xfa, 0xaf, 0xf0, 0x7f, 0xf0, 0x1e,
    0x58, 0x39, 0xfe, 0xf, 0xde, 0x90, 0xff, 0xe4,
    0xbf, 0xc1, 0xff, 0xc0, 0x7f, 0x90, 0xcf, 0xf0,
    0x7e, 0xff, 0x21, 0xff, 0xc6, 0x7f, 0x83, 0xff,
    0x81, 0x7f, 0x21, 0x9f, 0xe0, 0xf9, 0xff, 0x7,
    0xff, 0x1d, 0xfe, 0xf, 0xfe, 0x5, 0xfc, 0x1d,
    0x7f, 0x7, 0xd7, 0xf4, 0x1f, 0xfc, 0x77, 0xf8,
    0x3f, 0xf8, 0x17, 0xf0, 0x75, 0xfc, 0x1f, 0x5f,
    0xc8, 0x7f, 0xf1, 0xdf, 0xe0, 0xff, 0xe0, 0x5f,
    0xc1, 0xd7, 0xf0, 0x7d, 0xfe, 0xf, 0x9f, 0xfd,
    0x5b, 0xfd, 0x4f, 0xfc, 0xf, 0xf0, 0x75, 0xfc,
    0x1f, 0x7f, 0x83, 0xe7, 0xff, 0xfa, 0x0, 0xfe,
    0x83, 0xaf, 0xe0, 0xf3, 0xfd, 0x7, 0xcf, 0xff,
    0xf4, 0x1, 0xfd, 0x7, 0x7f, 0x83, 0xd7, 0xf0,
    0x7e, 0x7f, 0xff, 0xa0, 0xf, 0xe4, 0x3b, 0xfc,
    0x1e, 0xff, 0x7, 0xe7, 0xff, 0xfa, 0x0, 0xfe,
    0xf, 0x7f, 0x83, 0xdf, 0xd0, 0x7f, 0xf2, 0x3f,
    0xe0, 0xff, 0x9f, 0xe0, 0xf7, 0xf8, 0x39, 0xfe,
    0x43, 0xff, 0x8e, 0xff, 0xc1, 0xff, 0x3f, 0xc1,
    0xef, 0xf2, 0x1b, 0xfc, 0x1f, 0xfc, 0x8b, 0xfe,
    0xf, 0xfa, 0xfe, 0xe, 0x7f, 0xc8, 0x6f, 0xf0,
    0x7f, 0xf2, 0x3f, 0xf0, 0x7f, 0xd7, 0xe8, 0x39,
    0xff, 0x41, 0x3f, 0xc8, 0x7f, 0xf1, 0xdf, 0xfc,
    0x1f, 0xf7, 0xf4, 0x1d, 0x7f, 0xa0, 0xaf, 0xe0,
    0xff, 0xe4, 0x5f, 0xf8, 0x3f, 0xef, 0xe4, 0x3a,
    0xff, 0x82, 0xff, 0x7, 0xff, 0x23, 0xff, 0x83,
    0x61, 0xef, 0xe0, 0xf7, 0xfe, 0xa, 0xfd, 0x7,
    0xff, 0x1d, 0xff, 0xe0, 0xbe, 0xe, 0xab, 0xc1,
    0xef, 0xfc, 0x1e, 0x64, 0x3f, 0xf8, 0xff, 0xfe,
    0x7, 0xe8, 0x3f, 0xf8, 0x7f, 0xf9, 0xf, 0xfe,
    0x73, 0xff, 0xe3, 0xfd, 0x7, 0xff, 0x5, 0xff,
    0xd0, 0x7f, 0xf3, 0xbf, 0xfe, 0x1f, 0xf4, 0x1f,
    0xfc, 0xb, 0xff, 0x83, 0xff, 0x9a, 0xff, 0x5f,
    0xc0, 0x7f, 0xc8, 0x7f, 0xdf, 0xfe, 0xf, 0xfe,
    0x6f, 0xf4, 0xff, 0x4, 0xff, 0x90, 0xfe, 0x7f,
    0xfc, 0x87, 0xff, 0x2e, 0xfe, 0x1f, 0xe0, 0xd7,
    0xf8, 0x3f, 0xaf, 0xe7, 0xf8, 0x3f, 0xf9, 0x4f,
    0xf4, 0x3f, 0xc1, 0xd7, 0xf8, 0x3f, 0x7f, 0x8f,
    0xe0, 0xff, 0xe5, 0x7f, 0x80, 0xff, 0x7, 0xbf,
    0xe0, 0xf3, 0xfc, 0x97, 0xe8, 0x3f, 0xf9, 0x17,
    0xf2, 0x7, 0xf8, 0x3e, 0xfe, 0x43, 0xd7, 0xf0,
    0x5f, 0xc1, 0xff, 0xc7, 0xbf, 0xc1, 0x3f, 0xc1,
    0xf3, 0xf0, 0x7e, 0xff, 0x5, 0xfc, 0x87, 0xff,
    0x15, 0xff, 0x21, 0x3f, 0xc1, 0xfa, 0xc3, 0xf5,
    0xfc, 0x84, 0xff, 0x7, 0xff, 0x17, 0xfd, 0x6,
    0x7f, 0x83, 0xff, 0x8d, 0xfe, 0xe, 0xfe, 0x43,
    0xff, 0x87, 0xff, 0x7, 0x3f, 0xc1, 0xff, 0xc5,
    0xbf, 0xa0, 0xeb, 0xf8, 0x3f, 0xf8, 0x5f, 0xf2,
    0x1c, 0xff, 0x7, 0xff, 0x17, 0xfc, 0x1f, 0x7f,
    0x21, 0xff, 0xc1, 0xff, 0x41, 0xe7, 0xf8, 0x3f,
    0xf8, 0x97, 0xf4, 0x1f, 0x7f, 0x83, 0xff, 0x85,
    0xfc, 0x1f, 0x3f, 0xc1, 0xff, 0xc4, 0xff, 0x7,
    0xe7, 0xfa, 0xf, 0xfe, 0xd, 0xf0, 0x7e, 0x7f,
    0x83, 0xff, 0x87, 0xfe, 0x83, 0xfb, 0xfc, 0x87,
    0xff, 0x7, 0xc1, 0xfc, 0xff, 0x7, 0xff, 0x9,
    0xff, 0x7, 0xf9, 0xff, 0x7, 0xff, 0x5, 0x41,
    0xfc, 0xff, 0x7, 0xff, 0x5, 0xff, 0x41, 0xff,
    0x7f, 0xa0, 0xff, 0xe5, 0xbf, 0xc1, 0xff, 0xc1,
    0xff, 0x83, 0xff, 0x80, 0xff, 0xa0, 0xff, 0xe5,
    0x3f, 0xc1, 0xff, 0xc0, 0xff, 0x90, 0xff, 0xe0,
    0xdf, 0xe4, 0x3f, 0xf9, 0x2f, 0xf0, 0x7f, 0xdf,
    0xf4, 0x1f, 0xfc, 0x3f, 0xf9, 0xf, 0xfe, 0x43,
    0xfc, 0x1f, 0xef, 0xfc, 0x1f, 0xfc, 0x47, 0xfe,
    0x43, 0xff, 0x8e, 0xff, 0x7, 0xf7, 0xfe, 0xf,
    0xfe, 0x35, 0xff, 0x21, 0xff, 0xc6, 0x7f, 0x83,
    0xf7, 0xfe, 0x43, 0xff, 0x8f, 0xff, 0x90, 0xff,
    0xe2, 0xbf, 0xc1, 0xe7, 0xff, 0x21, 0xff, 0xc9,
    0xff, 0xd0, 0x7f, 0xf1, 0x1f, 0xe0, 0xeb, 0xff,
    0x41, 0xff, 0xca, 0x7f, 0xf8, 0x3f, 0xf8, 0x6f,
    0xf0, 0x6f, 0xfe, 0x83, 0xff, 0x98, 0xff, 0xd0,
    0x7f, 0xf0, 0xdf, 0xe0, 0xeb, 0xfd, 0x7, 0xff,
    0x3a, 0xfe, 0x43, 0xff, 0x88, 0xff, 0x7, 0x9f,
    0xd0, 0x7f, 0xf4, 0x2f, 0x83, 0xff, 0x8c, 0xff,
    0x7, 0xef, 0x41, 0xff, 0xd2, 0xb0, 0xff, 0xeb,
    0x21, 0xff, 0xda,

    /* U+79EF "积" */
    0xf, 0xff, 0xf8, 0x7f, 0xf1, 0xdd, 0xf, 0xff,
    0x9b, 0x7e, 0xf, 0xff, 0x7b, 0x7f, 0xe8, 0x3f,
    0xfd, 0x2a, 0xbf, 0xff, 0x82, 0x1f, 0xfe, 0x25,
    0xaf, 0xff, 0xe4, 0x5, 0xff, 0xfd, 0x10, 0xfe,
    0xbf, 0xff, 0x97, 0x28, 0x37, 0xff, 0xf4, 0x43,
    0xfd, 0xff, 0xfc, 0x79, 0xf, 0xef, 0xff, 0xe8,
    0x87, 0xfb, 0xff, 0xf8, 0xa1, 0xff, 0xc1, 0xff,
    0xfe, 0x88, 0x7f, 0x9f, 0xfd, 0x2b, 0xf8, 0x3f,
    0xf8, 0x37, 0xea, 0xff, 0xe3, 0xff, 0x7, 0xfd,
    0xd1, 0xf, 0xbf, 0x83, 0xff, 0x83, 0x7e, 0x43,
    0xff, 0x8a, 0xff, 0x7, 0xff, 0x2b, 0xf8, 0x3f,
    0xf8, 0x37, 0xe4, 0x3f, 0xf8, 0xaf, 0xf0, 0x7f,
    0xf2, 0xbf, 0x83, 0xff, 0x83, 0x7e, 0x43, 0xff,
    0x8a, 0xff, 0x7, 0xff, 0x2b, 0xf8, 0x3f, 0xf8,
    0x37, 0xe4, 0x3f, 0xf8, 0xaf, 0xf0, 0x7f, 0xf2,
    0xbf, 0x83, 0xff, 0x83, 0x7e, 0x43, 0xff, 0x8a,
    0xff, 0x7, 0xff, 0x2b, 0xf8, 0x3f, 0xf8, 0x37,
    0xe4, 0x3f, 0xf8, 0xaf, 0xf0, 0x7f, 0xf2, 0xbf,
    0x83, 0xff, 0x83, 0x7e, 0x43, 0xff, 0x8a, 0xff,
    0x7, 0xff, 0x2b, 0xf8, 0x3f, 0xf8, 0x37, 0xe4,
    0x3f, 0xf8, 0xaf, 0xf0, 0x7f, 0xf2, 0xbf, 0x83,
    0xff, 0x83, 0x7e, 0x43, 0xff, 0x8a, 0xff, 0x7,
    0xff, 0x2b, 0xf8, 0x3f, 0xf8, 0x37, 0xe4, 0x3f,
    0xf8, 0xaf, 0xf0, 0x7f, 0xf2, 0xbf, 0x83, 0xff,
    0x83, 0x7e, 0x43, 0xff, 0x8a, 0xff, 0x7, 0xe7,
    0xff, 0xfa, 0x10, 0x2f, 0xc8, 0x7f, 0xf1, 0x5f,
    0xe0, 0xfc, 0xff, 0xff, 0x42, 0x5, 0xf9, 0xf,
    0xfe, 0x2b, 0xfc, 0x1f, 0x9f, 0xff, 0xe8, 0x40,
    0xbf, 0x21, 0xff, 0xc5, 0x7f, 0x83, 0xf3, 0xff,
    0xfd, 0x8, 0x17, 0xe4, 0x3f, 0xf8, 0xaf, 0xf0,
    0x7e, 0x7f, 0xff, 0xa1, 0x2, 0xfc, 0x87, 0xff,
    0x15, 0xfe, 0xf, 0xfe, 0x45, 0xfe, 0xf, 0xfe,
    0xd, 0xf9, 0xf, 0xfe, 0x2b, 0xfc, 0x1f, 0xfc,
    0x8f, 0xf8, 0x3f, 0xf8, 0x37, 0xe4, 0x3f, 0xf8,
    0xaf, 0xf0, 0x7f, 0xf2, 0x3f, 0xe0, 0xff, 0xe0,
    0xdf, 0x90, 0xff, 0xe2, 0xbf, 0xc1, 0xff, 0xc7,
    0xbf, 0xe0, 0xff, 0xe0, 0xdf, 0x90, 0xff, 0xe2,
    0xbf, 0xc1, 0xff, 0xc7, 0xff, 0xc1, 0xff, 0xc1,
    0xbf, 0x21, 0xff, 0xc5, 0x7f, 0x83, 0xff, 0x8c,
    0xff, 0xe0, 0x90, 0xfe, 0xbf, 0x21, 0xff, 0xc5,
    0x7f, 0x83, 0xff, 0x8d, 0x7f, 0xe0, 0x5a, 0x1f,
    0xaf, 0xc8, 0x7f, 0xf1, 0x5f, 0xe0, 0xff, 0xe3,
    0x7f, 0xf1, 0xf8, 0x3f, 0x5f, 0xd5, 0xff, 0xc5,
    0xff, 0x7, 0xff, 0x16, 0xff, 0xfe, 0x14, 0x1f,
    0x7f, 0xff, 0x44, 0x3f, 0xf8, 0xbf, 0xff, 0xc4,
    0x43, 0xdf, 0xff, 0xd1, 0xf, 0xfe, 0x25, 0xff,
    0xe7, 0xfc, 0x1e, 0xff, 0xfe, 0x88, 0x7f, 0xf0,
    0xdf, 0xe7, 0xf8, 0xbf, 0xc1, 0xdf, 0xff, 0xd1,
    0xf, 0xfe, 0x1f, 0xf4, 0x7f, 0x3, 0xfc, 0x87,
    0xff, 0x8e, 0xfe, 0x7, 0xf0, 0x5f, 0xe0, 0xff,
    0xf1, 0xff, 0x81, 0xfc, 0x15, 0xfe, 0xf, 0xff,
    0xf, 0xf8, 0x2f, 0xe0, 0xdf, 0xe4, 0x3f, 0xfb,
    0xf7, 0xf4, 0x17, 0xf0, 0x67, 0xf0, 0x7f, 0x41,
    0xff, 0xd7, 0xff, 0x6, 0xfe, 0xe, 0xf4, 0x1f,
    0xcf, 0x90, 0xff, 0xe0, 0xd0, 0x3f, 0xf8, 0xbf,
    0xe8, 0x37, 0xf0, 0x72, 0x83, 0xfd, 0xfa, 0xf,
    0xfb, 0xe4, 0x3f, 0xf8, 0x7f, 0xf0, 0x77, 0xf0,
    0x7f, 0xf1, 0x1f, 0xf0, 0x7e, 0x7f, 0x83, 0xff,
    0x85, 0x7f, 0x90, 0xef, 0xe0, 0xff, 0xe2, 0x7f,
    0xc1, 0xfb, 0xfe, 0xf, 0xfe, 0x5, 0xfe, 0x83,
    0xdf, 0xc1, 0xff, 0xc3, 0xbf, 0xc8, 0x7e, 0x7f,
    0xd0, 0x7f, 0xdf, 0xf0, 0x7d, 0xfc, 0x1f, 0xfc,
    0x3f, 0xf4, 0x1f, 0xeb, 0xfc, 0x87, 0xfd, 0x7e,
    0xf, 0xdf, 0xc1, 0xff, 0xc2, 0xff, 0x83, 0xff,
    0x81, 0x7f, 0x83, 0xff, 0x80, 0xfa, 0xf, 0xdf,
    0xc1, 0xff, 0xc1, 0x7f, 0xc1, 0xff, 0xc2, 0xff,
    0x83, 0xff, 0x83, 0x7, 0xf7, 0xf0, 0x7f, 0xf0,
    0x7f, 0xc8, 0x7f, 0xf0, 0x9f, 0xf8, 0x3f, 0xf9,
    0x5f, 0xc1, 0xff, 0xc0, 0xff, 0x41, 0xff, 0xc4,
    0xbf, 0xd0, 0x7f, 0xf2, 0x7f, 0x83, 0xfe, 0xbf,
    0xc1, 0xff, 0xc6, 0xff, 0x90, 0xff, 0xe4, 0x7f,
    0x7, 0xf9, 0xff, 0x21, 0xff, 0xc7, 0xff, 0x83,
    0xff, 0x91, 0xfc, 0x1f, 0xef, 0xf2, 0x1f, 0xfc,
    0x8b, 0xfe, 0xf, 0xfe, 0x3f, 0xf0, 0x7f, 0x7f,
    0xa0, 0xff, 0xe5, 0x7f, 0xc8, 0x7f, 0xf1, 0x5f,
    0xe0, 0xfd, 0xff, 0x7, 0xff, 0x33, 0xfe, 0xf,
    0xfe, 0x2b, 0xfc, 0x1f, 0x7f, 0xc1, 0xff, 0xcd,
    0xbf, 0xe0, 0xff, 0xe2, 0x3f, 0xc1, 0xef, 0xf9,
    0xf, 0xfe, 0x77, 0xfd, 0x7, 0xff, 0xd, 0xfe,
    0xe, 0xff, 0xa0, 0xff, 0xe7, 0xbf, 0xe8, 0x3f,
    0xf8, 0x6f, 0xf0, 0x67, 0xfd, 0x7, 0xff, 0x46,
    0xfc, 0x87, 0xff, 0x12, 0xfe, 0xe, 0x7f, 0x83,
    0xff, 0xa7, 0xe8, 0x3f, 0xf8, 0xd7, 0xf0, 0x7d,
    0xf0, 0x7f, 0xf5, 0x14, 0x1f, 0xfc, 0x7b, 0xf8,
    0x3f, 0x61, 0xff, 0xea, 0x5f, 0x7, 0xff, 0x94,

    /* U+7ACB "立" */
    0xf, 0xff, 0xf8, 0x7f, 0xf1, 0x5f, 0x7, 0xff,
    0xc1, 0xfd, 0x7, 0xff, 0xba, 0xff, 0x7, 0xff,
    0xbf, 0xfe, 0xf, 0xff, 0x75, 0xfe, 0x43, 0xff,
    0xdd, 0xff, 0x7, 0xff, 0xbf, 0xfd, 0x7, 0xff,
    0xba, 0xff, 0x21, 0xff, 0xee, 0xff, 0x83, 0xff,
    0xdc, 0xff, 0x83, 0xff, 0xdf, 0xfa, 0xf, 0xff,
    0x83, 0xe4, 0x3f, 0xfe, 0x48, 0x7f, 0xf6, 0xd7,
    0xe0, 0xff, 0xee, 0xaf, 0x83, 0xfc, 0xff, 0xff,
    0xa9, 0xf, 0xe7, 0xff, 0xfd, 0x48, 0x7f, 0x3f,
    0xff, 0xea, 0x43, 0xf9, 0xff, 0xff, 0x52, 0x1f,
    0xef, 0x57, 0xff, 0x9b, 0xc1, 0xff, 0xff, 0xf,
    0xff, 0xf8, 0x7f, 0xff, 0xc3, 0xff, 0xfe, 0x1f,
    0xfc, 0xb, 0x83, 0xff, 0xa6, 0x87, 0xff, 0x4b,
    0xf4, 0x87, 0xff, 0x3a, 0xf0, 0x7f, 0xf4, 0xbf,
    0xe4, 0x3f, 0xf9, 0x57, 0xe8, 0x3f, 0xfa, 0xf,
    0xfc, 0x1f, 0xfc, 0xab, 0xfc, 0x1f, 0xfd, 0xb,
    0xfd, 0x7, 0xff, 0x29, 0xff, 0x41, 0xff, 0xcf,
    0xff, 0x83, 0xff, 0x99, 0xff, 0x7, 0xff, 0x3f,
    0xfd, 0x7, 0xff, 0x31, 0xff, 0x41, 0xff, 0xcd,
    0x7f, 0xc1, 0xff, 0xce, 0xff, 0x83, 0xff, 0x9b,
    0x7f, 0x83, 0xff, 0x9c, 0xff, 0xa0, 0xff, 0xe6,
    0x7f, 0x90, 0xff, 0xe7, 0xff, 0xc1, 0xff, 0xcc,
    0xff, 0x7, 0xff, 0x41, 0xff, 0x41, 0xff, 0xca,
    0x7f, 0xa0, 0xff, 0xe8, 0xff, 0xc1, 0xff, 0xca,
    0xbf, 0x90, 0xff, 0xe8, 0xdf, 0xe4, 0x3f, 0xf9,
    0x3f, 0xe0, 0xff, 0xe9, 0xff, 0xc1, 0xff, 0xc8,
    0x7f, 0xa0, 0xff, 0xe9, 0xdf, 0xe4, 0x3f, 0xf8,
    0xf7, 0xf0, 0x7f, 0xf5, 0x7f, 0xe0, 0xff, 0xe3,
    0xff, 0x83, 0xff, 0xab, 0x7f, 0x90, 0xff, 0xe2,
    0xbf, 0xd0, 0x7f, 0xf5, 0x5f, 0xf4, 0x1f, 0xfc,
    0x5b, 0xf8, 0x3f, 0xfa, 0xff, 0xf0, 0x7f, 0xf1,
    0x7f, 0xc1, 0xff, 0xd7, 0x7f, 0xd0, 0x7f, 0xf0,
    0xdf, 0xe4, 0x3f, 0xfb, 0x1f, 0xf0, 0x7f, 0xf0,
    0xef, 0xe0, 0xff, 0xec, 0xdf, 0xe4, 0x3f, 0xf8,
    0x5f, 0xd0, 0x7f, 0xf6, 0xbf, 0xe0, 0xff, 0xe0,
    0xbf, 0xc8, 0x7f, 0xf6, 0xbf, 0xe0, 0xff, 0xe0,
    0xff, 0x83, 0xff, 0xb6, 0xff, 0xa0, 0xff, 0x9f,
    0xe8, 0x3f, 0xfb, 0x9f, 0xf0, 0x7f, 0xd7, 0xf0,
    0x7f, 0xf7, 0x6f, 0xf2, 0x1f, 0xef, 0xf0, 0x7f,
    0xf7, 0x5f, 0xf4, 0x1f, 0xcf, 0xf2, 0x1f, 0xfd,
    0xef, 0xe8, 0x3f, 0xdf, 0xe0, 0xff, 0xef, 0xde,
    0x43, 0xfe, 0x7f, 0xa0, 0xff, 0xf0, 0x21, 0xff,
    0xc1, 0xbf, 0x83, 0xff, 0xdf, 0xfe, 0xf, 0xfe,
    0x5d, 0x65, 0xff, 0xe9, 0xdf, 0xd2, 0xff, 0xf1,
    0x6b, 0x8f, 0xff, 0xfa, 0x1f, 0xff, 0xf4, 0x3f,
    0xff, 0xe8, 0x7f, 0xff, 0xd0, 0xbf, 0x57, 0xff,
    0xab, 0xf8,

    /* U+7AD9 "站" */
    0xf, 0xfe, 0xed, 0xfc, 0x1f, 0xfd, 0x2b, 0xc1,
    0xff, 0xce, 0xbf, 0x83, 0xff, 0xa1, 0x7e, 0x83,
    0xff, 0x9b, 0x7f, 0x7, 0xff, 0x43, 0xfc, 0x1f,
    0xfc, 0xdb, 0xf8, 0x3f, 0xfa, 0xf, 0xf4, 0x1f,
    0xfc, 0xc7, 0xf8, 0x3f, 0xfa, 0x3f, 0xe0, 0xff,
    0xe6, 0x3f, 0xc1, 0xff, 0xd1, 0x7f, 0xa0, 0xff,
    0xe5, 0xbf, 0xc1, 0xff, 0xd2, 0xff, 0x7, 0xff,
    0x2d, 0xfe, 0xf, 0xfe, 0x95, 0xfc, 0x87, 0xff,
    0x29, 0xfe, 0xf, 0xfe, 0x9f, 0xf4, 0x1f, 0xfc,
    0xa7, 0xf8, 0x3f, 0xfa, 0x7f, 0xe0, 0xff, 0xe5,
    0x3f, 0xc1, 0xff, 0xd3, 0x7f, 0x41, 0xff, 0xca,
    0x7f, 0x83, 0xff, 0xa9, 0xe4, 0x3f, 0xf9, 0x8f,
    0xf0, 0x7f, 0xfb, 0xdf, 0xe0, 0xff, 0xf7, 0xbf,
    0xcb, 0xff, 0xc3, 0xa8, 0xff, 0xfe, 0x88, 0x7f,
    0xcf, 0xff, 0xf2, 0xcf, 0xff, 0xe8, 0x87, 0xfc,
    0xff, 0xff, 0x2c, 0xff, 0xfe, 0x88, 0x7f, 0xcf,
    0xff, 0xf2, 0xcf, 0xff, 0xe8, 0x87, 0xfc, 0xff,
    0xff, 0x2c, 0xff, 0xfe, 0x88, 0x7f, 0xcf, 0xf2,
    0xff, 0xf0, 0x6b, 0x83, 0xff, 0xba, 0xff, 0x7,
    0xff, 0xbd, 0xfe, 0xf, 0xff, 0x7b, 0xfc, 0x1f,
    0xfe, 0xf7, 0xf8, 0x3f, 0xfd, 0xef, 0xf0, 0x7f,
    0xf6, 0xed, 0xf, 0xfe, 0x2b, 0xfc, 0x1f, 0xfc,
    0xcb, 0xc1, 0xff, 0xc0, 0xfe, 0x83, 0xff, 0x84,
    0xff, 0x7, 0xff, 0x2b, 0xfa, 0xf, 0xfb, 0xfc,
    0x1f, 0xfc, 0x27, 0xf8, 0x3f, 0xf9, 0x5f, 0xe0,
    0xff, 0xbf, 0xc1, 0xff, 0xc2, 0x7f, 0x83, 0xff,
    0x95, 0x7f, 0x7, 0xfd, 0xfd, 0x7, 0xff, 0x9,
    0xfe, 0xf, 0xfe, 0x53, 0xfc, 0x87, 0xfb, 0xf8,
    0x3f, 0xf8, 0x6f, 0xf0, 0x7f, 0xf2, 0xff, 0xa0,
    0xfe, 0x7f, 0x83, 0xff, 0x86, 0xff, 0x7, 0xff,
    0x2e, 0xfe, 0xf, 0xe7, 0xf4, 0x1f, 0xfc, 0x37,
    0xf8, 0x3f, 0xf9, 0x6f, 0xf2, 0x1f, 0xaf, 0xc8,
    0x75, 0x7f, 0xdf, 0xd5, 0xff, 0xc2, 0xf, 0xf7,
    0xf4, 0x1f, 0xbf, 0x83, 0xdf, 0xff, 0xd2, 0xf,
    0xf5, 0xfc, 0x1f, 0xbf, 0x83, 0xdf, 0xff, 0xd2,
    0xf, 0xf3, 0xfc, 0x1f, 0xbf, 0x41, 0xef, 0xff,
    0xe9, 0x7, 0xfd, 0xfc, 0x87, 0x9f, 0xc8, 0x7b,
    0xff, 0xfa, 0x41, 0xff, 0x7f, 0x41, 0xe7, 0xf0,
    0x7d, 0xfc, 0x1f, 0xfc, 0x7f, 0xf0, 0x7f, 0xd7,
    0xf0, 0x7a, 0xfc, 0x1f, 0x7f, 0x7, 0xff, 0x1f,
    0xfa, 0xf, 0xf9, 0xfe, 0x43, 0xbf, 0x83, 0xef,
    0xe0, 0xff, 0xe3, 0xff, 0x41, 0xff, 0xc0, 0xfe,
    0x83, 0xbf, 0x41, 0xf7, 0xf0, 0x7f, 0xf1, 0xff,
    0xa0, 0xff, 0xe0, 0x7f, 0x83, 0x3f, 0x90, 0xfb,
    0xf8, 0x3f, 0xf8, 0xff, 0xd0, 0x7f, 0xf0, 0x2f,
    0xe0, 0xcf, 0xe0, 0xfd, 0xfc, 0x1f, 0xfc, 0x7f,
    0xe8, 0x3f, 0xf8, 0xf, 0xf0, 0x6b, 0xf0, 0x7e,
    0xfe, 0xf, 0xfe, 0x3f, 0xf4, 0x1f, 0xfc, 0x1f,
    0x48, 0x77, 0xe8, 0x3f, 0x7f, 0x7, 0xff, 0x1f,
    0xfa, 0xf, 0xfe, 0x57, 0xe4, 0x3f, 0x7f, 0x7,
    0xff, 0x1f, 0xfa, 0xf, 0xfe, 0x4b, 0xf9, 0xf,
    0xdf, 0xc1, 0xff, 0xc7, 0xfe, 0x83, 0xff, 0x93,
    0x7e, 0xf, 0xef, 0xe0, 0xff, 0xe3, 0xff, 0x41,
    0xff, 0xc9, 0xfe, 0x3, 0x7c, 0x9f, 0xc1, 0xff,
    0xc7, 0xfe, 0x83, 0xff, 0x90, 0xff, 0xff, 0x1,
    0x3f, 0x83, 0xff, 0x8f, 0xfd, 0x7, 0xff, 0x19,
    0xbf, 0xff, 0x82, 0x9f, 0xc1, 0xff, 0xc7, 0xfe,
    0x83, 0xff, 0x80, 0xab, 0xff, 0xf8, 0xd1, 0xfc,
    0x1f, 0xfc, 0x7f, 0xe8, 0x3c, 0xab, 0xff, 0xf9,
    0x52, 0xf, 0xe0, 0xff, 0xe3, 0xff, 0x41, 0xdf,
    0xff, 0xca, 0x90, 0xf7, 0xf0, 0x7f, 0xf1, 0xff,
    0xa0, 0xeb, 0xff, 0xf8, 0x92, 0x1f, 0xf7, 0xff,
    0xf4, 0x60, 0xf7, 0xff, 0xf0, 0x24, 0x3f, 0xf8,
    0x7f, 0xff, 0xd1, 0x83, 0xd7, 0xfe, 0x43, 0xff,
    0x8f, 0xff, 0xfd, 0x18, 0x3c, 0xfe, 0x90, 0xff,
    0xe5, 0x7f, 0xff, 0x46, 0xf, 0xb9, 0xf, 0xfe,
    0x6f, 0xf5, 0x7f, 0xf1, 0xff, 0xc1, 0xff, 0xd7,
    0xfe, 0xf, 0xfe, 0x3f, 0xf8, 0x3f, 0xfa, 0xff,
    0xc1, 0xff, 0xc7, 0xff, 0x7, 0xff, 0x5f, 0xf8,
    0x3f, 0xf8, 0xff, 0xe0, 0xff, 0xeb, 0xff, 0x7,
    0xff, 0x1f, 0xfc, 0x1f, 0xfd, 0x7f, 0xe0, 0xff,
    0xe3, 0xff, 0x83, 0xff, 0xaf, 0x5c, 0x1f, 0xfc,
    0x75, 0xf0, 0x60,

    /* U+7AF9 "竹" */
    0xf, 0xfe, 0x12, 0x1f, 0xfd, 0x14, 0x3f, 0xfb,
    0x17, 0x21, 0xff, 0xce, 0xf9, 0xf, 0xfe, 0xaf,
    0xf4, 0x1f, 0xfc, 0xcf, 0xf4, 0x1f, 0xfd, 0x2f,
    0xfa, 0xf, 0xfe, 0x4b, 0xff, 0x7, 0xff, 0x45,
    0xff, 0x83, 0xff, 0x95, 0xff, 0x21, 0xff, 0xd1,
    0xff, 0x90, 0xff, 0xe5, 0x7f, 0xa0, 0xff, 0xe9,
    0x7f, 0xc1, 0xff, 0xca, 0x7f, 0xc1, 0xff, 0xd2,
    0x7f, 0xc8, 0x7f, 0xf2, 0xbf, 0xd0, 0x7f, 0xf4,
    0xbf, 0xe0, 0xff, 0xe5, 0xff, 0x90, 0xff, 0xe9,
    0x7f, 0x90, 0xff, 0xe5, 0x3f, 0xe0, 0xff, 0xe9,
    0x5f, 0xe0, 0xff, 0xe5, 0xff, 0x90, 0xff, 0xe9,
    0x7f, 0x90, 0xff, 0xe5, 0x3f, 0xe0, 0xff, 0xe9,
    0x3f, 0xe0, 0xff, 0xe5, 0xdf, 0xd0, 0x7f, 0xf4,
    0xbf, 0xd0, 0x7f, 0xf2, 0xff, 0xc1, 0xff, 0xd2,
    0x7f, 0xc1, 0xff, 0xcb, 0xbf, 0xa0, 0xff, 0xe9,
    0x5f, 0xd0, 0x7f, 0xf2, 0xff, 0xc1, 0xff, 0xd3,
    0xff, 0x7, 0xff, 0x2d, 0xfe, 0x83, 0xff, 0xa5,
    0x7f, 0x83, 0xff, 0x84, 0xb0, 0x7b, 0xfc, 0x87,
    0xff, 0x1d, 0x60, 0xfd, 0xff, 0xfc, 0xc4, 0x33,
    0xff, 0xfd, 0x10, 0xfa, 0xff, 0xfe, 0x62, 0x1b,
    0xff, 0xfa, 0x41, 0xf7, 0xff, 0xf3, 0x50, 0x9f,
    0xff, 0xe9, 0x7, 0xbf, 0xff, 0x9c, 0x85, 0xff,
    0xfd, 0x30, 0xe7, 0xfc, 0xb7, 0xf9, 0x7f, 0x54,
    0x13, 0xfe, 0x5f, 0xef, 0xe9, 0x7d, 0x58, 0x3b,
    0xfd, 0x5, 0xfd, 0x7, 0xff, 0xb, 0xfc, 0x1f,
    0xef, 0xe8, 0x3f, 0xf8, 0x57, 0xf8, 0x37, 0xf4,
    0x1f, 0xfc, 0x17, 0xfa, 0xf, 0xf7, 0xf4, 0x1f,
    0xfc, 0x17, 0xfd, 0x6, 0xfe, 0x83, 0xff, 0x83,
    0xfe, 0xf, 0xfb, 0xfa, 0xf, 0xfe, 0xf, 0xfc,
    0x1d, 0xfd, 0x7, 0xff, 0x2, 0xfe, 0x83, 0xfe,
    0xfe, 0x83, 0xff, 0x81, 0x7f, 0x90, 0xef, 0xe8,
    0x3f, 0xe7, 0xfc, 0x1f, 0xfc, 0xf, 0xe8, 0x3f,
    0xe7, 0xfe, 0xf, 0x7f, 0x41, 0xff, 0x7f, 0x90,
    0xff, 0xe0, 0x7f, 0x41, 0xff, 0x7f, 0xc8, 0x7b,
    0xfa, 0xf, 0xf5, 0xfe, 0xf, 0xfe, 0xf, 0xf4,
    0x1f, 0xf3, 0xfe, 0xf, 0xbf, 0xa0, 0xfe, 0x7f,
    0xc8, 0x7f, 0xf0, 0x7f, 0xa0, 0xff, 0xe0, 0xbf,
    0x7, 0xef, 0xe8, 0x3f, 0xbf, 0xd0, 0x7f, 0xf0,
    0xbf, 0xa0, 0xff, 0xe1, 0xf0, 0x7e, 0xfe, 0x83,
    0xf7, 0xfc, 0x1f, 0xfc, 0x3f, 0xe8, 0x3f, 0xf9,
    0xbf, 0xd0, 0x7d, 0xff, 0x21, 0xff, 0xc3, 0xfe,
    0x83, 0xff, 0x9b, 0xfd, 0x7, 0xbf, 0xf0, 0x7f,
    0xf1, 0x3f, 0xa0, 0xff, 0xe6, 0xff, 0x41, 0xcf,
    0xfc, 0x1f, 0xfc, 0x5f, 0xe8, 0x3f, 0xf9, 0xbf,
    0xd0, 0x7d, 0x7e, 0x43, 0xff, 0x8b, 0xfd, 0x7,
    0xff, 0x37, 0xfa, 0xf, 0xcf, 0xa0, 0xff, 0xe3,
    0x7f, 0x41, 0xff, 0xcd, 0xfe, 0x83, 0xf9, 0xc3,
    0xff, 0x8f, 0xfd, 0x7, 0xff, 0x37, 0xfa, 0xf,
    0xfe, 0x97, 0xf4, 0x1f, 0xfc, 0xdf, 0xe8, 0x3f,
    0xfa, 0x5f, 0xd0, 0x7f, 0xf3, 0x7f, 0xa0, 0xff,
    0xe9, 0x7f, 0x41, 0xff, 0xcd, 0xfe, 0x83, 0xff,
    0xa5, 0xfd, 0x7, 0xff, 0x37, 0xfa, 0xf, 0xfe,
    0x97, 0xf4, 0x1f, 0xfc, 0xdf, 0xe8, 0x3f, 0xfa,
    0x5f, 0xd0, 0x7f, 0xf3, 0x7f, 0xa0, 0xff, 0xe9,
    0x7f, 0x41, 0xff, 0xcd, 0xfe, 0x83, 0xff, 0xa5,
    0xfd, 0x7, 0xff, 0x37, 0xfa, 0xf, 0xfe, 0x97,
    0xf4, 0x1f, 0xfc, 0xdf, 0xe8, 0x3f, 0xfa, 0x5f,
    0xd0, 0x7f, 0xf3, 0x7f, 0xa0, 0xff, 0xe9, 0x7f,
    0x41, 0xff, 0xcd, 0xfe, 0x83, 0xff, 0xa5, 0xfd,
    0x7, 0xff, 0x37, 0xfa, 0xf, 0xfe, 0x97, 0xf4,
    0x1f, 0xfc, 0xdf, 0xe8, 0x3f, 0xfa, 0x5f, 0xd0,
    0x7f, 0xf3, 0x7f, 0xa0, 0xff, 0xe9, 0x7f, 0x41,
    0xff, 0xcd, 0xfe, 0x83, 0xff, 0xa5, 0xfd, 0x7,
    0xff, 0x37, 0xfa, 0xf, 0xfe, 0x97, 0xf4, 0x1f,
    0xfc, 0xdf, 0xe8, 0x3f, 0xfa, 0x5f, 0xd0, 0x7f,
    0xf3, 0x7f, 0xa0, 0xff, 0xe8, 0xbf, 0xd0, 0x7f,
    0xf3, 0x7f, 0xc1, 0xff, 0xd1, 0xff, 0x41, 0xff,
    0xcd, 0xff, 0x7, 0xff, 0x26, 0xbd, 0xff, 0x90,
    0xff, 0xe6, 0xff, 0x83, 0xff, 0x92, 0xff, 0xff,
    0x5, 0xf, 0xfe, 0x6f, 0xf8, 0x3f, 0xf9, 0x5f,
    0xff, 0xc1, 0xf, 0xfe, 0x77, 0xf8, 0x3f, 0xf9,
    0x5f, 0xff, 0xc0, 0x83, 0xff, 0x9d, 0xfe, 0xf,
    0xfe, 0x55, 0xff, 0xf0, 0x7f, 0xf3, 0xff, 0xc1,
    0xff, 0xca, 0x7f, 0xfa, 0xf, 0xfe, 0x87, 0xf8,
    0x3f, 0xf9, 0x7f, 0xd4, 0x43, 0xff, 0xa4, 0xbc,
    0x1f, 0xfc, 0xc5, 0x7, 0xff, 0x24,

    /* U+7B14 "笔" */
    0xf, 0xff, 0xf8, 0x6f, 0x21, 0xff, 0xcf, 0xe0,
    0xff, 0xeb, 0x5f, 0xa4, 0x3f, 0xf9, 0x6f, 0xe8,
    0x3f, 0xfa, 0x7f, 0xf8, 0x3f, 0xf9, 0x5f, 0xf2,
    0x1f, 0xfd, 0xb, 0xfe, 0xf, 0xfe, 0x5f, 0xfa,
    0xf, 0xfe, 0x8f, 0xfc, 0x1f, 0xfc, 0xb7, 0xfc,
    0x1f, 0xfd, 0x17, 0xfc, 0x87, 0xff, 0x2e, 0xfe,
    0x43, 0xff, 0xa3, 0xfe, 0x83, 0xff, 0x8a, 0x87,
    0xbf, 0xc1, 0xff, 0xc7, 0x43, 0xfa, 0xff, 0xfe,
    0x68, 0x73, 0xff, 0xfc, 0xe0, 0xfe, 0xff, 0xfe,
    0x70, 0x77, 0xff, 0xf3, 0xc3, 0xf5, 0xff, 0xfc,
    0xe0, 0xcf, 0xff, 0xf3, 0xc3, 0xf7, 0xff, 0xf3,
    0xc3, 0x7f, 0xff, 0x40, 0x3e, 0xbf, 0xcb, 0xef,
    0xe9, 0x75, 0x70, 0x6f, 0xe9, 0x7d, 0xfe, 0x55,
    0x7e, 0xf, 0x3f, 0xe0, 0xfb, 0xf9, 0xf, 0xfe,
    0x5, 0xfc, 0x1f, 0x5f, 0xc1, 0xff, 0xc4, 0xff,
    0x41, 0xf5, 0xfc, 0x1f, 0xf3, 0xfd, 0x7, 0xef,
    0xf0, 0x7f, 0xf0, 0xaf, 0xf0, 0x7f, 0x7f, 0x7,
    0xfd, 0xfe, 0xf, 0xe7, 0xfa, 0xf, 0xfe, 0x3,
    0xfe, 0x43, 0xfb, 0xfa, 0xf, 0xe7, 0xfa, 0xf,
    0xf7, 0xf8, 0x3f, 0xe7, 0xfd, 0x7, 0xfa, 0xfe,
    0xf, 0xef, 0xf0, 0x7f, 0xcf, 0xf8, 0x3f, 0xdf,
    0xf0, 0x7f, 0xcf, 0xf4, 0x1f, 0x7f, 0x90, 0xff,
    0xe0, 0x7f, 0xa0, 0xfd, 0xff, 0x21, 0xff, 0xc0,
    0xff, 0x7, 0xaf, 0xf0, 0x7f, 0xf0, 0x5f, 0xd2,
    0x1f, 0x5f, 0xf0, 0x7f, 0xf0, 0x7f, 0xd0, 0x75,
    0xfc, 0x87, 0xff, 0xb, 0xd0, 0x7f, 0xcf, 0xf0,
    0x7f, 0xf0, 0xaf, 0xe8, 0x3e, 0x7d, 0x7, 0xff,
    0xd, 0xf, 0xfe, 0x1f, 0xc8, 0x7f, 0xf0, 0x9f,
    0x21, 0xff, 0xc0, 0x43, 0xff, 0x84, 0xd8, 0x7f,
    0xf1, 0x28, 0x1f, 0xfc, 0x44, 0x3f, 0xf9, 0x4a,
    0xa7, 0xfa, 0xf, 0xff, 0x1a, 0xaa, 0xff, 0xfe,
    0x18, 0x7f, 0xf3, 0xd7, 0xea, 0xef, 0xff, 0xe8,
    0x87, 0xff, 0x12, 0xff, 0xff, 0x34, 0x1f, 0xfc,
    0x37, 0xff, 0xfc, 0xd2, 0x1f, 0xfc, 0x3f, 0xff,
    0xec, 0xd4, 0xb0, 0x7f, 0xf3, 0x2f, 0xff, 0xe7,
    0x51, 0x60, 0xff, 0xeb, 0xbf, 0xab, 0x2f, 0x83,
    0xdf, 0xe0, 0xff, 0xf8, 0xff, 0x83, 0xff, 0xe3,
    0xfe, 0xf, 0xff, 0x8f, 0xf8, 0x3f, 0xfe, 0x3f,
    0xe0, 0xff, 0xe5, 0x2c, 0x1f, 0xfd, 0x8f, 0xf0,
    0x65, 0xea, 0xef, 0xff, 0x83, 0xff, 0xa4, 0xbe,
    0xff, 0xfe, 0x98, 0x7f, 0xf0, 0x2f, 0xff, 0xf5,
    0x7, 0xff, 0x2, 0xff, 0xff, 0x52, 0x1f, 0xf5,
    0xff, 0xfe, 0xa4, 0x3f, 0xeb, 0xff, 0xfa, 0xf5,
    0xcb, 0xc1, 0xff, 0xc9, 0xbf, 0xff, 0x87, 0x5c,
    0xb7, 0xf8, 0x3f, 0xfb, 0x4b, 0x83, 0xff, 0x8f,
    0xfe, 0xf, 0xff, 0x8f, 0xf8, 0x3f, 0xfe, 0x3f,
    0xe0, 0xff, 0xf8, 0xff, 0x83, 0xff, 0xe3, 0xfe,
    0xe, 0x5f, 0xea, 0xef, 0xff, 0x41, 0xff, 0xc2,
    0x5f, 0xab, 0xdf, 0xff, 0xdc, 0x9, 0xff, 0xff,
    0x98, 0x4f, 0xff, 0xfc, 0xc2, 0x7f, 0xff, 0xe6,
    0x1b, 0xff, 0xfb, 0xf5, 0xcb, 0xe0, 0xff, 0xe0,
    0xff, 0xff, 0x16, 0xbe, 0x5b, 0xfc, 0x1f, 0xfd,
    0x65, 0xe0, 0xff, 0xe5, 0x7f, 0x83, 0xff, 0xe3,
    0xfe, 0xf, 0xfe, 0x6b, 0x7, 0xff, 0x5b, 0xfc,
    0x1f, 0xfc, 0xdb, 0xc8, 0x7f, 0xf5, 0x3f, 0xc1,
    0xff, 0xcd, 0xfe, 0x43, 0xff, 0xa5, 0xfe, 0xf,
    0xfe, 0x6f, 0xfc, 0x87, 0xff, 0x43, 0xfc, 0x1f,
    0xfc, 0xc7, 0xfe, 0xf, 0xfe, 0x8f, 0xf9, 0xf,
    0xfe, 0x5d, 0xfe, 0x83, 0xff, 0xa3, 0xff, 0x7,
    0xff, 0x29, 0xff, 0x83, 0xff, 0xa5, 0x7f, 0xea,
    0xff, 0xe3, 0xff, 0xe8, 0x3f, 0xfa, 0x7f, 0xff,
    0xd7, 0xf, 0xfe, 0xa3, 0xff, 0xfd, 0x54, 0x3f,
    0xfa, 0xaf, 0xff, 0xf4, 0xe0, 0xff, 0xec, 0x37,
    0xff, 0xf3, 0xa4, 0x38,

    /* U+7EA2 "红" */
    0xf, 0xff, 0xf8, 0x6e, 0xf, 0xff, 0x93, 0xf4,
    0x1f, 0xff, 0xb, 0xfa, 0xf, 0xff, 0x77, 0xfa,
    0xf, 0xff, 0x6b, 0xfe, 0xf, 0xff, 0x77, 0xf8,
    0x3f, 0xfd, 0xcf, 0xf4, 0x1f, 0xfe, 0xeb, 0xf8,
    0x3f, 0xf8, 0x48, 0x7f, 0xf4, 0x54, 0x1f, 0xfc,
    0x1f, 0xe4, 0x3f, 0xf8, 0x37, 0xff, 0xf5, 0x3,
    0xff, 0x81, 0x7f, 0x7, 0xff, 0xa, 0xff, 0xfe,
    0xa0, 0x7f, 0xf0, 0x3f, 0x83, 0xff, 0x87, 0x7f,
    0xff, 0x50, 0x3f, 0xeb, 0xf4, 0x1f, 0xfc, 0x3b,
    0xff, 0xfa, 0x81, 0xff, 0x7f, 0x7, 0xff, 0x11,
    0xaf, 0x2f, 0xaf, 0xe5, 0xfa, 0xbe, 0xf, 0xf7,
    0xf2, 0x1f, 0xd6, 0x87, 0xff, 0x15, 0xfe, 0xf,
    0xfe, 0x5b, 0xfc, 0x1f, 0xef, 0xa0, 0xff, 0xe2,
    0x3f, 0xc1, 0xff, 0xcb, 0xfe, 0xf, 0xf3, 0xfc,
    0x87, 0xff, 0x9, 0xfe, 0xf, 0xfe, 0x55, 0xfa,
    0xf, 0xf7, 0xfc, 0x1f, 0xfc, 0x27, 0xf8, 0x3f,
    0xf9, 0x2f, 0xf0, 0x7f, 0x9f, 0xf0, 0x7f, 0xf0,
    0xdf, 0xe0, 0xff, 0xe4, 0xff, 0x21, 0xfe, 0xff,
    0x21, 0xff, 0xc3, 0x7f, 0x83, 0xff, 0x91, 0x7e,
    0x83, 0xfd, 0x7f, 0x41, 0xff, 0xc4, 0x7f, 0x83,
    0xff, 0x8f, 0x7f, 0x7, 0xfd, 0xfe, 0xf, 0xfe,
    0x2b, 0xfc, 0x1f, 0xfc, 0x67, 0xf9, 0xf, 0xf5,
    0xfc, 0x87, 0xff, 0x15, 0xfe, 0xf, 0xfe, 0x2d,
    0xfe, 0x6b, 0xbf, 0xfd, 0x7, 0xff, 0x19, 0xfe,
    0xf, 0xfe, 0x23, 0xff, 0xfc, 0xb0, 0xff, 0xe3,
    0xbf, 0xc1, 0xff, 0xc5, 0xff, 0xfe, 0x52, 0x1f,
    0xfc, 0x77, 0xf8, 0x3f, 0xf8, 0xb7, 0xff, 0xf2,
    0x20, 0xff, 0xe4, 0x3f, 0xc1, 0xff, 0xc6, 0xff,
    0xd5, 0x2d, 0xfe, 0xf, 0xfe, 0x4b, 0xfc, 0x1f,
    0xfc, 0x6b, 0x90, 0xfe, 0xbf, 0x83, 0xff, 0x94,
    0xff, 0x7, 0xff, 0x49, 0xfe, 0x43, 0xff, 0x94,
    0xff, 0x7, 0xff, 0x4b, 0xfa, 0xf, 0xfe, 0x5b,
    0xfc, 0x1f, 0xfd, 0x1b, 0xf8, 0x3f, 0xf9, 0x8f,
    0xf0, 0x7f, 0xf4, 0x1f, 0xe0, 0xff, 0xe6, 0xbf,
    0xc1, 0xff, 0xd0, 0xfe, 0x43, 0xff, 0x9a, 0xff,
    0x7, 0xff, 0x3f, 0xfa, 0xf, 0xfe, 0x73, 0xfc,
    0x1f, 0xfc, 0xeb, 0xf8, 0x3f, 0xf9, 0xef, 0xf0,
    0x7f, 0xf3, 0x6f, 0xe0, 0xff, 0xe8, 0x3f, 0xc1,
    0xff, 0xcc, 0x7f, 0x90, 0xff, 0xe8, 0x3f, 0xc1,
    0xff, 0xcb, 0x7f, 0x90, 0xff, 0x2a, 0x88, 0x7f,
    0xf0, 0x9f, 0xe0, 0xff, 0xe5, 0x5f, 0xd0, 0x72,
    0xaf, 0xf8, 0x3f, 0xf8, 0x6f, 0xf0, 0x7f, 0xf2,
    0x6f, 0xf5, 0x3f, 0xff, 0x84, 0x1f, 0xfc, 0x37,
    0xf8, 0x3f, 0xf8, 0xef, 0xff, 0xf3, 0x3, 0xff,
    0x86, 0xff, 0x7, 0xff, 0x1f, 0xff, 0xf9, 0xa1,
    0xff, 0xc3, 0x7f, 0x83, 0xff, 0x8f, 0x7f, 0xff,
    0x1a, 0x50, 0x7f, 0xf1, 0x9f, 0xe0, 0xff, 0xe3,
    0xbf, 0xff, 0x51, 0xf, 0xfe, 0x6b, 0xfc, 0x1f,
    0xfc, 0x8f, 0xf4, 0x87, 0xff, 0x4d, 0xfe, 0xf,
    0xfe, 0x43, 0xc8, 0x7f, 0xf5, 0xdf, 0xe0, 0xff,
    0xf7, 0xbf, 0xc1, 0xff, 0xef, 0x7f, 0x83, 0xff,
    0xc0, 0x87, 0xff, 0x9, 0xfe, 0xf, 0xfe, 0xeb,
    0x78, 0x3f, 0xf8, 0x4f, 0xf0, 0x7f, 0xf6, 0x5b,
    0xfc, 0x1f, 0xfc, 0x27, 0xf8, 0x3f, 0xfa, 0xad,
    0xff, 0xe0, 0xff, 0xe1, 0x3f, 0xc1, 0xff, 0xd1,
    0x6f, 0xff, 0xe1, 0x7, 0xff, 0x9, 0xfe, 0xf,
    0xfe, 0x62, 0xaf, 0xff, 0xe3, 0x7, 0xff, 0x9,
    0xfe, 0xf, 0xfe, 0x3b, 0x4f, 0xff, 0xe3, 0xc8,
    0x7f, 0xf1, 0x1f, 0xe0, 0xff, 0xe3, 0x7f, 0xff,
    0x1e, 0x43, 0xbf, 0xff, 0xb2, 0xb, 0xff, 0xf8,
    0x68, 0x7f, 0x7f, 0xff, 0x64, 0x2f, 0xff, 0xa4,
    0x3f, 0xf8, 0x1f, 0xff, 0xd9, 0xa, 0xff, 0xa0,
    0xff, 0xe2, 0x7f, 0xff, 0x64, 0x27, 0xf4, 0x1f,
    0xfc, 0x7f, 0xff, 0xec, 0x86, 0xe4, 0x3f, 0xff,
    0xe1, 0xff, 0xe4,

    /* U+7EA7 "级" */
    0xf, 0xfe, 0x2, 0x1f, 0xff, 0x6f, 0x21, 0xff,
    0xf4, 0xfc, 0x87, 0xff, 0xc5, 0xff, 0x7, 0xff,
    0xc3, 0xfc, 0x87, 0xd5, 0xf9, 0x7f, 0xf9, 0x81,
    0xff, 0xc9, 0xff, 0x7, 0xeb, 0xff, 0xfa, 0x61,
    0xff, 0xc8, 0xbf, 0x83, 0xfa, 0xff, 0xfe, 0x94,
    0x1f, 0xfc, 0x8f, 0xe8, 0x3f, 0xaf, 0xff, 0xe9,
    0x21, 0xff, 0xc7, 0x7f, 0x83, 0xfd, 0x7f, 0xff,
    0x48, 0x3f, 0xf9, 0x1f, 0xc8, 0x7f, 0xc8, 0x73,
    0xf9, 0xf, 0xfe, 0x7, 0xf4, 0x1f, 0xfc, 0x77,
    0xf8, 0x3f, 0xf8, 0xcf, 0xe4, 0x3f, 0xf8, 0x1f,
    0xc8, 0x7f, 0xf1, 0xff, 0x90, 0xff, 0xe3, 0x3f,
    0x90, 0xff, 0xe0, 0x7f, 0x7, 0xff, 0x1d, 0xfe,
    0xf, 0xdc, 0x1f, 0xcf, 0xe4, 0x3f, 0xe7, 0xf8,
    0x3f, 0xf8, 0xff, 0xc1, 0xf9, 0xf8, 0x3f, 0x3f,
    0x90, 0xff, 0xaf, 0xd0, 0x7f, 0xf1, 0xaf, 0xd0,
    0x7e, 0xfe, 0x83, 0xcf, 0xe4, 0x3f, 0xef, 0xe4,
    0x3f, 0xf8, 0xaf, 0xf0, 0x7e, 0x7f, 0xc1, 0xe7,
    0xf2, 0x1f, 0xf7, 0xf0, 0x7f, 0xf1, 0xbf, 0x90,
    0xfd, 0x7f, 0x21, 0xe7, 0xf2, 0x1f, 0xf7, 0xf0,
    0x7f, 0xf1, 0x6f, 0xd0, 0x7e, 0x7f, 0xc1, 0xf3,
    0xf8, 0x3f, 0xe7, 0xf4, 0x1f, 0xfc, 0x47, 0xf8,
    0x3f, 0xbf, 0xc1, 0xfa, 0xfc, 0x1f, 0xf5, 0xf9,
    0xf, 0xfe, 0x1b, 0xfc, 0x87, 0xe7, 0xfa, 0xf,
    0xd7, 0xe0, 0xff, 0xbf, 0x83, 0xff, 0x86, 0xff,
    0x41, 0xfd, 0xfe, 0xf, 0xeb, 0xf0, 0x7f, 0xdf,
    0xc1, 0xff, 0xc2, 0xbf, 0xd5, 0x7f, 0xff, 0x1,
    0xf, 0xeb, 0xf0, 0x7f, 0x9f, 0xd0, 0x7f, 0xf0,
    0x9f, 0xff, 0xe4, 0x41, 0xfe, 0xbf, 0x7, 0xfa,
    0xfc, 0x87, 0xff, 0xf, 0xff, 0xf9, 0x1, 0xff,
    0x5f, 0x83, 0xfd, 0xfc, 0x1f, 0xfc, 0x4b, 0xff,
    0xf8, 0xc8, 0x7f, 0xd7, 0xe0, 0xff, 0x7f, 0x2f,
    0xf8, 0x3e, 0xff, 0xd5, 0x3f, 0xe0, 0xff, 0xe0,
    0x5f, 0x83, 0xf9, 0xff, 0xfe, 0x14, 0x1f, 0x7a,
    0x43, 0xe7, 0xf8, 0x3f, 0xf8, 0x3f, 0xc1, 0xfd,
    0xff, 0xfc, 0x34, 0x3f, 0xf8, 0xdf, 0xc8, 0x7f,
    0xf0, 0x7f, 0x90, 0xfd, 0xff, 0xfc, 0x30, 0xff,
    0xe3, 0x5f, 0xa0, 0xff, 0xe1, 0x7f, 0x83, 0xe7,
    0xff, 0xf8, 0x61, 0xff, 0xc5, 0x7f, 0x83, 0xff,
    0x87, 0xfe, 0xf, 0xfe, 0x2b, 0xfa, 0xf, 0xfe,
    0x2f, 0xf2, 0x1f, 0xfc, 0x3f, 0xf4, 0x1f, 0xfc,
    0x4b, 0xf2, 0x1f, 0xfc, 0x4b, 0xf4, 0x1f, 0xfc,
    0x4f, 0xf8, 0x3f, 0xf8, 0x9f, 0xc8, 0x7f, 0xf0,
    0xef, 0xe0, 0xff, 0xe2, 0x3f, 0xf4, 0x1f, 0xfc,
    0x3f, 0xe0, 0xff, 0xe1, 0xbf, 0xc1, 0xff, 0xc5,
    0x7f, 0xf0, 0x7f, 0xf0, 0x9f, 0xd0, 0x7f, 0xf0,
    0x9f, 0xe4, 0x3f, 0xf8, 0xb7, 0xff, 0x7, 0xff,
    0x7, 0xf9, 0xf, 0xfe, 0x17, 0xf4, 0x1f, 0xfc,
    0x6f, 0xff, 0x21, 0xff, 0xc0, 0xfe, 0xf, 0xfe,
    0x17, 0xf8, 0x3f, 0xf8, 0xff, 0xd7, 0xf0, 0x7f,
    0xcf, 0xf0, 0x7f, 0xf0, 0x1f, 0xf0, 0x72, 0xa9,
    0xf4, 0x1f, 0x7f, 0x1f, 0xd0, 0x7f, 0xbf, 0xa0,
    0xff, 0x9f, 0xfa, 0x9f, 0xfe, 0x43, 0xcf, 0xf0,
    0xff, 0x7, 0xfb, 0xf8, 0x3f, 0xeb, 0xff, 0xf9,
    0x1, 0xf5, 0xfa, 0x7, 0xf4, 0x1f, 0xaf, 0xe0,
    0xff, 0x3f, 0xff, 0xc9, 0xf, 0xbf, 0x90, 0x3f,
    0xc8, 0x7d, 0xfd, 0x7, 0xfd, 0xff, 0xfc, 0x88,
    0x3c, 0xff, 0x6, 0xff, 0x7, 0x9f, 0xe0, 0xff,
    0xe0, 0x5f, 0xff, 0xc0, 0xa2, 0x1f, 0xf5, 0xfa,
    0xc, 0xff, 0x21, 0xdf, 0xd0, 0x7f, 0xf0, 0x7f,
    0xd4, 0x43, 0xff, 0x8b, 0xfc, 0x87, 0x5f, 0xc1,
    0x9f, 0xe4, 0x3f, 0xf8, 0x3e, 0x90, 0xff, 0xe4,
    0xbf, 0xc1, 0xf7, 0xf8, 0x2f, 0xf0, 0x7f, 0xf6,
    0xff, 0xa0, 0xf9, 0xfe, 0x4b, 0xf9, 0xf, 0xfe,
    0xd3, 0xfc, 0x1f, 0xdf, 0xe7, 0xfc, 0x1f, 0xfd,
    0x46, 0xd0, 0xbf, 0xa0, 0xff, 0x7f, 0xfc, 0x87,
    0xff, 0x41, 0xbf, 0x82, 0x7f, 0x83, 0xfe, 0xbf,
    0xfc, 0x1f, 0xfc, 0xd6, 0xff, 0xe0, 0xbf, 0xc1,
    0xff, 0xc0, 0xff, 0xe0, 0xff, 0xe4, 0xb7, 0xff,
    0xf0, 0x81, 0x7f, 0x21, 0xff, 0xc1, 0xff, 0xa0,
    0xff, 0xe2, 0x34, 0xff, 0xfe, 0x30, 0x3f, 0xa0,
    0xff, 0xe1, 0x7f, 0xc1, 0xff, 0xc4, 0xff, 0xfe,
    0x34, 0x85, 0xfe, 0xf, 0xfe, 0x17, 0xff, 0x7,
    0xff, 0xe, 0xff, 0xfe, 0x14, 0x1e, 0xbf, 0xa0,
    0xff, 0xe0, 0xff, 0xfc, 0x1f, 0xfc, 0x3f, 0xff,
    0x48, 0x7e, 0xbf, 0xc1, 0xff, 0xc1, 0xff, 0xfe,
    0xa, 0x1f, 0xfc, 0x1b, 0xfc, 0x87, 0xfd, 0x7f,
    0x83, 0xff, 0x80, 0xff, 0xcf, 0xfd, 0x7, 0xff,
    0x1, 0xf4, 0x87, 0xff, 0x6, 0xff, 0x21, 0xff,
    0x5f, 0xf0, 0x5f, 0xf8, 0x3f, 0xf8, 0x8, 0x7f,
    0xf0, 0xef, 0xf2, 0x1f, 0xe7, 0xff, 0x7, 0x7f,
    0xe8, 0x3f, 0xf9, 0xb7, 0xfa, 0xf, 0xf7, 0xfe,
    0x83, 0xef, 0xfe, 0x43, 0xff, 0x95, 0xff, 0x41,
    0xfd, 0x7f, 0xe4, 0x3f, 0xaf, 0xfe, 0x43, 0xff,
    0x8f, 0x7f, 0xa0, 0xf9, 0xff, 0xf0, 0x7f, 0xf0,
    0x2f, 0xff, 0x21, 0xff, 0xc7, 0xbe, 0x83, 0xd7,
    0xff, 0x90, 0xff, 0xe1, 0x3f, 0xfc, 0x87, 0xff,
    0x21, 0xe0, 0xf3, 0xff, 0xd0, 0x7f, 0xf1, 0xbf,
    0xe4, 0x3f, 0xfa, 0x9f, 0xe8, 0x3f, 0xf9, 0x37,
    0xe4, 0x3f, 0xfa, 0xdf, 0x48, 0x7f, 0xf2, 0xdf,
    0x83, 0xff, 0xae, 0xc1, 0xff, 0xd0, 0x90, 0xc0,

    /* U+7EB8 "纸" */
    0xf, 0xfa, 0x43, 0xff, 0xba, 0xc1, 0xff, 0xc8,
    0x7e, 0x83, 0xff, 0xb0, 0xdf, 0x7, 0xff, 0x22,
    0xff, 0x7, 0xff, 0x49, 0xbf, 0xe8, 0x3f, 0xf8,
    0xff, 0xe4, 0x3f, 0xf9, 0x8a, 0xbf, 0xff, 0x82,
    0x87, 0xff, 0x15, 0xfe, 0x83, 0xff, 0x84, 0xb5,
    0x5f, 0xff, 0xca, 0x43, 0xff, 0x89, 0x7f, 0x7,
    0xff, 0x1, 0xff, 0xfe, 0x9a, 0x1f, 0xfc, 0x3f,
    0xe4, 0x3f, 0xf8, 0xf, 0xff, 0xf3, 0xea, 0x50,
    0x7f, 0xf0, 0x9f, 0xd0, 0x7f, 0xf0, 0x5f, 0xff,
    0xe4, 0x28, 0x3f, 0xf9, 0x97, 0xe0, 0xff, 0xe1,
    0x3f, 0xfa, 0x8a, 0x3, 0xfc, 0x1f, 0xfc, 0xef,
    0xd0, 0x7f, 0xf0, 0x9f, 0xe0, 0xfe, 0x7f, 0x83,
    0xff, 0x9a, 0xfe, 0xf, 0xfe, 0x27, 0xf0, 0x7f,
    0x3f, 0xc1, 0xff, 0xcd, 0xfd, 0x7, 0xff, 0x13,
    0xf8, 0x3f, 0x9f, 0xe0, 0xff, 0xe6, 0x3f, 0x83,
    0xff, 0x8b, 0xfc, 0x1f, 0xcf, 0xf0, 0x7f, 0xf3,
    0x2f, 0xc1, 0xfa, 0x81, 0xf7, 0xf0, 0x7f, 0x3f,
    0xc1, 0xff, 0xcc, 0xfc, 0x87, 0xef, 0x90, 0xef,
    0xe0, 0xfe, 0x7f, 0x83, 0xff, 0x97, 0x7e, 0xf,
    0xcf, 0xf2, 0x17, 0xf0, 0x7f, 0x3f, 0xc1, 0xff,
    0xca, 0x7f, 0x21, 0xfa, 0xff, 0x20, 0xfe, 0xf,
    0xe7, 0xf8, 0x3f, 0xf9, 0x5f, 0xc1, 0xfd, 0xfe,
    0x82, 0xfe, 0xf, 0xe7, 0xf8, 0x3f, 0xf9, 0x37,
    0xe4, 0x3f, 0x5f, 0xe0, 0xdf, 0xc1, 0xfc, 0xff,
    0x7, 0xff, 0x21, 0xfe, 0xf, 0xef, 0xf0, 0x77,
    0xf0, 0x7f, 0x3f, 0xc1, 0xff, 0xc8, 0xfe, 0x43,
    0xf5, 0xfd, 0x7, 0x7f, 0x7, 0xf3, 0xfc, 0x1f,
    0xfc, 0x67, 0xfc, 0x1f, 0xdf, 0xe0, 0xf7, 0xf0,
    0x7f, 0x3f, 0xc1, 0xff, 0xc6, 0xff, 0xfe, 0x48,
    0x7d, 0xfc, 0x1f, 0xcf, 0xf0, 0x7f, 0xf1, 0xaf,
    0xff, 0xe3, 0xa1, 0xf7, 0xf0, 0x7f, 0x3f, 0xc1,
    0xff, 0xc6, 0x7f, 0xff, 0x8d, 0x7, 0xef, 0xe0,
    0xfe, 0x7f, 0x83, 0xff, 0x8f, 0xff, 0xfc, 0x60,
    0xfe, 0xfe, 0xf, 0xe7, 0xf8, 0x3f, 0xf8, 0xf7,
    0xea, 0x2e, 0xbf, 0x90, 0xfe, 0xfe, 0xaf, 0xef,
    0xf5, 0x77, 0xfe, 0x83, 0x94, 0x1f, 0xdf, 0xd0,
    0x7f, 0xbf, 0xff, 0xab, 0x7, 0xff, 0xe, 0xfe,
    0xf, 0xfb, 0xff, 0xfa, 0xb0, 0x7f, 0xf0, 0x9f,
    0xe4, 0x3f, 0xef, 0xff, 0xea, 0xc1, 0xff, 0xc2,
    0xfe, 0x83, 0xff, 0x81, 0xff, 0xfd, 0x58, 0x3f,
    0xf8, 0x37, 0xf0, 0x7f, 0xf0, 0x7f, 0x83, 0xfd,
    0xfc, 0x1f, 0xfc, 0xe7, 0xf8, 0x3f, 0xf8, 0x5f,
    0xc1, 0xfe, 0xfe, 0xf, 0xfe, 0x77, 0xf2, 0x1f,
    0xfc, 0x2f, 0xe0, 0xff, 0x7f, 0x7, 0xff, 0x37,
    0xfa, 0xf, 0xfe, 0x1f, 0xf0, 0x7f, 0xaf, 0xc8,
    0x7f, 0xf2, 0xff, 0xc1, 0xfc, 0xd3, 0xb, 0xf8,
    0x3f, 0xd7, 0xe8, 0x3f, 0xf9, 0x2f, 0xf8, 0x33,
    0x4f, 0xf8, 0x2f, 0xe0, 0xff, 0x3f, 0xa0, 0xff,
    0xe4, 0x5f, 0xf5, 0xff, 0xfc, 0x8, 0x2f, 0xe0,
    0xff, 0x3f, 0xc1, 0xff, 0xc7, 0xff, 0xfe, 0x54,
    0x17, 0xf0, 0x7f, 0xdf, 0xc1, 0xff, 0xc7, 0xff,
    0xfe, 0x52, 0x17, 0xf0, 0x7f, 0xdf, 0xc1, 0xff,
    0xc7, 0x7f, 0xff, 0x89, 0x28, 0x3d, 0xfc, 0x1f,
    0xf7, 0xf2, 0x1f, 0xfc, 0x7f, 0xff, 0x51, 0xf,
    0xfe, 0x7, 0xf0, 0x7f, 0xd7, 0xe8, 0x3f, 0xf8,
    0xff, 0xe9, 0xf, 0xfe, 0x2f, 0xf0, 0x7f, 0xcf,
    0xf0, 0x7f, 0xf1, 0xdd, 0xf, 0xfe, 0x57, 0xf0,
    0x7f, 0xf0, 0x3f, 0x83, 0xff, 0xc1, 0xfc, 0x1f,
    0xfc, 0xf, 0xe4, 0x3f, 0xfb, 0xff, 0xc1, 0xff,
    0xc0, 0xbf, 0x41, 0xff, 0xdf, 0xfe, 0xf, 0xfe,
    0x3, 0xfc, 0x1f, 0xfd, 0x96, 0xd0, 0x7f, 0x7,
    0xa0, 0xf7, 0xf2, 0x1f, 0xfd, 0x46, 0xfe, 0xb,
    0xf8, 0x3b, 0xc8, 0x77, 0xf8, 0x3f, 0xfa, 0xd,
    0xff, 0xc1, 0x7f, 0x6, 0xfc, 0x1c, 0xff, 0x21,
    0xe6, 0xf, 0xfe, 0x1b, 0x7f, 0xff, 0x4, 0x2f,
    0xe0, 0x3f, 0xc8, 0x77, 0xf8, 0x3d, 0x78, 0x3f,
    0xcd, 0xff, 0xfc, 0x50, 0xbf, 0x8b, 0xfe, 0xe,
    0xbf, 0x83, 0xdf, 0xa4, 0xd, 0x3f, 0xff, 0x8d,
    0x21, 0x3f, 0xd7, 0xfe, 0xf, 0x7f, 0x41, 0xdf,
    0xe2, 0xff, 0xfe, 0x2c, 0x87, 0xcf, 0xff, 0xf0,
    0x20, 0xfa, 0xfe, 0xc, 0xff, 0x40, 0xff, 0xfe,
    0xc, 0x87, 0xfd, 0x7f, 0xfc, 0x87, 0xf7, 0xf8,
    0x2b, 0xf9, 0x5, 0xff, 0xc8, 0x7f, 0xf0, 0xff,
    0xfe, 0xf, 0xfa, 0xfe, 0x81, 0xfe, 0x9, 0xff,
    0x21, 0xff, 0xc5, 0xbf, 0xfc, 0x1f, 0xfc, 0x1f,
    0xf5, 0xff, 0x6, 0xfa, 0xf, 0xfe, 0x47, 0xff,
    0x41, 0xff, 0xc2, 0xbf, 0xff, 0x80, 0x86, 0x50,
    0x7f, 0xf2, 0x5f, 0xfd, 0x7, 0xff, 0x13, 0xff,
    0xf8, 0x1, 0xff, 0xd1, 0xff, 0xa0, 0xff, 0xe2,
    0xbf, 0xfe, 0x83, 0xff, 0xa5, 0xfd, 0x7, 0xff,
    0x1e, 0xff, 0xe0, 0xff, 0xea, 0x7d, 0x7, 0xff,
    0x26, 0xff, 0x90, 0xff, 0xea, 0x3c, 0x1f, 0xfc,
    0xb7, 0xf9, 0xf, 0xfe, 0xb2, 0x1f, 0xfc, 0xe6,
    0x81, 0xff, 0xfd,

    /* U+7EFF "绿" */
    0xf, 0xff, 0xf8, 0x4c, 0x1f, 0xff, 0x5b, 0xc8,
    0x7f, 0xfc, 0xff, 0x41, 0xff, 0xf2, 0xff, 0x41,
    0xfe, 0xff, 0xfe, 0xa4, 0x1f, 0xfc, 0x47, 0xfc,
    0x87, 0xfb, 0xff, 0xfa, 0x90, 0x7f, 0xf1, 0x2f,
    0xe8, 0x3f, 0xef, 0xff, 0xea, 0x41, 0xff, 0xc4,
    0xff, 0x7, 0xff, 0x3, 0xff, 0xfa, 0x88, 0x7f,
    0xf0, 0xdf, 0xe8, 0x3f, 0xf8, 0xb, 0xff, 0xcf,
    0xfe, 0x43, 0xff, 0x87, 0xfe, 0xf, 0xfe, 0xe7,
    0xf0, 0x7f, 0xf1, 0x3f, 0x90, 0xff, 0xee, 0x7f,
    0x7, 0xff, 0xe, 0xfe, 0xf, 0xfe, 0xef, 0xf0,
    0x7f, 0xf0, 0xff, 0x90, 0xff, 0xee, 0xff, 0x7,
    0xff, 0x9, 0xfe, 0xf, 0x94, 0x1f, 0xfd, 0x47,
    0xf8, 0x3f, 0xf8, 0x5f, 0xc8, 0x7d, 0x68, 0x7c,
    0xb0, 0x7f, 0xf2, 0x5f, 0xd0, 0x7f, 0xf0, 0xbf,
    0x83, 0xf7, 0xc8, 0x7a, 0xff, 0xfe, 0x84, 0x1f,
    0xfc, 0x1b, 0xf2, 0x1f, 0x3f, 0xa0, 0xeb, 0xff,
    0xfa, 0x10, 0x7f, 0xf0, 0x7f, 0x83, 0xf5, 0xfe,
    0xd, 0x7f, 0xff, 0x41, 0xf, 0xfe, 0x5, 0xf9,
    0xf, 0xdf, 0xe4, 0x35, 0xff, 0xfd, 0x4, 0x3f,
    0xe7, 0xf4, 0x1f, 0xaf, 0xe8, 0x39, 0x97, 0xff,
    0x95, 0xfc, 0x87, 0xfd, 0xfc, 0x1f, 0xdf, 0xe0,
    0xff, 0xe9, 0x7f, 0x7, 0xfd, 0x7e, 0x83, 0xf3,
    0xfc, 0x1f, 0xfd, 0x3f, 0xe0, 0xff, 0x3f, 0xc1,
    0xfd, 0xfd, 0x7, 0xff, 0x4f, 0xf8, 0x3f, 0x9f,
    0xea, 0xff, 0x7f, 0x7, 0xff, 0x53, 0xf8, 0x3f,
    0xbf, 0xff, 0x90, 0x87, 0xff, 0x53, 0xf8, 0x3f,
    0xaf, 0xff, 0xe3, 0x41, 0xff, 0xd5, 0xfe, 0xf,
    0xf7, 0xff, 0xf1, 0x83, 0x5f, 0xff, 0xdd, 0xb,
    0xff, 0xf8, 0xb0, 0x6b, 0xff, 0xfb, 0xa1, 0x3e,
    0xa2, 0x1e, 0xfe, 0xe, 0xbf, 0xff, 0xba, 0x1f,
    0xfc, 0x2b, 0xf2, 0x1d, 0x7f, 0xff, 0x74, 0x3f,
    0xf8, 0x2f, 0xe8, 0x3c, 0xf5, 0xff, 0xc4, 0xff,
    0x57, 0xff, 0x13, 0xc1, 0xff, 0xc1, 0xfe, 0xf,
    0xfe, 0x6d, 0xfa, 0xf, 0xfe, 0x95, 0xf9, 0xf,
    0xfe, 0x6d, 0xfa, 0xf, 0xfe, 0x8b, 0xfc, 0x1f,
    0xfc, 0xeb, 0xf4, 0x1f, 0xfd, 0x1f, 0xe0, 0xff,
    0xe7, 0xdf, 0xa0, 0xff, 0xe8, 0x5f, 0x90, 0xff,
    0xe1, 0xbe, 0xf, 0xeb, 0xf4, 0x1f, 0xf7, 0x83,
    0xff, 0x84, 0xff, 0x7, 0xff, 0xf, 0xf2, 0x1f,
    0xaf, 0xe0, 0xff, 0x7d, 0x7, 0xff, 0x7, 0xf8,
    0x3f, 0xf8, 0x7f, 0xe0, 0xfd, 0x7f, 0x41, 0xfb,
    0xfa, 0xf, 0xfb, 0xfa, 0xf, 0xfe, 0x1d, 0xfd,
    0x7, 0xd7, 0xf8, 0x3e, 0xff, 0x90, 0xfe, 0xff,
    0x7, 0xe6, 0x98, 0x77, 0xf9, 0xf, 0x5f, 0xe8,
    0x33, 0xff, 0xa0, 0xfd, 0xfe, 0x45, 0x5f, 0xf8,
    0x3d, 0xfe, 0xf, 0x5f, 0xf2, 0x7, 0xfe, 0x83,
    0xf5, 0xff, 0xfc, 0x80, 0xf5, 0xfd, 0x7, 0x7f,
    0xf1, 0x7f, 0xa0, 0xff, 0x7f, 0xff, 0x24, 0x3e,
    0xff, 0x6, 0xff, 0xfe, 0x2a, 0x1f, 0xf3, 0xff,
    0xfc, 0x78, 0x3e, 0x7f, 0x6, 0xff, 0xfe, 0x24,
    0x1f, 0xfc, 0x2f, 0xff, 0xe1, 0x51, 0x41, 0xfe,
    0xb8, 0x27, 0xff, 0x5f, 0xf0, 0x7f, 0xf1, 0x3f,
    0xe9, 0x41, 0xff, 0xc7, 0x42, 0x7f, 0xfa, 0x9f,
    0xc1, 0xff, 0xc5, 0x65, 0x7, 0xff, 0x42, 0xff,
    0xf4, 0x7f, 0x41, 0xff, 0xe3, 0xff, 0xaf, 0xd0,
    0xff, 0x21, 0xff, 0xe1, 0xff, 0x8b, 0xf4, 0xf,
    0xf0, 0x7f, 0xf7, 0xdf, 0xf8, 0x17, 0xe8, 0x2f,
    0xf0, 0x7f, 0xf7, 0x6f, 0xf8, 0x2b, 0xf4, 0x13,
    0xfe, 0xf, 0xfe, 0x8b, 0xe0, 0xf3, 0xff, 0x83,
    0x5f, 0xa0, 0xdf, 0xf0, 0x7f, 0xf3, 0x1b, 0xf8,
    0x33, 0xff, 0xc1, 0xd7, 0xe8, 0x3b, 0xfe, 0x43,
    0xff, 0x8c, 0xdf, 0xfc, 0x7, 0xff, 0xa0, 0xf5,
    0xfa, 0xe, 0x7f, 0xe8, 0x3f, 0xf8, 0xa, 0xbf,
    0xff, 0x82, 0xff, 0xfa, 0xf, 0xaf, 0xd0, 0x7a,
    0xff, 0xd2, 0x19, 0xbf, 0xff, 0x8d, 0x17, 0xfe,
    0x43, 0xf5, 0xfa, 0xf, 0xaf, 0xff, 0x20, 0xbf,
    0xff, 0x87, 0x21, 0xdf, 0xf0, 0x7f, 0xaf, 0xd0,
    0x7e, 0xbf, 0xf9, 0xb, 0xff, 0xe9, 0xf, 0xf7,
    0xe8, 0x3f, 0xeb, 0xf4, 0x1f, 0xd7, 0xfd, 0x6,
    0xbf, 0xe9, 0xf, 0xfe, 0xd, 0xe4, 0x3f, 0xf8,
    0x17, 0xe8, 0x3f, 0xcf, 0xf8, 0x39, 0xfd, 0x21,
    0xff, 0xc5, 0xc3, 0xff, 0x85, 0xfd, 0x7, 0xfc,
    0xfe, 0x43, 0xdc, 0x87, 0xff, 0x49, 0x54, 0xff,
    0x21, 0xff, 0xc1, 0xf8, 0x3f, 0xfb, 0x6f, 0xff,
    0x90, 0xff, 0xe1, 0x28, 0x3f, 0xfb, 0x9f, 0xfe,
    0xf, 0xff, 0x6b, 0xff, 0xa0, 0xff, 0xf7, 0x7f,
    0xe0, 0xff, 0xf7, 0xff, 0x48, 0x7f, 0xfc, 0x19,
    0xf, 0xfe, 0x70,

    /* U+7F8E "美" */
    0xf, 0xff, 0xf8, 0x7d, 0x7, 0xff, 0x27, 0x83,
    0xff, 0xb2, 0xf9, 0xf, 0xfe, 0x47, 0xd0, 0x7f,
    0xf5, 0xbf, 0x83, 0xff, 0x8f, 0x7f, 0x41, 0xff,
    0xd3, 0x7f, 0xc1, 0xff, 0xc6, 0xff, 0x21, 0xff,
    0xd4, 0xbf, 0xa0, 0xff, 0xe2, 0x5f, 0xd0, 0x7f,
    0xf5, 0xbf, 0xd0, 0x7f, 0xf0, 0xff, 0xc1, 0xff,
    0xd8, 0xff, 0x21, 0xff, 0xc1, 0xbf, 0x83, 0xff,
    0xb2, 0xff, 0x83, 0xff, 0x83, 0xfc, 0x87, 0xff,
    0x6a, 0xfa, 0xf, 0xfe, 0xf, 0xf4, 0x1f, 0xfd,
    0xcf, 0x7, 0xff, 0x9, 0xfe, 0xf, 0xfe, 0x6d,
    0xff, 0xfe, 0x88, 0x3f, 0xaf, 0xff, 0xf4, 0x41,
    0xfd, 0x7f, 0xff, 0xa2, 0xf, 0xeb, 0xff, 0xfd,
    0x10, 0x7f, 0x32, 0xff, 0xf2, 0xaf, 0xe5, 0xff,
    0xe6, 0x7, 0xff, 0x55, 0xfd, 0x7, 0xff, 0xb5,
    0xfd, 0x7, 0xff, 0xb5, 0xfd, 0x7, 0xff, 0xb5,
    0xfd, 0x7, 0xff, 0xb5, 0xfd, 0x7, 0xff, 0xb5,
    0xfd, 0x7, 0xff, 0x66, 0xff, 0xff, 0x8, 0x7f,
    0xf1, 0x6f, 0xff, 0xf0, 0x87, 0xff, 0x16, 0xff,
    0xff, 0x8, 0x7f, 0xf1, 0x6f, 0xff, 0xf0, 0x87,
    0xff, 0x65, 0xfd, 0x7, 0xff, 0xb5, 0xfd, 0x7,
    0xff, 0xb5, 0xfd, 0x7, 0xff, 0xb5, 0xfd, 0x7,
    0xff, 0xb5, 0xfd, 0x7, 0xff, 0xb5, 0xfd, 0x7,
    0xff, 0x4b, 0xaf, 0xfe, 0x7f, 0xf5, 0x7f, 0xf3,
    0xb0, 0xbf, 0xff, 0xe0, 0x83, 0xff, 0xfe, 0x8,
    0x3f, 0xff, 0xe0, 0x83, 0xf5, 0x7f, 0xfa, 0x3f,
    0x21, 0xff, 0xff, 0xf, 0xfe, 0x2f, 0x44, 0x3f,
    0xfd, 0xff, 0xe0, 0xff, 0xf6, 0xff, 0x83, 0xff,
    0xd8, 0xff, 0x41, 0xff, 0xec, 0x7f, 0x90, 0xff,
    0xea, 0x28, 0x3f, 0xf9, 0x4f, 0xf0, 0x7f, 0xf3,
    0x50, 0xfb, 0xff, 0xfd, 0x88, 0x7b, 0xff, 0xfd,
    0x88, 0x7b, 0xff, 0xfd, 0x88, 0x7b, 0xff, 0xfd,
    0x88, 0x79, 0x7f, 0x7, 0xff, 0xf, 0xff, 0xc1,
    0xff, 0xc5, 0x5f, 0x7, 0xff, 0x45, 0xff, 0xf4,
    0x1f, 0xfe, 0x7f, 0xf3, 0xfd, 0x7, 0xff, 0x96,
    0xfe, 0x5, 0xfd, 0x7, 0xff, 0x8d, 0xfe, 0x82,
    0xbf, 0xa0, 0xff, 0xf0, 0xbf, 0xe0, 0xef, 0xf8,
    0x3f, 0xfb, 0xef, 0xf8, 0x3e, 0xff, 0x90, 0xff,
    0xee, 0x5f, 0xe4, 0x3f, 0x7f, 0xd0, 0x7f, 0xf6,
    0xbf, 0xe4, 0x3f, 0xdf, 0xf9, 0xf, 0xfe, 0xb5,
    0xff, 0x21, 0xff, 0xc0, 0xbf, 0xf2, 0x1f, 0xfd,
    0x2b, 0xff, 0x21, 0xff, 0xc2, 0x7f, 0xfa, 0xf,
    0xfe, 0x6b, 0x7f, 0xf0, 0x7f, 0xf1, 0xbf, 0xfe,
    0x83, 0xff, 0x8e, 0xdf, 0xfe, 0x83, 0xff, 0x91,
    0x7f, 0xff, 0x2, 0x43, 0xfe, 0x55, 0xff, 0xfc,
    0x0, 0xff, 0xe6, 0x7f, 0xff, 0x12, 0x89, 0x4f,
    0xff, 0xe1, 0xa1, 0xff, 0xce, 0x7f, 0xff, 0x88,
    0x8f, 0xff, 0xf0, 0x90, 0xff, 0xe9, 0x5f, 0xff,
    0xc2, 0xa, 0xff, 0xf9, 0xf, 0xfe, 0xb3, 0xff,
    0xf2, 0x1b, 0xff, 0x41, 0xff, 0xdb, 0x6f, 0xfa,
    0xe, 0x7f, 0x48, 0x7f, 0xf8, 0x1b, 0xf0, 0x7d,
    0x40, 0xff, 0xf4, 0x28, 0x20,

    /* U+8001 "老" */
    0xf, 0xfe, 0x75, 0xfc, 0x1f, 0xff, 0xb, 0xf8,
    0x3f, 0xfe, 0x17, 0xf0, 0x7f, 0xfc, 0x2f, 0xe0,
    0xff, 0xf8, 0x5f, 0xc1, 0xff, 0xcb, 0x83, 0xff,
    0xb1, 0x7f, 0x7, 0xff, 0x2a, 0xf0, 0x7f, 0xf5,
    0xef, 0xe0, 0xff, 0xe5, 0x7e, 0x43, 0xff, 0xab,
    0x7f, 0x7, 0xff, 0x27, 0xfe, 0x43, 0xff, 0xa7,
    0x7f, 0x7, 0xff, 0x21, 0xff, 0x83, 0xff, 0xa9,
    0x7f, 0x7, 0xff, 0x23, 0xfe, 0xf, 0xfe, 0x32,
    0x1f, 0xfc, 0x2b, 0xf8, 0x3f, 0xf8, 0xb, 0x6,
    0xbf, 0xc8, 0x7f, 0xf1, 0x6f, 0xff, 0xec, 0x4,
    0xff, 0x90, 0xff, 0xe3, 0x5f, 0xff, 0xd8, 0xb,
    0xfd, 0x7, 0xff, 0x1e, 0xff, 0xfe, 0xc0, 0x2f,
    0xf0, 0x7f, 0xf2, 0x2f, 0xff, 0xec, 0xf, 0xf8,
    0x3f, 0xf9, 0x37, 0xd5, 0xcb, 0xf5, 0xfc, 0xbd,
    0x5f, 0xe3, 0xfc, 0x1f, 0xfd, 0xab, 0xf8, 0x3f,
    0xf8, 0x7f, 0xe4, 0x3f, 0xfb, 0x57, 0xf0, 0x7f,
    0xf0, 0xbf, 0xd0, 0x7f, 0xf6, 0xef, 0xe0, 0xff,
    0xe0, 0xdf, 0xe0, 0xff, 0xee, 0x5f, 0xc1, 0xff,
    0xc0, 0x7f, 0xc1, 0xff, 0xdd, 0xbf, 0x83, 0xfe,
    0x7f, 0xc1, 0xff, 0xde, 0xbf, 0x83, 0xfe, 0xff,
    0x21, 0xff, 0xde, 0xbf, 0x83, 0xfd, 0xfe, 0x43,
    0xff, 0xbf, 0x7f, 0x7, 0xf7, 0xfa, 0xf, 0xff,
    0x5, 0xfc, 0x1f, 0xbf, 0xd0, 0x7f, 0xf2, 0x96,
    0xf, 0xfe, 0x45, 0xfc, 0x1f, 0x5f, 0xe0, 0xff,
    0xe2, 0x2c, 0x13, 0xff, 0xff, 0x20, 0x9f, 0xff,
    0xf9, 0x4, 0xff, 0xff, 0xc8, 0x27, 0xff, 0xfe,
    0x41, 0x35, 0x97, 0xff, 0x9d, 0xff, 0x97, 0xff,
    0x93, 0x50, 0x7f, 0xf5, 0x7f, 0xe8, 0x3f, 0xfd,
    0x8f, 0xfc, 0x87, 0xff, 0xb2, 0xff, 0x83, 0xff,
    0xdb, 0xff, 0x41, 0xff, 0xe7, 0x5e, 0xbf, 0xe4,
    0x3f, 0xf8, 0x78, 0x7f, 0xf6, 0x3f, 0xff, 0x80,
    0x1f, 0xfc, 0x3b, 0xd0, 0x7f, 0xf5, 0xff, 0xfd,
    0x7, 0xff, 0x9, 0xfe, 0xf, 0xfe, 0xbf, 0xff,
    0x21, 0xff, 0xc2, 0xff, 0xc1, 0xff, 0xd4, 0x7f,
    0xf4, 0x1f, 0xfc, 0x2b, 0xff, 0xa0, 0xff, 0xe9,
    0x7f, 0xf2, 0x1f, 0xfc, 0x1b, 0xff, 0xe8, 0x3f,
    0xfa, 0x17, 0xff, 0x21, 0xff, 0x37, 0xff, 0xc8,
    0x7f, 0xf4, 0x2f, 0xff, 0x90, 0xfe, 0x7f, 0xff,
    0x80, 0x87, 0xff, 0x42, 0xff, 0xfe, 0xa, 0x1e,
    0x6f, 0xff, 0xa0, 0xff, 0xe8, 0xdf, 0xfc, 0xff,
    0x21, 0xaf, 0xff, 0xe0, 0x21, 0xff, 0xd0, 0x7f,
    0xfe, 0x7, 0xf4, 0xdf, 0xff, 0xc0, 0x90, 0xff,
    0xe8, 0x5f, 0xff, 0x21, 0x7f, 0xff, 0x16, 0x43,
    0xff, 0xa0, 0xff, 0xff, 0x2, 0xe, 0xff, 0xfe,
    0x1a, 0x1f, 0xfd, 0x2f, 0xff, 0xe0, 0x41, 0xf7,
    0xff, 0xf0, 0x20, 0xff, 0xea, 0xbf, 0xfd, 0x7,
    0xf7, 0xff, 0x21, 0xff, 0xd9, 0x7f, 0xd0, 0x7f,
    0xdf, 0xe4, 0x3f, 0xfb, 0xb7, 0xd0, 0x7f, 0xf0,
    0x7f, 0x90, 0xff, 0xe7, 0xa8, 0x3f, 0xf8, 0x5c,
    0x1f, 0xfc, 0x3f, 0xe4, 0x3f, 0xf9, 0xfe, 0x83,
    0xff, 0xa5, 0xfc, 0x87, 0xff, 0x3f, 0xf9, 0xf,
    0xfe, 0x7f, 0xf2, 0x1f, 0xfc, 0xe7, 0xfd, 0x7,
    0xff, 0x3b, 0xf9, 0xf, 0xfe, 0x75, 0xfe, 0xf,
    0xfe, 0x7f, 0xf4, 0x1f, 0xfc, 0xef, 0xf2, 0x1f,
    0xfc, 0xff, 0xf2, 0x1f, 0xfc, 0xcf, 0xf8, 0x3f,
    0xfa, 0x17, 0xfc, 0xa0, 0xff, 0xe2, 0xaa, 0xff,
    0x90, 0xff, 0xe8, 0x3f, 0xff, 0xd7, 0x83, 0xff,
    0xa5, 0xff, 0xfd, 0x68, 0x3f, 0xfa, 0x6f, 0xff,
    0xf5, 0x20, 0xff, 0xeb, 0x5f, 0xff, 0xcf, 0x90,
    0xff, 0xed, 0x2e, 0xaf, 0x7d, 0x5e, 0x5c, 0x1f,
    0xff, 0xf0, 0xfc,

    /* U+8033 "耳" */
    0x7, 0xf5, 0x7f, 0xf9, 0xff, 0x21, 0x7f, 0xff,
    0xc1, 0xb, 0xff, 0xfe, 0x8, 0x5f, 0xff, 0xf0,
    0x42, 0xff, 0xff, 0x82, 0x12, 0xf0, 0x7d, 0xfd,
    0x7, 0xff, 0x33, 0xfc, 0x1f, 0x97, 0x7, 0xff,
    0x13, 0xfa, 0xf, 0xfe, 0x67, 0xf8, 0x3f, 0xfa,
    0x1f, 0xd0, 0x7f, 0xf3, 0x3f, 0xc1, 0xff, 0xd0,
    0xfe, 0x83, 0xff, 0x99, 0xfe, 0xf, 0xfe, 0x87,
    0xf4, 0x1f, 0xfc, 0xcf, 0xf0, 0x7f, 0xf4, 0x3f,
    0xa0, 0xff, 0xe6, 0x7f, 0x83, 0xff, 0xa1, 0xfd,
    0x7, 0xff, 0x33, 0xfc, 0x1f, 0xfd, 0xf, 0xe8,
    0x3f, 0xf9, 0x9f, 0xe0, 0xff, 0xe8, 0x7f, 0x41,
    0xff, 0xcc, 0xff, 0x7, 0xff, 0x43, 0xfc, 0xbf,
    0xfc, 0xcf, 0xf0, 0x7f, 0xf4, 0x3f, 0xff, 0xb0,
    0x1f, 0xfd, 0xf, 0xff, 0xec, 0x7, 0xff, 0x43,
    0xff, 0xfb, 0x1, 0xff, 0xd0, 0xff, 0xfe, 0xc0,
    0x7f, 0xf4, 0x3f, 0xa0, 0xff, 0xe6, 0x7f, 0x83,
    0xff, 0xa1, 0xfd, 0x7, 0xff, 0x33, 0xfc, 0x1f,
    0xfd, 0xf, 0xe8, 0x3f, 0xf9, 0x9f, 0xe0, 0xff,
    0xe8, 0x7f, 0x41, 0xff, 0xcc, 0xff, 0x7, 0xff,
    0x43, 0xfa, 0xf, 0xfe, 0x67, 0xf8, 0x3f, 0xfa,
    0x1f, 0xd0, 0x7f, 0xf3, 0x3f, 0xc1, 0xff, 0xd0,
    0xfe, 0x83, 0xff, 0x99, 0xfe, 0xf, 0xfe, 0x87,
    0xf4, 0x1f, 0xfc, 0xcf, 0xf0, 0x7f, 0xf4, 0x3f,
    0xa0, 0xff, 0xe6, 0x7f, 0x83, 0xff, 0xa1, 0xfd,
    0x7, 0xff, 0x33, 0xfc, 0x1f, 0xfd, 0xf, 0xff,
    0xec, 0x7, 0xff, 0x43, 0xff, 0xfb, 0x1, 0xff,
    0xd0, 0xff, 0xfe, 0xc0, 0x7f, 0xf4, 0x3f, 0xff,
    0xb0, 0x1f, 0xfd, 0xf, 0xff, 0xec, 0x7, 0xff,
    0x43, 0xfa, 0xf, 0xfe, 0x67, 0xf8, 0x3f, 0xfa,
    0x1f, 0xd0, 0x7f, 0xf3, 0x3f, 0xc1, 0xff, 0xd0,
    0xfe, 0x83, 0xff, 0x99, 0xfe, 0xf, 0xfe, 0x87,
    0xf4, 0x1f, 0xfc, 0xcf, 0xf0, 0x7f, 0xf4, 0x3f,
    0xa0, 0xff, 0xe6, 0x7f, 0x83, 0xff, 0xa1, 0xfd,
    0x7, 0xff, 0x33, 0xfc, 0x1f, 0xfd, 0xf, 0xe8,
    0x3f, 0xf9, 0x9f, 0xe0, 0xff, 0xe8, 0x7f, 0x41,
    0xff, 0xcc, 0xff, 0x7, 0xe5, 0xa8, 0x1f, 0xfc,
    0x3f, 0xe8, 0x3f, 0xf8, 0xeb, 0xdf, 0xff, 0xc7,
    0x43, 0xff, 0x85, 0xfd, 0x2a, 0xbd, 0xff, 0xfd,
    0x75, 0x57, 0xdf, 0xff, 0xeb, 0x6f, 0xff, 0xf9,
    0x37, 0xff, 0xfa, 0x2b, 0x2e, 0x9, 0xff, 0xfe,
    0xb5, 0x72, 0xef, 0xf0, 0x7f, 0xf0, 0x9f, 0xff,
    0xe3, 0x54, 0xb8, 0x3f, 0xf8, 0xdf, 0xe0, 0xff,
    0xe1, 0xff, 0xa8, 0xb0, 0x7f, 0xf5, 0x3f, 0xc1,
    0xff, 0xc3, 0x43, 0xff, 0xbd, 0xfe, 0xf, 0xff,
    0x77, 0xf8, 0x3f, 0xfd, 0xdf, 0xe0, 0xff, 0xf7,
    0x7f, 0x83, 0xff, 0xdd, 0xfe, 0xf, 0xff, 0x77,
    0xf8, 0x3f, 0xfd, 0xdf, 0xe0, 0xff, 0xf7, 0x7f,
    0x83, 0xff, 0xdd, 0xfe, 0xf, 0xff, 0x77, 0xf8,
    0x3f, 0xfd, 0xdf, 0xe0, 0xff, 0xf7, 0x2f, 0x83,
    0xff, 0x84,

    /* U+81EA "自" */
    0xf, 0xfe, 0x2b, 0xa1, 0xff, 0xe3, 0x7f, 0xa4,
    0x3f, 0xfb, 0xcf, 0xfa, 0xf, 0xfe, 0xf5, 0xfe,
    0xf, 0xfe, 0xfd, 0xfd, 0x7, 0xff, 0x7f, 0xfc,
    0x87, 0xff, 0x7f, 0xfc, 0x1f, 0xfe, 0xf, 0xe8,
    0x3f, 0xfb, 0xef, 0xf2, 0x1f, 0xfd, 0xf7, 0xf8,
    0x3f, 0xfc, 0x17, 0xf0, 0x7f, 0xf4, 0x6b, 0xff,
    0x87, 0xfe, 0xaf, 0xfe, 0x81, 0xff, 0xfe, 0x48,
    0xff, 0xff, 0x24, 0x7f, 0xff, 0x92, 0x3f, 0xff,
    0xc9, 0x1f, 0xd0, 0x7f, 0xf6, 0x7f, 0xa3, 0xfa,
    0xf, 0xfe, 0xcf, 0xf2, 0x7f, 0x41, 0xff, 0xd9,
    0xfe, 0x4f, 0xe8, 0x3f, 0xfb, 0x3f, 0xc9, 0xfd,
    0x7, 0xff, 0x67, 0xf9, 0x3f, 0xa0, 0xff, 0xec,
    0xff, 0x27, 0xf4, 0x1f, 0xfd, 0x9f, 0xe4, 0xfe,
    0x83, 0xff, 0xb3, 0xfc, 0x9f, 0xd0, 0x7f, 0xf6,
    0x7f, 0x93, 0xfc, 0xbf, 0xfd, 0x9f, 0xe4, 0xff,
    0xff, 0x22, 0x7f, 0xff, 0x91, 0x3f, 0xff, 0xc8,
    0x9f, 0xff, 0xe4, 0x4f, 0xe8, 0x3f, 0xfb, 0x3f,
    0xc9, 0xfd, 0x7, 0xff, 0x67, 0xf9, 0x3f, 0xa0,
    0xff, 0xec, 0xff, 0x27, 0xf4, 0x1f, 0xfd, 0x9f,
    0xe4, 0xfe, 0x83, 0xff, 0xb3, 0xfc, 0x9f, 0xd0,
    0x7f, 0xf6, 0x7f, 0x93, 0xfa, 0xf, 0xfe, 0xcf,
    0xf2, 0x7f, 0x41, 0xff, 0xd9, 0xfe, 0x4f, 0xe8,
    0x3f, 0xfb, 0x3f, 0xc9, 0xff, 0xfe, 0x44, 0xff,
    0xff, 0x22, 0x7f, 0xff, 0x91, 0x3f, 0xff, 0xc8,
    0x9f, 0xea, 0xff, 0xec, 0xff, 0x27, 0xf4, 0x1f,
    0xfd, 0x9f, 0xe4, 0xfe, 0x83, 0xff, 0xb3, 0xfc,
    0x9f, 0xd0, 0x7f, 0xf6, 0x7f, 0x93, 0xfa, 0xf,
    0xfe, 0xcf, 0xf2, 0x7f, 0x41, 0xff, 0xd9, 0xfe,
    0x4f, 0xe8, 0x3f, 0xfb, 0x3f, 0xc9, 0xfd, 0x7,
    0xff, 0x67, 0xf9, 0x3f, 0xa0, 0xff, 0xec, 0xff,
    0x27, 0xf4, 0x1f, 0xfd, 0x9f, 0xe4, 0xff, 0x2f,
    0xff, 0x67, 0xf9, 0x3f, 0xff, 0xc8, 0x9f, 0xff,
    0xe4, 0x4f, 0xff, 0xf2, 0x27, 0xff, 0xf9, 0x13,
    0xfa, 0xf, 0xfe, 0xcf, 0xf2, 0x7f, 0x41, 0xff,
    0xd9, 0xfe, 0x4f, 0xe8, 0x3f, 0xfb, 0x3f, 0xd1,
    0xfd, 0x7, 0xff, 0x67, 0xfa, 0x3f, 0xa0, 0xff,
    0xec, 0xff, 0x47, 0xf4, 0x1f, 0xfd, 0x9f, 0xe8,
    0xfe, 0x43, 0xff, 0xb3, 0x7e, 0x80,

    /* U+8239 "船" */
    0xf, 0xff, 0xf8, 0x7e, 0xf2, 0x1f, 0xff, 0x5f,
    0xe4, 0x3f, 0xfe, 0x5f, 0xe0, 0xff, 0xf8, 0xdf,
    0xc8, 0x7f, 0xfc, 0x7f, 0xc1, 0xff, 0xf2, 0xfe,
    0x43, 0xff, 0x8b, 0xff, 0xfc, 0xa8, 0x3f, 0xf9,
    0x2f, 0xf0, 0x7f, 0xf1, 0xbf, 0xff, 0x95, 0x7,
    0xff, 0x27, 0xfa, 0xf, 0xfe, 0x37, 0xff, 0xf2,
    0x90, 0xff, 0xe1, 0x57, 0xdf, 0xd5, 0xff, 0x21,
    0xf7, 0xff, 0xf2, 0x90, 0xff, 0xe1, 0x7f, 0xff,
    0x2e, 0xf, 0xbf, 0xab, 0xff, 0x81, 0xfc, 0x87,
    0xff, 0xb, 0xff, 0xf9, 0x68, 0x7d, 0xfc, 0x87,
    0xfd, 0xfc, 0x87, 0xff, 0xb, 0xff, 0xf9, 0x68,
    0x7d, 0xfc, 0x87, 0xfd, 0xfc, 0x87, 0xff, 0xb,
    0xff, 0xf9, 0x68, 0x7d, 0xfc, 0x87, 0xfd, 0xfc,
    0x87, 0xff, 0xb, 0xf8, 0x3f, 0xf8, 0x3f, 0xc8,
    0x7d, 0xfc, 0x87, 0xfd, 0xfc, 0x87, 0xff, 0xb,
    0xf8, 0x3f, 0xf8, 0x3f, 0xc8, 0x7d, 0xfc, 0x87,
    0xfd, 0xfc, 0x87, 0xff, 0xb, 0xf8, 0x3f, 0xf8,
    0x3f, 0xc8, 0x7d, 0xfc, 0x1f, 0xfc, 0xf, 0xe4,
    0x3f, 0xf8, 0x5f, 0xc1, 0xe6, 0xe, 0xfe, 0x43,
    0xef, 0xe0, 0xff, 0xe0, 0x7f, 0x21, 0xff, 0xc2,
    0xfe, 0x9, 0xbe, 0xe, 0xfe, 0x43, 0xcf, 0xf0,
    0x7f, 0xf0, 0x3f, 0x90, 0xff, 0xe1, 0x7f, 0x4,
    0xfe, 0x43, 0x7f, 0x21, 0xe7, 0xf8, 0x3f, 0xf8,
    0x1f, 0xc8, 0x7f, 0xf0, 0xbf, 0x83, 0x7e, 0x83,
    0x7f, 0x21, 0xe7, 0xf8, 0x3f, 0xf8, 0x1f, 0xc8,
    0x7f, 0xf0, 0xbf, 0x83, 0x7f, 0x6, 0xfe, 0x43,
    0xd7, 0xf0, 0x7f, 0xf0, 0x3f, 0x90, 0xff, 0xe1,
    0x7f, 0x6, 0xbf, 0x21, 0x7f, 0x21, 0xef, 0xe8,
    0x3f, 0xf8, 0x1f, 0xc8, 0x7f, 0xf0, 0xbf, 0x83,
    0x3f, 0xa0, 0xbf, 0x90, 0xf7, 0xf4, 0x1f, 0xfc,
    0xf, 0xe4, 0x3f, 0xf8, 0x5f, 0xc1, 0xdf, 0xc1,
    0x7f, 0x21, 0xcf, 0xf2, 0x1f, 0xfc, 0xf, 0xe8,
    0x3f, 0xf8, 0x5f, 0xc1, 0xdf, 0xc8, 0x3f, 0x90,
    0xef, 0xf0, 0x7f, 0xf0, 0x7f, 0xc8, 0x7f, 0xf0,
    0x7f, 0x83, 0xaf, 0xc8, 0x3f, 0x90, 0xcf, 0xf4,
    0x1f, 0xfc, 0x1f, 0xff, 0xe0, 0xc1, 0xef, 0xe0,
    0xe6, 0x43, 0xbf, 0x90, 0xdf, 0xe4, 0x3f, 0xf8,
    0x3f, 0xff, 0xc1, 0x43, 0xdf, 0xc1, 0xff, 0xc1,
    0xfe, 0x42, 0xff, 0x83, 0xff, 0x85, 0x7f, 0xff,
    0x0, 0x3e, 0xfe, 0xf, 0xfe, 0xf, 0xf2, 0xf,
    0xf9, 0xf, 0xfe, 0x1f, 0xff, 0xf0, 0x3, 0xef,
    0xe0, 0xff, 0xe0, 0xff, 0x27, 0xfe, 0xf, 0xfe,
    0x2d, 0xff, 0xe0, 0x4b, 0xbf, 0x97, 0xff, 0x83,
    0xfc, 0x83, 0xfc, 0x1f, 0xfc, 0x85, 0xfe, 0x7,
    0xff, 0xf4, 0x10, 0xaf, 0x90, 0xff, 0xe9, 0xff,
    0xff, 0x41, 0xc, 0xf0, 0x7f, 0xf5, 0x3f, 0xff,
    0xa0, 0x87, 0x21, 0xff, 0xd5, 0xff, 0xfe, 0x82,
    0x1f, 0xfd, 0xba, 0x2d, 0xfd, 0x2f, 0xff, 0x3,
    0xf9, 0xf, 0xff, 0x7, 0xf0, 0x7f, 0xf0, 0x7f,
    0x90, 0xf7, 0xff, 0xf3, 0xc3, 0xfe, 0xfe, 0xf,
    0xfe, 0xf, 0xf2, 0x1e, 0xff, 0xfe, 0x78, 0x7f,
    0xdf, 0xc1, 0xff, 0xc1, 0xfe, 0x43, 0xdf, 0xff,
    0xcf, 0xf, 0xfb, 0xf8, 0x33, 0x61, 0xef, 0xe4,
    0x3d, 0xff, 0xfc, 0xf0, 0xff, 0xbf, 0x80, 0xfe,
    0x83, 0xbf, 0x90, 0xf7, 0xf4, 0xbf, 0xfc, 0x3f,
    0xf0, 0x7f, 0xdf, 0xc1, 0x7f, 0x7, 0x7f, 0x21,
    0xef, 0xe8, 0x3f, 0xf8, 0x77, 0xf0, 0x7f, 0xdf,
    0xc1, 0x7f, 0x21, 0xbf, 0x90, 0xf7, 0xf4, 0x1f,
    0xfc, 0x3b, 0xf4, 0x1f, 0xf7, 0xf0, 0x4f, 0xe8,
    0x37, 0xf2, 0x1e, 0xfe, 0x83, 0xff, 0x87, 0x7e,
    0x83, 0xfc, 0xfe, 0x83, 0x7f, 0x6, 0xfe, 0x43,
    0xdf, 0xd0, 0x7f, 0xf0, 0xef, 0xd0, 0x7f, 0x9f,
    0xd0, 0x6f, 0xe4, 0x2f, 0xe4, 0x3d, 0xfd, 0x7,
    0xff, 0xe, 0xfd, 0x7, 0xfa, 0xfd, 0x6, 0xbf,
    0x82, 0xfe, 0x43, 0xdf, 0xd0, 0x7f, 0xf0, 0xef,
    0xd0, 0x7f, 0xaf, 0xc8, 0x77, 0xf0, 0x5f, 0xc8,
    0x7b, 0xfa, 0xf, 0xfe, 0x1d, 0xfa, 0xf, 0xf7,
    0xf2, 0x1d, 0xfd, 0x3, 0xf9, 0xf, 0x7f, 0x41,
    0xff, 0xc3, 0xbf, 0x41, 0xfe, 0xfe, 0xf, 0x5e,
    0x90, 0xbf, 0x90, 0xf7, 0xf4, 0x1f, 0xfc, 0x3b,
    0xf4, 0x1f, 0xef, 0xe0, 0xf3, 0x7, 0xbf, 0x90,
    0xf7, 0xf4, 0x1f, 0xfc, 0x3b, 0xf4, 0x1f, 0xcf,
    0xf0, 0x7f, 0xf0, 0xbf, 0x90, 0xf7, 0xf4, 0x1f,
    0xfc, 0x3b, 0xf4, 0x1f, 0xd7, 0xe8, 0x3f, 0xf8,
    0x5f, 0xc8, 0x7b, 0xfa, 0xf, 0xfe, 0x1d, 0xfa,
    0xf, 0xef, 0xe4, 0x3f, 0xf8, 0x5f, 0xc8, 0x7b,
    0xfa, 0xf, 0xfe, 0x1d, 0xfa, 0xf, 0xcf, 0xf0,
    0x7f, 0xf0, 0xff, 0x90, 0xf7, 0xf4, 0x1f, 0xfc,
    0x3b, 0xf4, 0x1f, 0xaf, 0xe0, 0xff, 0xe1, 0xff,
    0x21, 0xef, 0xff, 0xe7, 0x41, 0xfb, 0xfa, 0xf,
    0xfe, 0xb, 0xfe, 0xf, 0xbf, 0xff, 0x9d, 0x7,
    0xcf, 0xf2, 0x1f, 0xdd, 0xff, 0xc1, 0xf7, 0xff,
    0xf3, 0xa0, 0xfb, 0xfc, 0x1f, 0xef, 0xff, 0x83,
    0xef, 0xff, 0xe7, 0x87, 0x9f, 0xe8, 0x3f, 0xd7,
    0xff, 0x21, 0xf7, 0xf4, 0xbf, 0xfc, 0x3f, 0xf0,
    0x7b, 0xfc, 0x87, 0xf9, 0xff, 0xd0, 0x7e, 0xfe,
    0x83, 0xff, 0x87, 0x7f, 0x7, 0xbf, 0xc1, 0xff,
    0xc0, 0xff, 0x90, 0xfe, 0xfe, 0x83, 0xff, 0x87,
    0x7f, 0x7, 0xd7, 0xd0, 0x7f, 0xf0, 0x3f, 0x90,
    0xff, 0xbf, 0xa0, 0xff, 0xe1, 0xdf, 0xc1, 0xfa,
    0xf0, 0x7f, 0xf0, 0x54, 0x1f, 0xfc, 0x3f, 0xe8,
    0x3f, 0xf8, 0x77, 0xf0, 0x7f, 0x50, 0x3f, 0xfa,
    0x5f, 0xd0, 0x7f, 0xf0, 0xef, 0xe0, 0xff, 0xfe,
    0x80,

    /* U+8272 "色" */
    0xf, 0xfe, 0x52, 0x1f, 0xff, 0x3f, 0x90, 0xff,
    0xf7, 0xbf, 0xe4, 0x3f, 0xfd, 0x9f, 0xf9, 0xf,
    0xff, 0x53, 0xff, 0x7, 0xff, 0xb3, 0xfe, 0xf,
    0xff, 0x65, 0xfe, 0xf, 0xff, 0x6f, 0xf9, 0xf,
    0xff, 0x67, 0xfa, 0xf, 0xff, 0x65, 0xff, 0xfd,
    0x40, 0xff, 0xe9, 0x3f, 0xff, 0xd4, 0xf, 0xfe,
    0x9f, 0xff, 0xf5, 0x10, 0xff, 0xe9, 0x7f, 0xff,
    0x52, 0xf, 0xfe, 0x97, 0xfc, 0xbf, 0xfc, 0x7f,
    0xf8, 0x3f, 0xfa, 0x57, 0xf9, 0xf, 0xfe, 0x3f,
    0xf8, 0x3f, 0xfa, 0x57, 0xf9, 0xf, 0xfe, 0x3d,
    0xfc, 0x87, 0xff, 0x46, 0xff, 0x41, 0xff, 0xc7,
    0x7f, 0xc1, 0xff, 0xd1, 0xff, 0xa0, 0xff, 0xe4,
    0x7f, 0x83, 0xff, 0xa0, 0xff, 0xd0, 0x7f, 0xf2,
    0x2f, 0xe4, 0x3f, 0xf9, 0xf7, 0xfd, 0x7, 0xff,
    0x21, 0xff, 0x7, 0xff, 0x39, 0xff, 0xd0, 0x7f,
    0xf2, 0x7f, 0xc1, 0xff, 0xce, 0xbf, 0xf4, 0x1f,
    0xfc, 0x9f, 0xf2, 0x1f, 0xfc, 0xc7, 0xff, 0xd5,
    0xff, 0xca, 0xff, 0x57, 0xff, 0xd, 0xf, 0xd7,
    0xff, 0xfa, 0x90, 0xfc, 0xff, 0xe7, 0xff, 0xfc,
    0x28, 0x7f, 0xbf, 0xc0, 0xff, 0xff, 0xa, 0x1f,
    0xf5, 0xe8, 0x2f, 0xff, 0xf0, 0x87, 0xff, 0x7,
    0x43, 0x7f, 0x41, 0xff, 0xc2, 0xfe, 0x43, 0xff,
    0x82, 0xff, 0x7, 0xff, 0x1f, 0xfa, 0xf, 0xfe,
    0x17, 0xf2, 0x1f, 0xfc, 0x17, 0xf8, 0x3f, 0xf8,
    0xff, 0xd0, 0x7f, 0xf0, 0xbf, 0x90, 0xff, 0xe0,
    0xbf, 0xc1, 0xff, 0xc7, 0xfe, 0x83, 0xff, 0x85,
    0xfc, 0x87, 0xff, 0x5, 0xfe, 0xf, 0xfe, 0x3f,
    0xf4, 0x1f, 0xfc, 0x2f, 0xe4, 0x3f, 0xf8, 0x2f,
    0xf0, 0x7f, 0xf1, 0xff, 0xa0, 0xff, 0xe1, 0x7f,
    0x21, 0xff, 0xc1, 0x7f, 0x83, 0xff, 0x8f, 0xfd,
    0x7, 0xff, 0xb, 0xf9, 0xf, 0xfe, 0xb, 0xfc,
    0x1f, 0xfc, 0x7f, 0xe8, 0x3f, 0xf8, 0x5f, 0xc8,
    0x7f, 0xf0, 0x5f, 0xe0, 0xff, 0xe3, 0xff, 0x41,
    0xff, 0xc2, 0xfe, 0x43, 0xff, 0x82, 0xff, 0x7,
    0xff, 0x1f, 0xfa, 0xf, 0xfe, 0x17, 0xf2, 0x1f,
    0xfc, 0x17, 0xf8, 0x3f, 0xf8, 0xff, 0xe5, 0xff,
    0xe1, 0x7f, 0x4b, 0xff, 0xc2, 0xfe, 0xf, 0xfe,
    0x3f, 0xff, 0xf8, 0x43, 0xff, 0x8f, 0xff, 0xfe,
    0x10, 0xff, 0xe3, 0xff, 0xff, 0x84, 0x3f, 0xf8,
    0xff, 0xff, 0xe1, 0x43, 0xff, 0x8d, 0xfd, 0x7,
    0xff, 0x55, 0xfe, 0x43, 0xff, 0x8d, 0xfd, 0x7,
    0xff, 0x55, 0xfe, 0x43, 0xff, 0x8d, 0xfd, 0x7,
    0xff, 0x55, 0xfe, 0x43, 0xff, 0x8d, 0xfd, 0x7,
    0xff, 0x5b, 0xf9, 0xf, 0xfe, 0x37, 0xf4, 0x1f,
    0xfe, 0xef, 0xe8, 0x3f, 0xfd, 0xdf, 0xd0, 0x7f,
    0xfb, 0xbf, 0xa0, 0xff, 0xf7, 0x7f, 0x41, 0xff,
    0xee, 0xfe, 0x83, 0xff, 0xdd, 0xfd, 0x7, 0xff,
    0xbb, 0xfa, 0xf, 0xfe, 0xee, 0x87, 0xff, 0xf,
    0xfa, 0xf, 0xfe, 0xef, 0xc8, 0x7f, 0xf0, 0x7f,
    0xc1, 0xff, 0xdc, 0xbf, 0x90, 0xff, 0xbf, 0xc1,
    0xff, 0xdc, 0xff, 0x7, 0xff, 0x3, 0xfe, 0xf,
    0xfe, 0xd5, 0xfd, 0x7, 0xff, 0x2, 0xff, 0x90,
    0xff, 0xeb, 0x3f, 0xf0, 0x7f, 0xf0, 0x5f, 0xff,
    0xf2, 0xc1, 0xff, 0xc2, 0xff, 0xff, 0x28, 0x7f,
    0xf1, 0x3f, 0xff, 0xc5, 0x7, 0xff, 0x1b, 0xff,
    0xfc, 0x8, 0x7f, 0xf2, 0x1a, 0x7f, 0xff, 0x5e,
    0x88, 0x7f, 0xff, 0x0,

    /* U+82B1 "花" */
    0xf, 0xff, 0xf8, 0x7f, 0xab, 0xc1, 0xff, 0xc2,
    0xff, 0x7, 0xff, 0x73, 0xfc, 0x1f, 0xfc, 0x2f,
    0xe8, 0x3f, 0xfb, 0x9f, 0xe0, 0xff, 0xe1, 0x7f,
    0x41, 0xff, 0xdc, 0xff, 0x7, 0xff, 0xb, 0xfa,
    0xf, 0xfe, 0xe7, 0xf4, 0x1f, 0xfc, 0x2f, 0xe8,
    0x3f, 0xfb, 0x9f, 0xd0, 0x7f, 0xf0, 0xbf, 0xa0,
    0xff, 0xee, 0x7f, 0x41, 0xff, 0xc2, 0xfe, 0x83,
    0xff, 0xb9, 0xfd, 0x7, 0xff, 0xb, 0xfa, 0xf,
    0xfe, 0x53, 0xff, 0xff, 0x28, 0xf, 0xff, 0xfc,
    0xa0, 0x3f, 0xff, 0xf2, 0x80, 0xff, 0xff, 0xca,
    0x3, 0xff, 0x57, 0xfb, 0xfd, 0x5f, 0xfc, 0x2f,
    0xf5, 0x7f, 0xf0, 0xbf, 0xa0, 0xff, 0xe4, 0x7f,
    0x41, 0xff, 0xc2, 0xfe, 0x83, 0xff, 0xb9, 0xfd,
    0x7, 0xff, 0xb, 0xfa, 0xf, 0xfe, 0xe7, 0xf4,
    0x1f, 0xfc, 0x2f, 0xe8, 0x3f, 0xfb, 0x9f, 0xd0,
    0x7f, 0xf0, 0xbf, 0xa0, 0xff, 0xee, 0x7f, 0x83,
    0xff, 0x85, 0xfd, 0x7, 0xff, 0x6d, 0xff, 0x7,
    0xff, 0xb, 0xfc, 0x1f, 0xff, 0xf0, 0xff, 0xea,
    0x41, 0xff, 0xf4, 0xbc, 0x87, 0xff, 0x1, 0xfe,
    0x43, 0xff, 0xbc, 0xff, 0x21, 0xfe, 0x7f, 0x90,
    0xff, 0xef, 0x7f, 0xe4, 0x3f, 0x3f, 0xc8, 0x7f,
    0xf7, 0x7f, 0xf2, 0x1f, 0xef, 0xe4, 0x3f, 0xf8,
    0x28, 0x7f, 0xf3, 0xbf, 0xf0, 0x7f, 0xf0, 0x3f,
    0x90, 0xff, 0xe0, 0x7a, 0xf, 0xfe, 0x65, 0xff,
    0x7, 0xff, 0x7, 0xf8, 0x3f, 0xf8, 0x17, 0xe0,
    0xff, 0xe5, 0x5f, 0xf0, 0x7f, 0xf0, 0xbf, 0x83,
    0xfe, 0xbf, 0xd0, 0x7f, 0xf1, 0xef, 0xf8, 0x3f,
    0xf8, 0x7f, 0xc1, 0xfe, 0x7f, 0xf4, 0x1f, 0xfc,
    0x5b, 0xfe, 0xf, 0xfe, 0x27, 0xf0, 0x7f, 0x3f,
    0xf9, 0xf, 0xfe, 0x2d, 0xff, 0x41, 0xff, 0xc4,
    0xfe, 0xf, 0xcf, 0xfd, 0x7, 0xff, 0x1a, 0xff,
    0xd0, 0x7f, 0xf1, 0x3f, 0x83, 0xe7, 0xfe, 0x83,
    0xff, 0x8d, 0xff, 0xe8, 0x3f, 0xf8, 0x9f, 0xc1,
    0xeb, 0xfe, 0x43, 0xff, 0x8d, 0xff, 0xf4, 0x1f,
    0xfc, 0x4f, 0xe0, 0xeb, 0xfe, 0x43, 0xff, 0x8a,
    0xff, 0xff, 0x2, 0xf, 0xfe, 0x27, 0xf0, 0x6f,
    0xfc, 0x87, 0xff, 0x15, 0xff, 0xfe, 0xc, 0x1f,
    0xfc, 0x4f, 0xe0, 0x3f, 0xf8, 0x3f, 0xf8, 0xdf,
    0xfa, 0x3f, 0xa0, 0xff, 0xe2, 0x7f, 0x37, 0xfd,
    0x7, 0xff, 0x15, 0xff, 0xd0, 0x3f, 0xa0, 0xff,
    0xe2, 0x7f, 0xff, 0x5, 0xf, 0xfe, 0x2f, 0xff,
    0x21, 0x7f, 0x41, 0xff, 0xc4, 0xff, 0xfe, 0x0,
    0x7f, 0xf1, 0xff, 0xf2, 0x1b, 0xfa, 0xf, 0xfe,
    0x27, 0xff, 0xa0, 0xff, 0xe4, 0x3f, 0xe0, 0xf7,
    0xf4, 0x1f, 0xfc, 0x37, 0xff, 0x90, 0xff, 0xe5,
    0x5f, 0x41, 0xf7, 0xf4, 0x1f, 0xfc, 0x2b, 0xff,
    0x83, 0xff, 0x9b, 0xe4, 0x3f, 0x7f, 0x41, 0xff,
    0xc0, 0xbf, 0xf9, 0xf, 0xfe, 0x72, 0x1f, 0xef,
    0xe8, 0x3f, 0xcf, 0xff, 0x90, 0xff, 0xed, 0x7f,
    0x41, 0xf9, 0xff, 0xfe, 0x0, 0x7f, 0xf6, 0xff,
    0xa0, 0xf5, 0xff, 0xfc, 0x20, 0xff, 0xed, 0xff,
    0x41, 0x3f, 0xff, 0xc5, 0xf, 0xfe, 0xdf, 0xf4,
    0x7, 0xff, 0xe4, 0xfe, 0xf, 0xfe, 0xdf, 0xf4,
    0x13, 0xff, 0x90, 0xbf, 0x83, 0xff, 0xb7, 0xfd,
    0x6, 0xbf, 0x90, 0xef, 0xe0, 0xff, 0xed, 0xff,
    0x41, 0xdf, 0x41, 0xf7, 0xf0, 0x7f, 0xf1, 0x90,
    0xff, 0xe4, 0x7f, 0x41, 0xe8, 0x3f, 0xbf, 0x83,
    0xff, 0x8d, 0x68, 0x7f, 0xf1, 0xbf, 0xa0, 0xff,
    0xe2, 0x7f, 0x7, 0xff, 0x1b, 0xf4, 0x87, 0xff,
    0xf, 0xfa, 0xf, 0xfe, 0x27, 0xf0, 0x7f, 0xf1,
    0xbf, 0xc1, 0xff, 0xc3, 0xfe, 0x83, 0xff, 0x89,
    0xfc, 0x1f, 0xfc, 0x57, 0xfc, 0x1f, 0xfc, 0x3f,
    0xe8, 0x3f, 0xf8, 0x9f, 0xc8, 0x7f, 0xf1, 0x3f,
    0xd0, 0x7f, 0xf0, 0xff, 0xa0, 0xff, 0xe2, 0x7f,
    0x41, 0xff, 0xc3, 0x7f, 0xc1, 0xff, 0xc4, 0xfe,
    0x83, 0xff, 0x89, 0xfe, 0x83, 0xff, 0x83, 0x7f,
    0xc1, 0xff, 0xc4, 0xfe, 0x83, 0xff, 0x89, 0xff,
    0xfc, 0xf4, 0x3f, 0xf8, 0x9f, 0xd0, 0x7f, 0xf1,
    0x3f, 0xff, 0x9e, 0x1f, 0xfc, 0x5f, 0xe8, 0x3f,
    0xf8, 0x8f, 0xff, 0xf3, 0x43, 0xff, 0x8d, 0xfd,
    0x7, 0xff, 0x15, 0xff, 0xfe, 0x54, 0x1f, 0xfc,
    0x7f, 0xe8, 0x3f, 0xf9, 0xb, 0x57, 0xff, 0x5,
    0x60, 0xff, 0xe4, 0xff, 0x83, 0xff, 0xe0, 0xbe,
    0xf, 0xff, 0x10,

    /* U+8349 "草" */
    0xf, 0xfe, 0x3d, 0xfc, 0x1f, 0xfc, 0x37, 0xf9,
    0xf, 0xfe, 0xdd, 0xfc, 0x1f, 0xfc, 0x37, 0xf9,
    0xf, 0xfe, 0xdd, 0xfc, 0x1f, 0xfc, 0x37, 0xf9,
    0xf, 0xfe, 0xdd, 0xfc, 0x1f, 0xfc, 0x4f, 0xe4,
    0x3f, 0xfb, 0x77, 0xf0, 0x7f, 0xf1, 0x3f, 0x90,
    0xff, 0xed, 0xdf, 0xc1, 0xff, 0xc4, 0xfe, 0xf,
    0xfe, 0x62, 0xc1, 0xff, 0xc1, 0xbf, 0x83, 0xff,
    0x89, 0xfc, 0x87, 0xff, 0x9, 0x60, 0xeb, 0xff,
    0xfe, 0x21, 0xd7, 0xff, 0xfc, 0x43, 0xaf, 0xff,
    0xf8, 0x87, 0x5f, 0xff, 0xf1, 0xe, 0xbf, 0xab,
    0xfe, 0xff, 0x57, 0xff, 0x13, 0xfa, 0xbf, 0xf8,
    0x5f, 0x83, 0xff, 0x95, 0x7f, 0x7, 0xff, 0x13,
    0xf8, 0x3f, 0xfb, 0x97, 0xf0, 0x7f, 0xf1, 0x3f,
    0x83, 0xff, 0xb9, 0x7f, 0x7, 0xff, 0x13, 0xf9,
    0xf, 0xfe, 0xdd, 0xfc, 0x1f, 0xfc, 0x4f, 0xe4,
    0x3f, 0xfb, 0x77, 0xf0, 0x7f, 0xf1, 0x3f, 0x90,
    0xff, 0xed, 0xb5, 0x90, 0xff, 0xe2, 0x57, 0x21,
    0xff, 0xff, 0xf, 0xfe, 0x4b, 0xff, 0xfe, 0x20,
    0xff, 0xe4, 0x3f, 0xff, 0xe2, 0xf, 0xfe, 0x4f,
    0xff, 0xf8, 0x83, 0xff, 0x93, 0xff, 0xfe, 0x20,
    0xff, 0xe4, 0xff, 0x4b, 0xff, 0xd6, 0xbf, 0x83,
    0xff, 0x93, 0xfc, 0x87, 0xff, 0x59, 0xfe, 0xf,
    0xfe, 0x4f, 0xf2, 0x1f, 0xfd, 0x67, 0xf8, 0x3f,
    0xf9, 0x3f, 0xc8, 0x7f, 0xf5, 0x9f, 0xe0, 0xff,
    0xe4, 0xff, 0x21, 0xff, 0xd6, 0x7f, 0x83, 0xff,
    0x93, 0xfc, 0x87, 0xff, 0x59, 0xfe, 0xf, 0xfe,
    0x4f, 0xff, 0xf8, 0x83, 0xff, 0x93, 0xff, 0xfe,
    0x20, 0xff, 0xe4, 0xff, 0xff, 0x88, 0x3f, 0xf9,
    0x3f, 0xff, 0xe2, 0xf, 0xfe, 0x4f, 0xf5, 0x7f,
    0xf6, 0x3f, 0x83, 0xff, 0x93, 0xfc, 0x87, 0xff,
    0x59, 0xfe, 0xf, 0xfe, 0x4f, 0xf2, 0x1f, 0xfd,
    0x67, 0xf8, 0x3f, 0xf9, 0x3f, 0xc8, 0x7f, 0xf5,
    0x9f, 0xe0, 0xff, 0xe4, 0xff, 0x21, 0xff, 0xd6,
    0x7f, 0x83, 0xff, 0x93, 0xfc, 0x87, 0xff, 0x59,
    0xfe, 0xf, 0xfe, 0x4f, 0xff, 0xf8, 0x83, 0xff,
    0x93, 0xff, 0xfe, 0x20, 0xff, 0xe4, 0xff, 0xff,
    0x88, 0x3f, 0xf9, 0xf, 0xff, 0xf8, 0x83, 0xff,
    0x92, 0xbf, 0xfc, 0x8f, 0xe9, 0x7f, 0xf9, 0x1,
    0xff, 0xdd, 0xfe, 0x43, 0xff, 0xe3, 0xfc, 0x87,
    0xff, 0xc7, 0xf9, 0xf, 0xff, 0x8f, 0xf2, 0x1f,
    0xff, 0x1f, 0xe4, 0x3f, 0xfa, 0x6b, 0xc1, 0xff,
    0xcd, 0xfe, 0x43, 0xff, 0x96, 0xbf, 0x1f, 0xff,
    0xf6, 0x3f, 0xff, 0xec, 0x7f, 0xff, 0xd8, 0xff,
    0xff, 0xb1, 0x75, 0xff, 0xd0, 0xfe, 0xaf, 0xfe,
    0x8f, 0x83, 0xff, 0xa7, 0xfc, 0x87, 0xff, 0xc7,
    0xf9, 0xf, 0xff, 0x8f, 0xf2, 0x1f, 0xff, 0x1f,
    0xe4, 0x3f, 0xfe, 0x3f, 0xc8, 0x7f, 0xfc, 0x7f,
    0x90, 0xff, 0xf8, 0xff, 0x21, 0xff, 0xf1, 0xfe,
    0x43, 0xff, 0xe3, 0xfc, 0x87, 0xff, 0xc1, 0xfe,
    0x43, 0xff, 0xfe, 0x1f, 0xfc, 0xb0,

    /* U+83B2 "莲" */
    0xf, 0xfe, 0x32, 0xf0, 0x7f, 0xf1, 0x57, 0x83,
    0xff, 0xb2, 0xff, 0x41, 0xff, 0xc4, 0xfe, 0x43,
    0xff, 0xb3, 0xfc, 0x87, 0xff, 0x13, 0xf9, 0xf,
    0xfe, 0xcf, 0xf2, 0x1f, 0xfc, 0x4f, 0xe4, 0x3f,
    0xfb, 0x3f, 0xc8, 0x7f, 0xf1, 0x3f, 0x90, 0xff,
    0xec, 0xff, 0x21, 0xff, 0xc4, 0xfe, 0x43, 0xff,
    0x90, 0x87, 0xff, 0x13, 0xf9, 0xf, 0xfe, 0x27,
    0xf2, 0x1f, 0xfc, 0x45, 0x1f, 0xff, 0xf4, 0x7f,
    0xff, 0xe8, 0xff, 0xff, 0xd1, 0xff, 0xff, 0xa2,
    0xf8, 0x3f, 0xf8, 0x3f, 0xc8, 0x7f, 0xf0, 0xdf,
    0xe4, 0x3f, 0xf8, 0x2b, 0xc1, 0xff, 0xc7, 0xfe,
    0x43, 0xff, 0x89, 0xfc, 0x87, 0xff, 0x67, 0xf9,
    0xf, 0xfe, 0x27, 0xf2, 0x1f, 0xfd, 0x9f, 0xe4,
    0x3f, 0xd2, 0x1b, 0xf9, 0xf, 0xfe, 0xc3, 0xfc,
    0x87, 0xfb, 0xe4, 0x1f, 0xc8, 0x7f, 0xf4, 0x1b,
    0x83, 0xff, 0x90, 0xff, 0x21, 0xff, 0xd4, 0x7f,
    0x83, 0xff, 0x91, 0xfe, 0x43, 0xff, 0xa8, 0xff,
    0x21, 0xff, 0xc6, 0x7f, 0xa0, 0xff, 0xeb, 0x7f,
    0x41, 0xff, 0xc6, 0xbf, 0x83, 0xff, 0xaf, 0xfe,
    0xf, 0x2c, 0x1f, 0xdf, 0xc8, 0x7f, 0xf2, 0x56,
    0xf, 0xfa, 0xfe, 0x43, 0xbf, 0xff, 0xbc, 0x1f,
    0xf3, 0xfd, 0x7, 0x7f, 0xff, 0x78, 0x3f, 0xf8,
    0x1f, 0xe0, 0xef, 0xff, 0xef, 0x7, 0xff, 0x3,
    0xfc, 0x1d, 0xff, 0xfd, 0xe0, 0xff, 0xe0, 0x5e,
    0x83, 0xff, 0x89, 0x7f, 0x7, 0xff, 0x71, 0xf,
    0xfe, 0x37, 0xf0, 0x7f, 0xfb, 0xef, 0xd0, 0x79,
    0x78, 0x3f, 0xfc, 0x6f, 0xf0, 0x7d, 0xfc, 0x87,
    0xff, 0x8b, 0xf9, 0xf, 0xbf, 0x90, 0xff, 0xf0,
    0xff, 0x83, 0xf7, 0xf2, 0x1f, 0xfc, 0x8f, 0xff,
    0xe1, 0x21, 0xfd, 0xfe, 0x43, 0xf7, 0xf2, 0x1f,
    0xfc, 0x8f, 0xff, 0xe1, 0x21, 0xf3, 0xff, 0x7,
    0xf7, 0xf0, 0x7f, 0xf2, 0x7f, 0xff, 0x84, 0x1f,
    0x3f, 0xf5, 0x7f, 0xbf, 0xab, 0xff, 0x83, 0xa1,
    0xef, 0xff, 0xe1, 0x7, 0xd7, 0xff, 0xf6, 0x20,
    0xf5, 0x65, 0xd7, 0xf0, 0x7e, 0xff, 0xfe, 0xc4,
    0x1f, 0xfc, 0x3f, 0xe0, 0xfd, 0x7f, 0xff, 0x5e,
    0xf, 0xfe, 0x1f, 0xf0, 0x7e, 0x7f, 0xf5, 0x7e,
    0xfe, 0xaf, 0xf7, 0xe8, 0x3f, 0xf8, 0x7f, 0xc1,
    0xfd, 0x28, 0x3f, 0xf8, 0x3f, 0xc1, 0xff, 0xd2,
    0xfe, 0xf, 0xfe, 0x6f, 0xf0, 0x7f, 0xf4, 0xbf,
    0x83, 0xff, 0x9b, 0xfc, 0x1f, 0xfd, 0x2f, 0xe0,
    0xff, 0xe6, 0xff, 0x7, 0xff, 0x4b, 0xf8, 0x3f,
    0xf9, 0xbf, 0xc1, 0xff, 0xd2, 0xfe, 0xe, 0x5f,
    0xfe, 0x47, 0xf2, 0xff, 0xf1, 0x83, 0xff, 0x81,
    0xfc, 0x1d, 0xff, 0xfd, 0xf0, 0xff, 0xe0, 0x7f,
    0x7, 0x7f, 0xff, 0x7c, 0x3f, 0xf8, 0x1f, 0xc1,
    0xdf, 0xff, 0xdf, 0xf, 0xfe, 0x7, 0xf0, 0x77,
    0xea, 0xff, 0xe2, 0x7f, 0x57, 0xff, 0x7, 0xf8,
    0x3f, 0xf8, 0x1f, 0xc1, 0xff, 0xcd, 0xfe, 0xf,
    0xfe, 0x97, 0xf0, 0x7f, 0xf3, 0x7f, 0x83, 0xff,
    0xa5, 0xfc, 0x1f, 0xfc, 0xdf, 0xe4, 0x3f, 0xfa,
    0x3f, 0xc1, 0xff, 0xcd, 0xfe, 0x43, 0xff, 0xa1,
    0x7f, 0x90, 0xff, 0xe5, 0xff, 0x21, 0xff, 0xce,
    0x7f, 0xfa, 0xf, 0xfe, 0x57, 0xf2, 0x1f, 0xfc,
    0xdb, 0xff, 0xf8, 0x10, 0x7f, 0xf2, 0x3f, 0x90,
    0xff, 0xe5, 0xbf, 0xff, 0xc4, 0x90, 0xff, 0xe2,
    0xff, 0x21, 0xff, 0xca, 0xff, 0xd0, 0x1f, 0xff,
    0x48, 0x7f, 0xf0, 0x7f, 0x90, 0xff, 0xe4, 0x3f,
    0xf9, 0xe, 0xbf, 0xff, 0x83, 0x45, 0x7, 0xff,
    0x31, 0x6b, 0x82, 0xff, 0xa0, 0xfd, 0x7f, 0xff,
    0x80, 0x3b, 0xfa, 0xf, 0xfa, 0xff, 0xfe, 0xec,
    0x1e, 0xfc, 0x1f, 0xfc, 0x26, 0xff, 0xfe, 0xd2,
    0x1f, 0x78, 0x3f, 0xf9, 0xd, 0xff, 0xfd, 0x50,
    0xfc, 0x87, 0xff, 0x3d, 0xab, 0xff, 0xf9, 0xa1,
    0xff, 0xe1, 0x5d, 0x5f, 0xfc, 0x34, 0x20,

    /* U+83DC "菜" */
    0xf, 0xfe, 0xe2, 0xf8, 0x3f, 0xfb, 0xbf, 0xe0,
    0xff, 0xe1, 0x7f, 0x83, 0xff, 0xbb, 0xfe, 0xf,
    0xfe, 0x17, 0xf8, 0x3f, 0xfb, 0xbf, 0xe0, 0xff,
    0xe1, 0x7f, 0x83, 0xff, 0xbb, 0x7f, 0x7, 0xff,
    0xb, 0xfa, 0xf, 0xfe, 0xed, 0xfc, 0x1f, 0xfc,
    0x2b, 0xf4, 0x1f, 0xfd, 0xdb, 0xf4, 0x1f, 0xfc,
    0x2b, 0xf4, 0x1f, 0xfc, 0xaf, 0xff, 0xfa, 0x40,
    0xff, 0xff, 0xa4, 0xf, 0xff, 0xfa, 0x40, 0xff,
    0xff, 0xa4, 0xf, 0xff, 0xfa, 0x41, 0xff, 0xc9,
    0xbf, 0x41, 0xff, 0xc2, 0xbf, 0x41, 0xff, 0xdd,
    0xbf, 0x41, 0xff, 0xc2, 0xbf, 0x41, 0xff, 0xdd,
    0xfe, 0x83, 0xff, 0x85, 0x7f, 0x7, 0xff, 0x77,
    0xfa, 0xf, 0xfe, 0x15, 0xfc, 0x1f, 0xfd, 0xda,
    0xe4, 0x3f, 0xf8, 0x6b, 0xc1, 0xf9, 0xb0, 0xff,
    0xf6, 0xaa, 0x9f, 0xe4, 0x3f, 0xfb, 0xeb, 0xab,
    0x7f, 0xff, 0x10, 0x3f, 0xf8, 0x4b, 0xff, 0xc0,
    0xaf, 0xbf, 0xff, 0xad, 0x7, 0xff, 0x6, 0xff,
    0xff, 0x4a, 0x1f, 0xfc, 0x1f, 0xff, 0xf5, 0x7,
    0xff, 0x5, 0xff, 0xfe, 0xad, 0x72, 0xf8, 0x3f,
    0xf9, 0x7f, 0xff, 0xc3, 0xac, 0xbc, 0x1f, 0xfc,
    0x84, 0x3f, 0xf9, 0x4c, 0xb8, 0x3f, 0xf8, 0xad,
    0xc1, 0xff, 0xc5, 0xf9, 0xf, 0xfe, 0x6a, 0x1f,
    0xfc, 0x2f, 0xf0, 0x7f, 0xf1, 0x1f, 0xe8, 0x3f,
    0xf9, 0x2f, 0xc1, 0xff, 0xc1, 0xbf, 0xa0, 0xff,
    0xe1, 0xff, 0xc1, 0xff, 0xc7, 0x7f, 0xa0, 0xff,
    0xe0, 0xff, 0x83, 0xff, 0x85, 0x7f, 0x83, 0xff,
    0x91, 0x7f, 0x90, 0xff, 0xe0, 0x5f, 0xd0, 0x7f,
    0xf0, 0x7f, 0xc8, 0x7f, 0xf2, 0x6f, 0xf0, 0x7f,
    0xf0, 0x7f, 0xc1, 0xff, 0xc0, 0xbf, 0xa0, 0xff,
    0xe5, 0xff, 0xc1, 0xff, 0xc0, 0xbf, 0xa0, 0xff,
    0x3f, 0xe0, 0xff, 0xe6, 0xff, 0xa0, 0xff, 0x9f,
    0xf0, 0x7f, 0xbf, 0xc8, 0x7f, 0xf3, 0x5f, 0xf0,
    0x7f, 0xf0, 0x3f, 0x48, 0x7f, 0x7f, 0xc1, 0xff,
    0xcf, 0xff, 0x83, 0xfe, 0xb8, 0x3f, 0xeb, 0xfc,
    0x1f, 0xfd, 0x1f, 0xf2, 0x1f, 0xcf, 0xf0, 0x7f,
    0x7f, 0xa0, 0xff, 0xe8, 0xdf, 0x90, 0xff, 0x3f,
    0xc1, 0xfe, 0x7f, 0x7, 0xff, 0x4f, 0xd0, 0x7f,
    0xf0, 0x1f, 0xe0, 0xff, 0xe0, 0x3a, 0x1f, 0xfd,
    0x34, 0x3f, 0xf8, 0x7f, 0xc1, 0xff, 0xf2, 0xfe,
    0xf, 0xff, 0x97, 0xf0, 0x7f, 0xf4, 0xdf, 0xff,
    0xfa, 0x43, 0xff, 0xff, 0x48, 0x7f, 0xff, 0xe9,
    0xf, 0xff, 0xfd, 0x21, 0xff, 0xff, 0xa4, 0x1f,
    0xfc, 0xbb, 0xfc, 0xf, 0xe2, 0xfe, 0x43, 0xff,
    0xc0, 0xff, 0x82, 0xfe, 0x5, 0xfc, 0x87, 0xff,
    0x79, 0xff, 0x21, 0x7f, 0x5, 0xfe, 0x83, 0xff,
    0xb8, 0xff, 0x90, 0xdf, 0xc1, 0xbf, 0xe0, 0xff,
    0xed, 0x3f, 0xe4, 0x3b, 0xf8, 0x3b, 0xfe, 0x43,
    0xff, 0xae, 0xff, 0xa0, 0xf7, 0xf0, 0x7b, 0xfe,
    0x83, 0xff, 0xab, 0x7f, 0xa0, 0xfb, 0xf8, 0x3e,
    0xff, 0xc8, 0x7f, 0xf4, 0xbf, 0xe4, 0x3f, 0x7f,
    0x7, 0xef, 0xfe, 0xf, 0xfe, 0x7b, 0xff, 0x21,
    0xfd, 0xfc, 0x1f, 0xd7, 0xfe, 0x83, 0xff, 0x99,
    0x7f, 0xc8, 0x7f, 0xbf, 0x83, 0xfd, 0x7f, 0xf4,
    0x87, 0xff, 0x1d, 0xff, 0xc1, 0xff, 0xc0, 0xfe,
    0xf, 0xf9, 0xff, 0xf9, 0xf, 0xfe, 0x25, 0xff,
    0x83, 0xff, 0x83, 0xfc, 0x1f, 0xfc, 0x1f, 0xff,
    0xe0, 0x48, 0x7f, 0xd7, 0xfe, 0x83, 0xff, 0x85,
    0xfc, 0x1f, 0xfc, 0x2b, 0xff, 0xf8, 0x50, 0x73,
    0x7f, 0xf2, 0x1f, 0xfc, 0x3f, 0xe0, 0xff, 0xe2,
    0x7f, 0xff, 0x5, 0x3, 0x7f, 0xfc, 0x1f, 0xfc,
    0x5f, 0xe0, 0xff, 0xe2, 0xbf, 0xfd, 0x4, 0xff,
    0xfc, 0x87, 0xff, 0x1b, 0xf8, 0x3f, 0xf8, 0xf7,
    0xfa, 0xf, 0x5f, 0xf4, 0x1f, 0xfc, 0x8f, 0xe0,
    0xff, 0xe4, 0xdf, 0x83, 0xf3, 0xfc, 0x87, 0xff,
    0x21, 0xfe, 0xf, 0xfe, 0x5d, 0x87, 0xf9, 0xf4,
    0x1f, 0xfc, 0xa7, 0xf8, 0x3f, 0xfb, 0x8, 0x7f,
    0xf3, 0x1f, 0xe0, 0xff, 0xf8, 0xbf, 0xc1, 0xff,
    0xd3,

    /* U+84DD "蓝" */
    0xf, 0xfe, 0xea, 0xf0, 0x7f, 0xf7, 0xff, 0xc1,
    0xff, 0xc1, 0xbf, 0x90, 0xff, 0xef, 0x7f, 0x41,
    0xff, 0xc1, 0x7f, 0x83, 0xff, 0xbf, 0xfc, 0x87,
    0xff, 0x5, 0xfe, 0xf, 0xfe, 0xff, 0xf2, 0x1f,
    0xfc, 0x17, 0xf8, 0x3f, 0xfb, 0xff, 0xc8, 0x7f,
    0xf0, 0x5f, 0xd0, 0x7f, 0xf7, 0xff, 0x90, 0xff,
    0xe0, 0xbf, 0xa0, 0xff, 0xe5, 0xbf, 0xf5, 0x7f,
    0xf0, 0x3f, 0xd5, 0xff, 0xc1, 0xff, 0x57, 0xff,
    0x7, 0xff, 0x1, 0xff, 0xff, 0xa8, 0x1f, 0xff,
    0xfa, 0x81, 0xff, 0xff, 0xa8, 0x1f, 0xff, 0xfa,
    0x87, 0xff, 0x2b, 0xf9, 0xf, 0xfe, 0xb, 0xfa,
    0xf, 0xfe, 0x42, 0x1f, 0xfc, 0xaf, 0xe4, 0x3f,
    0xf8, 0x2f, 0xe8, 0x3f, 0xfb, 0xff, 0xc8, 0x7f,
    0xf0, 0x5f, 0xe0, 0xff, 0xef, 0xff, 0x41, 0xff,
    0xc1, 0x7f, 0x83, 0xff, 0xbf, 0xfe, 0xf, 0xfe,
    0xd, 0xfc, 0x1f, 0xff, 0x35, 0xe0, 0xff, 0xf9,
    0x21, 0xff, 0xf7, 0xf4, 0x1f, 0xfe, 0x3f, 0xe8,
    0x3f, 0xf8, 0x1f, 0xc8, 0x7f, 0xf4, 0xeb, 0x83,
    0xf7, 0xf4, 0x1f, 0xf3, 0xff, 0x7, 0xff, 0x4b,
    0xf8, 0x3f, 0x7f, 0x41, 0xff, 0x7f, 0xc1, 0xff,
    0xd3, 0xfe, 0xf, 0xdf, 0xd0, 0x7f, 0xdf, 0xe4,
    0x3f, 0xfa, 0x7f, 0xc1, 0xfb, 0xf9, 0xf, 0xf5,
    0xfd, 0x7, 0xff, 0x53, 0xf8, 0x3f, 0x7f, 0x21,
    0xfe, 0xff, 0x2f, 0xff, 0x1a, 0x88, 0x7f, 0xf0,
    0x3f, 0x83, 0xf7, 0xf2, 0x1f, 0xd7, 0xff, 0xf3,
    0xc3, 0xff, 0x81, 0xfc, 0x1f, 0xbf, 0x90, 0xfe,
    0xff, 0xfe, 0x80, 0x7f, 0xf0, 0x3f, 0x83, 0xf7,
    0xf2, 0x1f, 0xaf, 0xff, 0xe8, 0x7, 0xff, 0x3,
    0xf8, 0x3f, 0x7f, 0x21, 0xfb, 0xff, 0xfa, 0x21,
    0xff, 0xc0, 0xfe, 0xf, 0xdf, 0xc8, 0x7d, 0x7f,
    0x41, 0xff, 0xc5, 0x5f, 0x7, 0xff, 0x3, 0xf8,
    0x3f, 0x7f, 0x21, 0xe7, 0xfc, 0x1f, 0xa0, 0xff,
    0xe7, 0xff, 0x7, 0xef, 0xe4, 0x3d, 0xfe, 0x43,
    0xcf, 0xc1, 0xff, 0xce, 0xfe, 0xf, 0xdf, 0xc8,
    0x75, 0xfd, 0x7, 0xaf, 0xd0, 0x7f, 0xf3, 0x7f,
    0x83, 0xf7, 0xf2, 0x19, 0xff, 0x7, 0xaf, 0xf2,
    0x1f, 0xfc, 0xcf, 0xe0, 0xfd, 0xfc, 0x84, 0xff,
    0xa0, 0xfa, 0xff, 0x21, 0xff, 0xcb, 0xfe, 0xf,
    0xdf, 0xc8, 0x5f, 0xf0, 0x7f, 0x5f, 0xe0, 0xff,
    0xe5, 0xff, 0x7, 0xef, 0xe4, 0x17, 0xf9, 0xf,
    0xf7, 0xfc, 0x1f, 0xfc, 0xaf, 0xe0, 0xfd, 0xfd,
    0x4, 0xfe, 0x83, 0xff, 0x81, 0xfe, 0x83, 0xff,
    0x93, 0xfc, 0x1f, 0xbf, 0xa0, 0xeb, 0xc1, 0xff,
    0xc1, 0xbf, 0xc8, 0x7f, 0xf1, 0xdf, 0xe0, 0xfd,
    0xfd, 0x7, 0x94, 0x1f, 0xfc, 0x2f, 0xe4, 0x3f,
    0xf9, 0x2b, 0xc1, 0xfb, 0xfa, 0xf, 0xfe, 0x5f,
    0xa0, 0xff, 0xfa, 0xa8, 0x3f, 0xff, 0xe1, 0xff,
    0xff, 0xf, 0xf5, 0xff, 0xfe, 0x50, 0xff, 0xe3,
    0x5f, 0xff, 0xe5, 0xf, 0xfe, 0x35, 0xff, 0xfe,
    0x50, 0xff, 0xe3, 0x5f, 0xff, 0xe5, 0xf, 0xfe,
    0x35, 0xfc, 0xbf, 0xdf, 0xd2, 0xfe, 0xbf, 0x97,
    0xfa, 0xfe, 0xf, 0xfe, 0x35, 0xfc, 0x1f, 0xd7,
    0xe4, 0x3f, 0x3f, 0xc1, 0xfc, 0xff, 0x7, 0xff,
    0x1a, 0xfe, 0xf, 0xeb, 0xf2, 0x1f, 0x9f, 0xe0,
    0xfe, 0x7f, 0x83, 0xff, 0x8c, 0xff, 0x7, 0xf5,
    0xf9, 0xf, 0xcf, 0xf0, 0x7f, 0x3f, 0xc1, 0xff,
    0xc6, 0x7f, 0x83, 0xfa, 0xfc, 0x87, 0xe7, 0xf8,
    0x3f, 0x9f, 0xe0, 0xff, 0xe3, 0x3f, 0xc1, 0xfd,
    0x7e, 0x43, 0xf3, 0xfc, 0x1f, 0xcf, 0xf0, 0x7f,
    0xf1, 0x9f, 0xe0, 0xfe, 0xbf, 0x21, 0xf9, 0xfe,
    0xf, 0xe7, 0xf8, 0x3f, 0xf8, 0xcf, 0xf0, 0x7f,
    0x5f, 0x90, 0xfc, 0xff, 0x7, 0xf3, 0xfc, 0x1f,
    0xfc, 0x67, 0xf8, 0x3f, 0xaf, 0xc8, 0x7e, 0x7f,
    0x83, 0xf9, 0xfe, 0xf, 0xfe, 0x33, 0xfc, 0x1f,
    0xd7, 0xe4, 0x3f, 0x3f, 0xc1, 0xfc, 0xff, 0x7,
    0xff, 0x19, 0xfe, 0xf, 0xeb, 0xf2, 0x1f, 0x9f,
    0xe0, 0xfe, 0x7f, 0x83, 0xff, 0x8c, 0xff, 0x7,
    0xf5, 0xf9, 0xf, 0xcf, 0xf0, 0x7f, 0x3f, 0xc1,
    0xfe, 0xff, 0xff, 0xb4, 0x7f, 0xff, 0xda, 0x3f,
    0xff, 0xed, 0x1f, 0xff, 0xf6, 0x8f, 0xea, 0xff,
    0xf6, 0x7f, 0x40,

    /* U+866B "虫" */
    0xf, 0xff, 0xf8, 0x7f, 0xf2, 0x7f, 0xc1, 0xff,
    0xf1, 0xff, 0x7, 0xff, 0xc7, 0xfc, 0x1f, 0xff,
    0x1f, 0xf0, 0x7f, 0xfc, 0x7f, 0xc1, 0xff, 0xf1,
    0xff, 0x7, 0xff, 0xc7, 0xfc, 0x1f, 0xff, 0x1f,
    0xf0, 0x7f, 0xfc, 0x7f, 0xc1, 0xff, 0xf1, 0xff,
    0x7, 0xff, 0xc7, 0xfc, 0x1f, 0xff, 0x1f, 0xf0,
    0x7f, 0xfc, 0x7f, 0xc1, 0xff, 0xf1, 0xff, 0x7,
    0xff, 0x6a, 0xbf, 0xf9, 0x7f, 0xea, 0xff, 0xe5,
    0x21, 0xff, 0xc3, 0xff, 0xff, 0x3c, 0x1f, 0xfc,
    0x3b, 0xff, 0xfc, 0xd0, 0x7f, 0xf0, 0xef, 0xff,
    0xf3, 0x41, 0xff, 0xc3, 0xbf, 0xff, 0xcc, 0x87,
    0xff, 0xe, 0xfe, 0xf, 0xfe, 0x2f, 0xf8, 0x3f,
    0xf8, 0xbf, 0xc8, 0x7f, 0xf0, 0xef, 0xe0, 0xff,
    0xe2, 0xff, 0x83, 0xff, 0x8b, 0xfc, 0x87, 0xff,
    0xe, 0xfe, 0xf, 0xfe, 0x2f, 0xf8, 0x3f, 0xf8,
    0xbf, 0xc8, 0x7f, 0xf0, 0xef, 0xe0, 0xff, 0xe2,
    0xff, 0x83, 0xff, 0x8b, 0xfc, 0x87, 0xff, 0xe,
    0xfe, 0xf, 0xfe, 0x2f, 0xf8, 0x3f, 0xf8, 0xbf,
    0xc8, 0x7f, 0xf0, 0xef, 0xe0, 0xff, 0xe2, 0xff,
    0x83, 0xff, 0x8b, 0xfc, 0x87, 0xff, 0xe, 0xfe,
    0xf, 0xfe, 0x2f, 0xf8, 0x3f, 0xf8, 0xbf, 0xc8,
    0x7f, 0xf0, 0xef, 0xe0, 0xff, 0xe2, 0xff, 0x83,
    0xff, 0x8b, 0xfc, 0x87, 0xff, 0xe, 0xfe, 0xf,
    0xfe, 0x2f, 0xf8, 0x3f, 0xf8, 0xbf, 0xc8, 0x7f,
    0xf0, 0xef, 0xe0, 0xff, 0xe2, 0xff, 0x83, 0xff,
    0x8b, 0xfc, 0x87, 0xff, 0xe, 0xfe, 0xf, 0xfe,
    0x2f, 0xf8, 0x3f, 0xf8, 0xbf, 0xc8, 0x7f, 0xf0,
    0xef, 0xe0, 0xff, 0xe2, 0xff, 0x83, 0xff, 0x8b,
    0xfc, 0x87, 0xff, 0xe, 0xfe, 0xf, 0xfe, 0x2f,
    0xf8, 0x3f, 0xf8, 0xbf, 0xc8, 0x7f, 0xf0, 0xef,
    0xe0, 0xff, 0xe2, 0xff, 0x83, 0xff, 0x8b, 0xfc,
    0x87, 0xff, 0xe, 0xfe, 0xf, 0xfe, 0x2f, 0xf8,
    0x3f, 0xf8, 0xbf, 0xc8, 0x7f, 0xf0, 0xef, 0xe0,
    0xff, 0xe2, 0xff, 0x83, 0xff, 0x8b, 0xfc, 0x87,
    0xff, 0xe, 0xfe, 0xaf, 0xfe, 0x2f, 0xfa, 0xbf,
    0xf8, 0xbf, 0xc8, 0x7f, 0xf0, 0xef, 0xff, 0xf3,
    0x21, 0xff, 0xc3, 0xbf, 0xff, 0xcc, 0x87, 0xff,
    0xe, 0xff, 0xff, 0x32, 0x1f, 0xfc, 0x3b, 0xff,
    0xfc, 0xc8, 0x7f, 0xf0, 0xef, 0xe0, 0xff, 0xe2,
    0xff, 0x83, 0xff, 0x8b, 0xfd, 0x7, 0xff, 0xe,
    0xfe, 0xf, 0xfe, 0x2f, 0xf8, 0x3f, 0xf8, 0xbf,
    0xd0, 0x7f, 0xf0, 0xff, 0xc1, 0xff, 0xc5, 0xff,
    0x7, 0xff, 0x17, 0xfa, 0xf, 0xfe, 0x1f, 0xf8,
    0x3f, 0xf8, 0xbf, 0xe0, 0xff, 0xed, 0xaf, 0x7,
    0xff, 0x17, 0xfc, 0x1f, 0xff, 0x1f, 0xf0, 0x7f,
    0xf1, 0x6d, 0xf, 0xfe, 0xef, 0xf8, 0x3f, 0xf8,
    0x9f, 0x83, 0xff, 0xbb, 0xfe, 0xf, 0xfe, 0x15,
    0xfe, 0xf, 0xfe, 0xe7, 0xf8, 0x3f, 0xf8, 0x4f,
    0xfa, 0xf, 0xfe, 0xdf, 0xf8, 0x3f, 0xf8, 0x77,
    0xf9, 0xf, 0xfe, 0xd7, 0xf8, 0x3f, 0xf8, 0x9f,
    0xf0, 0x7f, 0xf6, 0xbf, 0xc1, 0xff, 0xc5, 0xff,
    0x83, 0xff, 0xb3, 0xfe, 0xf, 0xfe, 0x2d, 0xfe,
    0x83, 0xff, 0xb1, 0xfe, 0xf, 0xfe, 0x37, 0xfc,
    0x87, 0xff, 0x5f, 0xfc, 0x1f, 0xfc, 0x35, 0xaf,
    0xf8, 0x3f, 0xfa, 0xff, 0xe1, 0x75, 0x6f, 0xff,
    0xe3, 0x7, 0xff, 0x3d, 0x7a, 0x9f, 0xff, 0xd5,
    0x83, 0xe5, 0xfa, 0xb7, 0xff, 0xf9, 0x50, 0xaf,
    0xff, 0xf5, 0x5f, 0xf8, 0x37, 0xff, 0xf7, 0xaa,
    0x58, 0x3f, 0x7f, 0xd0, 0x5f, 0xff, 0xd2, 0xa9,
    0x60, 0xff, 0xe4, 0x3f, 0xf2, 0xb, 0xff, 0xf8,
    0xd4, 0x58, 0x3f, 0xfa, 0xb7, 0xfa, 0xb, 0xff,
    0xa8, 0xa0, 0xff, 0xf0, 0x7f, 0x7, 0x7a, 0x88,
    0x7f, 0xfa, 0x2f, 0x21, 0xff, 0xf4, 0x83, 0xc0,

    /* U+86D9 "蛙" */
    0xf, 0xfe, 0x2, 0xf0, 0x7f, 0xfc, 0xff, 0x90,
    0xff, 0xe7, 0x5f, 0xc1, 0xff, 0xd2, 0xfe, 0x43,
    0xff, 0x9d, 0x7f, 0x7, 0xff, 0x4b, 0xf9, 0xf,
    0xfe, 0x75, 0xfc, 0x1f, 0xfd, 0x2f, 0xe0, 0xff,
    0xe7, 0xdf, 0xc1, 0xff, 0xd2, 0xfe, 0xf, 0xfe,
    0x7d, 0xfc, 0x1f, 0xfd, 0x2f, 0xe0, 0xff, 0xe7,
    0xbf, 0xc1, 0xff, 0xd2, 0xfe, 0xf, 0xfe, 0x7b,
    0xfc, 0x1f, 0xfd, 0x2f, 0xe0, 0xff, 0xe7, 0xbf,
    0xc1, 0xff, 0xd2, 0xfe, 0xf, 0xfe, 0x7b, 0xfc,
    0x1f, 0xfd, 0x2f, 0xe0, 0xff, 0xe7, 0xbf, 0xc1,
    0xff, 0xd2, 0xfe, 0xf, 0xfe, 0x1f, 0xf5, 0x7d,
    0xfe, 0xaf, 0xf7, 0xe4, 0x3f, 0xf8, 0x7f, 0xc1,
    0xff, 0xc3, 0xff, 0xfe, 0xa4, 0x1c, 0xbf, 0xef,
    0xe9, 0x7f, 0x83, 0xbf, 0xff, 0xa9, 0x7, 0x7f,
    0xff, 0x34, 0x3b, 0xff, 0xfa, 0x90, 0x77, 0xff,
    0xf3, 0x43, 0xbf, 0xff, 0xa9, 0x7, 0x7f, 0xff,
    0x34, 0x3f, 0xf8, 0xaf, 0xf0, 0x7f, 0xf2, 0x3f,
    0xff, 0x9a, 0x1f, 0xfc, 0x57, 0xf8, 0x3f, 0xf9,
    0x1f, 0xc1, 0xdf, 0xc1, 0xdf, 0xc1, 0xff, 0xc5,
    0x7f, 0x83, 0xff, 0x91, 0xfc, 0x1d, 0xfc, 0x1d,
    0xfc, 0x1f, 0xfc, 0x57, 0xf8, 0x3f, 0xf9, 0x17,
    0xe0, 0xef, 0xe0, 0xef, 0xe0, 0xff, 0xe2, 0xbf,
    0xc1, 0xff, 0xc8, 0xbf, 0x7, 0x7f, 0x7, 0x7f,
    0x7, 0xff, 0x15, 0xfe, 0xf, 0xfe, 0x45, 0xf8,
    0x3b, 0xf8, 0x3b, 0xf8, 0x3f, 0xf8, 0xaf, 0xf0,
    0x7f, 0xf2, 0x2f, 0xc1, 0xdf, 0xc1, 0xdf, 0xc1,
    0xff, 0xc5, 0x7f, 0x83, 0xff, 0x91, 0x7e, 0xe,
    0xfe, 0xe, 0xfe, 0xf, 0xfe, 0x2b, 0xfc, 0x1f,
    0xfc, 0x8b, 0xf0, 0x77, 0xf0, 0x77, 0xf0, 0x7f,
    0xf1, 0x5f, 0xe0, 0xff, 0xe4, 0x5f, 0x83, 0xbf,
    0x83, 0xbf, 0x81, 0xff, 0xfd, 0x94, 0x2b, 0xf0,
    0x77, 0xf0, 0x77, 0xf0, 0x3f, 0xff, 0xb2, 0x85,
    0x7e, 0xe, 0xfe, 0xe, 0xfe, 0x7, 0xff, 0xf6,
    0x50, 0xaf, 0xc1, 0xdf, 0xc1, 0xdf, 0xc0, 0xff,
    0xfe, 0xca, 0x15, 0xf8, 0x3b, 0xf8, 0x3b, 0xf8,
    0x1f, 0xff, 0xd9, 0x42, 0xbf, 0x7, 0x7f, 0x7,
    0x7f, 0x7, 0xff, 0x7e, 0xfc, 0x1d, 0xfc, 0x1d,
    0xfc, 0x1f, 0xfd, 0xfb, 0xf0, 0x77, 0xf0, 0x77,
    0xf0, 0x7f, 0xf1, 0x57, 0xc1, 0xff, 0xc8, 0xbf,
    0x2f, 0x7f, 0x2f, 0x7f, 0x7, 0xff, 0x16, 0xfe,
    0xf, 0xfe, 0x45, 0xff, 0xfc, 0xc0, 0xff, 0xe2,
    0xdf, 0xc1, 0xff, 0xc8, 0xbf, 0xff, 0x98, 0x1f,
    0xfc, 0x5b, 0xf8, 0x3f, 0xf9, 0x17, 0xff, 0xf3,
    0x3, 0xff, 0x8b, 0x7f, 0x7, 0xff, 0x22, 0xff,
    0xfe, 0x60, 0x7f, 0xf1, 0x5f, 0xe0, 0xff, 0xe4,
    0x5f, 0x83, 0xbf, 0x83, 0xbf, 0x83, 0xff, 0x8a,
    0xff, 0x7, 0xff, 0x23, 0xf8, 0x3b, 0xf8, 0x3b,
    0xf8, 0x3f, 0xf8, 0xaf, 0xf0, 0x7f, 0xf2, 0x3f,
    0x83, 0xbf, 0x83, 0xbf, 0x83, 0xff, 0x8a, 0xff,
    0x7, 0xff, 0x23, 0xf8, 0x3b, 0xf8, 0x3f, 0xf9,
    0xef, 0xf0, 0x7f, 0xf2, 0x3f, 0x83, 0xbf, 0x83,
    0xff, 0x85, 0x7a, 0xbf, 0xdf, 0xea, 0xff, 0xe0,
    0x78, 0x3d, 0xfc, 0x1d, 0xfc, 0x1f, 0xfc, 0x2b,
    0xff, 0xfa, 0x81, 0xef, 0xe0, 0xef, 0xe0, 0xe6,
    0xf2, 0x1a, 0xff, 0xfe, 0xa0, 0x7a, 0xfc, 0x1d,
    0xfc, 0x1a, 0xfd, 0x6, 0xbf, 0xff, 0xa8, 0x1f,
    0xfc, 0x4f, 0xe0, 0xef, 0xe0, 0xd7, 0xff, 0xf5,
    0x3, 0xff, 0x89, 0xfc, 0x1d, 0xfc, 0x1f, 0xfc,
    0x57, 0xf8, 0x3f, 0xfa, 0x5f, 0xc1, 0xd7, 0xe4,
    0x3f, 0xf8, 0x8f, 0xf0, 0x7f, 0xf4, 0xbf, 0x83,
    0x9f, 0xd0, 0x7f, 0xf1, 0x1f, 0xe0, 0xff, 0xe9,
    0x7f, 0x7, 0xbf, 0x83, 0xff, 0x88, 0xff, 0x7,
    0xff, 0x4b, 0xf8, 0x33, 0x7f, 0x21, 0xff, 0xc3,
    0x7f, 0x83, 0xff, 0xa5, 0xfd, 0x4f, 0xfe, 0x83,
    0xff, 0x86, 0xff, 0x7, 0xff, 0x4b, 0xff, 0xf8,
    0xa1, 0xff, 0xc3, 0x7f, 0x83, 0xff, 0x9a, 0xab,
    0xff, 0xf8, 0xe1, 0xff, 0xc3, 0x7f, 0x83, 0xff,
    0x90, 0xd3, 0xff, 0xf8, 0xa8, 0xfe, 0x43, 0xff,
    0x84, 0xff, 0x7, 0xff, 0x1f, 0xff, 0xf8, 0xb2,
    0x1d, 0xfa, 0xf, 0xfe, 0x13, 0xfc, 0x1f, 0xfc,
    0x7b, 0xff, 0xf8, 0x32, 0x1f, 0xbe, 0x90, 0xff,
    0xe1, 0x3f, 0xc1, 0xff, 0xc8, 0xff, 0xf4, 0x87,
    0xfd, 0x21, 0xff, 0xc5, 0x7f, 0x83, 0xff, 0x91,
    0x7f, 0xa4, 0x3f, 0xf8, 0xbd, 0x7f, 0xf0, 0xff,
    0xd5, 0xff, 0xc4, 0xd0, 0x3f, 0x90, 0xff, 0xe3,
    0xbf, 0xff, 0xdb, 0x42, 0xe4, 0x3f, 0xf9, 0x2f,
    0xff, 0xf6, 0xd0, 0xff, 0xe7, 0xbf, 0xff, 0xdb,
    0x43, 0xff, 0x9e, 0xff, 0xff, 0x6d, 0xf, 0xff,
    0xc0,

    /* U+884C "行" */
    0xf, 0xfe, 0x1a, 0x1f, 0xff, 0x67, 0x83, 0xff,
    0xeb, 0xf9, 0xf, 0xff, 0x93, 0xfd, 0x7, 0xff,
    0xc7, 0xff, 0x7, 0xff, 0xbe, 0xff, 0x41, 0xff,
    0xf0, 0xff, 0x21, 0xff, 0xc0, 0xff, 0xfe, 0x9c,
    0x1f, 0xfc, 0x4f, 0xf4, 0x1f, 0xfc, 0x1f, 0xff,
    0xe9, 0xc1, 0xff, 0xc3, 0xbf, 0xc1, 0xff, 0xc2,
    0xff, 0xfe, 0x9c, 0x1f, 0xfc, 0x3f, 0xf0, 0x7f,
    0xf0, 0xff, 0xff, 0xa7, 0x7, 0xff, 0xb, 0xfc,
    0x87, 0xff, 0xf, 0xff, 0xfa, 0x70, 0x7f, 0xf0,
    0x6f, 0xf0, 0x7f, 0xfc, 0x2f, 0xf0, 0x7f, 0xfc,
    0x1f, 0xf2, 0x1f, 0xff, 0xf, 0xf4, 0x1f, 0xff,
    0xf, 0xf8, 0x3f, 0xfe, 0x1f, 0xf0, 0x7f, 0xfc,
    0x3f, 0xe4, 0x3f, 0xfd, 0xf7, 0xfa, 0xf, 0xa4,
    0x3f, 0xfc, 0xff, 0xe8, 0x3e, 0x7d, 0x7, 0xff,
    0x9f, 0xf8, 0x3f, 0x7f, 0x41, 0xff, 0xe6, 0xf8,
    0x3f, 0x5f, 0xf2, 0x1f, 0xfe, 0x47, 0xf, 0xef,
    0xfa, 0xf, 0xff, 0x7f, 0xfc, 0x87, 0xff, 0xbd,
    0xff, 0x41, 0xff, 0xf0, 0xff, 0x83, 0xef, 0xff,
    0xee, 0x21, 0xff, 0xc0, 0xbf, 0xc8, 0x7d, 0xff,
    0xfd, 0xc4, 0x3f, 0xe7, 0xfe, 0xf, 0xdf, 0xff,
    0xdc, 0x43, 0xfe, 0xff, 0x83, 0xfb, 0xff, 0xfb,
    0x88, 0x7f, 0xaf, 0xf4, 0x1f, 0xdf, 0xff, 0xdc,
    0x43, 0xf9, 0xff, 0x83, 0xfc, 0xb0, 0x7f, 0xf1,
    0xbf, 0xc1, 0xfe, 0x58, 0x3f, 0xdf, 0xf4, 0x1f,
    0xfd, 0x3f, 0xf0, 0x7f, 0xf2, 0xbf, 0xf4, 0x1f,
    0xfd, 0x3f, 0xf0, 0x7f, 0xf2, 0x6f, 0xfd, 0x7,
    0xff, 0x4f, 0xfc, 0x1f, 0xfc, 0x87, 0xff, 0xa0,
    0xff, 0xe9, 0xff, 0x83, 0xff, 0x8e, 0xff, 0xfa,
    0xf, 0xfe, 0x9f, 0xf8, 0x3f, 0xf8, 0xcf, 0xff,
    0xd0, 0x7f, 0xf4, 0xff, 0xc1, 0xff, 0xc6, 0xff,
    0xfe, 0x4, 0x1f, 0xfd, 0x3f, 0xf0, 0x7f, 0xf1,
    0x7f, 0xe3, 0xfa, 0xf, 0xfe, 0x9f, 0xf8, 0x3f,
    0xf8, 0x9f, 0xf2, 0x7f, 0x41, 0xff, 0xd3, 0xff,
    0x7, 0xff, 0xf, 0xfe, 0x81, 0xfd, 0x7, 0xff,
    0x4f, 0xfc, 0x1f, 0xfc, 0x37, 0xfc, 0x17, 0xf4,
    0x1f, 0xfd, 0x3f, 0xf0, 0x7f, 0xf1, 0x2f, 0xc1,
    0xbf, 0xa0, 0xff, 0xe9, 0xff, 0x83, 0xff, 0x8b,
    0xf0, 0x77, 0xf4, 0x1f, 0xfd, 0x3f, 0xf0, 0x7f,
    0xf1, 0xb4, 0x3b, 0xfa, 0xf, 0xfe, 0x9f, 0xf8,
    0x3f, 0xf9, 0xbf, 0xd0, 0x7f, 0xf4, 0xff, 0xc1,
    0xff, 0xcd, 0xfe, 0x83, 0xff, 0xa7, 0xfe, 0xf,
    0xfe, 0x6f, 0xf4, 0x1f, 0xfd, 0x3f, 0xf0, 0x7f,
    0xf3, 0x7f, 0xa0, 0xff, 0xe9, 0xff, 0x83, 0xff,
    0x9b, 0xfd, 0x7, 0xff, 0x4f, 0xfc, 0x1f, 0xfc,
    0xdf, 0xe8, 0x3f, 0xfa, 0x7f, 0xe0, 0xff, 0xe6,
    0xff, 0x41, 0xff, 0xd3, 0xff, 0x7, 0xff, 0x37,
    0xfa, 0xf, 0xfe, 0x9f, 0xf8, 0x3f, 0xf9, 0xbf,
    0xd0, 0x7f, 0xf4, 0xff, 0xc1, 0xff, 0xcd, 0xfe,
    0x83, 0xff, 0xa7, 0xfe, 0xf, 0xfe, 0x6f, 0xf4,
    0x1f, 0xfd, 0x3f, 0xf0, 0x7f, 0xf3, 0x7f, 0xa0,
    0xff, 0xe9, 0xff, 0x83, 0xff, 0x9b, 0xfd, 0x7,
    0xff, 0x4f, 0xfc, 0x1f, 0xfc, 0xdf, 0xe8, 0x3f,
    0xfa, 0x7f, 0xe0, 0xff, 0xe6, 0xff, 0x41, 0xff,
    0xd3, 0xff, 0x7, 0xff, 0x37, 0xfa, 0xf, 0xfe,
    0x95, 0xfe, 0xf, 0xfe, 0x6f, 0xf4, 0x1f, 0xfc,
    0xa7, 0xff, 0xf8, 0x41, 0xff, 0xcd, 0xfe, 0x83,
    0xff, 0x97, 0x7f, 0xff, 0x4, 0x3f, 0xf9, 0xbf,
    0xd0, 0x7f, 0xf3, 0x3f, 0xff, 0x80, 0x87, 0xff,
    0x37, 0xfa, 0xf, 0xfe, 0x65, 0xff, 0xf0, 0x7f,
    0xf3, 0xbf, 0xc1, 0xff, 0xcd, 0xff, 0xe8, 0x3f,
    0xf9, 0xff, 0xe0, 0xff, 0xe6, 0xff, 0x48, 0x7f,
    0xf4, 0xab, 0x90, 0xff, 0xe6, 0xa8, 0x3f, 0xf9,
    0x80,

    /* U+897F "西" */
    0xaf, 0x97, 0xff, 0xcb, 0x5e, 0xff, 0xff, 0xff,
    0xff, 0xff, 0xff, 0xff, 0xff, 0xff, 0xfc, 0xb0,
    0xff, 0xe4, 0xbf, 0xa0, 0xfd, 0x7e, 0xf, 0xfe,
    0xfb, 0xfa, 0xf, 0xd7, 0xe0, 0xff, 0xef, 0xbf,
    0xa0, 0xfd, 0x7e, 0xf, 0xfe, 0xfb, 0xfa, 0xf,
    0xd7, 0xe0, 0xff, 0xef, 0xbf, 0xa0, 0xfd, 0x7e,
    0xf, 0xfe, 0xfb, 0xfa, 0xf, 0xd7, 0xe0, 0xff,
    0xef, 0xbf, 0xa0, 0xfd, 0x7e, 0xf, 0xfe, 0xfb,
    0xfa, 0xf, 0xd7, 0xe0, 0xff, 0xef, 0xbf, 0xa0,
    0xfd, 0x7e, 0xf, 0xfe, 0xfb, 0xfa, 0xf, 0xd7,
    0xe0, 0xff, 0xef, 0xbf, 0xa0, 0xfd, 0x7e, 0xf,
    0xfe, 0x85, 0x7f, 0xf1, 0x3f, 0xab, 0xf7, 0xf5,
    0x7f, 0xf1, 0x3, 0xff, 0x81, 0xff, 0xfe, 0x64,
    0x3f, 0xef, 0xff, 0xf3, 0x7, 0xff, 0x3, 0xff,
    0xfc, 0xc1, 0xff, 0xc0, 0xff, 0xff, 0x30, 0x7f,
    0xf0, 0x3f, 0x90, 0xfe, 0x7f, 0x21, 0xfa, 0xfc,
    0x1f, 0xf7, 0xf0, 0x7f, 0xf0, 0x3f, 0x90, 0xfe,
    0x7f, 0x21, 0xfa, 0xfc, 0x1f, 0xf7, 0xf0, 0x7f,
    0xf0, 0x3f, 0x90, 0xfe, 0x7f, 0x21, 0xfa, 0xfc,
    0x1f, 0xf7, 0xf0, 0x7f, 0xf0, 0x3f, 0x90, 0xfe,
    0xbf, 0x7, 0xf5, 0xf8, 0x3f, 0xef, 0xe0, 0xff,
    0xe0, 0x7f, 0x21, 0xfd, 0xfc, 0x1f, 0xd7, 0xe0,
    0xff, 0xbf, 0x83, 0xff, 0x81, 0xfc, 0x87, 0xf7,
    0xf0, 0x7f, 0x5f, 0x83, 0xfe, 0xfe, 0xf, 0xfe,
    0x7, 0xf2, 0x1f, 0xdf, 0xa0, 0xfe, 0xbf, 0x7,
    0xfd, 0xfc, 0x1f, 0xfc, 0xf, 0xe4, 0x3f, 0x3f,
    0xa0, 0xfe, 0xbf, 0x7, 0xfd, 0xfc, 0x1f, 0xfc,
    0xf, 0xe4, 0x3f, 0x5f, 0x90, 0xfe, 0xbf, 0x7,
    0xfd, 0xfc, 0x1f, 0xfc, 0xf, 0xe4, 0x3f, 0x7f,
    0x7, 0xfa, 0xfc, 0x1f, 0xf7, 0xf0, 0x7f, 0xf0,
    0x3f, 0x90, 0xf9, 0xfe, 0xf, 0xf5, 0xf8, 0x3f,
    0xef, 0xe0, 0xff, 0xe0, 0x7f, 0x21, 0xf7, 0xf4,
    0x1f, 0xeb, 0xf0, 0x7f, 0xdf, 0xc1, 0xff, 0xc0,
    0xfe, 0x43, 0xcf, 0xf0, 0x7f, 0xd7, 0xe0, 0xff,
    0xbf, 0x83, 0xff, 0x81, 0xfc, 0x87, 0xbf, 0xc1,
    0xff, 0x5f, 0x90, 0xff, 0x7f, 0x7, 0xff, 0x3,
    0xf9, 0xe, 0xbf, 0x90, 0xff, 0xaf, 0xe0, 0xe5,
    0xc7, 0xf0, 0x7f, 0xf0, 0x3f, 0x90, 0xef, 0xf0,
    0x7f, 0xf0, 0x2f, 0xff, 0xe0, 0xc7, 0xf0, 0x7f,
    0xf0, 0x3f, 0x90, 0xdf, 0xe4, 0x3f, 0xf8, 0xf,
    0xff, 0xf0, 0x53, 0xf8, 0x3f, 0xf8, 0x1f, 0xc8,
    0x5f, 0xe8, 0x3f, 0xf8, 0x5f, 0xff, 0xc1, 0x4f,
    0xe0, 0xff, 0xe0, 0x7f, 0x20, 0xff, 0x83, 0xff,
    0x87, 0x7f, 0xff, 0x0, 0x1f, 0xc1, 0xff, 0xc0,
    0xfe, 0x4f, 0xf9, 0xf, 0xfe, 0x25, 0xff, 0xf0,
    0x3f, 0x83, 0xff, 0x81, 0xfc, 0x82, 0xfd, 0x7,
    0xff, 0x21, 0x7f, 0x81, 0xfc, 0x1f, 0xfc, 0xf,
    0xe4, 0x27, 0xe0, 0xff, 0xea, 0x7f, 0x7, 0xff,
    0x3, 0xf9, 0xe, 0xc3, 0xff, 0xab, 0xfc, 0x1f,
    0xfc, 0xf, 0xe4, 0x3f, 0xfb, 0x7f, 0xc1, 0xff,
    0xc0, 0xfe, 0x43, 0xff, 0xb7, 0xfc, 0x1f, 0xfc,
    0xf, 0xe4, 0x3f, 0xfb, 0x7f, 0xc1, 0xff, 0xc0,
    0xfe, 0x43, 0xff, 0xb7, 0xfc, 0x1f, 0xfc, 0xf,
    0xe4, 0x3f, 0xfb, 0x7f, 0xc1, 0xff, 0xc0, 0xfe,
    0x43, 0xff, 0xb7, 0xfc, 0x1f, 0xfc, 0xf, 0xff,
    0xf3, 0x7, 0xff, 0x3, 0xff, 0xfc, 0xc1, 0xff,
    0xc0, 0xff, 0xff, 0x30, 0x7f, 0xf0, 0x3f, 0xff,
    0xcc, 0x1f, 0xfc, 0xf, 0xe9, 0x7f, 0xfb, 0x7f,
    0xc1, 0xff, 0xc0, 0xfe, 0x43, 0xff, 0xb7, 0xfc,
    0x1f, 0xfc, 0xf, 0xe4, 0x3f, 0xfb, 0x7f, 0xc1,
    0xff, 0xc0, 0xfe, 0x43, 0xff, 0xb7, 0xfc, 0x1f,
    0xfc, 0xf, 0xe4, 0x3f, 0xfb, 0x7f, 0xc1, 0xff,
    0xc0, 0xfe, 0x43, 0xff, 0xb7, 0x7e, 0x43, 0xfe,
    0x5e, 0xf, 0xff, 0x38,

    /* U+8BCD "词" */
    0xf, 0xff, 0xfc, 0x87, 0xff, 0xcb, 0xe0, 0xff,
    0xf8, 0x5f, 0xa0, 0xff, 0xf7, 0xff, 0x90, 0xff,
    0xf7, 0x3f, 0xe0, 0xff, 0xbf, 0xff, 0xb6, 0x1f,
    0xdf, 0xe8, 0x3f, 0xdf, 0xff, 0xdb, 0xf, 0xf7,
    0xf8, 0x3f, 0xdf, 0xff, 0xdb, 0xf, 0xf5, 0xfe,
    0xf, 0xef, 0xff, 0xed, 0x87, 0xfd, 0xfe, 0x43,
    0xf7, 0xea, 0xff, 0xe8, 0xff, 0x83, 0xfe, 0x7f,
    0xc1, 0xff, 0xdd, 0x7f, 0x83, 0xff, 0x81, 0xfe,
    0x83, 0xff, 0xb8, 0xff, 0x7, 0xff, 0x1, 0xfe,
    0xf, 0xfe, 0xeb, 0xfc, 0x1f, 0xfc, 0x1f, 0x90,
    0xff, 0xef, 0x3f, 0xc1, 0xff, 0xc1, 0x70, 0xff,
    0xf0, 0x3f, 0xc1, 0xff, 0xef, 0x7f, 0x83, 0xff,
    0xde, 0xff, 0x7, 0xff, 0x3b, 0xff, 0xfa, 0x21,
    0x9f, 0xe0, 0xff, 0xe7, 0x7f, 0xff, 0x44, 0x33,
    0xfc, 0x1f, 0xfc, 0xef, 0xff, 0xe8, 0x86, 0x7f,
    0x83, 0xff, 0x9d, 0xff, 0xfd, 0x10, 0xcf, 0xf0,
    0x7f, 0xf3, 0xbf, 0xd5, 0xff, 0xc6, 0xfd, 0x6,
    0x7f, 0x87, 0xfa, 0xbf, 0x90, 0xff, 0xef, 0x3f,
    0xc3, 0xff, 0xfc, 0x28, 0x3f, 0xfb, 0xcf, 0xf0,
    0xff, 0xff, 0x9, 0xf, 0xfe, 0xf3, 0xfc, 0x3f,
    0xff, 0xc2, 0x43, 0xff, 0xbc, 0xff, 0xf, 0xff,
    0xf0, 0x90, 0xff, 0xef, 0x3f, 0xc1, 0xff, 0x7f,
    0x21, 0xff, 0xde, 0x7f, 0x83, 0xfe, 0xfe, 0x43,
    0xff, 0xbc, 0xff, 0x7, 0xfd, 0xfc, 0x87, 0xff,
    0x3, 0xff, 0xf9, 0x21, 0xfc, 0xff, 0x7, 0xfd,
    0xfc, 0x87, 0xff, 0x3, 0xff, 0xf9, 0x21, 0xfc,
    0xff, 0x7, 0xfd, 0xfc, 0x87, 0xff, 0x3, 0xff,
    0xf9, 0x21, 0xfc, 0xff, 0x7, 0xfd, 0xfc, 0x87,
    0xff, 0x3, 0xff, 0xf9, 0x21, 0xfc, 0xff, 0x7,
    0xfd, 0xfc, 0x87, 0xff, 0x3, 0xf9, 0x7f, 0xef,
    0xe0, 0xfe, 0x7f, 0x83, 0xfe, 0xfe, 0x43, 0xff,
    0x81, 0xfc, 0x1f, 0xf7, 0xf0, 0x7f, 0x3f, 0xc1,
    0xff, 0x7f, 0x21, 0xff, 0xc0, 0xfe, 0xf, 0xfb,
    0xf8, 0x3f, 0x9f, 0xe0, 0xff, 0xbf, 0x90, 0xff,
    0xe0, 0x7f, 0x7, 0xfd, 0xfc, 0x1f, 0xcf, 0xf0,
    0x7f, 0xdf, 0xc8, 0x7f, 0xf0, 0x3f, 0x83, 0xfe,
    0xfe, 0xf, 0xe7, 0xf8, 0x3f, 0xef, 0xe4, 0x3f,
    0xf8, 0x1f, 0xc1, 0xff, 0x7f, 0x7, 0xf3, 0xfc,
    0x1f, 0xf7, 0xf2, 0x1f, 0xfc, 0xf, 0xe0, 0xff,
    0xbf, 0x83, 0xf9, 0xfe, 0xf, 0xfb, 0xf9, 0xf,
    0xfe, 0x7, 0xf0, 0x7f, 0xdf, 0xc1, 0xfc, 0xff,
    0x7, 0xfd, 0xfc, 0x87, 0xff, 0x3, 0xf8, 0x3f,
    0xef, 0xe0, 0xfe, 0x7f, 0x83, 0xfe, 0xfe, 0x43,
    0xff, 0x81, 0xfc, 0x1f, 0xf7, 0xf0, 0x7f, 0x3f,
    0xc1, 0xff, 0x7f, 0x21, 0xff, 0xc0, 0xfe, 0xf,
    0xfb, 0xf8, 0x3f, 0x9f, 0xe0, 0xff, 0xbf, 0x90,
    0xff, 0xe0, 0x7f, 0x7, 0xfd, 0xfc, 0x1f, 0xcf,
    0xf0, 0x7f, 0xdf, 0xc8, 0x7f, 0xf0, 0x3f, 0x83,
    0xfe, 0xfe, 0xf, 0xe7, 0xf8, 0x3f, 0xef, 0xe4,
    0x3f, 0xf8, 0x1f, 0xff, 0xc9, 0xf, 0xe7, 0xf8,
    0x3f, 0xef, 0xe4, 0x39, 0xc3, 0xbf, 0xff, 0x92,
    0x1f, 0xcf, 0xf0, 0x7f, 0xdf, 0xc8, 0x67, 0xc8,
    0x6f, 0xff, 0xe4, 0x87, 0xf3, 0xfc, 0x1f, 0xf7,
    0xf2, 0x15, 0xf8, 0x37, 0xff, 0xf2, 0x43, 0xf9,
    0xfe, 0xf, 0xfb, 0xf9, 0x5, 0xfe, 0xb, 0xfa,
    0xbf, 0xef, 0xe0, 0xfe, 0x7f, 0x83, 0xfe, 0xfe,
    0x4b, 0xfe, 0xb, 0xf8, 0x3f, 0xef, 0xe0, 0xfe,
    0x7f, 0x83, 0xfe, 0xfe, 0x7f, 0xe8, 0x37, 0xf0,
    0x7f, 0xdf, 0xc1, 0xfc, 0xff, 0x7, 0xfd, 0xff,
    0xfc, 0x4, 0x3b, 0xf8, 0x3f, 0xef, 0xe0, 0xfe,
    0x7f, 0x83, 0xfe, 0xff, 0xf9, 0xf, 0x7f, 0x7,
    0xfc, 0xbc, 0x1f, 0xcf, 0xf0, 0x7f, 0x9f, 0xff,
    0x7, 0xea, 0xe0, 0xff, 0xe6, 0xbf, 0xc1, 0xfe,
    0xbf, 0xf8, 0x3f, 0xfb, 0x6f, 0xf0, 0x7f, 0xbf,
    0xf8, 0x3f, 0xfb, 0x97, 0xf0, 0x7f, 0x5f, 0xf8,
    0x3f, 0xfb, 0xbf, 0xe0, 0xfc, 0xff, 0xe0, 0xff,
    0xee, 0xbf, 0xe0, 0xfe, 0xff, 0x83, 0xff, 0xb6,
    0xdf, 0xf4, 0x1f, 0xcf, 0xf0, 0x7f, 0xf5, 0xdf,
    0xff, 0xe0, 0xa1, 0xfe, 0x7e, 0xf, 0xfe, 0xcf,
    0xff, 0xf0, 0x43, 0xff, 0x81, 0x61, 0xff, 0xda,
    0x7f, 0xfe, 0x43, 0xff, 0xd3, 0xff, 0xd0, 0x7f,
    0xfa, 0xdf, 0xf4, 0x1f, 0xfe, 0xee, 0x88, 0x7f,
    0x0,

    /* U+8BED "语" */
    0xf, 0xff, 0xf8, 0x28, 0x1f, 0xff, 0x5b, 0xc8,
    0x7f, 0xdf, 0xff, 0xdd, 0xf, 0xfb, 0xf9, 0xf,
    0xf7, 0xff, 0xf7, 0x43, 0xfd, 0x7f, 0x83, 0xfd,
    0xff, 0xfd, 0xd0, 0xff, 0xbf, 0xe0, 0xfe, 0xff,
    0xfe, 0xe8, 0x7f, 0xf0, 0x3f, 0xe0, 0xff, 0xe5,
    0xbf, 0xc1, 0xff, 0xd5, 0xff, 0x41, 0xff, 0xca,
    0xbf, 0x83, 0xff, 0xad, 0xfe, 0x83, 0xff, 0x93,
    0x7f, 0x7, 0xff, 0x59, 0xff, 0x21, 0xff, 0xc8,
    0xfe, 0x83, 0xff, 0xaf, 0x7f, 0x83, 0xff, 0x91,
    0xfd, 0x7, 0xff, 0x63, 0xf8, 0x3f, 0xf9, 0x3f,
    0xc8, 0x7f, 0xf6, 0x7d, 0x7, 0xff, 0x25, 0xfe,
    0xf, 0xfe, 0xd3, 0x7, 0xf9, 0x7f, 0xc0, 0xbf,
    0x83, 0xff, 0xcd, 0x7f, 0xff, 0x59, 0xf, 0xfe,
    0xa5, 0xff, 0xfd, 0x60, 0xff, 0xea, 0xdf, 0xff,
    0xd6, 0xf, 0xfe, 0xad, 0xff, 0xfd, 0x60, 0xff,
    0xea, 0xae, 0xf, 0xbf, 0xcb, 0xff, 0xc0, 0xff,
    0x7, 0xff, 0x83, 0xfa, 0xf, 0xfe, 0x7, 0xf4,
    0x1f, 0xfd, 0xf7, 0xf9, 0xf, 0xfe, 0x7, 0xf4,
    0x1f, 0xca, 0xf, 0xfe, 0xa5, 0xfc, 0x1f, 0xfc,
    0x7, 0xfa, 0xf, 0xcf, 0xff, 0xf0, 0xe0, 0xff,
    0xe3, 0x5f, 0xc1, 0xff, 0xc0, 0x7f, 0x90, 0xfc,
    0xff, 0xff, 0xe, 0xf, 0xfe, 0x37, 0xf4, 0x1f,
    0xfc, 0xb, 0xf9, 0xf, 0xcf, 0xff, 0xf0, 0xd0,
    0xff, 0xe3, 0x7f, 0x41, 0xff, 0xc0, 0xff, 0x7,
    0xf3, 0xff, 0xfc, 0x34, 0x3f, 0xf8, 0xaf, 0xf2,
    0x1f, 0xfc, 0xf, 0xf0, 0x7f, 0x3f, 0xab, 0xdf,
    0xc8, 0x7f, 0xf1, 0x6f, 0xe0, 0xff, 0xe0, 0xff,
    0x83, 0xff, 0x91, 0xfc, 0x87, 0xff, 0x16, 0xfe,
    0xf, 0xfe, 0xf, 0xf8, 0x3f, 0xf9, 0x1f, 0xc8,
    0x7f, 0xf1, 0x7f, 0xa0, 0xff, 0xe0, 0x3f, 0xe0,
    0xff, 0xe4, 0x7f, 0x21, 0xab, 0xcb, 0xf7, 0xf9,
    0x7f, 0xf8, 0x17, 0xf9, 0x55, 0xe0, 0xff, 0xe0,
    0x7f, 0x21, 0xbf, 0xff, 0xc4, 0x1f, 0xfc, 0xf,
    0xe4, 0x37, 0xff, 0xf8, 0x83, 0xff, 0x81, 0xfc,
    0x86, 0xff, 0xff, 0x10, 0x7f, 0xf0, 0x3f, 0x90,
    0xdf, 0xff, 0xe2, 0xf, 0xfe, 0x7, 0xf2, 0x1f,
    0xff, 0x2f, 0xe4, 0x3f, 0xfe, 0x5f, 0xc8, 0x7f,
    0xfc, 0xbf, 0x90, 0xff, 0xf9, 0x7f, 0x21, 0xff,
    0xf2, 0xfe, 0x43, 0xff, 0xe5, 0xfc, 0x87, 0xfd,
    0x5f, 0xfd, 0x50, 0xff, 0xe3, 0x7f, 0x21, 0xff,
    0x5f, 0xff, 0xd4, 0xf, 0xfe, 0x37, 0xf2, 0x1f,
    0xf5, 0xff, 0xfd, 0x38, 0x3f, 0xf8, 0xdf, 0xc8,
    0x48, 0x7d, 0x7f, 0xff, 0x4e, 0xf, 0xfe, 0x37,
    0xf2, 0x17, 0x83, 0xd7, 0xff, 0xf4, 0xe0, 0xff,
    0xe3, 0x7f, 0x20, 0xbd, 0x7, 0x5f, 0xc1, 0xff,
    0xc9, 0xbf, 0x41, 0xff, 0xc6, 0xfe, 0x47, 0xf0,
    0x73, 0xfc, 0x1f, 0xfc, 0x9b, 0xf4, 0x1f, 0xfc,
    0x6f, 0xe4, 0xff, 0x6, 0x7f, 0x83, 0xff, 0x93,
    0x7e, 0x83, 0xff, 0x8d, 0xfc, 0xff, 0xc8, 0x4f,
    0xf0, 0x7f, 0xf2, 0x6f, 0xd0, 0x7f, 0xf1, 0xbf,
    0xff, 0x81, 0x6, 0x7f, 0x83, 0xff, 0x93, 0x7e,
    0x83, 0xff, 0x8d, 0xff, 0xf4, 0x1c, 0xff, 0x7,
    0xff, 0x26, 0xfd, 0x7, 0xff, 0x1b, 0xff, 0xe0,
    0xf3, 0xfc, 0x1f, 0xfc, 0x9b, 0xf4, 0x1f, 0xfc,
    0x6f, 0xff, 0x7, 0xcf, 0xf0, 0x7f, 0xf2, 0x6f,
    0xd0, 0x7f, 0xf1, 0xbf, 0xf8, 0x3f, 0x3f, 0xc1,
    0xff, 0xc9, 0xbf, 0x41, 0xff, 0xc5, 0x7f, 0xf0,
    0x7f, 0x3f, 0xc1, 0xff, 0xc9, 0xbf, 0x41, 0xff,
    0xc5, 0xbf, 0xe4, 0x3f, 0x9f, 0xe0, 0xff, 0xe4,
    0xdf, 0xa0, 0xff, 0xe2, 0xff, 0xd0, 0x7f, 0x9f,
    0xe0, 0xff, 0xe4, 0xdf, 0xa0, 0xff, 0xe2, 0x7f,
    0xe0, 0xff, 0x9f, 0xea, 0xff, 0xe4, 0xff, 0x41,
    0xff, 0xc3, 0xff, 0xc1, 0xff, 0xc0, 0x7f, 0xff,
    0xa7, 0x7, 0xff, 0x9, 0xff, 0x90, 0xff, 0xe0,
    0x3f, 0xff, 0xd3, 0x83, 0xff, 0x86, 0xff, 0x41,
    0xff, 0xc1, 0x7f, 0xff, 0xa7, 0x7, 0xff, 0x17,
    0xf0, 0x7f, 0xf0, 0xaf, 0xff, 0xe9, 0xc1, 0xff,
    0xc6, 0xf2, 0x1f, 0xfc, 0x2b, 0xf8, 0x3f, 0xf9,
    0x37, 0xe8, 0x3f, 0xf8, 0xf0, 0x7f, 0xf0, 0xef,
    0xe0, 0xff, 0xe4, 0xdf, 0xa0, 0xff, 0xeb, 0xdf,
    0xc1, 0xff, 0xc9, 0xbf, 0x83, 0xff, 0xaf, 0x7f,
    0x7, 0xff, 0x26, 0xfe, 0xf, 0xfe, 0xba, 0xf8,
    0x3f, 0xfa, 0xc0,

    /* U+8BF4 "说" */
    0xf, 0xff, 0x2d, 0x3, 0xff, 0x94, 0x87, 0xff,
    0x23, 0xc1, 0xff, 0xc7, 0xfa, 0xf, 0xfe, 0x3d,
    0xc1, 0xff, 0xc5, 0xbe, 0x83, 0xff, 0x8d, 0xfd,
    0x21, 0xff, 0xc3, 0xbf, 0x7, 0xff, 0xe, 0xfe,
    0x43, 0xff, 0x89, 0x7f, 0xc1, 0xff, 0xc2, 0xbf,
    0xc1, 0xff, 0xc3, 0xff, 0x7, 0xff, 0x13, 0xfe,
    0x43, 0xff, 0x85, 0xff, 0x90, 0xff, 0xe1, 0x7f,
    0x41, 0xff, 0xc3, 0xff, 0x41, 0xff, 0xc4, 0xff,
    0xc8, 0x7f, 0xf0, 0x6f, 0xe0, 0xff, 0xe1, 0x5f,
    0xe0, 0xff, 0xe3, 0x5f, 0xf2, 0x1f, 0xfc, 0x1f,
    0xe8, 0x3f, 0xf8, 0x3f, 0xe8, 0x3f, 0xf8, 0xf7,
    0xfc, 0x87, 0xff, 0x1, 0xfe, 0x43, 0xff, 0x81,
    0xfe, 0xf, 0xfe, 0x4d, 0xff, 0x21, 0xff, 0xc0,
    0xff, 0x7, 0xfd, 0x7f, 0x21, 0xff, 0xca, 0xbf,
    0xe4, 0x3f, 0xe7, 0xf9, 0xf, 0xf7, 0xf8, 0x3f,
    0xf9, 0x97, 0xfc, 0x1f, 0xfc, 0xf, 0xf0, 0x7f,
    0x3f, 0xc8, 0x7f, 0xf3, 0x6f, 0xe4, 0x3f, 0xf8,
    0xf, 0xf2, 0x1f, 0xaf, 0xe0, 0xff, 0xe7, 0xdf,
    0x41, 0xff, 0xc2, 0xfc, 0x87, 0xf7, 0xf2, 0x1f,
    0xfd, 0xb, 0x83, 0xff, 0x87, 0x68, 0x7f, 0x9f,
    0xe0, 0xff, 0xe9, 0x21, 0xff, 0xd1, 0xfe, 0x83,
    0xff, 0xb8, 0xd7, 0xff, 0x1f, 0xfd, 0x5f, 0x90,
    0xff, 0xe9, 0xdf, 0xff, 0xd5, 0x43, 0xff, 0xa7,
    0x7f, 0xff, 0x55, 0xf, 0xfe, 0x9b, 0xff, 0xfd,
    0x54, 0x3f, 0xfa, 0x6f, 0xff, 0xf5, 0x43, 0xf7,
    0xd5, 0xff, 0x7, 0xf9, 0xfe, 0xf, 0xfe, 0x5f,
    0xf0, 0x7e, 0xff, 0xfe, 0x10, 0x7f, 0x9f, 0xe0,
    0xff, 0xe5, 0xff, 0x7, 0xef, 0xff, 0xe1, 0x7,
    0xf9, 0xfe, 0xf, 0xfe, 0x5f, 0xf0, 0x7e, 0xff,
    0xfe, 0x10, 0x7f, 0x9f, 0xe0, 0xff, 0xe5, 0xff,
    0x7, 0xef, 0xff, 0xe1, 0x7, 0xf9, 0xfe, 0xf,
    0xfe, 0x5f, 0xf0, 0x7e, 0x5c, 0x19, 0xfe, 0xf,
    0xf3, 0xfc, 0x1f, 0xfc, 0xbf, 0xe0, 0xff, 0xe2,
    0xff, 0x7, 0xf9, 0xfe, 0xf, 0xfe, 0x5f, 0xf0,
    0x7f, 0xf1, 0x7f, 0x83, 0xfc, 0xff, 0x7, 0xff,
    0x2f, 0xf8, 0x3f, 0xf8, 0xbf, 0xc1, 0xfe, 0x7f,
    0x83, 0xff, 0x97, 0xfc, 0x1f, 0xfc, 0x5f, 0xe0,
    0xff, 0x3f, 0xc1, 0xff, 0xcb, 0xfe, 0xf, 0xfe,
    0x2f, 0xf0, 0x7f, 0x9f, 0xe0, 0xff, 0xe5, 0xff,
    0x7, 0xff, 0x17, 0xf8, 0x3f, 0xcf, 0xf0, 0x7f,
    0xf2, 0xff, 0x83, 0xff, 0x8b, 0xfc, 0x1f, 0xeb,
    0xf8, 0x3f, 0xf9, 0x7f, 0xc1, 0xff, 0xc5, 0xfe,
    0xf, 0xf5, 0xff, 0xfd, 0x50, 0xff, 0xe2, 0xff,
    0x7, 0xfa, 0xff, 0xfe, 0xa8, 0x7f, 0xf1, 0x7f,
    0x83, 0xfd, 0x7f, 0xff, 0x55, 0xf, 0xfe, 0x27,
    0xf0, 0x7f, 0xaf, 0xff, 0xea, 0xa1, 0xff, 0xc4,
    0xfe, 0xf, 0xf2, 0xfe, 0xbf, 0x97, 0xdf, 0xd2,
    0xfe, 0xf, 0xfe, 0x2f, 0xf0, 0x7f, 0xf1, 0x9f,
    0xe0, 0xf7, 0xf0, 0x7f, 0xf3, 0xbf, 0x83, 0xff,
    0x8d, 0x7e, 0x83, 0xdf, 0xc1, 0xff, 0xce, 0xfe,
    0xf, 0xfe, 0x35, 0xfa, 0xf, 0x7f, 0x7, 0xff,
    0x3b, 0xf8, 0x3f, 0xf8, 0xdf, 0xc8, 0x7b, 0xf8,
    0x3f, 0xf9, 0xdf, 0xc1, 0xff, 0xc6, 0xfe, 0x43,
    0xdf, 0xc1, 0xff, 0xce, 0xfe, 0xf, 0xb0, 0xff,
    0x7f, 0x7, 0xdf, 0xc1, 0xff, 0xce, 0xfe, 0xf,
    0x7c, 0x1f, 0x9f, 0xe0, 0xfb, 0xf8, 0x3f, 0xf9,
    0xdf, 0xc1, 0xdf, 0xc1, 0xf5, 0xfa, 0xf, 0xbf,
    0x83, 0xff, 0x9d, 0xfc, 0x1b, 0xfd, 0x7, 0xbf,
    0xa0, 0xfb, 0xf8, 0x3f, 0xf9, 0xdf, 0xc1, 0x7f,
    0xd0, 0x7b, 0xf9, 0xf, 0xbf, 0x83, 0xff, 0x9d,
    0xfc, 0xf, 0xfa, 0xf, 0x3f, 0xc1, 0xfb, 0xf8,
    0x3f, 0xf9, 0xdf, 0xc7, 0xfc, 0x87, 0xdf, 0xd0,
    0x7e, 0xfe, 0xf, 0xfe, 0x77, 0xff, 0xf0, 0x10,
    0xf9, 0xfe, 0x43, 0xf7, 0xf0, 0x7f, 0xf3, 0xbf,
    0xfe, 0x43, 0xf7, 0xf8, 0x3f, 0xbf, 0x83, 0xfd,
    0x40, 0xff, 0xe0, 0xbf, 0xfe, 0xf, 0xeb, 0xfa,
    0xf, 0xef, 0xe0, 0xff, 0x5e, 0x90, 0xff, 0x5f,
    0xfc, 0x1f, 0xef, 0xf0, 0x7f, 0xbf, 0x83, 0xfd,
    0xfe, 0x83, 0xf7, 0xff, 0x7, 0xfb, 0xfd, 0x7,
    0xfb, 0xf8, 0x3f, 0xdf, 0xe4, 0x3e, 0xff, 0xe0,
    0xff, 0x7f, 0xc1, 0xff, 0x7f, 0x7, 0xf3, 0xfe,
    0xf, 0xcf, 0xfc, 0x1f, 0xef, 0xf9, 0xf, 0xfb,
    0xf9, 0xf, 0xdf, 0xf0, 0x7f, 0x3f, 0xc1, 0xfc,
    0xff, 0xd0, 0x7f, 0xf0, 0x3f, 0xc1, 0xf5, 0xfe,
    0x83, 0xfc, 0xfc, 0x1f, 0xd7, 0xfd, 0x7, 0xff,
    0x7, 0xff, 0xf9, 0x1, 0xff, 0xc0, 0x70, 0xfc,
    0xff, 0xf0, 0x7f, 0xf0, 0xaf, 0xff, 0xe3, 0x41,
    0xff, 0xc9, 0xff, 0xe8, 0x3f, 0xf8, 0x6f, 0xff,
    0xf1, 0x83, 0xff, 0x91, 0x7f, 0xf4, 0x1f, 0xfc,
    0x5f, 0xff, 0xe2, 0x87, 0xff, 0x22, 0xff, 0xe4,
    0x3f, 0xf8, 0xf7, 0xff, 0xf0, 0x60, 0xff, 0xe5,
    0xdf, 0xe4, 0x3f, 0xfe, 0x1f, 0x41, 0xff, 0xf3,
    0x90, 0xff, 0xef, 0x80,

    /* U+8BFB "读" */
    0xf, 0xff, 0xf8, 0x7f, 0xf4, 0xdf, 0xe0, 0xff,
    0xe8, 0x28, 0x3f, 0xfa, 0x4f, 0xf0, 0x7f, 0xf3,
    0xef, 0x21, 0xff, 0xd2, 0xfe, 0xf, 0xfe, 0x77,
    0xf2, 0x1f, 0xfd, 0x1f, 0xe0, 0xff, 0xe6, 0xff,
    0xc1, 0xff, 0xd1, 0xfe, 0xf, 0xfe, 0x77, 0xfc,
    0x1f, 0xfd, 0xf, 0xe0, 0xff, 0xe7, 0xff, 0xc1,
    0xff, 0xcf, 0xfe, 0xf, 0xfe, 0x7b, 0xfe, 0x83,
    0xfd, 0x5f, 0x2f, 0xf7, 0xf2, 0xff, 0x57, 0xe0,
    0xff, 0x9f, 0xf2, 0x1f, 0xdf, 0xff, 0xda, 0xf,
    0xfe, 0x5, 0xfe, 0xf, 0xef, 0xff, 0xed, 0x7,
    0xff, 0x7, 0xfe, 0xf, 0xdf, 0xff, 0xda, 0xf,
    0xfe, 0x17, 0xf2, 0x1f, 0xbf, 0xff, 0xb4, 0x1f,
    0xfc, 0x2b, 0xe0, 0xff, 0xe7, 0x7f, 0x7, 0xff,
    0x53, 0x83, 0xff, 0x9f, 0xfc, 0x1f, 0xff, 0x1f,
    0xe0, 0xff, 0xf8, 0xff, 0x7, 0xff, 0xc7, 0xf8,
    0x3f, 0xfb, 0xeb, 0xff, 0xc6, 0xfe, 0x5f, 0xfe,
    0x38, 0x7f, 0xf2, 0xdf, 0xff, 0xef, 0x7, 0xff,
    0x2d, 0xff, 0xfe, 0xea, 0x1f, 0xfc, 0xb7, 0xff,
    0xfb, 0xa1, 0x7f, 0xff, 0x8, 0x3e, 0x7f, 0xff,
    0xb9, 0x5, 0xff, 0xfc, 0x20, 0xfc, 0x87, 0xff,
    0x55, 0xfe, 0xd, 0xff, 0xfc, 0x20, 0xff, 0xe1,
    0xc1, 0xff, 0xce, 0xff, 0x6, 0xff, 0xfe, 0x10,
    0x7f, 0xf0, 0xaf, 0x21, 0xff, 0x48, 0x7f, 0xdf,
    0xc8, 0x6f, 0xea, 0xdf, 0xc1, 0xff, 0xc2, 0xfd,
    0x7, 0xfb, 0xfa, 0xf, 0x5f, 0xc1, 0xff, 0xc2,
    0xfe, 0xf, 0xfe, 0xf, 0xfc, 0x87, 0xef, 0xe8,
    0x3d, 0xfd, 0x7, 0xff, 0xb, 0xf8, 0x3f, 0xf8,
    0x3f, 0xfc, 0x1f, 0x7f, 0x21, 0xcf, 0xf0, 0x7f,
    0xf0, 0xff, 0x83, 0xff, 0x84, 0xff, 0xe8, 0x3b,
    0xf9, 0xe, 0xfe, 0x83, 0xff, 0x87, 0xfc, 0x1f,
    0xfc, 0x4b, 0xff, 0x21, 0x7f, 0x7, 0xd7, 0xc8,
    0x7f, 0xf0, 0xff, 0x83, 0xff, 0x8a, 0xff, 0xe0,
    0xbf, 0x83, 0xf9, 0xc3, 0xff, 0x89, 0xfc, 0x1f,
    0xe4, 0x3f, 0x7f, 0x90, 0x3f, 0xc1, 0xff, 0xcf,
    0xfe, 0xf, 0xeb, 0xc8, 0x7d, 0x7d, 0x4, 0xfe,
    0x83, 0xff, 0x9f, 0xfc, 0x1f, 0xdf, 0xc1, 0xf3,
    0xe0, 0xcf, 0xe8, 0x3f, 0xf9, 0xff, 0xc1, 0xfa,
    0xff, 0x41, 0xff, 0xc0, 0xbf, 0x41, 0xff, 0xcf,
    0xfe, 0xf, 0xdf, 0xfc, 0x87, 0xfa, 0xfc, 0x87,
    0xff, 0x3f, 0xf8, 0x3f, 0xaf, 0xfe, 0x43, 0xf5,
    0xf9, 0xf, 0xfe, 0x7f, 0xf0, 0x7f, 0xd7, 0xfe,
    0x83, 0xef, 0xe0, 0xff, 0xe8, 0x7f, 0x7, 0xff,
    0x1, 0xff, 0xa0, 0xfb, 0xf8, 0x3f, 0xfa, 0x1f,
    0xc1, 0xff, 0xc2, 0xbf, 0x83, 0xf7, 0xf0, 0x7f,
    0xf4, 0x3f, 0x83, 0xff, 0x86, 0xfc, 0x1f, 0xdf,
    0xc1, 0xff, 0xd0, 0xfe, 0xf, 0xfe, 0x2f, 0x7,
    0xf7, 0xe8, 0x3f, 0xfa, 0x1f, 0xc1, 0xff, 0xcf,
    0x7f, 0x21, 0xff, 0xd0, 0xfe, 0xf, 0xdf, 0xff,
    0xde, 0x83, 0xfd, 0xfc, 0x1f, 0xbf, 0xff, 0xbd,
    0x7, 0xfb, 0xf8, 0x36, 0x17, 0xff, 0xf7, 0xa0,
    0xff, 0x7f, 0x5, 0xf0, 0x3f, 0xff, 0xbd, 0x7,
    0xfb, 0xf8, 0x1f, 0x93, 0xd5, 0xff, 0xc4, 0xfe,
    0xaf, 0xfe, 0x37, 0x7, 0xfb, 0xf8, 0xbf, 0x83,
    0xff, 0x8c, 0xff, 0x7, 0xff, 0x4b, 0xfa, 0xff,
    0x21, 0xff, 0xc5, 0xfe, 0x83, 0xff, 0xa5, 0xff,
    0xf2, 0x1f, 0xfc, 0x57, 0xf8, 0x32, 0x1f, 0xfc,
    0xef, 0xff, 0x21, 0xff, 0xc6, 0xfe, 0x83, 0x79,
    0xf, 0xfe, 0x67, 0xff, 0x21, 0xff, 0xc6, 0xff,
    0x6, 0xbf, 0x7, 0xff, 0x29, 0xff, 0xc8, 0x7f,
    0xf1, 0xbf, 0xc8, 0x6f, 0xf2, 0x1f, 0xfc, 0x8b,
    0xfe, 0x43, 0xff, 0x8a, 0xff, 0xa0, 0xdf, 0xfc,
    0x1f, 0xfc, 0x7f, 0xfa, 0xf, 0xfe, 0x2d, 0xfe,
    0x83, 0x9f, 0xfe, 0x43, 0xff, 0x89, 0xff, 0x41,
    0xff, 0xc5, 0xff, 0xa0, 0xfd, 0x7f, 0xf0, 0x7f,
    0xf0, 0xbf, 0xe8, 0x3f, 0xf8, 0x97, 0xfd, 0x7,
    0xfd, 0xff, 0xc8, 0x7f, 0xf0, 0x7f, 0xc1, 0xff,
    0xc3, 0xbf, 0xf2, 0x1f, 0xfc, 0x17, 0xff, 0x41,
    0xff, 0xc1, 0xfc, 0x1f, 0xfc, 0x17, 0xff, 0xc1,
    0xff, 0xc5, 0xff, 0xe4, 0x3f, 0xf8, 0x1e, 0xf,
    0xf3, 0x7f, 0xfd, 0x7, 0xff, 0x1e, 0xff, 0xc8,
    0x7f, 0xca, 0xf, 0xf3, 0xff, 0xe8, 0x3f, 0xf9,
    0x4f, 0xfa, 0xf, 0xfe, 0x6b, 0xff, 0x41, 0xff,
    0xce, 0xfd, 0x7, 0xff, 0x3e, 0xfd, 0x7, 0xff,
    0x46, 0xf0, 0x7f, 0xf4, 0x7d, 0x7, 0xff, 0x52,
    0x43, 0xff, 0xf4,

    /* U+8BFE "课" */
    0xf, 0xfe, 0x63, 0x5f, 0xfd, 0x64, 0x3f, 0xf8,
    0xaf, 0x83, 0xff, 0x81, 0x7f, 0xff, 0x5a, 0xf,
    0xfe, 0x25, 0xf4, 0x1f, 0xf3, 0xff, 0xfd, 0x68,
    0x3f, 0xf8, 0x4f, 0xf9, 0xf, 0xf3, 0xff, 0xfd,
    0x68, 0x3f, 0xf8, 0x7f, 0xf0, 0x7f, 0x9f, 0xff,
    0xeb, 0x41, 0xff, 0xc3, 0x7f, 0xd0, 0x7f, 0x3f,
    0xc1, 0xfe, 0xfe, 0xf, 0xef, 0xe8, 0x3f, 0xf8,
    0x97, 0xf9, 0xf, 0xcf, 0xf0, 0x7f, 0xbf, 0x83,
    0xfb, 0xfa, 0xf, 0xfe, 0x2f, 0xfc, 0x1f, 0x9f,
    0xe0, 0xff, 0x7f, 0x7, 0xf7, 0xf2, 0x1f, 0xfc,
    0x57, 0xfd, 0x7, 0xcf, 0xf0, 0x7f, 0xbf, 0x83,
    0xfb, 0xf9, 0xf, 0xfe, 0x35, 0xfe, 0x43, 0xcf,
    0xf0, 0x7f, 0xbf, 0x83, 0xfb, 0xf9, 0xf, 0xfe,
    0x3f, 0xfc, 0x1e, 0x7f, 0x83, 0xfd, 0xfc, 0x1f,
    0xdf, 0xc8, 0x7f, 0xf1, 0xef, 0xe8, 0x3c, 0xff,
    0x7, 0xfb, 0xf8, 0x3f, 0xbf, 0x90, 0xff, 0xe4,
    0x7d, 0x7, 0xe7, 0xff, 0xfa, 0xc8, 0x7f, 0xf2,
    0x2d, 0xf, 0xe7, 0xff, 0xfa, 0xc8, 0x7f, 0xf5,
    0x1f, 0xff, 0xeb, 0x21, 0xff, 0xd4, 0x7f, 0xff,
    0xac, 0x87, 0xff, 0x51, 0xfe, 0x5f, 0xeb, 0xf9,
    0x7f, 0xbf, 0x90, 0xff, 0xea, 0x3f, 0xc1, 0xfe,
    0xfe, 0xf, 0xef, 0xe4, 0x3f, 0xfa, 0x8f, 0xf0,
    0x7f, 0xbf, 0x83, 0xfb, 0xf9, 0xf, 0xfe, 0xa3,
    0xfc, 0x1f, 0xef, 0xe0, 0xfe, 0xfe, 0x43, 0xff,
    0xa8, 0xff, 0x7, 0xfb, 0xf8, 0x3f, 0xbf, 0x90,
    0xfd, 0x52, 0xff, 0xf0, 0x3, 0xf9, 0xfe, 0xf,
    0xf7, 0xf0, 0x7f, 0x7f, 0x21, 0xfb, 0xff, 0xf8,
    0x68, 0x7e, 0x7f, 0x83, 0xfd, 0xfc, 0x1f, 0xdf,
    0xc8, 0x7e, 0xff, 0xfe, 0x1a, 0x1f, 0x9f, 0xe0,
    0xff, 0x7f, 0x7, 0xf7, 0xf4, 0x1f, 0xbf, 0xff,
    0x86, 0x87, 0xe7, 0xff, 0xfa, 0xd0, 0x7e, 0xff,
    0xfe, 0x1a, 0x1f, 0x9f, 0xff, 0xeb, 0x41, 0xfa,
    0xb9, 0x7b, 0xf9, 0xf, 0xcf, 0xff, 0xf5, 0xa0,
    0xff, 0xe3, 0x7f, 0x21, 0xfa, 0xff, 0xfe, 0xb4,
    0x1f, 0xfc, 0x6f, 0xe4, 0x3f, 0x35, 0xff, 0xc3,
    0xfe, 0xaf, 0xfe, 0x12, 0x1f, 0xfc, 0x6f, 0xe4,
    0x3f, 0xf9, 0x9f, 0xc1, 0xff, 0xd5, 0xfe, 0xf,
    0xfe, 0x6f, 0xf0, 0x7f, 0xf5, 0x7f, 0x83, 0xff,
    0x9b, 0xfc, 0x1f, 0xfd, 0x5f, 0xe0, 0xff, 0xe6,
    0xff, 0x7, 0xff, 0x57, 0xf8, 0x3f, 0xf9, 0xbf,
    0xc1, 0xff, 0xd5, 0xfe, 0xe, 0xff, 0xff, 0x8,
    0x7f, 0xf0, 0x7f, 0x83, 0xbf, 0xff, 0xc2, 0x1f,
    0xfc, 0x1f, 0xe0, 0xef, 0xff, 0xf0, 0x87, 0xff,
    0x7, 0xf8, 0x3b, 0xff, 0xfc, 0x21, 0xff, 0xc1,
    0xfe, 0xe, 0xfa, 0xbf, 0xf8, 0x5f, 0xfe, 0xaf,
    0xfe, 0x1f, 0xc1, 0xff, 0xc1, 0xfe, 0xf, 0xfe,
    0x4d, 0xff, 0xe8, 0x3f, 0xfa, 0x5f, 0xc1, 0xff,
    0xc9, 0xff, 0xfe, 0x2, 0x1f, 0xfd, 0x1f, 0xe0,
    0xff, 0xe4, 0x5f, 0xff, 0xc1, 0xf, 0xfe, 0x8f,
    0xf0, 0x7f, 0xf1, 0xdf, 0xff, 0xe1, 0x87, 0xff,
    0x43, 0xf8, 0x24, 0x3f, 0xf8, 0x7f, 0xff, 0xc5,
    0xf, 0xfe, 0x7f, 0xf0, 0x5e, 0xf, 0xfe, 0xd,
    0xff, 0xf5, 0xfd, 0x7, 0xff, 0x3b, 0xf8, 0x1f,
    0x41, 0xff, 0x3f, 0xe7, 0xf8, 0xff, 0x41, 0xff,
    0xcd, 0xfe, 0x1f, 0xd0, 0x7f, 0x3f, 0xe8, 0xfe,
    0x1f, 0xf8, 0x3f, 0xf9, 0x9f, 0xcf, 0xf9, 0xf,
    0xdf, 0xf0, 0x3f, 0x81, 0x7f, 0xc1, 0xff, 0xcb,
    0xff, 0xfe, 0x0, 0x7e, 0xff, 0x82, 0xfe, 0xb,
    0xff, 0x21, 0xff, 0xc9, 0xff, 0xf8, 0x3f, 0x7f,
    0xc8, 0x5f, 0xc1, 0xbf, 0xf4, 0x1f, 0xfc, 0x8f,
    0xff, 0x21, 0xf7, 0xfc, 0x86, 0xfe, 0xe, 0xff,
    0xe0, 0xff, 0xe3, 0xff, 0xf4, 0x1e, 0x7f, 0xe8,
    0x3b, 0xf8, 0x3d, 0xff, 0xd0, 0x7f, 0xf1, 0x7f,
    0xf8, 0x3d, 0x7f, 0xd0, 0x7b, 0xf8, 0x3e, 0xff,
    0xf4, 0x1f, 0xfc, 0x3f, 0xfc, 0x1c, 0xff, 0xe8,
    0x3e, 0xfe, 0xf, 0xdf, 0xff, 0x41, 0xff, 0xc1,
    0xff, 0x90, 0xd7, 0xfe, 0x83, 0xf7, 0xf0, 0x7f,
    0x7f, 0xff, 0x2, 0xf, 0xf3, 0xfe, 0x82, 0x7f,
    0xfa, 0xf, 0xef, 0xe0, 0xff, 0x5f, 0xfe, 0x83,
    0xfd, 0xff, 0x5, 0xff, 0xe4, 0x3f, 0xdf, 0xc1,
    0xff, 0x3f, 0xfc, 0x1f, 0xeb, 0xfc, 0x84, 0xff,
    0xe0, 0xff, 0xe0, 0x7f, 0x7, 0xff, 0x6, 0xff,
    0x41, 0xfe, 0xff, 0x41, 0xd7, 0xf4, 0x1f, 0xfc,
    0x1f, 0xe0, 0xff, 0xe1, 0xdf, 0x83, 0xff, 0x80,
    0xfe, 0xf, 0xaf, 0x90, 0xff, 0xe1, 0x7f, 0x7,
    0xff, 0x16, 0xe0, 0xff, 0xe1, 0x79, 0xf, 0xdc,
    0x1f, 0xfc, 0x37, 0xf8, 0x3f, 0xfa, 0xe8, 0x7f,
    0xf3, 0x9f, 0xe0, 0xff, 0xf9, 0x3f, 0xc1, 0xff,
    0xf2, 0x7f, 0x83, 0xff, 0xe4, 0xff, 0x7, 0xff,
    0xc9, 0xfe, 0xf, 0xfe, 0x58,

    /* U+8D1D "贝" */
    0xf, 0xff, 0xdf, 0xff, 0xf8, 0xd0, 0xff, 0xe1,
    0xff, 0xff, 0x8d, 0xf, 0xfe, 0x1f, 0xff, 0xf8,
    0xd0, 0xff, 0xe1, 0xff, 0xff, 0x8c, 0x3f, 0xf8,
    0x9f, 0xea, 0xff, 0xeb, 0xff, 0x83, 0xff, 0x89,
    0xfe, 0xf, 0xfe, 0xbd, 0xfc, 0x1f, 0xfc, 0x4f,
    0xf0, 0x7f, 0xf5, 0xef, 0xe0, 0xff, 0xe2, 0x7f,
    0x83, 0xff, 0xaf, 0x7f, 0x7, 0xff, 0x13, 0xfc,
    0x1f, 0xfd, 0x7b, 0xf8, 0x3f, 0xf8, 0x9f, 0xe0,
    0xff, 0xeb, 0xdf, 0xc1, 0xff, 0xc4, 0xff, 0x7,
    0xff, 0x5e, 0xfe, 0xf, 0xfe, 0x27, 0xf8, 0x3f,
    0xfa, 0xf7, 0xf0, 0x7f, 0xf1, 0x3f, 0xc1, 0xff,
    0xd7, 0xbf, 0x83, 0xff, 0x89, 0xfe, 0xf, 0xfe,
    0x15, 0x10, 0xff, 0xe3, 0x5f, 0xc1, 0xff, 0xc4,
    0xff, 0x7, 0xff, 0xb, 0xfe, 0x43, 0xff, 0x83,
    0x7f, 0x7, 0xff, 0x13, 0xfc, 0x1f, 0xfc, 0x2f,
    0xf8, 0x3f, 0xf8, 0x57, 0xf0, 0x7f, 0xf1, 0x3f,
    0xc1, 0xff, 0xc2, 0xbf, 0xc1, 0xff, 0xc2, 0xbf,
    0x83, 0xff, 0x89, 0xfe, 0xf, 0xfe, 0x15, 0xfe,
    0xf, 0xfe, 0x15, 0xfc, 0x1f, 0xfc, 0x4f, 0xf0,
    0x7f, 0xf0, 0xaf, 0xf0, 0x7f, 0xf0, 0xaf, 0xe0,
    0xff, 0xe2, 0x7f, 0x83, 0xff, 0x85, 0x7f, 0x41,
    0xff, 0xc2, 0xbf, 0x83, 0xff, 0x89, 0xfe, 0xf,
    0xfe, 0x15, 0xfd, 0x7, 0xff, 0xa, 0xfe, 0xf,
    0xfe, 0x27, 0xf8, 0x3f, 0xf8, 0x57, 0xf2, 0x1f,
    0xfc, 0x2b, 0xf8, 0x3f, 0xf8, 0x9f, 0xe0, 0xff,
    0xe1, 0x5f, 0xc8, 0x7f, 0xf0, 0xaf, 0xe0, 0xff,
    0xe2, 0x7f, 0x83, 0xff, 0x85, 0x7f, 0x21, 0xff,
    0xc2, 0xbf, 0x83, 0xff, 0x89, 0xfe, 0xf, 0xfe,
    0x17, 0xf8, 0x3f, 0xf8, 0x77, 0xf0, 0x7f, 0xf1,
    0x3f, 0xc1, 0xff, 0xc2, 0xff, 0x7, 0xff, 0xe,
    0xfe, 0xf, 0xfe, 0x27, 0xf8, 0x3f, 0xf8, 0x5f,
    0xe0, 0xff, 0xe1, 0xdf, 0xc1, 0xff, 0xc4, 0xff,
    0x7, 0xff, 0xb, 0xfc, 0x1f, 0xfc, 0x3b, 0xf8,
    0x3f, 0xf8, 0x9f, 0xe0, 0xff, 0xe1, 0x7f, 0x83,
    0xff, 0x87, 0x7f, 0x7, 0xff, 0x13, 0xfc, 0x1f,
    0xfc, 0x2f, 0xe8, 0x3f, 0xf8, 0x77, 0xf0, 0x7f,
    0xf1, 0x3f, 0xc1, 0xff, 0xc1, 0x7f, 0xa0, 0xff,
    0xe1, 0xdf, 0xc1, 0xff, 0xc4, 0xff, 0x7, 0xff,
    0x5, 0xfe, 0x43, 0xff, 0x87, 0x7f, 0x7, 0xff,
    0x13, 0xfc, 0x1f, 0xfc, 0x1b, 0xf9, 0xf, 0xfe,
    0x1d, 0xfc, 0x1f, 0xfc, 0x4f, 0xf0, 0x7f, 0xf0,
    0x7f, 0xc1, 0xff, 0xc4, 0xbf, 0x83, 0xff, 0x89,
    0xfe, 0xf, 0xfe, 0xf, 0xf8, 0x3f, 0xf8, 0x97,
    0xf0, 0x7f, 0xf1, 0x3f, 0xc1, 0xff, 0xc0, 0x7f,
    0xa0, 0xff, 0xe2, 0x5f, 0xc1, 0xff, 0xc4, 0xff,
    0x7, 0xff, 0x2, 0xfe, 0x43, 0xff, 0x89, 0x7f,
    0x7, 0xff, 0x13, 0xfc, 0x1f, 0xfc, 0xf, 0xf0,
    0x7f, 0xf1, 0x6f, 0xe0, 0xff, 0xe2, 0x7f, 0x83,
    0xff, 0x81, 0xfe, 0xf, 0xfe, 0x2d, 0xfc, 0x87,
    0xff, 0xf, 0xfc, 0x1f, 0xf5, 0xfc, 0x87, 0x9c,
    0x3f, 0xaf, 0xe4, 0x3f, 0xf8, 0x7f, 0xe0, 0xff,
    0xbf, 0xc1, 0xf7, 0xc8, 0x7c, 0xd7, 0x21, 0xff,
    0xc3, 0x5e, 0xf, 0xf9, 0xff, 0x7, 0xaf, 0xd0,
    0x7f, 0xf8, 0x3f, 0xc8, 0x73, 0xff, 0x21, 0xff,
    0xdd, 0xbf, 0xc1, 0xef, 0xfe, 0x83, 0xff, 0xb6,
    0xff, 0x90, 0xfa, 0xff, 0xe0, 0xff, 0xed, 0x7f,
    0xa0, 0xfe, 0x7f, 0xf9, 0xf, 0xfe, 0xbf, 0xfc,
    0x1f, 0xfc, 0xf, 0xfe, 0x83, 0xff, 0xa8, 0xff,
    0xc8, 0x7f, 0xf0, 0x6f, 0xfe, 0xf, 0xfe, 0x93,
    0xff, 0x41, 0xff, 0xc3, 0xbf, 0xf9, 0xf, 0xfe,
    0x7d, 0xff, 0x41, 0xff, 0xc5, 0x7f, 0xfa, 0xf,
    0xfe, 0x6f, 0xfe, 0x83, 0xff, 0x91, 0xff, 0xe0,
    0xff, 0xe5, 0x5f, 0xfa, 0xf, 0xfe, 0x55, 0xff,
    0xc8, 0x7f, 0xf1, 0x9f, 0xfe, 0x83, 0xff, 0x98,
    0xff, 0xf4, 0x1f, 0xfc, 0x3b, 0xff, 0xc8, 0x7f,
    0xf3, 0xff, 0xfc, 0x1f, 0xf3, 0x7f, 0xfc, 0x1f,
    0xfd, 0x2f, 0xff, 0x21, 0xe6, 0xff, 0xfe, 0x4,
    0x1f, 0xfd, 0x4b, 0xff, 0xa0, 0x37, 0xff, 0xf0,
    0x60, 0xff, 0xeb, 0xdf, 0xfc, 0xb, 0xff, 0xf8,
    0x28, 0x7f, 0xf6, 0x5f, 0xf8, 0x35, 0xff, 0xe4,
    0x3f, 0xfb, 0x8f, 0xf0, 0x7b, 0xff, 0x21, 0xff,
    0xe0, 0xf9, 0xf, 0xbf, 0x90, 0xff, 0xf1, 0xe8,
    0x7e, 0xbc, 0x87, 0xff, 0xfc, 0x3f, 0xfb, 0xe0,

    /* U+8D77 "起" */
    0xf, 0xfe, 0x23, 0xfc, 0x1f, 0xff, 0x27, 0xf8,
    0x3f, 0xfe, 0x4f, 0xf0, 0x7f, 0xfc, 0x9f, 0xe0,
    0xff, 0xf9, 0xff, 0x7, 0xff, 0xcf, 0xf8, 0x3f,
    0xfe, 0x7f, 0xc1, 0xff, 0xc1, 0x6a, 0x5f, 0xfe,
    0x50, 0x7f, 0xf3, 0x3f, 0x83, 0xff, 0x83, 0x7f,
    0xff, 0x36, 0xf, 0xfe, 0x5f, 0xf0, 0x7f, 0xf0,
    0x6f, 0xff, 0xe6, 0xa1, 0xff, 0xcb, 0xfe, 0xf,
    0xfe, 0xd, 0xff, 0xfc, 0xd4, 0x3f, 0xe7, 0xfe,
    0xab, 0xfd, 0x57, 0xf9, 0xa, 0xff, 0xfe, 0x6a,
    0x1f, 0xf3, 0xff, 0xfc, 0xd4, 0x3f, 0xf9, 0x9f,
    0xc8, 0x7f, 0xcf, 0xff, 0xf3, 0x50, 0xff, 0xe6,
    0x7f, 0x21, 0xff, 0x3f, 0xff, 0xcd, 0x43, 0xff,
    0x99, 0xfc, 0x87, 0xfc, 0xff, 0xff, 0x35, 0xf,
    0xfe, 0x67, 0xf2, 0x1f, 0xfc, 0xbf, 0xe0, 0xff,
    0xeb, 0x7f, 0x21, 0xff, 0xcb, 0xfe, 0xf, 0xfe,
    0xb7, 0xf2, 0x1f, 0xfc, 0xbf, 0xe0, 0xff, 0xeb,
    0x7f, 0x21, 0xff, 0xcb, 0xfe, 0xf, 0xfe, 0xb7,
    0xf2, 0x1f, 0xfc, 0xbf, 0xe0, 0xff, 0xeb, 0x7f,
    0x21, 0xff, 0xcb, 0xfe, 0xf, 0xfe, 0xb7, 0xf2,
    0x1f, 0xfc, 0xbf, 0xe0, 0xff, 0xeb, 0x7f, 0x21,
    0xff, 0xcb, 0xfe, 0xf, 0xfe, 0xb7, 0xf2, 0x1f,
    0xfc, 0xbf, 0xe0, 0xff, 0xeb, 0x7f, 0x21, 0xff,
    0xcb, 0xfe, 0xf, 0xfe, 0xb7, 0xf2, 0x1f, 0xe4,
    0x3f, 0xf8, 0x1f, 0xc1, 0xff, 0x21, 0x57, 0xff,
    0x1f, 0xf9, 0xf, 0xeb, 0xff, 0xfa, 0x48, 0x3f,
    0xff, 0x98, 0x87, 0xf5, 0xff, 0xfd, 0x24, 0x1f,
    0xff, 0xcc, 0x43, 0xfa, 0xff, 0xfe, 0x92, 0xf,
    0xff, 0xe6, 0x21, 0xfd, 0x7f, 0xff, 0x49, 0x5,
    0xff, 0xfc, 0xb8, 0x3f, 0x9a, 0xf9, 0x7e, 0xfe,
    0x5e, 0xaf, 0x5, 0x7f, 0x7, 0xff, 0x7f, 0xf8,
    0x3f, 0xf8, 0x57, 0xe8, 0x3f, 0xfb, 0xff, 0xc1,
    0xff, 0xc2, 0xbf, 0x41, 0xff, 0xdf, 0xfe, 0xf,
    0xfe, 0x15, 0xfa, 0xf, 0xfe, 0xff, 0xf0, 0x7f,
    0xf0, 0xaf, 0xd0, 0x7f, 0xf7, 0xff, 0x83, 0xff,
    0x85, 0x7e, 0x83, 0xff, 0xbf, 0xfc, 0x1f, 0xfc,
    0x2b, 0xf4, 0x1f, 0xfd, 0x5d, 0x41, 0xf7, 0xf0,
    0x7f, 0xf0, 0xaf, 0xd0, 0x7f, 0xf5, 0x1f, 0xf0,
    0x6f, 0xe0, 0xff, 0xe1, 0x5f, 0xa0, 0xff, 0xea,
    0x3f, 0xd0, 0x6f, 0xff, 0xe1, 0xa1, 0x5f, 0xa0,
    0xff, 0xea, 0x5f, 0xc1, 0xdf, 0xff, 0xc3, 0x42,
    0xbf, 0x41, 0xff, 0xc4, 0xd0, 0xff, 0xe1, 0x7f,
    0x83, 0xbf, 0xff, 0x86, 0x85, 0x7e, 0x83, 0xff,
    0x89, 0xf2, 0x1f, 0xfc, 0xf, 0xe8, 0x3b, 0xff,
    0xf8, 0x68, 0x57, 0xe8, 0x3f, 0xf8, 0x6f, 0xf9,
    0xf, 0xef, 0xe4, 0x3b, 0xff, 0xf8, 0x68, 0x57,
    0xe8, 0x3f, 0xf8, 0x6f, 0xf8, 0x3f, 0x9f, 0xe4,
    0x3b, 0xf8, 0x3f, 0xf8, 0x57, 0xe8, 0x3f, 0xf8,
    0x77, 0xf8, 0x3f, 0x9f, 0xe8, 0x3b, 0xf8, 0x3f,
    0xf8, 0x57, 0xe8, 0x3f, 0xf8, 0x7f, 0xe8, 0x3f,
    0xaf, 0xf0, 0x77, 0xf0, 0x7f, 0xf0, 0xaf, 0xe0,
    0xff, 0xe1, 0xff, 0x90, 0xfe, 0xff, 0x90, 0xdf,
    0xc1, 0xff, 0xc2, 0xbf, 0x83, 0xff, 0x84, 0xff,
    0x83, 0xfd, 0xff, 0x83, 0x7f, 0x7, 0xff, 0xa,
    0xff, 0x21, 0xff, 0x3f, 0xf0, 0x7f, 0x3f, 0xfc,
    0x17, 0xf0, 0x7f, 0xf0, 0x9f, 0xff, 0xe6, 0xa1,
    0xfd, 0x7f, 0xf4, 0xf, 0xe0, 0xff, 0xe1, 0xff,
    0xff, 0x34, 0x3f, 0xdf, 0xff, 0x27, 0xf0, 0x7f,
    0xf0, 0xef, 0xff, 0xe5, 0xc1, 0xfe, 0xfe, 0x6f,
    0xe7, 0xf8, 0x3f, 0xf8, 0x9f, 0xff, 0xca, 0x83,
    0xfc, 0xff, 0x2, 0xff, 0xf0, 0x7f, 0xf1, 0x5f,
    0xff, 0xe3, 0x48, 0x7f, 0xdf, 0xd0, 0x5f, 0xfe,
    0xf, 0xff, 0x2f, 0xf0, 0x77, 0xff, 0x7, 0xff,
    0x92, 0xfd, 0x7, 0xbf, 0xf8, 0x3f, 0xfc, 0x7f,
    0xc8, 0x7d, 0xff, 0xe4, 0x3f, 0xfb, 0xf7, 0xf0,
    0x7f, 0x5f, 0xff, 0x51, 0xf, 0xfe, 0xaa, 0xc3,
    0xfd, 0x7, 0xf9, 0xff, 0xfe, 0x35, 0x65, 0xff,
    0xe1, 0xd6, 0xff, 0x81, 0xfe, 0xf, 0xfe, 0xd,
    0xff, 0xfe, 0x18, 0x17, 0xe8, 0x3f, 0xf8, 0x77,
    0xff, 0xf7, 0xd0, 0x9f, 0x90, 0xff, 0xe2, 0xb7,
    0xff, 0xf7, 0x3, 0x9f, 0x7, 0xff, 0x25, 0xa7,
    0xff, 0xf5, 0xe0, 0xf4, 0x87, 0xff, 0x3d, 0x55,
    0x7f, 0xff, 0x3d, 0xf, 0xff, 0xd0,

    /* U+8DB3 "足" */
    0xf, 0xfa, 0xbf, 0xfb, 0xc8, 0x7f, 0xf2, 0xbf,
    0xff, 0xbe, 0x1f, 0xfc, 0xaf, 0xff, 0xef, 0x41,
    0xff, 0xca, 0xff, 0xfe, 0xf4, 0x1f, 0xfc, 0xaf,
    0xff, 0xef, 0x41, 0xff, 0xca, 0xff, 0x7, 0xff,
    0x4f, 0xfa, 0xf, 0xfe, 0x57, 0xf8, 0x3f, 0xfa,
    0x7f, 0xd0, 0x7f, 0xf2, 0xbf, 0xc1, 0xff, 0xd3,
    0xfe, 0x83, 0xff, 0x95, 0xfe, 0xf, 0xfe, 0x9f,
    0xf4, 0x1f, 0xfc, 0xaf, 0xf0, 0x7f, 0xf4, 0xff,
    0xa0, 0xff, 0xe5, 0x7f, 0x83, 0xff, 0xa7, 0xfd,
    0x7, 0xff, 0x2b, 0xfc, 0x1f, 0xfd, 0x3f, 0xe8,
    0x3f, 0xf9, 0x5f, 0xe0, 0xff, 0xe9, 0xff, 0x41,
    0xff, 0xca, 0xff, 0x7, 0xff, 0x4f, 0xfa, 0xf,
    0xfe, 0x57, 0xf8, 0x3f, 0xfa, 0x7f, 0xd0, 0x7f,
    0xf2, 0xbf, 0xc1, 0xff, 0xd3, 0xfe, 0x83, 0xff,
    0x95, 0xfe, 0xf, 0xfe, 0x9f, 0xf4, 0x1f, 0xfc,
    0xaf, 0xf0, 0x7f, 0xf4, 0xff, 0xa0, 0xff, 0xe5,
    0x7f, 0x83, 0xff, 0xa7, 0xfd, 0x7, 0xff, 0x2b,
    0xff, 0xfb, 0xd0, 0x7f, 0xf2, 0xbf, 0xff, 0xbd,
    0x7, 0xff, 0x2b, 0xff, 0xfb, 0xd0, 0x7f, 0xf2,
    0xbf, 0xff, 0xbe, 0x1f, 0xfc, 0xa5, 0xff, 0xe3,
    0x5f, 0xcb, 0xff, 0xc7, 0xf, 0xfe, 0xe5, 0xfc,
    0x1f, 0xfe, 0xfb, 0xf8, 0x3f, 0xfd, 0xf7, 0xf0,
    0x7f, 0xfb, 0xef, 0xe0, 0xff, 0xf7, 0xdf, 0xc1,
    0xff, 0xef, 0xbf, 0x83, 0xff, 0xdf, 0x7f, 0x7,
    0xff, 0x77, 0xa2, 0x1f, 0xfc, 0x2b, 0xf8, 0x3f,
    0xfb, 0xbf, 0xe8, 0x3f, 0xeb, 0xf8, 0x3f, 0xfb,
    0xbf, 0xe4, 0x3f, 0xeb, 0xf8, 0x3f, 0xfb, 0xbf,
    0xe0, 0xff, 0xe0, 0x5f, 0xc1, 0xff, 0xdd, 0xff,
    0x7, 0xff, 0x2, 0xfe, 0xf, 0xfe, 0x52, 0x1f,
    0xfc, 0x57, 0xfa, 0xf, 0xfe, 0x5, 0xff, 0xfd,
    0x4, 0x3f, 0xf8, 0x8f, 0xf2, 0x1f, 0xfc, 0xb,
    0xff, 0xfa, 0x8, 0x7f, 0xf1, 0x1f, 0xe4, 0x3f,
    0xf8, 0x17, 0xff, 0xf4, 0x10, 0xff, 0xe2, 0x5f,
    0xc1, 0xff, 0xc1, 0xbf, 0xff, 0xa0, 0x87, 0xff,
    0x13, 0xfc, 0x1f, 0xfc, 0x1b, 0xf9, 0x7f, 0xf8,
    0xd5, 0xc1, 0xff, 0xc5, 0xff, 0x7, 0xff, 0x6,
    0xfe, 0xf, 0xfe, 0xe7, 0xf4, 0x1f, 0xfc, 0x1b,
    0xf8, 0x3f, 0xfb, 0x6f, 0xf4, 0x1f, 0xfc, 0x1b,
    0xf8, 0x3f, 0xfb, 0x77, 0xf4, 0x1f, 0xfc, 0x1b,
    0xf8, 0x3f, 0xfb, 0x7f, 0xf0, 0x7f, 0xf0, 0x6f,
    0xe0, 0xff, 0xed, 0x3f, 0xf8, 0x3f, 0xf8, 0x17,
    0xf0, 0x7f, 0xf6, 0xaf, 0xfe, 0xf, 0xfa, 0xfe,
    0xf, 0xfe, 0xd7, 0xff, 0xc1, 0xfe, 0xbf, 0x83,
    0xff, 0xb2, 0xff, 0xff, 0x1, 0xf, 0xd7, 0xf0,
    0x7f, 0xf6, 0x6f, 0xe5, 0x7f, 0xa0, 0xfa, 0xfe,
    0xf, 0xfe, 0xcf, 0xf8, 0xf, 0xfc, 0x87, 0x5f,
    0xc1, 0xff, 0xd8, 0xbf, 0x90, 0x9f, 0xfa, 0xd,
    0x7f, 0x7, 0xff, 0x63, 0xfc, 0x1e, 0xff, 0xd2,
    0x5f, 0xc1, 0xff, 0xd7, 0xff, 0x21, 0xf5, 0xff,
    0xfc, 0x30, 0xff, 0xeb, 0x5f, 0xe0, 0xfe, 0x7f,
    0xff, 0x87, 0x45, 0x7, 0xff, 0x15, 0x75, 0x41,
    0x9f, 0xf2, 0x1f, 0xf5, 0xff, 0xfd, 0xc4, 0x37,
    0xfc, 0x1f, 0xfc, 0x2b, 0xff, 0xfb, 0x41, 0xbf,
    0xe4, 0x3f, 0xf8, 0x97, 0xff, 0xf6, 0x2, 0xff,
    0xa0, 0xff, 0xe4, 0x37, 0xff, 0xf4, 0xd0, 0xaf,
    0xf0, 0x7f, 0xf3, 0x9a, 0xbf, 0xff, 0x98, 0x1c,
    0xfe, 0x43, 0xff, 0xba, 0xbf, 0xf5, 0x3, 0xef,
    0x41, 0xff, 0xf3, 0x83, 0xff, 0xfe, 0x1f, 0xfe,
    0x50,

    /* U+8DEF "路" */
    0xf, 0xfe, 0xd2, 0x83, 0xff, 0xeb, 0x79, 0xf,
    0xff, 0x9f, 0xf4, 0x87, 0xff, 0xbd, 0xff, 0x7,
    0xff, 0xc2, 0xfe, 0xf, 0xfe, 0x8a, 0xff, 0xf2,
    0x83, 0xfd, 0xfd, 0x7, 0xff, 0x46, 0xff, 0xfe,
    0x48, 0x7f, 0x3f, 0xc1, 0xff, 0xd2, 0xbf, 0xff,
    0x92, 0x1f, 0xdf, 0xd0, 0x7f, 0xf4, 0xaf, 0xff,
    0xe4, 0x87, 0xe7, 0xff, 0xf9, 0xa8, 0x7f, 0xaf,
    0xff, 0xe4, 0x87, 0xef, 0xff, 0xe7, 0x7, 0xfd,
    0x7e, 0x43, 0xfe, 0xfe, 0xf, 0x9f, 0xff, 0xe6,
    0xc1, 0xff, 0x5f, 0x90, 0xff, 0xbf, 0x41, 0xf7,
    0xff, 0xf3, 0x83, 0xff, 0x81, 0x7e, 0x43, 0xfe,
    0xfd, 0x7, 0x9f, 0xe0, 0xff, 0xe1, 0xff, 0x41,
    0xff, 0xc0, 0xbf, 0x21, 0xff, 0x7e, 0x83, 0xdf,
    0xc8, 0x7f, 0xf0, 0xaf, 0xe0, 0xff, 0xe0, 0xdf,
    0x90, 0xff, 0xbf, 0x41, 0xd7, 0xf4, 0x1f, 0xfc,
    0x2f, 0xe4, 0x3f, 0xf8, 0x37, 0xe4, 0x3f, 0xef,
    0xd0, 0x67, 0xfe, 0x43, 0xff, 0x81, 0x7f, 0x7,
    0xff, 0xa, 0xfc, 0x87, 0xfd, 0xfa, 0xd, 0xff,
    0xc1, 0xff, 0xc0, 0xfe, 0x43, 0xff, 0x85, 0x7e,
    0x43, 0xfe, 0xfd, 0x5, 0x7f, 0xf8, 0x3f, 0xdf,
    0xd0, 0x7f, 0xf0, 0xef, 0xc8, 0x7f, 0xdf, 0xa0,
    0x3f, 0xcd, 0xfa, 0xf, 0xcf, 0xf0, 0x7f, 0xf1,
    0x2f, 0xc8, 0x7f, 0xdf, 0xa1, 0xfe, 0x81, 0xfd,
    0x7, 0xdf, 0xc8, 0x7f, 0xf1, 0x2f, 0xc8, 0x7f,
    0xdf, 0xc5, 0xfc, 0x1b, 0xfa, 0xe, 0xbf, 0x83,
    0xff, 0x8b, 0x7f, 0xff, 0x24, 0xf, 0xc8, 0x77,
    0xf4, 0x13, 0xfc, 0x1f, 0xfc, 0x6b, 0xff, 0xf9,
    0x21, 0xb8, 0x3c, 0xff, 0x40, 0xfe, 0x83, 0xff,
    0x8d, 0x7f, 0xff, 0x24, 0x3f, 0xf8, 0x2f, 0xf5,
    0xfe, 0xf, 0xfe, 0x3d, 0xff, 0xfc, 0x90, 0xff,
    0xe1, 0x5f, 0xfe, 0xf, 0xfe, 0x4a, 0xfe, 0xfe,
    0x5f, 0xc1, 0xff, 0xc3, 0xbf, 0xf2, 0x1f, 0xfd,
    0x1b, 0xf0, 0x7f, 0xf3, 0x2f, 0xf8, 0x3f, 0xfa,
    0x57, 0xe0, 0xff, 0xe6, 0x7f, 0xe8, 0x3f, 0xfa,
    0x37, 0xe0, 0xff, 0xe5, 0x3f, 0xff, 0x7, 0xff,
    0x42, 0xfc, 0x1f, 0xfc, 0x9b, 0xff, 0xf8, 0x30,
    0x7f, 0xf3, 0xaf, 0xc1, 0xff, 0xc7, 0x7f, 0xe9,
    0xff, 0xd0, 0x7f, 0xf3, 0x2f, 0xc1, 0xff, 0xc5,
    0x7f, 0xf2, 0x15, 0xff, 0xa4, 0x3f, 0xf8, 0xb,
    0xc1, 0xaf, 0xc1, 0xff, 0xc3, 0xbf, 0xf8, 0x3c,
    0xff, 0xf9, 0xf, 0xe7, 0xf8, 0x35, 0xf8, 0x3f,
    0xf8, 0xf, 0xff, 0x90, 0xfe, 0xbf, 0xfe, 0x90,
    0xf7, 0xf0, 0x6b, 0xf0, 0x7f, 0x5f, 0xff, 0x41,
    0xff, 0xc1, 0xbf, 0xfe, 0x43, 0xbf, 0x83, 0x5f,
    0xab, 0xd9, 0x7f, 0xfa, 0xf, 0xfe, 0x23, 0xff,
    0xd0, 0x7b, 0xf8, 0x35, 0xff, 0xf0, 0x3f, 0xf4,
    0x1f, 0xfc, 0x87, 0xfe, 0xf, 0xbf, 0x41, 0xaf,
    0xff, 0x82, 0xfe, 0x83, 0xff, 0x98, 0xfe, 0x43,
    0xef, 0xd0, 0x6b, 0xff, 0xe0, 0xaf, 0x51, 0x7f,
    0xf9, 0xa0, 0x68, 0x1f, 0xbf, 0x41, 0xaf, 0xff,
    0x83, 0x20, 0xff, 0xfe, 0x70, 0x7f, 0xf0, 0x7f,
    0x41, 0xaf, 0xc1, 0xff, 0xc2, 0xff, 0xfe, 0x70,
    0x7f, 0xf0, 0x7f, 0x41, 0xaf, 0xc1, 0xff, 0xc2,
    0xff, 0xfe, 0x70, 0x7f, 0xf0, 0x7f, 0x41, 0xaf,
    0xc1, 0xff, 0xc2, 0xff, 0xfe, 0x70, 0x7f, 0xf0,
    0x7f, 0x41, 0xaf, 0xc1, 0xff, 0xc2, 0xfe, 0xf,
    0xfe, 0x27, 0xf0, 0x7f, 0xf0, 0x7f, 0x41, 0xaf,
    0xc1, 0xff, 0xc2, 0xfe, 0xf, 0xfe, 0x27, 0xf0,
    0x7f, 0xf0, 0x7f, 0x41, 0xaf, 0xc1, 0xff, 0xc2,
    0xfe, 0xf, 0xfe, 0x27, 0xf0, 0x7f, 0xf0, 0x7f,
    0x41, 0xaf, 0xc1, 0xff, 0xc2, 0xfe, 0xf, 0xfe,
    0x27, 0xf0, 0x7f, 0xf0, 0x7f, 0x41, 0xaf, 0xc1,
    0xff, 0xc2, 0xfe, 0xf, 0xfe, 0x27, 0xf0, 0x7f,
    0xf0, 0x7f, 0x41, 0xaf, 0xc1, 0xff, 0xc2, 0xfe,
    0xf, 0xfe, 0x27, 0xf0, 0x7f, 0xf0, 0x7f, 0x41,
    0xaf, 0xc1, 0xfd, 0x40, 0xbf, 0x83, 0xff, 0x89,
    0xfc, 0x1f, 0xfc, 0x1f, 0xd0, 0x6b, 0xf0, 0x79,
    0xfa, 0xb, 0xf8, 0x3f, 0xf8, 0x9f, 0xc1, 0xff,
    0xc1, 0xfd, 0x6, 0xbf, 0x4, 0xdf, 0xd0, 0x5f,
    0xc1, 0xff, 0xc4, 0xfe, 0xf, 0xfe, 0xf, 0xe8,
    0x35, 0xfa, 0xff, 0xe8, 0x2f, 0xe0, 0xff, 0xe2,
    0x7f, 0x7, 0xff, 0x7, 0xf4, 0x1b, 0xff, 0xf8,
    0x81, 0x7f, 0x7, 0xff, 0x13, 0xf8, 0x3f, 0xf8,
    0x3f, 0xa1, 0xbf, 0xff, 0x85, 0x21, 0xbf, 0x83,
    0xff, 0x89, 0xfc, 0x1f, 0xfc, 0x1f, 0xff, 0xe3,
    0xc8, 0x7d, 0xff, 0xfc, 0xe0, 0xff, 0x9b, 0xff,
    0xf8, 0x88, 0x7f, 0xdf, 0xff, 0xce, 0xf, 0xcf,
    0xff, 0xf1, 0x24, 0x3f, 0xf8, 0x5f, 0xff, 0xce,
    0xf, 0xcf, 0xff, 0xf0, 0x64, 0x3f, 0xf8, 0xbf,
    0xff, 0xce, 0xf, 0xef, 0xff, 0x48, 0x7f, 0xf2,
    0x3f, 0x97, 0xff, 0x89, 0xfc, 0x1f, 0xcf, 0xfa,
    0x43, 0xff, 0x97, 0xfc, 0x1f, 0xfc, 0x4f, 0xe0,
    0xff, 0x7d, 0x21, 0xff, 0xce, 0xfe, 0xf, 0xfe,
    0x27, 0xf0, 0x7f, 0x94, 0x1f, 0xfd, 0x1f, 0xe0,
    0xff, 0xe2, 0x7f, 0x7, 0xff, 0x77, 0xf8, 0x3f,
    0xf8, 0x9f, 0xc1, 0xff, 0xdd, 0xfe, 0xf, 0xfe,
    0x25, 0x70, 0x7e,

    /* U+8F66 "车" */
    0xf, 0xff, 0xf8, 0x7f, 0xf1, 0xf9, 0xf, 0xff,
    0x93, 0xf9, 0xf, 0xff, 0x85, 0xfe, 0x43, 0xff,
    0xdd, 0xff, 0x7, 0xff, 0xb9, 0xff, 0x21, 0xff,
    0xee, 0xff, 0x41, 0xff, 0xee, 0x7f, 0xc1, 0xff,
    0xef, 0xff, 0x21, 0xff, 0xee, 0x7f, 0xc1, 0xff,
    0xef, 0xbf, 0x90, 0xff, 0xed, 0xd7, 0x2f, 0xff,
    0xf, 0xfc, 0xbf, 0xfc, 0xda, 0xc1, 0xff, 0x7f,
    0xff, 0xac, 0x3f, 0xef, 0xff, 0xf5, 0x87, 0xfd,
    0xff, 0xfe, 0xb0, 0xff, 0xbf, 0xff, 0xd6, 0x1f,
    0xf7, 0xfe, 0xaf, 0xef, 0xf5, 0x7f, 0xf3, 0xbf,
    0xc1, 0xff, 0xcf, 0xbf, 0xa0, 0xff, 0xf7, 0xff,
    0x83, 0xff, 0xdf, 0xfe, 0xf, 0xff, 0x7d, 0xfc,
    0x87, 0xdf, 0xe0, 0xff, 0xf0, 0xbf, 0xd0, 0x7e,
    0xff, 0x7, 0xff, 0x87, 0xfc, 0x1f, 0xdf, 0xe0,
    0xff, 0xf0, 0x7f, 0x83, 0xfd, 0xfe, 0xf, 0xfe,
    0xfd, 0xfc, 0x87, 0xfb, 0xfc, 0x1f, 0xfd, 0xe7,
    0xfa, 0xf, 0xfb, 0xfc, 0x1f, 0xfd, 0xd7, 0xfc,
    0x1f, 0xfc, 0xf, 0xf0, 0x7f, 0xf7, 0x1f, 0xf0,
    0x7f, 0xf0, 0x7f, 0xc1, 0xff, 0xdb, 0x7f, 0xc8,
    0x7f, 0xf0, 0x7f, 0xc1, 0xff, 0xda, 0xbf, 0xd0,
    0x7f, 0xf0, 0xbf, 0xc1, 0xff, 0xd9, 0xff, 0xc1,
    0xff, 0xc3, 0xff, 0x7, 0xff, 0x5e, 0xff, 0xff,
    0x32, 0x1f, 0xfc, 0x27, 0xff, 0xfc, 0xc8, 0x7f,
    0xf0, 0xff, 0xff, 0xcc, 0x87, 0xff, 0xe, 0xff,
    0xff, 0x2a, 0x1f, 0xfc, 0x4f, 0xff, 0xf2, 0xa1,
    0xff, 0xc4, 0xff, 0xa8, 0xbc, 0x1f, 0xdf, 0xe0,
    0xff, 0xe1, 0xaf, 0x7, 0xff, 0x15, 0x94, 0x1f,
    0xfc, 0x7f, 0xf0, 0x7f, 0xfc, 0x3f, 0xc1, 0xff,
    0xf0, 0xff, 0x7, 0xff, 0xc3, 0xfc, 0x1f, 0xff,
    0xf, 0xf0, 0x7f, 0xfc, 0x3f, 0xc1, 0xff, 0xf0,
    0xff, 0x7, 0xff, 0xc3, 0xfc, 0x1f, 0xff, 0xf,
    0xf0, 0x7f, 0xfc, 0x3f, 0xc1, 0xff, 0xd1, 0xff,
    0xff, 0xa2, 0x7f, 0xff, 0xd1, 0x3f, 0xff, 0xe8,
    0x9f, 0xff, 0xf4, 0x4f, 0xff, 0xfa, 0x25, 0x72,
    0xff, 0xf3, 0xbf, 0xcb, 0xff, 0xca, 0xae, 0xf,
    0xfe, 0xaf, 0xf8, 0x3f, 0xfe, 0x1f, 0xe0, 0xff,
    0xf8, 0x7f, 0x83, 0xff, 0xe1, 0xfe, 0xf, 0xff,
    0x87, 0xf8, 0x3f, 0xfe, 0x1f, 0xe0, 0xff, 0xf8,
    0x7f, 0x83, 0xff, 0xe1, 0xfe, 0xf, 0xff, 0x87,
    0xf8, 0x3f, 0xfe, 0x1f, 0xe0, 0xff, 0xf8, 0x7f,
    0x83, 0xff, 0xe1, 0xfe, 0xf, 0xff, 0x87, 0xf8,
    0x3f, 0xfe, 0x15, 0xe0, 0xff, 0xe8, 0x0,

    /* U+8FD9 "这" */
    0xf, 0xfe, 0xc4, 0x87, 0xff, 0xca, 0xf2, 0x1f,
    0xff, 0xf, 0xe4, 0x3f, 0xfa, 0x9e, 0xf, 0xfe,
    0x67, 0xfc, 0x1f, 0xfd, 0x3f, 0xc1, 0xff, 0xcc,
    0xff, 0x83, 0xff, 0xa1, 0x7f, 0x41, 0xff, 0xcc,
    0xff, 0x83, 0xff, 0x9f, 0xff, 0x21, 0xff, 0xcc,
    0xff, 0x83, 0xff, 0x9c, 0xff, 0xc1, 0xff, 0xcd,
    0xff, 0x83, 0xff, 0x9c, 0xff, 0xc1, 0xff, 0xcd,
    0xff, 0x83, 0xff, 0x9d, 0x7f, 0xa0, 0xff, 0xe6,
    0xff, 0x83, 0xff, 0x9f, 0x7f, 0x90, 0xff, 0xe6,
    0x3f, 0x83, 0xff, 0xa3, 0xff, 0x7, 0xff, 0x36,
    0xf0, 0x7f, 0xf4, 0xff, 0xe0, 0xff, 0xe6, 0xc1,
    0xff, 0xd4, 0xbf, 0xd0, 0x7f, 0xfb, 0xbf, 0xe0,
    0xef, 0xd5, 0xff, 0xd3, 0xfd, 0x7, 0xff, 0xb,
    0xfc, 0x1d, 0xff, 0xfd, 0xb8, 0x3f, 0xf8, 0x57,
    0xd0, 0x7b, 0xff, 0xfb, 0x70, 0x7f, 0xf0, 0xfc,
    0x1f, 0xbf, 0xff, 0xb7, 0x7, 0xff, 0x37, 0xff,
    0xfb, 0x70, 0x7f, 0xf9, 0xff, 0xc1, 0xff, 0xef,
    0xff, 0x7, 0xff, 0x71, 0xf, 0xfe, 0x2b, 0xfc,
    0x87, 0xff, 0x6e, 0xe0, 0xff, 0xe2, 0x5f, 0xc1,
    0xff, 0xdb, 0xbe, 0x83, 0xff, 0x87, 0xfe, 0xf,
    0xfe, 0xd5, 0xfe, 0xf, 0xfe, 0xb, 0xfd, 0x7,
    0xff, 0x65, 0xff, 0xc8, 0x7f, 0xd7, 0xf0, 0x7f,
    0xf1, 0x17, 0xff, 0x84, 0x1f, 0xd7, 0xfe, 0x43,
    0xfd, 0xfe, 0xf, 0xfe, 0x1d, 0xff, 0xfc, 0x20,
    0xff, 0x3f, 0xfa, 0xf, 0xcf, 0xf2, 0x1f, 0xfc,
    0x3b, 0xff, 0xf8, 0x41, 0xff, 0xc0, 0xff, 0xe0,
    0xfb, 0xfc, 0x1f, 0xfc, 0x4b, 0xff, 0xf8, 0x41,
    0xff, 0xc1, 0xff, 0xe0, 0xe7, 0xfa, 0xf, 0xfe,
    0x25, 0xff, 0xfc, 0x20, 0xff, 0xe1, 0x5f, 0xf8,
    0x37, 0xf9, 0xf, 0xfe, 0x22, 0xc1, 0xe7, 0xf8,
    0x3f, 0xf8, 0x6f, 0xfe, 0x3, 0xfe, 0xf, 0xfe,
    0x73, 0xfc, 0x1f, 0xfc, 0x47, 0xff, 0x1f, 0xe4,
    0x3f, 0xf9, 0xcf, 0xf0, 0x7f, 0xf1, 0xbf, 0xff,
    0x84, 0x1f, 0xfc, 0xf7, 0xf8, 0x3f, 0xf8, 0xff,
    0xff, 0xc0, 0x83, 0xff, 0x9e, 0xff, 0x7, 0xff,
    0x23, 0xff, 0xe0, 0xff, 0xe8, 0x3f, 0xc1, 0xff,
    0xc9, 0xff, 0xe8, 0x3f, 0xfa, 0xf, 0xf0, 0x7f,
    0xf2, 0xbf, 0xf4, 0x1f, 0xfd, 0x7, 0xf8, 0x3f,
    0xf9, 0x5f, 0xfd, 0x7, 0xff, 0x3d, 0xfe, 0xf,
    0xfe, 0x4f, 0xff, 0xd0, 0x7f, 0xf3, 0x9f, 0xe0,
    0xff, 0xe4, 0x7f, 0xff, 0x6, 0xf, 0xfe, 0x6b,
    0xfc, 0x1f, 0xfc, 0x7f, 0xff, 0xe1, 0xc1, 0xff,
    0xcc, 0x7f, 0x83, 0xff, 0x8d, 0xff, 0x47, 0xfe,
    0x83, 0xff, 0x96, 0xff, 0x7, 0xff, 0x11, 0xff,
    0xa0, 0xbf, 0xf4, 0x1f, 0xfc, 0xa7, 0xf8, 0x3f,
    0xf8, 0x77, 0xfd, 0x7, 0x7f, 0xe8, 0x3f, 0xf9,
    0x2f, 0xf0, 0x7f, 0xf0, 0xbf, 0xf4, 0x1f, 0x7f,
    0xe8, 0x3f, 0xf9, 0xf, 0xf0, 0x7f, 0xf0, 0x1f,
    0xfd, 0x7, 0xf7, 0xfe, 0x83, 0xff, 0x8e, 0xff,
    0x7, 0xf9, 0xff, 0xe8, 0x3f, 0xef, 0xfd, 0x7,
    0xff, 0x19, 0xfe, 0xf, 0xeb, 0xff, 0x90, 0xff,
    0xe0, 0xff, 0xe4, 0x3f, 0xf8, 0xaf, 0xf0, 0x79,
    0xff, 0xf4, 0x1f, 0xfc, 0x4f, 0xfc, 0x87, 0xff,
    0x11, 0xfe, 0xc, 0xff, 0xfc, 0x87, 0xff, 0x15,
    0xff, 0xc1, 0xff, 0xc4, 0x7f, 0x83, 0x9f, 0xfd,
    0x7, 0xff, 0x22, 0xff, 0x21, 0xff, 0xc4, 0x7f,
    0xa0, 0xe7, 0xfc, 0x87, 0xff, 0x2a, 0xfc, 0x1f,
    0xfc, 0x57, 0xfe, 0x83, 0xaf, 0xa0, 0xff, 0xe6,
    0xfc, 0x1f, 0xfc, 0x47, 0xff, 0xd0, 0x77, 0x83,
    0xff, 0xa1, 0x87, 0xff, 0x12, 0xff, 0xfe, 0xa,
    0x1f, 0xfe, 0x47, 0xff, 0xf8, 0xa8, 0x7f, 0xf8,
    0x7f, 0xf2, 0x6, 0xff, 0xd2, 0x1f, 0xfd, 0xcb,
    0xff, 0x7, 0x9f, 0xff, 0xa4, 0x3f, 0xf9, 0xab,
    0x55, 0xe4, 0xff, 0xd0, 0x7f, 0x5f, 0xff, 0xc6,
    0xaf, 0x7f, 0xff, 0x20, 0x1f, 0xf4, 0x1f, 0xf3,
    0xff, 0xfd, 0xe4, 0x2f, 0xe8, 0x3f, 0xf8, 0x4f,
    0xff, 0xf7, 0x3, 0xbe, 0x83, 0xff, 0x8a, 0xdf,
    0xff, 0xd8, 0x83, 0x9e, 0xf, 0xfe, 0x53, 0x7f,
    0xff, 0x51, 0xf, 0x41, 0xff, 0xd1, 0x5a, 0xbd,
    0xff, 0xfc, 0x70, 0x80,

    /* U+91C7 "采" */
    0xf, 0xff, 0x5b, 0x87, 0xff, 0xc1, 0x57, 0xe8,
    0x3f, 0xfd, 0x4d, 0x3f, 0xfc, 0x1f, 0xfe, 0x35,
    0x53, 0xff, 0xf8, 0x90, 0x7f, 0xf5, 0xd6, 0xab,
    0xff, 0xf9, 0xc1, 0xff, 0xc1, 0x5f, 0xf5, 0x77,
    0xff, 0xf6, 0xe0, 0xff, 0xe0, 0x3f, 0xff, 0xea,
    0x43, 0xff, 0x81, 0xff, 0xfd, 0xea, 0xcb, 0x83,
    0xff, 0x8a, 0xff, 0xff, 0x4a, 0xa5, 0x7, 0xff,
    0x53, 0xff, 0xf9, 0x15, 0x28, 0x3f, 0xf9, 0x2c,
    0x1f, 0xfc, 0x7b, 0xff, 0xa8, 0xb0, 0x7f, 0x41,
    0xff, 0xc9, 0xf8, 0x3f, 0xf8, 0xcc, 0xa0, 0xff,
    0xe3, 0x5e, 0x43, 0xff, 0x8e, 0xfe, 0x83, 0xff,
    0xb1, 0x7f, 0x7, 0xff, 0x1f, 0xfe, 0xf, 0xfe,
    0x45, 0x87, 0xff, 0x7, 0xfc, 0x87, 0xff, 0x16,
    0xff, 0x83, 0xff, 0x8c, 0xfe, 0xf, 0xfe, 0x3,
    0xfe, 0xf, 0xfe, 0x23, 0xff, 0x7, 0xff, 0x1b,
    0xfd, 0x7, 0xff, 0x3, 0xfc, 0x87, 0xff, 0xf,
    0xfe, 0x43, 0xff, 0x8d, 0xff, 0x21, 0xff, 0x3f,
    0xe0, 0xff, 0xe1, 0x3f, 0xe8, 0x3f, 0xf8, 0xef,
    0xfc, 0x1f, 0xfc, 0xf, 0xf2, 0x1f, 0xfc, 0x1f,
    0xf8, 0x3f, 0xf9, 0x37, 0xfa, 0xf, 0xf9, 0xff,
    0x7, 0xff, 0x3, 0xfe, 0xf, 0xfe, 0x5f, 0xfc,
    0x87, 0xfd, 0xfe, 0x43, 0xfc, 0xff, 0x90, 0xff,
    0xe6, 0x7f, 0xc1, 0xff, 0x5f, 0xe0, 0xff, 0x7f,
    0xa0, 0xff, 0xe6, 0xdf, 0xe8, 0x3f, 0xef, 0xf0,
    0x7f, 0x7f, 0xc1, 0xff, 0xcf, 0xff, 0x83, 0xfe,
    0xbf, 0x41, 0xfa, 0xff, 0x21, 0xff, 0xcf, 0x7f,
    0xd0, 0x7f, 0x9f, 0x21, 0xfc, 0xff, 0xc1, 0xff,
    0xd1, 0xff, 0x83, 0xfe, 0x83, 0xfe, 0x7f, 0xc1,
    0xff, 0xd3, 0xfe, 0x83, 0xfa, 0xfe, 0xf, 0xf5,
    0xf4, 0x1f, 0xfd, 0x3f, 0xa0, 0xff, 0xaf, 0xe0,
    0xff, 0x9f, 0x7, 0xff, 0x51, 0xd0, 0xff, 0xe0,
    0x5f, 0xc1, 0xff, 0xf1, 0x7f, 0x83, 0xff, 0xe2,
    0xff, 0x7, 0xff, 0xc5, 0xfe, 0xf, 0xff, 0x8b,
    0xfc, 0x1f, 0xfd, 0x46, 0x8b, 0xff, 0xce, 0xbf,
    0x97, 0xff, 0xa1, 0x40, 0x5f, 0xff, 0xf4, 0x4b,
    0xff, 0xfe, 0x89, 0x7f, 0xff, 0xd1, 0x2f, 0xff,
    0xfa, 0x25, 0xff, 0xff, 0x44, 0x3f, 0xf9, 0x9f,
    0xff, 0xc0, 0xbf, 0x90, 0xff, 0xf1, 0xdf, 0xff,
    0xc0, 0x3f, 0xc1, 0xff, 0xe3, 0xff, 0xaf, 0xe2,
    0xfe, 0x83, 0xff, 0xc3, 0xff, 0x37, 0xf0, 0x3f,
    0xc8, 0x7f, 0xf7, 0xff, 0xe8, 0xbf, 0x80, 0xff,
    0x83, 0xff, 0xbd, 0x7f, 0xc0, 0xbf, 0x82, 0xff,
    0x83, 0xff, 0xb9, 0x7f, 0xc1, 0x5f, 0xc1, 0xbf,
    0xe0, 0xff, 0xed, 0x5f, 0xf2, 0x15, 0xfc, 0x19,
    0xff, 0x83, 0xff, 0xb1, 0x7f, 0xc8, 0x6b, 0xf8,
    0x3b, 0xff, 0x7, 0xff, 0x5a, 0xff, 0x90, 0xeb,
    0xf8, 0x3d, 0xff, 0x90, 0xff, 0xe9, 0xff, 0xe8,
    0x3d, 0x7f, 0x7, 0xdf, 0xfa, 0xf, 0xfe, 0x8f,
    0xfe, 0x83, 0xeb, 0xf8, 0x3e, 0x7f, 0xf8, 0x3f,
    0xf9, 0xcf, 0xfe, 0x83, 0xf5, 0xfc, 0x1f, 0x9f,
    0xfe, 0x83, 0xff, 0x97, 0x7f, 0xe8, 0x3f, 0xaf,
    0xe0, 0xfe, 0x7f, 0xfc, 0x87, 0xff, 0x1d, 0xff,
    0xe4, 0x3f, 0xd7, 0xf0, 0x7f, 0x9f, 0xff, 0x90,
    0xff, 0xe2, 0x5f, 0xfc, 0x87, 0xfd, 0x7f, 0x7,
    0xfc, 0xff, 0xff, 0x1, 0xf, 0xfe, 0x3, 0xff,
    0xe0, 0xff, 0xe0, 0xdf, 0xc1, 0xff, 0xc1, 0xff,
    0xfe, 0xc, 0x87, 0xcf, 0xff, 0xa0, 0xff, 0xe1,
    0x5f, 0xc1, 0xff, 0xc2, 0xbf, 0xff, 0x85, 0x20,
    0x7f, 0xfe, 0x83, 0xff, 0x87, 0x7f, 0x7, 0xff,
    0xd, 0xff, 0xfe, 0x10, 0xff, 0xff, 0x1, 0xf,
    0xfe, 0x27, 0xf8, 0x3f, 0xf8, 0xbf, 0xff, 0x41,
    0x5f, 0xfd, 0x7, 0xff, 0x1b, 0xfc, 0x1f, 0xfc,
    0x67, 0xff, 0x41, 0xcf, 0xfc, 0x87, 0xff, 0x1f,
    0xfc, 0x1f, 0xfc, 0x8b, 0xfc, 0x1f, 0x3f, 0xa0,
    0xff, 0xe4, 0xff, 0x83, 0xff, 0x95, 0x7c, 0x87,
    0xe7, 0xc1, 0xff, 0xcb, 0xff, 0x7, 0xff, 0x31,
    0x83, 0xfc, 0x87, 0xff, 0x33, 0xfc, 0x1f, 0xff,
    0x1f, 0xf0, 0x7f, 0xfc, 0x7f, 0xc1, 0xff, 0xff,
    0xf, 0xfe, 0x58,

    /* U+91D1 "金" */
    0xf, 0xff, 0xf8, 0x7f, 0xf2, 0xa8, 0x1f, 0xff,
    0x5f, 0x90, 0xff, 0xf9, 0x5f, 0xd0, 0x7f, 0xfb,
    0xdf, 0xf8, 0x3f, 0xfd, 0xff, 0xf2, 0x1f, 0xfe,
    0xeb, 0xfe, 0x83, 0xff, 0xda, 0xff, 0xf4, 0x1f,
    0xfe, 0xcf, 0xff, 0xa0, 0xff, 0xf5, 0x7f, 0xd7,
    0xf4, 0x1f, 0xfe, 0x8b, 0xfc, 0xb, 0xfa, 0xf,
    0xff, 0x35, 0xfe, 0x42, 0xff, 0x41, 0xff, 0xe4,
    0x7f, 0xc8, 0x77, 0xfa, 0xf, 0xff, 0x13, 0xfe,
    0x83, 0xef, 0xf4, 0x1f, 0xfe, 0x7, 0xfd, 0x7,
    0xf7, 0xfc, 0x1f, 0xfd, 0xe7, 0xfe, 0xf, 0xfb,
    0xfe, 0xf, 0xfe, 0xe3, 0xff, 0x7, 0xff, 0x7,
    0xfe, 0x43, 0xff, 0xb2, 0xff, 0xc1, 0xff, 0xc3,
    0xff, 0xa0, 0xff, 0xeb, 0xbf, 0xf0, 0x7f, 0xf1,
    0x7f, 0xf2, 0x1f, 0xfd, 0x4b, 0xfe, 0xf, 0xfe,
    0x3f, 0xff, 0x7, 0xff, 0x4a, 0xff, 0x41, 0xff,
    0xc9, 0xbf, 0xf4, 0x1f, 0xfc, 0xff, 0xfa, 0xf,
    0xfe, 0x5d, 0xff, 0xd0, 0x7f, 0xf2, 0xdf, 0xfa,
    0xf, 0xfe, 0x6b, 0xff, 0xe8, 0x3f, 0xf9, 0x17,
    0xfd, 0x7, 0xff, 0x43, 0xff, 0xf8, 0x8, 0x7f,
    0xf0, 0xdf, 0xfc, 0x87, 0xff, 0x4a, 0xff, 0xfe,
    0x4, 0x1f, 0xf3, 0xff, 0xd0, 0x7f, 0xf4, 0x56,
    0xbf, 0xff, 0x85, 0x7, 0xd7, 0xff, 0xf8, 0x6f,
    0xff, 0xe0, 0xc1, 0xaf, 0xff, 0x17, 0xff, 0xf5,
    0xc1, 0x7f, 0xfc, 0x7, 0xff, 0xe8, 0x17, 0xff,
    0xf5, 0xc3, 0x3f, 0xf8, 0x37, 0xff, 0x83, 0x5f,
    0xff, 0xd7, 0xf, 0x3f, 0xd0, 0x67, 0xfe, 0x83,
    0xaf, 0xff, 0xeb, 0x87, 0xf5, 0xe0, 0xf3, 0xfa,
    0xf, 0xfe, 0x57, 0xf2, 0x1f, 0xfd, 0x6b, 0xc8,
    0x7f, 0xf2, 0xff, 0x90, 0xff, 0xeb, 0xa1, 0xff,
    0xcd, 0xfe, 0x43, 0xff, 0xe3, 0xfc, 0x87, 0xff,
    0xc7, 0xf9, 0xf, 0xff, 0x8f, 0xf2, 0x1f, 0xff,
    0x1f, 0xe4, 0x3f, 0xfe, 0x3f, 0xc8, 0x7f, 0xf7,
    0x1a, 0x2f, 0xff, 0x1b, 0xf9, 0x7f, 0xf8, 0xf5,
    0x7, 0xff, 0x1e, 0xff, 0xff, 0x18, 0x7f, 0xf1,
    0xef, 0xff, 0xf1, 0x87, 0xff, 0x1e, 0xff, 0xff,
    0x18, 0x7f, 0xf1, 0xef, 0xff, 0xf1, 0x87, 0xff,
    0x1d, 0xaf, 0xcb, 0xff, 0x5f, 0xd2, 0xff, 0xf0,
    0x2b, 0xf8, 0x3f, 0xfb, 0x9f, 0xc8, 0x7f, 0xf8,
    0xd4, 0x1f, 0xfc, 0xf, 0xe4, 0x3f, 0xeb, 0x43,
    0xff, 0xa8, 0xf8, 0x3f, 0xf8, 0x1f, 0xc8, 0x7f,
    0xdf, 0x41, 0xff, 0xd2, 0xbf, 0x7, 0xfd, 0xfc,
    0x87, 0xfd, 0xfd, 0x7, 0xff, 0x3f, 0xfd, 0x7,
    0xfb, 0xf9, 0xf, 0xf5, 0xfe, 0x43, 0xff, 0x9d,
    0x7f, 0x90, 0xfe, 0xfe, 0x43, 0xfd, 0xfe, 0x83,
    0xff, 0xa1, 0xff, 0x7, 0xf7, 0xf2, 0x1f, 0xcf,
    0xf8, 0x3f, 0xfa, 0x5f, 0xe8, 0x3f, 0x7f, 0x21,
    0xfd, 0xfe, 0x43, 0xff, 0xa4, 0xff, 0x90, 0xfb,
    0xf9, 0xf, 0xcf, 0xf4, 0x1f, 0xfd, 0x4f, 0xf8,
    0x3e, 0xfe, 0x43, 0xf7, 0xf8, 0x3f, 0xfa, 0xdf,
    0xe8, 0x3d, 0xfc, 0x87, 0xcf, 0xf2, 0x1f, 0xfd,
    0x6b, 0xfc, 0x87, 0x7f, 0x21, 0xf7, 0xf8, 0x3f,
    0xfb, 0x1f, 0xf0, 0x77, 0xf2, 0x1e, 0xbf, 0x83,
    0xff, 0xb2, 0xff, 0x7, 0xbf, 0x90, 0xf7, 0xf4,
    0x1f, 0xfd, 0xaf, 0xa0, 0xfb, 0xf9, 0xe, 0xbf,
    0x83, 0xff, 0x9a, 0xbf, 0xc1, 0xd7, 0x7, 0xcf,
    0xf2, 0x19, 0xfe, 0x82, 0x5f, 0xfe, 0x8, 0x7f,
    0x7f, 0xff, 0xb8, 0x3f, 0xbf, 0xff, 0xdc, 0x1f,
    0xdf, 0xff, 0xee, 0xf, 0xef, 0xff, 0xf7, 0x7,
    0xf7, 0xab, 0xff, 0xd3, 0xf0, 0x60,

    /* U+95E8 "门" */
    0xf, 0xff, 0xcb, 0xc1, 0xff, 0xec, 0xbe, 0x43,
    0xff, 0xd3, 0x7f, 0x83, 0xff, 0xd3, 0xff, 0x41,
    0xff, 0xe8, 0x7f, 0xe4, 0x3f, 0xcb, 0x7, 0xff,
    0x6e, 0xff, 0x83, 0xfa, 0xff, 0xfe, 0xb0, 0x7f,
    0x7f, 0xd0, 0x7e, 0xbf, 0xff, 0xac, 0x1f, 0xcf,
    0xfc, 0x87, 0xd7, 0xff, 0xf5, 0x83, 0xfd, 0x7f,
    0xc1, 0xf5, 0xff, 0xfd, 0x60, 0xff, 0xbf, 0xf0,
    0x7a, 0xff, 0xf5, 0x7f, 0xf1, 0xbf, 0xc1, 0xff,
    0x3f, 0xe4, 0x3c, 0xb0, 0x7f, 0xf3, 0xbf, 0xc1,
    0xff, 0xc0, 0xbe, 0x83, 0xff, 0xb3, 0xfe, 0xf,
    0xfe, 0xf, 0x7, 0xff, 0x6f, 0xfc, 0x1f, 0xfe,
    0xaf, 0xf0, 0x7f, 0xfa, 0xbf, 0xc0, 0xaf, 0x7,
    0xff, 0x8b, 0xfc, 0xf, 0xf0, 0x7f, 0xf8, 0xbf,
    0xc0, 0xff, 0x7, 0xff, 0x8b, 0xfc, 0xf, 0xf0,
    0x7f, 0xf8, 0xbf, 0xc0, 0xff, 0x7, 0xff, 0x8b,
    0xfc, 0xf, 0xf0, 0x7f, 0xf8, 0xbf, 0xc0, 0xff,
    0x7, 0xff, 0x8b, 0xfc, 0xf, 0xf0, 0x7f, 0xf8,
    0xbf, 0xc0, 0xff, 0x7, 0xff, 0x8b, 0xfc, 0xf,
    0xf0, 0x7f, 0xf8, 0xbf, 0xc0, 0xff, 0x7, 0xff,
    0x8b, 0xfc, 0xf, 0xf0, 0x7f, 0xf8, 0xbf, 0xc0,
    0xff, 0x7, 0xff, 0x8b, 0xfc, 0xf, 0xf0, 0x7f,
    0xf8, 0xbf, 0xc0, 0xff, 0x7, 0xff, 0x8b, 0xfc,
    0xf, 0xf0, 0x7f, 0xf8, 0xbf, 0xc0, 0xff, 0x7,
    0xff, 0x8b, 0xfc, 0xf, 0xf0, 0x7f, 0xf8, 0xbf,
    0xc0, 0xff, 0x7, 0xff, 0x8b, 0xfc, 0xf, 0xf0,
    0x7f, 0xf8, 0xbf, 0xc0, 0xff, 0x7, 0xff, 0x8b,
    0xfc, 0xf, 0xf0, 0x7f, 0xf8, 0xbf, 0xc0, 0xff,
    0x7, 0xff, 0x8b, 0xfc, 0xf, 0xf0, 0x7f, 0xf8,
    0xbf, 0xc0, 0xff, 0x7, 0xff, 0x8b, 0xfc, 0xf,
    0xf0, 0x7f, 0xf8, 0xbf, 0xc0, 0xff, 0x7, 0xff,
    0x8b, 0xfc, 0xf, 0xf0, 0x7f, 0xf8, 0xbf, 0xc0,
    0xff, 0x7, 0xff, 0x8b, 0xfc, 0xf, 0xf0, 0x7f,
    0xf8, 0xbf, 0xc0, 0xff, 0x7, 0xff, 0x8b, 0xfc,
    0xf, 0xf0, 0x7f, 0xf8, 0xbf, 0xc0, 0xff, 0x7,
    0xff, 0x8b, 0xfc, 0xf, 0xf0, 0x7f, 0xf8, 0xbf,
    0xc0, 0xff, 0x7, 0xff, 0x8b, 0xfc, 0xf, 0xf0,
    0x7f, 0xf8, 0xbf, 0xc0, 0xff, 0x7, 0xff, 0x8b,
    0xfc, 0xf, 0xf0, 0x7f, 0xf8, 0xbf, 0xc0, 0xff,
    0x7, 0xff, 0x8b, 0xfc, 0xf, 0xf0, 0x7f, 0xf8,
    0xbf, 0xc0, 0xff, 0x7, 0xff, 0x8b, 0xfc, 0xf,
    0xf0, 0x7f, 0xf8, 0x7f, 0xe0, 0x7f, 0x83, 0xff,
    0xba, 0xab, 0xff, 0x3, 0xfc, 0x1f, 0xfd, 0x9b,
    0xff, 0xf8, 0x30, 0x3f, 0xc1, 0xff, 0xda, 0xff,
    0xfe, 0xa, 0xf, 0xf0, 0x7f, 0xf6, 0xaf, 0xff,
    0xe0, 0x5, 0xfe, 0xf, 0xfe, 0xdf, 0xff, 0xc1,
    0xbf, 0xc1, 0xff, 0xdb, 0xff, 0xe8, 0x3b, 0xfc,
    0x1f, 0xfd, 0xbb, 0xf4, 0x87, 0xff, 0xdc,

    /* U+95F4 "间" */
    0xf, 0xf2, 0x83, 0xff, 0xdb, 0xf2, 0x1f, 0xfe,
    0xa7, 0xf8, 0x3f, 0xfd, 0x2f, 0xfc, 0x1f, 0xfe,
    0x9f, 0xfa, 0xf, 0xff, 0x4f, 0xfc, 0x87, 0xef,
    0xff, 0xeb, 0xa1, 0xf9, 0xff, 0x83, 0xf7, 0xff,
    0xf5, 0xd0, 0xfe, 0xbf, 0xd0, 0x7d, 0xff, 0xfd,
    0x74, 0x3f, 0xdf, 0xf2, 0x1e, 0xff, 0xfe, 0xb8,
    0x7f, 0xcf, 0xfc, 0x1e, 0xff, 0xfe, 0xb8, 0x7f,
    0xf0, 0x2f, 0xf8, 0x3f, 0xfa, 0xd7, 0xf0, 0x7f,
    0xf0, 0x7f, 0xc8, 0x7f, 0xf5, 0xaf, 0xe0, 0xff,
    0xe0, 0xdf, 0x21, 0xff, 0xd8, 0xbf, 0x83, 0xff,
    0x85, 0xc1, 0xff, 0xda, 0xbf, 0x83, 0xff, 0xd5,
    0x7f, 0x17, 0xf8, 0x3f, 0xfc, 0x57, 0xf0, 0xff,
    0x41, 0xff, 0xe2, 0xbf, 0x87, 0xfa, 0xf, 0xff,
    0x15, 0xfc, 0x3f, 0xd0, 0x7f, 0xf8, 0xaf, 0xe0,
    0x7f, 0x41, 0xff, 0xe2, 0xbf, 0x81, 0xfd, 0x7,
    0xf7, 0xff, 0xf4, 0x3, 0xfa, 0xfe, 0x7, 0xf4,
    0x1f, 0xdf, 0xff, 0xd0, 0xf, 0xeb, 0xf8, 0x1f,
    0xd0, 0x7f, 0x7f, 0xff, 0x40, 0x3f, 0xaf, 0xe0,
    0x7f, 0x41, 0xfd, 0xff, 0xfd, 0x0, 0xfe, 0xbf,
    0x81, 0xfd, 0x7, 0xf7, 0xfa, 0xbf, 0xf8, 0x9f,
    0xe0, 0xfe, 0xbf, 0x81, 0xfd, 0x7, 0xf7, 0xf4,
    0x1f, 0xfc, 0x47, 0xf8, 0x3f, 0xaf, 0xe0, 0x7f,
    0x41, 0xfd, 0xfd, 0x7, 0xff, 0x11, 0xfe, 0xf,
    0xeb, 0xf8, 0x1f, 0xd0, 0x7f, 0x7f, 0x41, 0xff,
    0xc4, 0x7f, 0x83, 0xfa, 0xfe, 0x7, 0xf4, 0x1f,
    0xdf, 0xd0, 0x7f, 0xf1, 0x1f, 0xe0, 0xfe, 0xbf,
    0x81, 0xfd, 0x7, 0xf7, 0xf4, 0x1f, 0xfc, 0x47,
    0xf8, 0x3f, 0xaf, 0xe0, 0x7f, 0x41, 0xfd, 0xfd,
    0x7, 0xff, 0x11, 0xfe, 0xf, 0xeb, 0xf8, 0x1f,
    0xd0, 0x7f, 0x7f, 0x41, 0xff, 0xc4, 0x7f, 0x83,
    0xfa, 0xfe, 0x7, 0xf4, 0x1f, 0xdf, 0xd0, 0x7f,
    0xf1, 0x1f, 0xe0, 0xfe, 0xbf, 0x81, 0xfd, 0x7,
    0xf7, 0xf4, 0xbf, 0xfc, 0x4b, 0xf8, 0x3f, 0xaf,
    0xe0, 0x7f, 0x41, 0xfd, 0xff, 0xfd, 0x0, 0xfe,
    0xbf, 0x81, 0xfd, 0x7, 0xf7, 0xff, 0xf4, 0x3,
    0xfa, 0xfe, 0x7, 0xf4, 0x1f, 0xdf, 0xff, 0xd0,
    0xf, 0xeb, 0xf8, 0x1f, 0xd0, 0x7f, 0x7f, 0xff,
    0x40, 0x3f, 0xaf, 0xe0, 0x7f, 0x41, 0xfd, 0xfd,
    0x7, 0xff, 0x11, 0xfe, 0xf, 0xeb, 0xf8, 0x1f,
    0xd0, 0x7f, 0x7f, 0x41, 0xff, 0xc4, 0x7f, 0x83,
    0xfa, 0xfe, 0x7, 0xf4, 0x1f, 0xdf, 0xd0, 0x7f,
    0xf1, 0x1f, 0xe0, 0xfe, 0xbf, 0x81, 0xfd, 0x7,
    0xf7, 0xf4, 0x1f, 0xfc, 0x47, 0xf8, 0x3f, 0xaf,
    0xe0, 0x7f, 0x41, 0xfd, 0xfd, 0x7, 0xff, 0x11,
    0xfe, 0xf, 0xeb, 0xf8, 0x1f, 0xd0, 0x7f, 0x7f,
    0x41, 0xff, 0xc4, 0x7f, 0x83, 0xfa, 0xfe, 0x7,
    0xf4, 0x1f, 0xdf, 0xd0, 0x7f, 0xf1, 0x1f, 0xe0,
    0xfe, 0xbf, 0x81, 0xfd, 0x7, 0xf7, 0xf4, 0x1f,
    0xfc, 0x47, 0xf8, 0x3f, 0xaf, 0xe0, 0x7f, 0x41,
    0xfd, 0xfd, 0x7, 0xff, 0x11, 0xfe, 0xf, 0xeb,
    0xf8, 0x1f, 0xd0, 0x7f, 0x7f, 0x41, 0xff, 0xc4,
    0x7f, 0x83, 0xfa, 0xfe, 0x7, 0xf4, 0x1f, 0xdf,
    0xe5, 0xff, 0xe2, 0x5f, 0xc1, 0xfd, 0x7f, 0x3,
    0xfa, 0xf, 0xef, 0xff, 0xe8, 0x7, 0xf5, 0xfc,
    0xf, 0xe8, 0x3f, 0xbf, 0xff, 0xa0, 0x1f, 0xd7,
    0xf0, 0x3f, 0xa0, 0xfe, 0xff, 0xfe, 0x80, 0x7f,
    0x5f, 0xc0, 0xfe, 0x83, 0xfb, 0xff, 0xfa, 0x1,
    0xfd, 0x7f, 0x3, 0xfa, 0xf, 0xff, 0x15, 0xfc,
    0xf, 0xe8, 0x3f, 0xfc, 0x57, 0xf0, 0x3f, 0xa0,
    0xff, 0xf1, 0x5f, 0xc0, 0xfe, 0x83, 0xff, 0xc5,
    0x7f, 0x3, 0xfa, 0xf, 0xff, 0x15, 0xfc, 0xf,
    0xe8, 0x3f, 0xfc, 0x5f, 0xe0, 0x7f, 0x41, 0xff,
    0xe1, 0xbf, 0xc0, 0xfe, 0x83, 0xff, 0xb4, 0xd6,
    0xff, 0xe1, 0xfe, 0x83, 0xff, 0xb4, 0xff, 0xff,
    0x2, 0x1f, 0xe8, 0x3f, 0xfb, 0x7f, 0xff, 0xc0,
    0x47, 0xfa, 0xf, 0xfe, 0xdb, 0xff, 0xe8, 0x17,
    0xf8, 0x3f, 0xfb, 0x9f, 0xfd, 0x5, 0x7f, 0x83,
    0xff, 0xb9, 0xfe, 0x90, 0xff, 0xf4, 0x7a, 0x88,
    0x7f, 0xfe, 0x0,

    /* U+9662 "院" */
    0xf, 0xff, 0xf8, 0x7f, 0xf4, 0x6d, 0xf, 0xff,
    0x83, 0xf8, 0x3f, 0xfd, 0xef, 0xf8, 0x3f, 0xfd,
    0xf7, 0xf4, 0x1f, 0xfe, 0xff, 0xf2, 0x1f, 0xfe,
    0xff, 0xf0, 0x7f, 0xf2, 0x1a, 0xff, 0xe3, 0xa1,
    0xff, 0xc6, 0x7f, 0xa0, 0xff, 0xe3, 0xbf, 0xff,
    0xc7, 0x43, 0xff, 0x8f, 0xfc, 0x87, 0xff, 0x1d,
    0xff, 0xfe, 0x38, 0x7f, 0xf2, 0x7c, 0x87, 0xff,
    0x25, 0xff, 0xfe, 0x34, 0x1f, 0xfc, 0x94, 0x3f,
    0xf9, 0x9f, 0xc1, 0xf3, 0xfc, 0x85, 0xff, 0xfd,
    0xb0, 0xdf, 0xc1, 0xf3, 0xfc, 0x1b, 0xff, 0xfb,
    0x61, 0xbf, 0x83, 0xeb, 0xf4, 0x1b, 0xff, 0xfb,
    0x61, 0xbf, 0x83, 0xef, 0xe4, 0x37, 0xff, 0xf6,
    0xc3, 0x7f, 0x7, 0xdf, 0xc1, 0xdf, 0xc8, 0x7f,
    0xf3, 0xdf, 0xe0, 0xdf, 0xc1, 0xe7, 0xf4, 0x1d,
    0xfc, 0x87, 0xff, 0x3d, 0xfe, 0xd, 0xfc, 0x1e,
    0xbf, 0x21, 0xdf, 0xc8, 0x7f, 0xf3, 0xdf, 0xe0,
    0xdf, 0xc1, 0xef, 0xe0, 0xf7, 0xf2, 0x1f, 0xfc,
    0xf7, 0xf8, 0x37, 0xf0, 0x73, 0xfa, 0xf, 0x7f,
    0x21, 0xff, 0xcf, 0x7f, 0x83, 0x7f, 0x7, 0x5f,
    0x90, 0xf7, 0xf2, 0x1f, 0xfc, 0xf7, 0xf8, 0x37,
    0xf0, 0x77, 0xf0, 0x7f, 0xf7, 0x57, 0x83, 0x7f,
    0x6, 0x7f, 0x41, 0xff, 0xe6, 0xfe, 0xd, 0x7e,
    0x43, 0xff, 0xcd, 0xfc, 0x1b, 0xf8, 0x3f, 0xf8,
    0x3f, 0xff, 0xd0, 0xf, 0xf7, 0xf0, 0x4f, 0xe8,
    0x3f, 0xf8, 0x3f, 0xff, 0xd0, 0xf, 0xf7, 0xf0,
    0x57, 0xe4, 0x3f, 0xf8, 0x3f, 0xff, 0xd0, 0xf,
    0xf7, 0xf0, 0x5f, 0xc8, 0x7f, 0xf0, 0x7f, 0xff,
    0xa0, 0x1f, 0xef, 0xe0, 0xbf, 0xc1, 0xff, 0xc1,
    0x5f, 0x83, 0xff, 0x86, 0xbe, 0xf, 0xf7, 0xf0,
    0x4f, 0xf4, 0x1f, 0xfe, 0x6f, 0xe0, 0xd7, 0xf2,
    0x1f, 0xfe, 0x5f, 0xe0, 0xef, 0xf0, 0x7f, 0xf9,
    0x7f, 0x83, 0xdf, 0xe0, 0xff, 0xf2, 0x7f, 0x7,
    0x9f, 0xe8, 0x3f, 0xfc, 0x7f, 0xc1, 0xf5, 0xfc,
    0x1f, 0xfe, 0x3f, 0xe0, 0xfd, 0xfd, 0x4, 0xf5,
    0xff, 0xd5, 0xf0, 0x7b, 0xf8, 0x3f, 0x5f, 0xc1,
    0x5f, 0xff, 0xd8, 0xf, 0x7f, 0x7, 0xf7, 0xf4,
    0xb, 0xff, 0xfb, 0x1, 0xef, 0xe0, 0xfe, 0xbf,
    0x81, 0x7f, 0xff, 0x60, 0x3d, 0xfc, 0x1f, 0xcf,
    0xf2, 0x5f, 0x57, 0x7f, 0xab, 0xdf, 0xea, 0xf7,
    0xe0, 0xf7, 0xf0, 0x7f, 0xbf, 0xa0, 0xff, 0x3f,
    0xc1, 0xef, 0xe4, 0x3f, 0xf8, 0x9f, 0xc1, 0xfe,
    0xfe, 0x83, 0xfc, 0xff, 0x7, 0xbf, 0x90, 0xff,
    0xe2, 0x7f, 0x7, 0xfb, 0xfa, 0xf, 0xf3, 0xfc,
    0x1e, 0xfe, 0x43, 0xff, 0x89, 0xfc, 0x1f, 0xef,
    0xe8, 0x3f, 0xcf, 0xf0, 0x7b, 0xf9, 0xf, 0xfe,
    0x27, 0xf0, 0x7f, 0x3f, 0xd0, 0x7f, 0x9f, 0xd0,
    0x7b, 0xf9, 0xf, 0xfe, 0x27, 0xf0, 0x7f, 0x5f,
    0xc8, 0x7f, 0x9f, 0xd0, 0x7b, 0xf9, 0xf, 0xfe,
    0x27, 0xf0, 0x48, 0x4d, 0xfe, 0xf, 0xfa, 0xfd,
    0x7, 0xbf, 0x90, 0xff, 0xe2, 0x7f, 0x5, 0x7f,
    0xfa, 0xf, 0xfa, 0xfc, 0x87, 0xbf, 0x90, 0xff,
    0xe2, 0x7f, 0x4, 0xff, 0xf8, 0x3f, 0xf8, 0x1f,
    0xc1, 0xf7, 0xf2, 0x1f, 0xfc, 0x4f, 0xe0, 0xdf,
    0xfc, 0x87, 0xff, 0x3, 0xf8, 0x3e, 0xfe, 0x43,
    0xff, 0x89, 0xfc, 0x1b, 0xff, 0x21, 0xff, 0xc0,
    0x7f, 0x83, 0xef, 0xe4, 0x3f, 0xf8, 0x9f, 0xc1,
    0xbf, 0xe0, 0xff, 0xe1, 0x5f, 0xa0, 0xfb, 0xf9,
    0xf, 0xfe, 0x27, 0xf0, 0x6f, 0xa8, 0x1f, 0xfc,
    0x4f, 0xe4, 0x3e, 0xfe, 0x43, 0xff, 0x89, 0xfc,
    0x1f, 0xfc, 0xdf, 0xe0, 0xfd, 0xfc, 0x87, 0xff,
    0x13, 0xf8, 0x3f, 0xf9, 0x97, 0xe8, 0x3f, 0x7f,
    0x21, 0xfd, 0xc1, 0xdf, 0xc1, 0xff, 0xcc, 0xfe,
    0x43, 0xf7, 0xf2, 0x1f, 0xdf, 0x48, 0x3f, 0x83,
    0xff, 0x97, 0xfe, 0xf, 0xef, 0xe4, 0x3f, 0xbf,
    0x93, 0xf8, 0x3f, 0xf9, 0x5f, 0xe4, 0x3f, 0xbf,
    0x90, 0xfc, 0xff, 0x3, 0xf8, 0x3f, 0xf9, 0x3f,
    0xe8, 0x3f, 0xdf, 0xc8, 0x7e, 0xbf, 0x81, 0xfc,
    0x1f, 0xfc, 0x7b, 0xfe, 0xf, 0xfa, 0xfe, 0xf,
    0xdf, 0xd0, 0x3f, 0x83, 0xff, 0x8a, 0xff, 0xe0,
    0xff, 0xe0, 0x5f, 0xd2, 0x80, 0xaf, 0xf2, 0xf,
    0xe0, 0xff, 0xe1, 0xbf, 0xfc, 0x1f, 0xfc, 0x17,
    0xff, 0xf8, 0xc1, 0x7f, 0x7, 0xff, 0x1, 0xbf,
    0xfc, 0x1f, 0xfc, 0x3f, 0xff, 0xe2, 0xa1, 0x7f,
    0x7, 0xfc, 0xff, 0xfa, 0xf, 0xfe, 0x2f, 0xff,
    0xf0, 0xe0, 0x9f, 0xe0, 0xff, 0xe0, 0xff, 0xe4,
    0x3f, 0xf8, 0xf7, 0xff, 0xf0, 0x10, 0xcf, 0xf0,
    0x7f, 0xf0, 0xbf, 0x90, 0xff, 0xe6, 0x2f, 0xc1,
    0xf9, 0xfe, 0xf, 0xfe, 0x1f, 0x90, 0xff, 0xef,
    0x2f, 0x7, 0xff, 0xbc,

    /* U+96E8 "雨" */
    0x50, 0x7f, 0xfb, 0x57, 0x7f, 0xff, 0xff, 0xff,
    0xff, 0xff, 0xff, 0xff, 0xff, 0xff, 0xff, 0xff,
    0xf0, 0xc3, 0xff, 0xa3, 0xfd, 0x7, 0xff, 0xb7,
    0xfa, 0xf, 0xff, 0x6f, 0xf4, 0x1f, 0xfe, 0xdf,
    0xe8, 0x3f, 0xfd, 0xbf, 0xd0, 0x7f, 0xfb, 0x7f,
    0xa0, 0xff, 0xf6, 0xff, 0x41, 0xff, 0xed, 0xfe,
    0x83, 0xff, 0xdb, 0xfd, 0x7, 0xff, 0x4e, 0xff,
    0xff, 0x60, 0x79, 0xff, 0xff, 0x60, 0x79, 0xff,
    0xff, 0x60, 0x79, 0xff, 0xff, 0x60, 0x7d, 0xfe,
    0xaf, 0xfe, 0x3f, 0xfa, 0xbf, 0xf8, 0xff, 0xe0,
    0xfb, 0xfa, 0xf, 0xfe, 0x3f, 0xf4, 0x1f, 0xfc,
    0x7b, 0xf8, 0x3e, 0xfe, 0x83, 0xff, 0x8f, 0xfd,
    0x7, 0xff, 0x1e, 0xfe, 0xf, 0xbf, 0xa0, 0xff,
    0xe3, 0xff, 0x41, 0xff, 0xc7, 0xbf, 0x83, 0xef,
    0xe8, 0x3f, 0xf8, 0xff, 0xd0, 0x7f, 0xf1, 0xef,
    0xe0, 0xfb, 0xfa, 0xf, 0xb8, 0x3f, 0xdf, 0xd0,
    0x73, 0xa1, 0xff, 0x5f, 0xc1, 0xf7, 0xf4, 0x1e,
    0xfc, 0x1f, 0xdf, 0xd0, 0x77, 0xd0, 0x7f, 0xaf,
    0xe0, 0xfb, 0xfa, 0xe, 0xbf, 0x83, 0xf7, 0xf4,
    0x1a, 0xfe, 0xf, 0xeb, 0xf8, 0x3e, 0xfe, 0x83,
    0x3f, 0xf2, 0x1e, 0xfe, 0x82, 0x7f, 0xe4, 0x3e,
    0xbf, 0x83, 0xef, 0xe8, 0x3a, 0xff, 0x90, 0xef,
    0xe8, 0x27, 0xff, 0x41, 0xeb, 0xf8, 0x3e, 0xfe,
    0x83, 0xcf, 0xfd, 0x6, 0xfe, 0x83, 0xaf, 0xfc,
    0x86, 0xbf, 0x83, 0xef, 0xe8, 0x3e, 0x7f, 0xe4,
    0x2f, 0xe8, 0x3c, 0xff, 0xe0, 0xd7, 0xf0, 0x7d,
    0xfd, 0x7, 0xf7, 0xf4, 0x1b, 0xfa, 0xf, 0xdf,
    0xe0, 0xeb, 0xf8, 0x3e, 0xfe, 0x83, 0xfd, 0xf4,
    0x1d, 0xfd, 0x7, 0xf7, 0xe8, 0x3a, 0xfe, 0xf,
    0xbf, 0xa0, 0xff, 0xbc, 0x1e, 0xfe, 0x83, 0xfd,
    0x78, 0x3d, 0x7f, 0x7, 0xdf, 0xd0, 0x7f, 0xf0,
    0x10, 0xf7, 0xf4, 0x1f, 0xf4, 0x1f, 0x5f, 0xc1,
    0xf7, 0xf4, 0x1f, 0xfc, 0x7f, 0xe8, 0x3f, 0xf8,
    0xf7, 0xf0, 0x7d, 0xfd, 0x7, 0xff, 0x1f, 0xfa,
    0xf, 0xfe, 0x3d, 0xfc, 0x1f, 0x7f, 0x41, 0xff,
    0xc7, 0xfe, 0x83, 0xff, 0x8f, 0x7f, 0x7, 0xdf,
    0xd0, 0x7f, 0xf1, 0xff, 0xa0, 0xff, 0xe3, 0xdf,
    0xc1, 0xf7, 0xf4, 0x1e, 0xe0, 0xff, 0xbf, 0xa0,
    0xf2, 0x83, 0xfe, 0xbf, 0x83, 0xef, 0xe8, 0x3b,
    0xe8, 0x3f, 0xdf, 0xd0, 0x73, 0xe4, 0x3f, 0xd7,
    0xf0, 0x7d, 0xfd, 0x6, 0xbf, 0x41, 0xfd, 0xfd,
    0x7, 0x7e, 0x83, 0xfa, 0xfe, 0xf, 0xbf, 0xa0,
    0x9f, 0xf8, 0x3f, 0x7f, 0x41, 0xbf, 0xd0, 0x7e,
    0xbf, 0x83, 0xef, 0xe8, 0x37, 0xfe, 0x43, 0xdf,
    0xd0, 0x4f, 0xfe, 0xf, 0xaf, 0xe0, 0xfb, 0xfa,
    0xe, 0xbf, 0xe8, 0x3b, 0xfa, 0xc, 0xff, 0xe0,
    0xf5, 0xfc, 0x1f, 0x7f, 0x41, 0xe7, 0xfe, 0x83,
    0x7f, 0x41, 0xeb, 0xfe, 0x43, 0x5f, 0xc1, 0xf7,
    0xf4, 0x1f, 0x3f, 0xe4, 0x37, 0xf4, 0x1f, 0x5f,
    0xe4, 0x35, 0xfc, 0x1f, 0x7f, 0x41, 0xfd, 0xf9,
    0xe, 0xfe, 0x83, 0xf3, 0xf8, 0x3d, 0x7f, 0x7,
    0xdf, 0xd0, 0x7f, 0xbc, 0x87, 0xbf, 0xa0, 0xfe,
    0x7c, 0x87, 0xaf, 0xe0, 0xfb, 0xfa, 0xf, 0xf2,
    0x83, 0xef, 0xe8, 0x3f, 0xca, 0xf, 0xaf, 0xe0,
    0xfb, 0xfa, 0xf, 0xfe, 0x3f, 0xf4, 0x1f, 0xfc,
    0x7b, 0xf8, 0x3e, 0xfe, 0x83, 0xff, 0x8f, 0xfd,
    0x7, 0xff, 0x1e, 0xfe, 0xf, 0xbf, 0xa0, 0xff,
    0xe3, 0xff, 0x41, 0xff, 0xc7, 0xbf, 0x83, 0xef,
    0xe8, 0x3f, 0xf8, 0xff, 0xd0, 0x7f, 0xf1, 0xff,
    0xc1, 0xf7, 0xf4, 0x1f, 0xfc, 0x7f, 0xe8, 0x3f,
    0xf8, 0xff, 0xe0, 0xfb, 0xfa, 0xf, 0xfe, 0x3f,
    0xf4, 0x1f, 0xfc, 0x15, 0xd7, 0xfc, 0x1f, 0x7f,
    0x41, 0xff, 0xc7, 0xfe, 0x83, 0xff, 0x80, 0xff,
    0xff, 0x0, 0x3c, 0xff, 0x41, 0xff, 0xc7, 0xfe,
    0x83, 0xff, 0x83, 0xff, 0xf4, 0x1e, 0x7f, 0xa0,
    0xff, 0xe3, 0xff, 0x41, 0xff, 0xc1, 0xbf, 0xfc,
    0x1f, 0x3f, 0xd0, 0x7f, 0xf6, 0x9f, 0xfe, 0x83,
    0xeb, 0xfa, 0xf, 0xfe, 0xdf, 0xfe, 0x43, 0xff,
    0xd5, 0xd4, 0xa0, 0xfc,

    /* U+96EA "雪" */
    0xf, 0xff, 0xbb, 0xff, 0xfe, 0x70, 0xff, 0x3f,
    0xff, 0xe7, 0xf, 0xf3, 0xff, 0xfe, 0x70, 0xff,
    0x3f, 0xff, 0xe7, 0xf, 0xfe, 0xb7, 0xf0, 0x7f,
    0xfb, 0x7f, 0x83, 0xff, 0xdb, 0xfc, 0x1f, 0xfe,
    0xdf, 0xe0, 0xff, 0xf6, 0xff, 0x7, 0xff, 0x47,
    0xff, 0xfe, 0x27, 0xff, 0xfc, 0x4f, 0xff, 0xf8,
    0x9f, 0xff, 0xf1, 0x3f, 0x90, 0xff, 0xe5, 0x7f,
    0x7, 0xff, 0x2f, 0xf8, 0xfe, 0x43, 0xff, 0x95,
    0xfc, 0x1f, 0xfc, 0xbf, 0xd1, 0xfc, 0x87, 0xff,
    0x2b, 0xf8, 0x3f, 0xf9, 0x7f, 0xa3, 0xf9, 0xf,
    0xfe, 0x57, 0xf0, 0x7f, 0xf2, 0xff, 0x47, 0xf2,
    0x1f, 0xfc, 0xaf, 0xe0, 0xff, 0xe5, 0xfe, 0x8f,
    0xe4, 0x3f, 0xf9, 0x5f, 0xc1, 0xff, 0xcb, 0xfe,
    0x3f, 0x90, 0xdf, 0xff, 0xc1, 0x43, 0x7f, 0x4,
    0xff, 0xff, 0x8, 0x3b, 0xf8, 0xfe, 0x43, 0x7f,
    0xff, 0x5, 0xd, 0xfc, 0x13, 0xff, 0xfc, 0x20,
    0xef, 0xe3, 0xf9, 0xd, 0xff, 0xfc, 0x14, 0x37,
    0xf0, 0x4f, 0xff, 0xf0, 0x83, 0xbf, 0x8b, 0xf0,
    0x77, 0xff, 0xf0, 0x43, 0xbf, 0x83, 0x7f, 0xff,
    0x6, 0xe, 0xfd, 0x7, 0xff, 0x47, 0xf8, 0x3f,
    0xfd, 0xbf, 0xc1, 0xff, 0xed, 0xfe, 0xf, 0xfe,
    0xd7, 0xff, 0xf0, 0xc3, 0x7f, 0x21, 0x5f, 0xff,
    0xc2, 0xf, 0xfe, 0x3f, 0xff, 0xf0, 0xc3, 0x7f,
    0x21, 0x7f, 0xff, 0xc, 0x3f, 0xf8, 0xff, 0xff,
    0xc3, 0xd, 0xfc, 0x85, 0xff, 0xfc, 0x30, 0xff,
    0xe3, 0xff, 0xff, 0xc, 0x37, 0xf2, 0x17, 0xff,
    0xf0, 0xc3, 0xff, 0xfe, 0x1f, 0xff, 0xf0, 0xff,
    0xff, 0x87, 0xff, 0xfc, 0x3f, 0xff, 0xe1, 0xff,
    0xc0, 0xff, 0xff, 0x32, 0x1f, 0xf7, 0xff, 0xf9,
    0x90, 0xff, 0xbf, 0xff, 0xcc, 0x87, 0xfd, 0xff,
    0xfe, 0x60, 0xff, 0xf6, 0x3f, 0xc1, 0xff, 0xec,
    0x7f, 0x83, 0xff, 0xd8, 0xff, 0x7, 0xff, 0xb1,
    0xfe, 0xf, 0xff, 0x63, 0xfc, 0x1f, 0xfc, 0x25,
    0xc1, 0xff, 0xda, 0x7f, 0x83, 0xff, 0x82, 0xff,
    0xff, 0x90, 0x3f, 0xf8, 0x2f, 0xff, 0xf9, 0x3,
    0xff, 0x82, 0xff, 0xff, 0x90, 0x3f, 0xf8, 0x2f,
    0xff, 0xf9, 0x3, 0xff, 0xd8, 0xff, 0x7, 0xff,
    0xb1, 0xfe, 0xf, 0xff, 0x63, 0xfc, 0x1f, 0xfe,
    0xc7, 0xf8, 0x3f, 0xfd, 0x8f, 0xf0, 0x7f, 0xf0,
    0x1a, 0x2f, 0xff, 0x76, 0xfe, 0xf, 0xfe, 0x5,
    0xff, 0xfe, 0x50, 0xff, 0xe0, 0x5f, 0xff, 0xe5,
    0xf, 0xfe, 0x5, 0xff, 0xfe, 0x50, 0xff, 0xe0,
    0x5f, 0x57, 0xff, 0x77, 0xf9, 0xf, 0xff, 0x5b,
    0xfc, 0x87, 0xff, 0xad, 0xfe, 0x43, 0xff, 0xd6,
    0xff, 0x21, 0xc0,

    /* U+9752 "青" */
    0xf, 0xfe, 0x8d, 0x78, 0x3f, 0xfd, 0xdf, 0xe0,
    0xff, 0xf7, 0x7f, 0x83, 0xff, 0xdd, 0xfe, 0xf,
    0xff, 0x77, 0xf4, 0x1f, 0xfe, 0xef, 0xe8, 0x3f,
    0xfa, 0xb7, 0xfd, 0x5f, 0xfc, 0x5f, 0xf5, 0x7f,
    0xf1, 0x3f, 0xf4, 0x1f, 0xaf, 0xff, 0xf5, 0x41,
    0xfa, 0xff, 0xff, 0x54, 0x1f, 0xaf, 0xff, 0xf5,
    0x41, 0xfa, 0xff, 0xff, 0x54, 0x1f, 0xfd, 0x5f,
    0xe8, 0x3f, 0xfd, 0xdf, 0xd0, 0x7f, 0xfb, 0xbf,
    0xa0, 0xff, 0xf7, 0x7f, 0x41, 0xff, 0xd9, 0xff,
    0xff, 0x22, 0x1f, 0xfc, 0x3f, 0xff, 0xf2, 0x21,
    0xff, 0xc3, 0xff, 0xff, 0x22, 0x1f, 0xfc, 0x3f,
    0xff, 0xf2, 0x21, 0xff, 0xc3, 0xfd, 0x5f, 0xfc,
    0x5f, 0xf5, 0x7f, 0xf1, 0x7f, 0x21, 0xff, 0xd8,
    0xfe, 0x83, 0xff, 0xdd, 0xfd, 0x7, 0xff, 0xbb,
    0xfa, 0xf, 0xfe, 0x97, 0xea, 0xff, 0xe6, 0x7f,
    0xab, 0xff, 0x99, 0xfa, 0x3f, 0xff, 0xe5, 0x1f,
    0xff, 0xf2, 0x8f, 0xff, 0xf9, 0x47, 0xff, 0xfc,
    0xa0, 0xff, 0xff, 0x87, 0xff, 0xfc, 0x3f, 0xff,
    0xe1, 0xff, 0xdd, 0xff, 0xff, 0xa, 0x1f, 0xfc,
    0x6f, 0xff, 0xf0, 0xa1, 0xff, 0xc6, 0xff, 0xff,
    0xa, 0x1f, 0xfc, 0x6f, 0xff, 0xf0, 0x87, 0xff,
    0x1f, 0xfa, 0xbf, 0xfa, 0xff, 0xc1, 0xff, 0xc7,
    0xbf, 0x21, 0xff, 0xd6, 0xfe, 0xf, 0xfe, 0x3d,
    0xf9, 0xf, 0xfe, 0xb7, 0xf0, 0x7f, 0xf1, 0xef,
    0xc8, 0x7f, 0xf5, 0xbf, 0x83, 0xff, 0x8f, 0x7e,
    0x43, 0xff, 0xad, 0xfc, 0x1f, 0xfc, 0x7b, 0xf4,
    0xbf, 0xfd, 0x5b, 0xf8, 0x3f, 0xf8, 0xf7, 0xff,
    0xf8, 0x3, 0xff, 0x8f, 0x7f, 0xff, 0x80, 0x3f,
    0xf8, 0xf7, 0xff, 0xf8, 0x3, 0xff, 0x8f, 0x7f,
    0xff, 0x80, 0x3f, 0xf8, 0xf7, 0xe4, 0x3f, 0xfa,
    0xdf, 0xc1, 0xff, 0xc7, 0xbf, 0x21, 0xff, 0xd6,
    0xfe, 0xf, 0xfe, 0x3d, 0xf9, 0xf, 0xfe, 0xb7,
    0xf0, 0x7f, 0xf1, 0xef, 0xc8, 0x7f, 0xf5, 0xbf,
    0x83, 0xff, 0x8f, 0x7e, 0x43, 0xff, 0xad, 0xfc,
    0x1f, 0xfc, 0x7b, 0xff, 0xfc, 0x1, 0xff, 0xc7,
    0xbf, 0xff, 0xc0, 0x1f, 0xfc, 0x7b, 0xff, 0xfc,
    0x1, 0xff, 0xc7, 0xbf, 0xff, 0xc0, 0x1f, 0xfc,
    0x7b, 0xf4, 0xbf, 0xfd, 0x5b, 0xf8, 0x3f, 0xf8,
    0xf7, 0xe4, 0x3f, 0xfa, 0xdf, 0xc1, 0xff, 0xc7,
    0xbf, 0x21, 0xff, 0xd6, 0xfe, 0xf, 0xfe, 0x3d,
    0xf9, 0xf, 0xfe, 0xab, 0xfc, 0x1f, 0xfc, 0x7b,
    0xf2, 0x1f, 0xfd, 0x47, 0xfc, 0x1f, 0xfc, 0x7b,
    0xf2, 0x1f, 0xfc, 0xeb, 0xff, 0xf8, 0x1, 0xff,
    0xc7, 0xfe, 0x43, 0xff, 0x9f, 0xff, 0xf4, 0x1f,
    0xfc, 0x7f, 0xe4, 0x3f, 0xf9, 0xf7, 0xff, 0x90,
    0xff, 0xe3, 0xff, 0x21, 0xff, 0xd0, 0xff, 0xe8,
    0x3f, 0xf9, 0x1f, 0xc8, 0x7f, 0xf4, 0x2f, 0xf4,
    0x1f, 0xfc, 0xaf, 0xe4, 0x3f, 0xfa, 0x3e, 0x90,
    0xff, 0xff, 0x86,

    /* U+98CE "风" */
    0xf, 0xcf, 0xff, 0xf8, 0x50, 0xff, 0xe4, 0x3f,
    0xff, 0xe1, 0x43, 0xff, 0x90, 0xff, 0xff, 0x85,
    0xf, 0xfe, 0x43, 0xff, 0xfe, 0x14, 0x3f, 0xf9,
    0x3f, 0xff, 0xe1, 0xf, 0xfe, 0x57, 0xf0, 0x7f,
    0xf5, 0x9f, 0xe0, 0xff, 0xe5, 0x7f, 0x7, 0xff,
    0x5f, 0xf8, 0x3f, 0xf9, 0x5f, 0xc1, 0xff, 0xd7,
    0xfe, 0xf, 0xfe, 0x57, 0xf0, 0x7f, 0xf5, 0xff,
    0x83, 0xff, 0x95, 0xfc, 0x1f, 0xfd, 0x7f, 0xe0,
    0xff, 0xe5, 0x7f, 0x7, 0xff, 0x5f, 0xf8, 0x3f,
    0xf9, 0x5f, 0xc1, 0xff, 0xd7, 0xfe, 0xf, 0xfe,
    0x57, 0xf0, 0x7f, 0xf3, 0x1d, 0xf, 0xdf, 0xc1,
    0xff, 0xca, 0xfe, 0xf, 0xfe, 0x65, 0xf0, 0x7d,
    0xfc, 0x1f, 0xfc, 0xaf, 0xe0, 0xfb, 0x83, 0xff,
    0x87, 0xfd, 0x7, 0x7f, 0x7, 0xff, 0x2b, 0xf8,
    0x3d, 0xf2, 0x1f, 0xfc, 0x2f, 0xf2, 0x1b, 0xf8,
    0x3f, 0xf9, 0x5f, 0xc1, 0x9f, 0xe4, 0x3f, 0xf8,
    0xf, 0xf4, 0x1d, 0xfc, 0x1f, 0xfc, 0xaf, 0xe0,
    0xd7, 0xf8, 0x3f, 0xf8, 0x1f, 0xe0, 0xf7, 0xf0,
    0x7f, 0xf2, 0xbf, 0x83, 0xaf, 0xf0, 0x7f, 0xdf,
    0xd0, 0x7b, 0xf8, 0x3f, 0xf9, 0x5f, 0xc1, 0xef,
    0xf4, 0x1f, 0xcf, 0xf0, 0x7d, 0xfc, 0x1f, 0xfc,
    0xaf, 0xe0, 0xfb, 0xfc, 0x87, 0xef, 0xe8, 0x3e,
    0xfe, 0xf, 0xfe, 0x57, 0xf0, 0x7e, 0xff, 0x21,
    0xf7, 0xf0, 0x7e, 0xfe, 0xf, 0xfe, 0x4b, 0xfc,
    0x1f, 0x9f, 0xf0, 0x7a, 0xfd, 0x7, 0xef, 0xe0,
    0xff, 0xe4, 0xbf, 0xc1, 0xfc, 0xff, 0x83, 0xbf,
    0x83, 0xfb, 0xf8, 0x3f, 0xf9, 0x2f, 0xe8, 0x3f,
    0xd7, 0xf4, 0x13, 0xfc, 0x1f, 0xdf, 0xc1, 0xff,
    0xc9, 0x7f, 0x41, 0xff, 0x7f, 0x90, 0x7f, 0x21,
    0xfd, 0xfc, 0x1f, 0xfc, 0x97, 0xf4, 0x1f, 0xfc,
    0xf, 0xf0, 0x3f, 0x83, 0xfd, 0xfc, 0x1f, 0xfc,
    0x97, 0xf4, 0x1f, 0xfc, 0x7, 0xfa, 0x9f, 0x90,
    0xff, 0x7f, 0x7, 0xff, 0x25, 0xfd, 0x7, 0xff,
    0x6, 0xff, 0xf0, 0x7f, 0xdf, 0xc1, 0xff, 0xc9,
    0xbf, 0x41, 0xff, 0xc2, 0xff, 0xe4, 0x3f, 0xef,
    0xe0, 0xff, 0xe4, 0xdf, 0xa0, 0xff, 0xe1, 0x3f,
    0xf8, 0x3f, 0xf8, 0x1f, 0xc1, 0xff, 0xc9, 0xbf,
    0x21, 0xff, 0xc3, 0xbf, 0xc8, 0x7f, 0xf0, 0x3f,
    0x83, 0xff, 0x93, 0x7e, 0x43, 0xff, 0x89, 0xfe,
    0x43, 0xff, 0x81, 0xfc, 0x1f, 0xfc, 0x9f, 0xe4,
    0x3f, 0xf8, 0x9f, 0xf0, 0x7f, 0xf0, 0x3f, 0x83,
    0xff, 0x93, 0xfc, 0x87, 0xff, 0xf, 0xff, 0x41,
    0xff, 0x7f, 0x21, 0xff, 0xc8, 0xfe, 0xf, 0xfe,
    0x1b, 0xff, 0xc1, 0xff, 0x7f, 0x21, 0xff, 0xc8,
    0xfe, 0xf, 0xfe, 0x1f, 0xff, 0xa0, 0xff, 0x7f,
    0x21, 0xff, 0xc8, 0xfe, 0xf, 0xfe, 0x17, 0xff,
    0xf0, 0x10, 0xfe, 0xfe, 0x43, 0xff, 0x8e, 0xff,
    0x7, 0xff, 0x7, 0xfd, 0x1f, 0xe0, 0xfe, 0xbf,
    0x41, 0xff, 0xc7, 0x7f, 0x41, 0xff, 0xc0, 0xbf,
    0xc0, 0xbf, 0x90, 0xfd, 0x7e, 0x83, 0xff, 0x8f,
    0x7e, 0x83, 0xfe, 0xbf, 0xc1, 0xbf, 0xc1, 0xfa,
    0xfe, 0xf, 0xfe, 0x3f, 0xf2, 0x1f, 0xe7, 0xfc,
    0x1c, 0xff, 0x41, 0xf3, 0xfc, 0x1f, 0xfc, 0x7f,
    0xe0, 0xff, 0x3f, 0xe4, 0x3d, 0xfe, 0xf, 0x9f,
    0xe0, 0xff, 0xe3, 0xff, 0x7, 0xf3, 0xfe, 0x43,
    0xe7, 0xfa, 0xf, 0xbf, 0x90, 0xff, 0xe2, 0xbf,
    0xa0, 0xfc, 0xff, 0xa0, 0xfe, 0xff, 0x7, 0xdf,
    0xc8, 0x7f, 0xf1, 0x6f, 0xd0, 0x7d, 0x7f, 0xa0,
    0xff, 0x3f, 0xe0, 0xf7, 0xf4, 0x1f, 0xfc, 0x5f,
    0xe4, 0x3d, 0x7f, 0xc1, 0xff, 0xc0, 0xff, 0x21,
    0xd7, 0xf0, 0x7f, 0xf1, 0x1f, 0xe0, 0xf7, 0xfe,
    0xf, 0xfe, 0x17, 0xf8, 0x39, 0xfe, 0xe, 0x83,
    0xfd, 0x7f, 0x6, 0xbf, 0xf0, 0x7f, 0xf0, 0xef,
    0xe4, 0x33, 0xfc, 0x86, 0xe0, 0xfe, 0xfe, 0x83,
    0xbf, 0xd0, 0x7f, 0xf1, 0x7f, 0xc1, 0xdf, 0xd0,
    0x6f, 0x90, 0xf3, 0xfc, 0x1f, 0x7e, 0x83, 0xff,
    0x8d, 0xfa, 0xf, 0x7f, 0x82, 0x7f, 0x90, 0xd7,
    0xf0, 0x7e, 0xf4, 0x1f, 0xfc, 0x77, 0xc1, 0xfa,
    0xfe, 0x41, 0x7f, 0x41, 0xbf, 0xa0, 0xfc, 0xc1,
    0xff, 0xc9, 0x43, 0xfd, 0xfe, 0x7, 0xf9, 0xa,
    0xfe, 0xf, 0xfe, 0xff, 0xf9, 0x5f, 0xe0, 0xdf,
    0xe0, 0xff, 0xef, 0xdf, 0xff, 0xc0, 0x82, 0xbf,
    0x90, 0xff, 0xf0, 0x7f, 0xff, 0x1, 0xb, 0xfc,
    0x1f, 0xfe, 0x1b, 0xff, 0xe0, 0xbf, 0xc8, 0x7f,
    0xf8, 0xbf, 0xfd, 0x2, 0xff, 0x7, 0xff, 0x8d,
    0xff, 0xe0, 0x9f, 0xe4, 0x3f, 0xfc, 0x9f, 0xfa,
    0xc, 0xfe, 0xf, 0xff, 0x37, 0xfc, 0x1e, 0xbc,
    0x87, 0xff, 0x9e, 0xfc, 0x1f, 0xa8, 0x1f, 0xfe,
    0xa4, 0x3f, 0xff, 0xc0,

    /* U+98DE "飞" */
    0xf, 0xff, 0xa3, 0xff, 0xfd, 0xa8, 0x3f, 0xf9,
    0x8f, 0xff, 0xf6, 0xa0, 0xff, 0xe6, 0x3f, 0xff,
    0xda, 0x83, 0xff, 0x98, 0xff, 0xff, 0x69, 0xf,
    0xfe, 0x63, 0xff, 0xfd, 0xa4, 0x3f, 0xe8, 0x3f,
    0xf8, 0x2b, 0x7, 0xff, 0x45, 0xfe, 0x43, 0xfd,
    0x78, 0x3f, 0xfc, 0x3f, 0xc8, 0x7f, 0x3f, 0x83,
    0xff, 0xc1, 0xfc, 0x1f, 0xef, 0xf2, 0x1f, 0xfd,
    0xd7, 0xf8, 0x3f, 0xaf, 0xf9, 0xf, 0xfe, 0xe3,
    0xfc, 0x1f, 0x9f, 0xfe, 0xf, 0xfe, 0xe3, 0xfc,
    0x1f, 0xbf, 0xf4, 0x1f, 0xfd, 0xd7, 0xf8, 0x3e,
    0xbf, 0xe4, 0x3f, 0xfb, 0xcf, 0xf0, 0x79, 0xff,
    0x83, 0xff, 0xc0, 0xff, 0x7, 0x3f, 0xf0, 0x7f,
    0xf8, 0x5f, 0xe0, 0xef, 0xf8, 0x3f, 0xfc, 0x4f,
    0xf0, 0x6f, 0xf8, 0x3f, 0xfc, 0x6f, 0xf0, 0x57,
    0xf9, 0xf, 0xff, 0x1b, 0xfc, 0xb, 0xfc, 0x87,
    0xff, 0x91, 0xfe, 0x2f, 0xf2, 0x1f, 0xfe, 0x6f,
    0xeb, 0xfd, 0x7, 0xff, 0x9f, 0xff, 0xe8, 0x3f,
    0xfd, 0x1f, 0xfe, 0x83, 0xff, 0xd3, 0xff, 0xe4,
    0x3f, 0xfd, 0x3f, 0xff, 0x41, 0xff, 0xe8, 0xff,
    0xfe, 0xa, 0x1f, 0xfe, 0x6f, 0xff, 0xe1, 0x41,
    0xff, 0xe5, 0xfe, 0xa7, 0xff, 0x21, 0xff, 0xe3,
    0xfe, 0x87, 0xff, 0xa0, 0xff, 0xf1, 0x7f, 0x41,
    0x7f, 0xf9, 0xf, 0xff, 0x7, 0xf4, 0x1a, 0xff,
    0xf0, 0x7f, 0xf7, 0xef, 0xe0, 0xe7, 0xff, 0xc8,
    0x7f, 0xf7, 0x6f, 0xe0, 0xfb, 0xff, 0xe0, 0xff,
    0xee, 0x3f, 0xc1, 0xfa, 0xff, 0xe4, 0x3f, 0xfb,
    0x6f, 0xf2, 0x1f, 0x9f, 0xf9, 0xf, 0xfe, 0xef,
    0xf4, 0x1f, 0xcf, 0xf4, 0x1f, 0xfd, 0xef, 0xf0,
    0x7f, 0xdf, 0x83, 0xff, 0xbf, 0x7f, 0x7, 0xff,
    0x3, 0xc1, 0xff, 0xe0, 0xbf, 0x90, 0xff, 0xe0,
    0x21, 0xff, 0xe0, 0x7f, 0xa0, 0xff, 0xf7, 0x7f,
    0x83, 0xff, 0xdd, 0x7f, 0x21, 0xff, 0xed, 0x7f,
    0xc1, 0xff, 0xee, 0xff, 0x21, 0xff, 0xed, 0xff,
    0x83, 0xff, 0xda, 0xff, 0x90, 0xff, 0xe0, 0x41,
    0xff, 0xe0, 0xff, 0x83, 0xfe, 0x7c, 0x87, 0xff,
    0x7a, 0xff, 0x41, 0xfe, 0x7e, 0x83, 0xff, 0xbd,
    0xff, 0x21, 0xfd, 0x7f, 0x41, 0xff, 0xdc, 0x7f,
    0xe4, 0x3f, 0x7f, 0xc1, 0xff, 0xdd, 0xff, 0xc8,
    0x7d, 0xfe, 0x83, 0xff, 0xbd, 0xff, 0x90, 0xeb,
    0xfc, 0x1f, 0xfd, 0xf7, 0xff, 0x83, 0x7f, 0xc1,
    0xff, 0xe0, 0xbf, 0xff, 0x8c, 0x87, 0xff, 0x86,
    0xff, 0xfe, 0x28, 0x7f, 0xf8, 0xef, 0xff, 0xe1,
    0xc1, 0xff, 0xe4, 0xbf, 0xff, 0x84, 0x1f, 0xfe,
    0x67, 0xff, 0xf8, 0x10, 0x7f, 0xfa, 0x2f, 0xff,
    0x7, 0xff, 0xad, 0xff, 0x41, 0xff, 0xf0, 0x43,
    0xf8,

    /* U+9A6C "马" */
    0xe, 0xae, 0x5f, 0xfe, 0xe0, 0x7f, 0xf0, 0xff,
    0xff, 0xc2, 0x1f, 0xfc, 0x3f, 0xff, 0xf0, 0x87,
    0xff, 0xf, 0xff, 0xfc, 0x10, 0x7f, 0xf0, 0xff,
    0xff, 0xc1, 0x7, 0xff, 0xf, 0xfd, 0x5f, 0xfd,
    0x4f, 0xf2, 0x1f, 0xfe, 0x9b, 0xf8, 0x3f, 0xfd,
    0x57, 0xf0, 0x7f, 0xfa, 0xaf, 0xe0, 0xff, 0xe6,
    0xca, 0xf, 0xfe, 0x77, 0xf8, 0x3f, 0xf9, 0xbf,
    0xe8, 0x3f, 0xf9, 0x5f, 0xd0, 0x7f, 0xf3, 0x7f,
    0xd0, 0x7f, 0xf2, 0xbf, 0xa0, 0xff, 0xe6, 0xff,
    0x90, 0xff, 0xe5, 0x7f, 0x41, 0xff, 0xcd, 0xff,
    0x7, 0xff, 0x29, 0xfe, 0x43, 0xff, 0x98, 0xff,
    0x83, 0xff, 0x94, 0xff, 0x21, 0xff, 0xcc, 0x7f,
    0xa0, 0xff, 0xe5, 0x3f, 0xc1, 0xff, 0xcd, 0x7f,
    0x90, 0xff, 0xe5, 0x5f, 0xc1, 0xff, 0xcd, 0x7f,
    0x90, 0xff, 0xe5, 0x5f, 0xc1, 0xff, 0xcd, 0xbf,
    0x83, 0xff, 0x97, 0x7f, 0x7, 0xff, 0x36, 0xfe,
    0xf, 0xfe, 0x5f, 0xf4, 0x1f, 0xfc, 0xdb, 0xf8,
    0x3f, 0xf9, 0x7f, 0xd0, 0x7f, 0xf3, 0x7f, 0xa0,
    0xff, 0xe5, 0xff, 0x41, 0xff, 0xcd, 0xfe, 0x83,
    0xff, 0x97, 0xfc, 0x87, 0xff, 0x37, 0xf9, 0xf,
    0xfe, 0x5f, 0xf2, 0x1f, 0xfc, 0xdf, 0xe4, 0x3f,
    0xf9, 0x4f, 0xf0, 0x7f, 0xf3, 0xbf, 0x90, 0xff,
    0xe5, 0x3f, 0xc1, 0xff, 0xcd, 0x7f, 0x90, 0xff,
    0xe5, 0x5f, 0xc1, 0xff, 0xcd, 0x7f, 0x90, 0xff,
    0xe5, 0x5f, 0xc1, 0xff, 0xcd, 0x7f, 0xff, 0xc6,
    0x1f, 0xfc, 0xb, 0xff, 0xfc, 0x61, 0xff, 0xc0,
    0xbf, 0xff, 0xc5, 0x7, 0xff, 0x3, 0xff, 0xfc,
    0x70, 0x7f, 0xf0, 0x2b, 0xff, 0xbb, 0xfe, 0x83,
    0xff, 0xd2, 0xff, 0x21, 0xff, 0xe9, 0x7f, 0x90,
    0xff, 0xf4, 0xbf, 0xc8, 0x7f, 0xfa, 0x5f, 0xe0,
    0xff, 0xf5, 0x3f, 0xc1, 0xff, 0xea, 0x7f, 0x83,
    0xff, 0xd5, 0x7f, 0x7, 0xff, 0xaa, 0xfe, 0x7,
    0xff, 0xf8, 0xc3, 0xaf, 0xe0, 0x7f, 0xff, 0x8c,
    0x3b, 0xfc, 0xf, 0xff, 0xf1, 0x87, 0x7f, 0x81,
    0xff, 0xfe, 0x30, 0xef, 0xe8, 0x1f, 0xff, 0xe3,
    0xe, 0xfe, 0x83, 0xff, 0xd5, 0xfc, 0x87, 0xff,
    0xa5, 0xfe, 0x43, 0xff, 0xd2, 0xff, 0x7, 0xff,
    0xaa, 0xfe, 0xf, 0xff, 0x57, 0xf8, 0x3f, 0xfd,
    0x2f, 0xf4, 0x1f, 0xfe, 0x9f, 0xf2, 0x1f, 0xfe,
    0x8b, 0xfc, 0x1f, 0xfd, 0xc4, 0x3f, 0x2d, 0xff,
    0x83, 0xff, 0xb9, 0x7f, 0xff, 0x19, 0xf, 0xfe,
    0xef, 0xff, 0xf1, 0x83, 0xff, 0xbd, 0x7f, 0xff,
    0x11, 0xf, 0xfe, 0xf3, 0xff, 0xfc, 0x34, 0x3f,
    0xfc, 0x1f, 0xff, 0xc1, 0x83, 0xff, 0xc5, 0xff,
    0xd2, 0x83, 0xff, 0xc8, 0xb8, 0x3f, 0xf8, 0xa0,

    /* U+9C7C "鱼" */
    0xf, 0xfe, 0x54, 0x1f, 0xff, 0x47, 0xd0, 0x7f,
    0xfc, 0xbf, 0x90, 0xff, 0xf7, 0xdf, 0xf0, 0x7f,
    0xfb, 0xbf, 0xe4, 0x3f, 0xfd, 0xbf, 0xf0, 0x7f,
    0xfb, 0x9f, 0xf0, 0x7f, 0xfb, 0xff, 0xc8, 0x7f,
    0xfb, 0xbf, 0xd0, 0x7f, 0xfb, 0xaf, 0xf5, 0x7f,
    0xf3, 0x3, 0xff, 0xac, 0xff, 0xff, 0x4c, 0x3f,
    0xfa, 0xdf, 0xff, 0xd3, 0x83, 0xff, 0xab, 0xff,
    0xfd, 0x40, 0xff, 0xea, 0xdf, 0xff, 0xd3, 0x43,
    0xff, 0xa8, 0xff, 0x90, 0xff, 0xe3, 0x5f, 0xe0,
    0xff, 0xea, 0x3f, 0xe4, 0x3f, 0xf8, 0xff, 0xe0,
    0xff, 0xea, 0x3f, 0xe8, 0x3f, 0xf8, 0xff, 0xe8,
    0x3f, 0xfa, 0x9f, 0xe8, 0x3f, 0xf8, 0xef, 0xf8,
    0x3f, 0xfa, 0x9f, 0xe8, 0x3f, 0xf9, 0x1f, 0xe4,
    0x3f, 0xfa, 0x7f, 0xf0, 0x7f, 0xf2, 0x1f, 0xf0,
    0x7f, 0xf4, 0xff, 0xe0, 0xff, 0xe4, 0xff, 0x83,
    0xff, 0xa4, 0xff, 0xc1, 0xff, 0xc9, 0xbf, 0xa0,
    0xff, 0xe8, 0xbf, 0xf0, 0x7f, 0xf2, 0xbf, 0xc1,
    0xff, 0xd1, 0xbf, 0xff, 0xd0, 0x1f, 0xfc, 0xf,
    0xfd, 0x7f, 0xff, 0x84, 0x3f, 0xeb, 0xfe, 0x4f,
    0xff, 0xf0, 0x87, 0xff, 0x6, 0xfc, 0x83, 0xff,
    0xfc, 0x21, 0xff, 0xc2, 0xbc, 0x85, 0xfd, 0x7,
    0xff, 0x7, 0xfc, 0x1f, 0xfc, 0x2f, 0xf0, 0x7f,
    0xf0, 0xe0, 0xef, 0xe4, 0x3f, 0xf8, 0x3f, 0xe0,
    0xff, 0xe1, 0x7f, 0x83, 0xff, 0x93, 0xfc, 0x87,
    0xff, 0x7, 0xfc, 0x1f, 0xfc, 0x2f, 0xf0, 0x7f,
    0xf2, 0x7f, 0x90, 0xff, 0xe0, 0xff, 0x83, 0xff,
    0x85, 0xfe, 0xf, 0xfe, 0x4f, 0xf2, 0x1f, 0xfc,
    0x1f, 0xf0, 0x7f, 0xf0, 0xbf, 0xc1, 0xff, 0xc9,
    0xfe, 0x43, 0xff, 0x83, 0xfe, 0xf, 0xfe, 0x17,
    0xf8, 0x3f, 0xf9, 0x3f, 0xc8, 0x7f, 0xf0, 0x7f,
    0xc1, 0xff, 0xc2, 0xff, 0x7, 0xff, 0x27, 0xf9,
    0xf, 0xfe, 0xf, 0xf8, 0x3f, 0xf8, 0x5f, 0xe0,
    0xff, 0xe4, 0xff, 0x4b, 0xff, 0xc1, 0xff, 0x2f,
    0xff, 0xb, 0xfc, 0x1f, 0xfc, 0x9f, 0xff, 0xf0,
    0x87, 0xff, 0x27, 0xff, 0xfc, 0x21, 0xff, 0xc9,
    0xff, 0xff, 0x8, 0x7f, 0xf2, 0x7f, 0xff, 0xc2,
    0x1f, 0xfc, 0x9f, 0xe4, 0x3f, 0xf8, 0x3f, 0xe0,
    0xff, 0xe1, 0x7f, 0x83, 0xff, 0x93, 0xfc, 0x87,
    0xff, 0x7, 0xfc, 0x1f, 0xfc, 0x2f, 0xf0, 0x7f,
    0xf2, 0x7f, 0x90, 0xff, 0xe0, 0xff, 0x83, 0xff,
    0x85, 0xfe, 0xf, 0xfe, 0x4f, 0xf2, 0x1f, 0xfc,
    0x1f, 0xf0, 0x7f, 0xf0, 0xbf, 0xc1, 0xff, 0xc8,
    0x7f, 0x90, 0xff, 0xe0, 0xff, 0x83, 0xff, 0x85,
    0xfe, 0xf, 0xfe, 0x43, 0xfc, 0x87, 0xff, 0x7,
    0xfc, 0x1f, 0xfc, 0x2f, 0xf0, 0x7f, 0xf2, 0x1f,
    0xe4, 0x3f, 0xf8, 0x3f, 0xe0, 0xff, 0xe1, 0x7f,
    0x83, 0xff, 0x90, 0xff, 0x21, 0xff, 0xc1, 0xff,
    0x7, 0xff, 0xb, 0xfc, 0x1f, 0xfc, 0x87, 0xfa,
    0x5f, 0xfe, 0xf, 0xf9, 0x7f, 0xf8, 0x5f, 0xe0,
    0xff, 0xe4, 0x3f, 0xff, 0xe1, 0xf, 0xfe, 0x43,
    0xff, 0xfe, 0x10, 0xff, 0xe4, 0x3f, 0xff, 0xe1,
    0xf, 0xfe, 0x43, 0xff, 0xfe, 0x10, 0xff, 0xff,
    0x87, 0xff, 0xfc, 0x3f, 0xff, 0xe1, 0xff, 0xff,
    0xf, 0xff, 0xf8, 0x7f, 0xf5, 0x7d, 0x5f, 0xfe,
    0xff, 0x5, 0xff, 0xff, 0x30, 0xbf, 0xff, 0xe6,
    0x17, 0xff, 0xfc, 0xc2, 0xff, 0x57, 0xff, 0xa3,
    0xf8,

    /* U+9E1F "鸟" */
    0xf, 0xff, 0xf8, 0x7f, 0xf1, 0xbd, 0x21, 0xff,
    0xf0, 0x7f, 0xd0, 0x7f, 0xfb, 0x5f, 0xf4, 0x1f,
    0xfe, 0xdb, 0xfc, 0x1f, 0xfe, 0xef, 0xf0, 0x7f,
    0xfb, 0x9f, 0xe8, 0x3f, 0xfd, 0xd7, 0xf0, 0x7f,
    0xfb, 0xff, 0xa0, 0xff, 0xf0, 0xff, 0xff, 0x84,
    0x3f, 0xf9, 0x1f, 0xff, 0xe0, 0x83, 0xff, 0x91,
    0xff, 0xfe, 0x8, 0x3f, 0xf9, 0x1f, 0xff, 0xe0,
    0x43, 0xff, 0x91, 0xfe, 0x5f, 0xfe, 0xaf, 0xf2,
    0x1f, 0xfc, 0x8b, 0xf4, 0x1f, 0xfd, 0x47, 0xf8,
    0x3f, 0xf9, 0x37, 0xe8, 0x3f, 0xfa, 0x8f, 0xf0,
    0x7f, 0xf2, 0x6f, 0xd0, 0x7f, 0xf5, 0x1f, 0xe0,
    0xff, 0xe4, 0xdf, 0xa0, 0xff, 0xa8, 0x1f, 0xfc,
    0x7b, 0xf8, 0x3f, 0xf9, 0x37, 0xe8, 0x3f, 0xdf,
    0x21, 0xff, 0xc6, 0xbf, 0x41, 0xff, 0xc9, 0xbf,
    0x41, 0xfa, 0xfe, 0x43, 0xff, 0x8b, 0x7e, 0x83,
    0xff, 0x93, 0x7e, 0x83, 0xf7, 0xfc, 0x1f, 0xfc,
    0x5f, 0xe8, 0x3f, 0xf9, 0x37, 0xe8, 0x3f, 0xbf,
    0xe0, 0xff, 0xe2, 0x7f, 0x21, 0xff, 0xc9, 0xbf,
    0x41, 0xfc, 0xff, 0xa0, 0xff, 0xe1, 0xff, 0x21,
    0xff, 0xc9, 0xbf, 0x41, 0xfe, 0xbf, 0xc8, 0x7f,
    0xf0, 0xbf, 0x83, 0xff, 0x95, 0x7e, 0x83, 0xfe,
    0xff, 0x83, 0xff, 0x85, 0xfc, 0x1f, 0xfc, 0xab,
    0xf4, 0x1f, 0xfc, 0xf, 0xf4, 0x1f, 0xfc, 0x1f,
    0xe0, 0xff, 0xe5, 0x5f, 0xa0, 0xff, 0xe0, 0x5f,
    0xe4, 0x3f, 0xeb, 0xf8, 0x3f, 0xf9, 0x57, 0xe8,
    0x3f, 0xf8, 0x3f, 0xe0, 0xeb, 0xeb, 0xfe, 0x83,
    0xff, 0x95, 0x7e, 0x83, 0xff, 0x82, 0xfd, 0x7,
    0x9f, 0xff, 0xa0, 0xff, 0xe5, 0x5f, 0xa0, 0xff,
    0xe1, 0x58, 0x7f, 0x7f, 0xfc, 0x87, 0xff, 0x2a,
    0xfd, 0x7, 0xff, 0x36, 0xff, 0xf0, 0x7f, 0xf2,
    0xef, 0xd0, 0x7f, 0xf3, 0x5f, 0xfe, 0xf, 0xfe,
    0x65, 0xfa, 0xf, 0xfe, 0x77, 0xe9, 0x41, 0xff,
    0xce, 0xbf, 0x41, 0xff, 0xef, 0xbf, 0x41, 0xff,
    0xef, 0xbf, 0x41, 0xff, 0xef, 0xbf, 0x41, 0xff,
    0xef, 0xfe, 0x83, 0xff, 0xdf, 0xff, 0xfe, 0x84,
    0x3f, 0xf8, 0x1f, 0xff, 0xe8, 0x43, 0xff, 0x81,
    0xff, 0xfe, 0x80, 0xff, 0xe0, 0xff, 0xff, 0xa0,
    0x3f, 0xf8, 0x4b, 0xff, 0xe1, 0xbf, 0x83, 0xff,
    0xde, 0xff, 0x7, 0xff, 0xbd, 0xfe, 0xf, 0xff,
    0x7d, 0xfc, 0x1f, 0xfe, 0xfb, 0xf4, 0x1f, 0xfe,
    0xfb, 0xf4, 0x1f, 0xfe, 0xfb, 0xf4, 0x1f, 0xfe,
    0xfb, 0xf4, 0x3f, 0xff, 0xe4, 0xf, 0xef, 0xe8,
    0x7f, 0xff, 0xc8, 0x1f, 0xdf, 0xd0, 0xff, 0xff,
    0x90, 0x3f, 0xbf, 0x91, 0xff, 0xff, 0x20, 0x7f,
    0x7f, 0x20, 0x5f, 0xff, 0x20, 0x7f, 0x7f, 0x21,
    0xff, 0xef, 0xfe, 0x43, 0xff, 0xdf, 0xfc, 0x87,
    0xff, 0xbf, 0xf9, 0xf, 0xff, 0x7f, 0xf2, 0x1f,
    0xfe, 0xeb, 0xf8, 0x3f, 0xfd, 0xd7, 0xf8, 0x3f,
    0xfc, 0xbf, 0xff, 0xc4, 0xf, 0xff, 0x2d, 0xff,
    0xfc, 0x28, 0x3f, 0xfc, 0xdf, 0xff, 0xc2, 0xf,
    0xff, 0x3d, 0xff, 0xfc, 0x4, 0x3f, 0xfc, 0xef,
    0xff, 0x90, 0xff, 0xf5, 0x7e, 0xa2, 0x1f, 0xff,
    0xe0,

    /* U+9E21 "鸡" */
    0xf, 0xff, 0xf8, 0x7f, 0xf4, 0xde, 0x43, 0xff,
    0xe6, 0xff, 0x41, 0xff, 0xf0, 0xbf, 0x90, 0xff,
    0xf8, 0x5f, 0xc1, 0xff, 0xf1, 0xfe, 0x43, 0xff,
    0xe3, 0xfc, 0x1f, 0xff, 0x17, 0xf4, 0x1f, 0xff,
    0x17, 0xf2, 0x1f, 0xfc, 0xe7, 0xfe, 0xaf, 0xfe,
    0x20, 0x66, 0xbd, 0xfe, 0xaf, 0xfe, 0x30, 0x7e,
    0x7f, 0xff, 0x95, 0x6, 0x7f, 0xff, 0xa4, 0x1f,
    0x9f, 0xff, 0xe5, 0x21, 0x9f, 0xff, 0xe9, 0x7,
    0xe7, 0xff, 0xf9, 0x48, 0x67, 0xff, 0xfa, 0x41,
    0xf9, 0xff, 0xfe, 0x50, 0x7b, 0xff, 0xfa, 0x30,
    0x7f, 0xf3, 0xbf, 0x83, 0xdf, 0xc1, 0xff, 0xc7,
    0xbf, 0x41, 0xff, 0xce, 0xfe, 0xf, 0x7f, 0x7,
    0xff, 0x1e, 0xfd, 0x7, 0xff, 0x3b, 0xf8, 0x3d,
    0xfc, 0x1f, 0xfc, 0x7b, 0xf4, 0x1f, 0xfc, 0xd7,
    0xf4, 0x1e, 0xfe, 0xf, 0xad, 0xf, 0xef, 0xe4,
    0x3f, 0xf9, 0xb7, 0xe4, 0x3d, 0xfc, 0x19, 0xbf,
    0x7, 0xf7, 0xf2, 0x1f, 0xfc, 0xdb, 0xf2, 0x1e,
    0xfe, 0xd, 0x7f, 0x21, 0xfb, 0xf9, 0xf, 0xfe,
    0x6f, 0xf0, 0x7d, 0xfc, 0x1d, 0xfe, 0xf, 0xdf,
    0xc8, 0x7f, 0xf3, 0x7f, 0x83, 0xef, 0xe0, 0xe7,
    0xf9, 0xf, 0xbf, 0x83, 0xff, 0x85, 0x7, 0xfd,
    0xfc, 0x1f, 0x7f, 0x7, 0xbf, 0xc1, 0xf7, 0xf0,
    0x7f, 0xf0, 0x7e, 0xf, 0xe7, 0xf4, 0x1f, 0x7f,
    0x7, 0x9f, 0xe4, 0x3d, 0xfc, 0x1f, 0xfc, 0xf,
    0xe0, 0xfd, 0x7e, 0x43, 0xef, 0xe0, 0xfb, 0xfc,
    0x1e, 0xfe, 0xf, 0xfb, 0xfd, 0x7, 0xdf, 0xc1,
    0xfb, 0xf8, 0x3e, 0x7e, 0x90, 0xf7, 0xf0, 0x7f,
    0xf0, 0x3f, 0xd0, 0x7b, 0xf8, 0x3f, 0x7f, 0x7,
    0xee, 0xf, 0xef, 0xe0, 0xff, 0xe0, 0xff, 0x90,
    0xcf, 0xe8, 0x3f, 0x7f, 0x7, 0xff, 0x1a, 0xfe,
    0xf, 0xfe, 0x17, 0xf9, 0xa, 0xfc, 0x87, 0xef,
    0xe0, 0xff, 0xe2, 0xbf, 0xe0, 0xff, 0xe1, 0x3f,
    0xe0, 0xbf, 0x83, 0xfb, 0xf8, 0x3f, 0xef, 0xff,
    0xe0, 0x41, 0xff, 0xc3, 0x7f, 0xc0, 0xfe, 0xf,
    0xef, 0xe0, 0xff, 0xbf, 0xff, 0x80, 0x87, 0xff,
    0x12, 0xff, 0x3f, 0xa0, 0xfe, 0xfe, 0xf, 0xf9,
    0xff, 0xf8, 0x3f, 0xf8, 0xdf, 0xff, 0x21, 0xfd,
    0xfc, 0x1f, 0xfc, 0xf, 0xff, 0x7, 0xff, 0x23,
    0xff, 0xc1, 0xfe, 0xfe, 0xf, 0xfe, 0x7, 0xfe,
    0x43, 0xff, 0x95, 0xff, 0xa0, 0xff, 0x7f, 0x7,
    0xff, 0x2, 0xfa, 0x43, 0xff, 0x9a, 0xff, 0xc8,
    0x7f, 0xbf, 0x83, 0xff, 0xc1, 0x7f, 0x83, 0xfe,
    0xfe, 0xf, 0xff, 0xf, 0xfa, 0xf, 0xf7, 0xf0,
    0x7f, 0xf8, 0x2f, 0xf9, 0xf, 0xef, 0xff, 0xeb,
    0x7, 0xff, 0xf, 0xff, 0x83, 0xf3, 0xff, 0xfd,
    0x60, 0xff, 0xe1, 0x7f, 0xfc, 0x1f, 0x3f, 0xff,
    0xd6, 0xf, 0xfe, 0xb, 0xff, 0xf4, 0x1e, 0x7f,
    0xff, 0xac, 0x1f, 0xfc, 0x1f, 0xf1, 0xfe, 0xf,
    0xab, 0xff, 0xa1, 0xfe, 0xf, 0xfe, 0x7, 0xf9,
    0x7, 0xf8, 0x3f, 0xfa, 0xd7, 0xf0, 0x7f, 0xd7,
    0xf8, 0x2b, 0xfa, 0xf, 0xfe, 0xad, 0xfa, 0xf,
    0xf3, 0xfe, 0xe, 0xff, 0x7, 0xff, 0x56, 0xfd,
    0x7, 0xfb, 0xfc, 0x87, 0x3f, 0xd0, 0x7f, 0xf5,
    0x2f, 0xd0, 0x7f, 0x7f, 0xa0, 0xfb, 0xf8, 0x3f,
    0xfa, 0xbf, 0xc8, 0x7e, 0xff, 0x83, 0xf3, 0xe8,
    0x3f, 0xfa, 0xdf, 0xc8, 0x7d, 0xff, 0x7, 0xfa,
    0x43, 0xff, 0xaf, 0xfc, 0x87, 0xaf, 0xf2, 0x1f,
    0xfc, 0x2f, 0xff, 0xe7, 0xa1, 0xdf, 0xc8, 0x75,
    0xfe, 0x43, 0xff, 0x87, 0xff, 0xfc, 0xf4, 0x3b,
    0xf8, 0x3b, 0xfe, 0x83, 0xff, 0x89, 0xff, 0xfc,
    0xf4, 0x3b, 0xf8, 0x37, 0xfd, 0x7, 0xff, 0x17,
    0xff, 0xf9, 0xe8, 0x77, 0xf0, 0x5f, 0xf8, 0x3f,
    0xf8, 0xdf, 0xff, 0xcf, 0x43, 0xbf, 0x82, 0xbf,
    0xc1, 0xff, 0xe7, 0x7f, 0x83, 0x3f, 0x83, 0xff,
    0xd0, 0xff, 0x7, 0x3e, 0xf, 0xff, 0x4b, 0xfa,
    0xf, 0x21, 0xff, 0xea, 0xfe, 0x83, 0xff, 0xe3,
    0xfc, 0x87, 0xff, 0xbd, 0xff, 0x7, 0xff, 0xa1,
    0x7a, 0x9f, 0xf8, 0x3f, 0xfd, 0x1f, 0xff, 0xc2,
    0x43, 0xff, 0xd1, 0x7f, 0xff, 0x4, 0x3f, 0xfd,
    0x5f, 0xff, 0xc0, 0xf, 0xff, 0x5d, 0xff, 0xd0,
    0x7f, 0xfb, 0x1f, 0xea, 0x21, 0xff, 0xef, 0x50,
    0x7f, 0xf0, 0x80,

    /* U+9E26 "鸦" */
    0xf, 0xff, 0xf8, 0x7f, 0xf5, 0xbe, 0x90, 0xff,
    0xf8, 0xff, 0x90, 0xff, 0xf7, 0xff, 0x41, 0xff,
    0xef, 0x7f, 0x90, 0xff, 0xf7, 0xdf, 0xc1, 0xff,
    0xc8, 0x5f, 0xe0, 0xff, 0xe0, 0xaf, 0xc1, 0xff,
    0x7f, 0x41, 0xff, 0xc7, 0x7f, 0xff, 0xa1, 0x7,
    0xfd, 0xfc, 0x1f, 0xfc, 0x87, 0xff, 0xfa, 0x10,
    0x65, 0xfb, 0xf9, 0x7f, 0xf8, 0x61, 0xcf, 0xff,
    0xf4, 0x20, 0xdf, 0xff, 0xcf, 0x83, 0x3f, 0xff,
    0xd0, 0x83, 0x7f, 0xff, 0x3e, 0xf, 0xfe, 0x5d,
    0xf8, 0x3f, 0xdf, 0xff, 0xcf, 0x43, 0xff, 0x97,
    0x7e, 0xf, 0xf7, 0xff, 0xf3, 0xd0, 0xff, 0xe5,
    0xdf, 0x83, 0xfd, 0xfc, 0x87, 0xff, 0x13, 0xf9,
    0xf, 0xf2, 0x83, 0xfe, 0xbf, 0x7, 0xfb, 0xf9,
    0xf, 0xfe, 0x27, 0xf0, 0x7f, 0xdf, 0x90, 0xfd,
    0x7e, 0xf, 0xf7, 0xf2, 0x1f, 0xfc, 0x4f, 0xe0,
    0xff, 0xbf, 0xc1, 0xf5, 0xf8, 0x3f, 0xdf, 0xc8,
    0x73, 0xe0, 0xfd, 0xfc, 0x1f, 0xe7, 0xf9, 0xf,
    0xaf, 0xc1, 0xfe, 0xfe, 0x42, 0xbf, 0x21, 0xf7,
    0xf0, 0x7f, 0x9f, 0xe0, 0xfd, 0x7e, 0xf, 0xf7,
    0xf2, 0x15, 0xfc, 0x1f, 0x7f, 0x7, 0xfa, 0xfd,
    0x7, 0xeb, 0xf0, 0x7f, 0xbf, 0x90, 0x9f, 0xe0,
    0xfb, 0xf8, 0x3f, 0xdf, 0xc1, 0xfd, 0x7e, 0xf,
    0xf7, 0xf2, 0x1b, 0xf9, 0xf, 0x7f, 0x7, 0xfb,
    0xf8, 0x3f, 0xaf, 0xc1, 0xfe, 0xfe, 0x43, 0x5f,
    0xc1, 0xef, 0xe0, 0xfe, 0x7f, 0x41, 0xfd, 0x7e,
    0xf, 0xf7, 0xf2, 0x1d, 0xfc, 0x1e, 0xfe, 0xf,
    0xeb, 0xf2, 0x1f, 0xd7, 0xe0, 0xff, 0x7f, 0x21,
    0xdf, 0x41, 0xf7, 0xf0, 0x7f, 0x7f, 0x7, 0xfa,
    0xfc, 0x1f, 0xef, 0xe4, 0x3a, 0x43, 0xf3, 0xfa,
    0xf, 0xef, 0xd0, 0x7f, 0xaf, 0xc1, 0xfe, 0xfe,
    0x43, 0xff, 0x87, 0x7e, 0x83, 0xf3, 0xf9, 0xf,
    0xf5, 0xf8, 0x3f, 0xdf, 0xc8, 0x7f, 0xf0, 0x9f,
    0xe8, 0x3f, 0x7f, 0x7, 0xfd, 0x7e, 0xf, 0xf7,
    0xf2, 0x1f, 0xaf, 0xff, 0xa0, 0xf9, 0xfd, 0x7,
    0xfd, 0x7e, 0xf, 0xf7, 0xf2, 0x1f, 0x9f, 0xff,
    0x90, 0xfb, 0xf9, 0xf, 0xfa, 0xfc, 0x1f, 0xef,
    0xe4, 0x3f, 0xbf, 0xfe, 0xf, 0xbf, 0xff, 0xa2,
    0x85, 0xfc, 0x87, 0xf5, 0xff, 0xc1, 0xfb, 0xff,
    0xfa, 0x28, 0x5f, 0xc8, 0x7f, 0xbf, 0xd2, 0x1f,
    0xd7, 0xff, 0xf4, 0x10, 0xbf, 0x90, 0xff, 0x51,
    0xf, 0xfe, 0x13, 0xff, 0xfd, 0x4, 0x2f, 0xe4,
    0x3f, 0xfa, 0x1f, 0xa5, 0xf7, 0xf5, 0xfc, 0x1c,
    0x86, 0xfe, 0x43, 0xff, 0xa0, 0x87, 0xfb, 0xf4,
    0x5f, 0x83, 0xfd, 0xfc, 0x87, 0xff, 0x69, 0xfc,
    0x97, 0xe0, 0xff, 0x7f, 0x21, 0xff, 0xda, 0xbf,
    0x2, 0xfc, 0x1f, 0xef, 0xff, 0xe9, 0x41, 0xff,
    0xc1, 0xfe, 0x5, 0xf8, 0x3f, 0xdf, 0xff, 0xd2,
    0x83, 0xff, 0x80, 0xfe, 0x41, 0x7e, 0xf, 0xf7,
    0xff, 0xf4, 0x90, 0xff, 0xe0, 0x5f, 0x82, 0xbf,
    0x7, 0xfb, 0xff, 0xfa, 0x48, 0x7f, 0xf0, 0x3f,
    0x82, 0xbf, 0x7, 0xff, 0x59, 0xfe, 0xf, 0xfe,
    0x3, 0xf9, 0xa, 0xfc, 0x1f, 0xfd, 0x7f, 0xe0,
    0xff, 0xe0, 0x7f, 0x6, 0xbf, 0x7, 0xff, 0x5f,
    0xf8, 0x3f, 0xe7, 0xf4, 0x1a, 0xfc, 0x1f, 0xfd,
    0x67, 0xf8, 0x3f, 0xef, 0xe4, 0x35, 0xf8, 0x3f,
    0xfa, 0xcf, 0xf0, 0x7f, 0x9f, 0xe0, 0xeb, 0xf0,
    0x7f, 0xf5, 0x9f, 0xe0, 0xff, 0x7f, 0x41, 0xd7,
    0xe0, 0xff, 0xeb, 0x3f, 0xc1, 0xfc, 0xff, 0x7,
    0xaf, 0xc1, 0xff, 0xd6, 0x7f, 0x83, 0xfb, 0xfa,
    0xf, 0x5f, 0x83, 0xa5, 0xff, 0xe5, 0xc1, 0xaf,
    0xd0, 0x7e, 0xbf, 0x83, 0xeb, 0xf0, 0x77, 0xff,
    0xf3, 0x43, 0x5f, 0xa0, 0xfd, 0xfe, 0xf, 0xaf,
    0xc1, 0xdf, 0xff, 0xcd, 0xd, 0x7e, 0x83, 0xef,
    0xf2, 0x1f, 0x5f, 0x83, 0xbf, 0xff, 0x9a, 0x1a,
    0xfd, 0x7, 0xaf, 0xe8, 0x3f, 0x5f, 0x83, 0xbf,
    0xff, 0x9a, 0x1a, 0xfc, 0x87, 0x3f, 0xe0, 0xfe,
    0xbf, 0x7, 0xff, 0x5b, 0xf9, 0xc, 0xff, 0xa0,
    0xfe, 0xbf, 0x7, 0xff, 0x5b, 0xf9, 0x9, 0xff,
    0x83, 0xfd, 0x7e, 0xf, 0xfe, 0xb7, 0xf0, 0x4f,
    0xfc, 0x1f, 0xf5, 0xf8, 0x3f, 0xfa, 0xdf, 0xc0,
    0x7f, 0xe4, 0x3f, 0xeb, 0xf0, 0x7f, 0xf5, 0xbf,
    0x82, 0xff, 0x41, 0xff, 0xc0, 0xfe, 0xf, 0xfe,
    0xab, 0xfc, 0x1b, 0xf8, 0x3f, 0xe7, 0xfc, 0x1f,
    0xfd, 0x5f, 0xf0, 0x67, 0xe0, 0xf7, 0xff, 0xf0,
    0x43, 0xff, 0x99, 0x5f, 0x7f, 0xe0, 0xef, 0x7,
    0xd7, 0xff, 0xf0, 0x3, 0xff, 0x99, 0x7f, 0xff,
    0x6, 0xf, 0x21, 0xfb, 0xff, 0xe4, 0x3f, 0xf9,
    0x8f, 0xff, 0xf0, 0x43, 0xff, 0x89, 0x7f, 0xf4,
    0x1f, 0xfc, 0xef, 0xff, 0xe0, 0x41, 0xff, 0xc4,
    0x7f, 0xd2, 0x1f, 0xfd, 0xb, 0xff, 0xc8, 0x7f,
    0xf1, 0xb9, 0x41, 0xff, 0xd4, 0x7f, 0xd2, 0x1f,
    0xfe, 0xe5, 0x7, 0xff, 0x4,

    /* U+9E2D "鸭" */
    0xf, 0xfe, 0xfc, 0xa0, 0xff, 0xfa, 0x7f, 0x41,
    0xff, 0xf0, 0x7f, 0x90, 0xff, 0xf8, 0x5f, 0xc1,
    0xff, 0xf1, 0xfe, 0x83, 0xff, 0xe3, 0xfc, 0x87,
    0xff, 0x1e, 0xbf, 0xfa, 0x8, 0x7f, 0xf0, 0x1f,
    0xe0, 0xff, 0xe4, 0x7f, 0xff, 0x41, 0xf, 0xfe,
    0x5, 0xfa, 0xf, 0xfe, 0x47, 0xff, 0xf4, 0x10,
    0xe7, 0xff, 0xfa, 0x1, 0xaf, 0xff, 0xe7, 0xa1,
    0xcf, 0xff, 0xf4, 0x3, 0x5f, 0xab, 0xdf, 0xd5,
    0xf7, 0xf2, 0x1c, 0xff, 0xff, 0x3e, 0xd, 0x7e,
    0xf, 0x5f, 0x90, 0xf7, 0xf0, 0x7d, 0xff, 0xfc,
    0xf8, 0x35, 0xf8, 0x3d, 0x7e, 0x43, 0xdf, 0xc1,
    0xf7, 0xf2, 0xff, 0xf1, 0x7f, 0x90, 0xd7, 0xe0,
    0xf5, 0xf9, 0xf, 0x7f, 0x7, 0xdf, 0xc1, 0xff,
    0xc5, 0xfe, 0x43, 0x5f, 0x83, 0xd7, 0xe4, 0x3d,
    0xfc, 0x1f, 0x7f, 0x7, 0xff, 0x17, 0xf8, 0x3a,
    0xfc, 0x1e, 0xbf, 0x21, 0xef, 0xe0, 0xfb, 0xf8,
    0x3c, 0xf8, 0x3e, 0x7f, 0x83, 0xaf, 0xc1, 0xeb,
    0xf2, 0x1e, 0xfe, 0xf, 0xbf, 0x83, 0x3f, 0x83,
    0xe7, 0xf8, 0x3a, 0xfc, 0x1e, 0xbf, 0x21, 0xef,
    0xe0, 0xfb, 0xf8, 0x37, 0xf4, 0x1e, 0x7f, 0x83,
    0xaf, 0xc1, 0xeb, 0xf2, 0x1e, 0xfe, 0xf, 0xbf,
    0x83, 0x5f, 0xc1, 0xe7, 0xf8, 0x3a, 0xfc, 0x1e,
    0xbf, 0x21, 0xef, 0xe0, 0xfb, 0xf8, 0x3b, 0xf9,
    0xe, 0xbf, 0x41, 0xd7, 0xe0, 0xf5, 0xf9, 0xf,
    0x7f, 0x7, 0xdf, 0xc1, 0xdf, 0xd0, 0x75, 0xfa,
    0xe, 0xbf, 0x7, 0xaf, 0xc8, 0x7b, 0xf8, 0x3e,
    0xfe, 0xe, 0x7f, 0x83, 0xaf, 0xc8, 0x75, 0xf8,
    0x3d, 0x7e, 0x43, 0xdf, 0xc1, 0xf7, 0xf0, 0x7b,
    0xf9, 0xd, 0x7e, 0x43, 0xaf, 0xcb, 0xeb, 0xf4,
    0xbe, 0xfe, 0xf, 0xbf, 0x83, 0xd7, 0xa4, 0x3b,
    0xf9, 0xe, 0xbf, 0xff, 0x9e, 0x1f, 0x7f, 0x7,
    0xc8, 0x7e, 0xfe, 0xf, 0x5f, 0xff, 0xcf, 0xf,
    0xbf, 0x83, 0xff, 0x89, 0xfc, 0x1e, 0xbf, 0xff,
    0x9e, 0x1f, 0x7f, 0x7, 0xff, 0xe, 0xfe, 0xf,
    0x5f, 0xff, 0xcf, 0xf, 0xbf, 0x83, 0xe7, 0xea,
    0xbf, 0xe0, 0xf5, 0xf8, 0x3d, 0x7e, 0x43, 0xdf,
    0xc1, 0xf7, 0xf0, 0x7e, 0xff, 0xfe, 0x4, 0x1e,
    0xbf, 0x7, 0xaf, 0xc8, 0x7b, 0xf8, 0x3e, 0xfe,
    0xf, 0xd7, 0xff, 0xc8, 0x7a, 0xfc, 0x1e, 0xbf,
    0x21, 0xef, 0xe0, 0xfb, 0xf8, 0x3f, 0xbf, 0xfe,
    0xf, 0xaf, 0xc1, 0xeb, 0xf2, 0x1e, 0xfe, 0xf,
    0xbf, 0x83, 0xfb, 0xff, 0xa0, 0xfd, 0x7e, 0xf,
    0x5f, 0x90, 0xf7, 0xf0, 0x7d, 0xfc, 0x1f, 0xd7,
    0xf9, 0xf, 0xf5, 0xf8, 0x3d, 0x7e, 0x43, 0xdf,
    0xc1, 0xf7, 0xf0, 0x7f, 0x32, 0x83, 0xff, 0x85,
    0x7e, 0xf, 0x5f, 0x90, 0xf7, 0xf0, 0x7d, 0xfc,
    0x1f, 0xfc, 0xfb, 0xf0, 0x7a, 0xfc, 0x87, 0xbf,
    0x83, 0xef, 0xe0, 0xff, 0xe7, 0xdf, 0x83, 0xd7,
    0xe4, 0x3d, 0xfc, 0x1f, 0x7f, 0x7, 0xff, 0x3e,
    0xfc, 0x1e, 0xbf, 0x21, 0xef, 0xe0, 0xfb, 0xff,
    0xfa, 0x65, 0xf8, 0x3d, 0x7e, 0x43, 0xdf, 0xc1,
    0xe7, 0xff, 0xfa, 0x65, 0xf8, 0x3d, 0x7e, 0x43,
    0xdf, 0xc1, 0xe7, 0xff, 0xfa, 0x51, 0x7e, 0x5f,
    0x5f, 0x97, 0xef, 0xe0, 0xf3, 0xff, 0xfd, 0x28,
    0xbf, 0xff, 0x9e, 0x1f, 0x2f, 0xff, 0x37, 0xf9,
    0x2f, 0xff, 0xe7, 0x87, 0xff, 0x53, 0xf9, 0x2f,
    0xff, 0xe7, 0xa1, 0xff, 0xd3, 0xfe, 0x4b, 0xff,
    0xf9, 0xe8, 0x7f, 0xf4, 0xff, 0x81, 0x7e, 0xf,
    0x5f, 0x90, 0xf7, 0xf2, 0x1f, 0xfd, 0x3f, 0xe0,
    0x5f, 0x83, 0xd7, 0xe4, 0x3d, 0xfc, 0x87, 0xff,
    0x49, 0xfe, 0x5, 0xf8, 0x3d, 0x7e, 0x43, 0xdf,
    0xc8, 0x7f, 0xf4, 0x9f, 0xe0, 0x7f, 0x7, 0xaf,
    0xc8, 0x7f, 0xf7, 0x9f, 0xe0, 0x7f, 0x7, 0xaf,
    0xc8, 0x7f, 0xf0, 0x7f, 0xd5, 0xff, 0xc0, 0xff,
    0x7, 0x5f, 0xc0, 0xae, 0xf, 0x5f, 0x90, 0xff,
    0xe0, 0xff, 0xff, 0x30, 0x3a, 0xfd, 0x7, 0xff,
    0x6, 0xfc, 0x87, 0xff, 0x7, 0xff, 0xf9, 0x81,
    0xd7, 0xe8, 0x3f, 0xf8, 0x37, 0xe4, 0x3f, 0xf8,
    0x3f, 0xff, 0xcc, 0xe, 0xbf, 0x41, 0xff, 0xc1,
    0xbf, 0x21, 0xff, 0xc1, 0xff, 0xfe, 0x60, 0x77,
    0xf2, 0x1f, 0xfc, 0x1b, 0xf2, 0x1f, 0xfd, 0xef,
    0xe4, 0x3f, 0xf8, 0x37, 0xe4, 0x3f, 0xfb, 0xdf,
    0xc8, 0x7f, 0xf0, 0x6f, 0xc8, 0x7f, 0xf7, 0xbf,
    0x83, 0xff, 0x85, 0x7e, 0x43, 0xff, 0xbd, 0xfc,
    0x1f, 0xfc, 0x2b, 0xf2, 0x1f, 0xfd, 0xd7, 0xf8,
    0x3f, 0xf8, 0x57, 0xe4, 0x3f, 0xfb, 0xb7, 0xf0,
    0x7f, 0xf0, 0xaf, 0xc8, 0x7f, 0xf7, 0x2f, 0xf0,
    0x7f, 0xf0, 0xaf, 0xc8, 0x7f, 0xf4, 0x9f, 0xff,
    0xe1, 0xc1, 0xff, 0xc2, 0xbf, 0x21, 0xff, 0xd3,
    0xff, 0xfe, 0x1a, 0x1f, 0xfc, 0x2b, 0xf2, 0x1f,
    0xfd, 0x37, 0xff, 0xf8, 0x41, 0xff, 0xc3, 0xbf,
    0x21, 0xff, 0xd4, 0xff, 0xfe, 0x8, 0x7f, 0xf1,
    0x3f, 0x90, 0xff, 0xea, 0x5f, 0xfe, 0x83, 0xff,
    0x8b, 0x5c, 0x87, 0xff, 0x51, 0xfe, 0xa2, 0x1f,
    0xfe, 0xf5, 0x7, 0xff, 0xc,

    /* U+9EC4 "黄" */
    0xf, 0xfe, 0x4b, 0xfc, 0x87, 0xff, 0xa, 0xfe,
    0xf, 0xfe, 0xeb, 0xfc, 0x87, 0xff, 0xa, 0xfe,
    0xf, 0xfe, 0xeb, 0xfc, 0x87, 0xff, 0xa, 0xfe,
    0xf, 0xfe, 0xeb, 0xfc, 0x1f, 0xfc, 0x3b, 0xf8,
    0x3f, 0xfb, 0xaf, 0xf0, 0x7f, 0xf0, 0xef, 0xe0,
    0xff, 0xee, 0xbf, 0xc1, 0xff, 0xc3, 0xbf, 0x83,
    0xff, 0x9d, 0x45, 0xff, 0xe0, 0xdf, 0xcb, 0xff,
    0xc3, 0xbf, 0x97, 0xff, 0x81, 0x50, 0x7f, 0xdf,
    0xff, 0xed, 0xf, 0xfb, 0xff, 0xfd, 0xa1, 0xff,
    0x7f, 0xff, 0xb4, 0x3f, 0xef, 0xff, 0xf6, 0x87,
    0xff, 0x39, 0xfe, 0xf, 0xfe, 0x1b, 0xfc, 0x1f,
    0xfd, 0xd7, 0xf8, 0x3f, 0xf8, 0x6f, 0xf0, 0x7f,
    0xf7, 0x5f, 0xe0, 0xff, 0xe1, 0xbf, 0xc1, 0xff,
    0xdd, 0x7f, 0x83, 0xff, 0x86, 0xff, 0x7, 0xff,
    0x75, 0xfe, 0xf, 0xfe, 0x1b, 0xfc, 0x1f, 0xfd,
    0xd7, 0xf8, 0x3f, 0xf8, 0x6f, 0xf0, 0x7f, 0xf7,
    0x5f, 0xe0, 0xff, 0xe1, 0xbf, 0xc1, 0xff, 0xc9,
    0xff, 0xff, 0xb2, 0x7f, 0xff, 0xd9, 0x3f, 0xff,
    0xec, 0x9f, 0xff, 0xf6, 0x49, 0x7f, 0xfa, 0x37,
    0xf2, 0xff, 0xf4, 0x60, 0xff, 0xea, 0x3f, 0xc1,
    0xff, 0xf2, 0x7f, 0x83, 0xff, 0xe4, 0xff, 0x7,
    0xff, 0xc9, 0xfe, 0xf, 0xfe, 0xeb, 0x5f, 0xfc,
    0x9f, 0xea, 0xff, 0xe4, 0x87, 0xff, 0x21, 0xff,
    0xff, 0x18, 0x7f, 0xf2, 0x1f, 0xff, 0xf1, 0x87,
    0xff, 0x21, 0xff, 0xff, 0x18, 0x7f, 0xf2, 0x1f,
    0xff, 0xf1, 0x87, 0xff, 0x21, 0xfe, 0xf, 0xfe,
    0x1b, 0xfc, 0x1f, 0xfc, 0x4f, 0xe0, 0xff, 0xe4,
    0x3f, 0xc1, 0xff, 0xc3, 0x7f, 0x83, 0xff, 0x89,
    0xfc, 0x1f, 0xfc, 0x87, 0xf8, 0x3f, 0xf8, 0x6f,
    0xf0, 0x7f, 0xf1, 0x3f, 0x83, 0xff, 0x90, 0xff,
    0x7, 0xff, 0xd, 0xfe, 0xf, 0xfe, 0x27, 0xf0,
    0x7f, 0xf2, 0x1f, 0xe0, 0xff, 0xe1, 0xbf, 0xc1,
    0xff, 0xc4, 0xfe, 0xf, 0xfe, 0x43, 0xff, 0xfe,
    0x30, 0xff, 0xe4, 0x3f, 0xff, 0xe3, 0xf, 0xfe,
    0x43, 0xff, 0xfe, 0x30, 0xff, 0xe4, 0x3f, 0xff,
    0xe3, 0xf, 0xfe, 0x43, 0xfc, 0xbf, 0xfc, 0x3b,
    0xf9, 0x7f, 0xf8, 0x9f, 0xc1, 0xff, 0xc8, 0x7f,
    0x83, 0xff, 0x86, 0xff, 0x7, 0xff, 0x13, 0xf8,
    0x3f, 0xf9, 0xf, 0xf0, 0x7f, 0xf0, 0xdf, 0xe0,
    0xff, 0xe2, 0x7f, 0x7, 0xff, 0x21, 0xfe, 0xf,
    0xfe, 0x1b, 0xfc, 0x1f, 0xfc, 0x4f, 0xe0, 0xff,
    0xe4, 0x3f, 0xc1, 0xff, 0xc3, 0x7f, 0x83, 0xff,
    0x89, 0xfc, 0x1f, 0xfc, 0x87, 0xf8, 0x3f, 0xf8,
    0x6f, 0xf0, 0x7f, 0xf1, 0x3f, 0x83, 0xff, 0x91,
    0x7f, 0xff, 0x8c, 0x3f, 0xf9, 0x17, 0xff, 0xf8,
    0xc3, 0xff, 0x91, 0x7f, 0xff, 0x8c, 0x3f, 0xf9,
    0x1f, 0xff, 0xe4, 0xf, 0xfe, 0x4a, 0xff, 0xde,
    0x5f, 0xfe, 0x4d, 0xcb, 0xfe, 0xf, 0xfe, 0x9f,
    0xe0, 0xff, 0xe4, 0x7d, 0x7, 0xff, 0x69, 0xff,
    0x21, 0xff, 0xc5, 0xbf, 0xa0, 0xff, 0xeb, 0xdf,
    0xfa, 0xf, 0xfe, 0x1b, 0xff, 0x90, 0xff, 0xe9,
    0xbf, 0xfd, 0x21, 0xff, 0xc3, 0xff, 0xf8, 0x3f,
    0xfa, 0x37, 0xff, 0x21, 0xff, 0xc6, 0x7f, 0xfd,
    0x7, 0xff, 0x35, 0xff, 0xe4, 0x3f, 0xf9, 0x4f,
    0xff, 0xa0, 0xff, 0xe4, 0xbf, 0xfc, 0x87, 0xff,
    0x39, 0xff, 0xf2, 0x1f, 0xfc, 0x57, 0xff, 0xa0,
    0xff, 0xe9, 0x3f, 0xfe, 0x43, 0xff, 0x82, 0xff,
    0xf9, 0xf, 0xfe, 0xad, 0xff, 0xe0, 0xff, 0x5f,
    0xfe, 0x43, 0xff, 0xb3, 0xff, 0xe8, 0x3e, 0xff,
    0xf4, 0x1f, 0xfd, 0xc7, 0xff, 0x83, 0xf7, 0xfe,
    0xf, 0xff, 0x5, 0xfe, 0xf, 0xf7, 0xf2, 0x1f,
    0xfe, 0x27, 0xf2, 0x1f, 0xf7, 0xa0, 0xff, 0xf3,
    0x5a, 0x1f, 0xff, 0xd0
};


/*---------------------
 *  GLYPH DESCRIPTION
 *--------------------*/

static const lv_font_fmt_txt_glyph_dsc_t glyph_dsc[] = {
    {.bitmap_index = 0, .adv_w = 0, .box_w = 0, .box_h = 0, .ofs_x = 0, .ofs_y = 0} /* id = 0 reserved */,
    {.bitmap_index = 0, .adv_w = 1152, .box_w = 66, .box_h = 8, .ofs_x = 3, .ofs_y = 23},
    {.bitmap_index = 30, .adv_w = 1152, .box_w = 67, .box_h = 62, .ofs_x = 2, .ofs_y = -5},
    {.bitmap_index = 402, .adv_w = 1152, .box_w = 64, .box_h = 55, .ofs_x = 4, .ofs_y = -3},
    {.bitmap_index = 575, .adv_w = 1152, .box_w = 66, .box_h = 61, .ofs_x = 3, .ofs_y = -4},
    {.bitmap_index = 842, .adv_w = 1152, .box_w = 64, .box_h = 59, .ofs_x = 4, .ofs_y = -5},
    {.bitmap_index = 1140, .adv_w = 1152, .box_w = 65, .box_h = 63, .ofs_x = 3, .ofs_y = -7},
    {.bitmap_index = 1539, .adv_w = 1152, .box_w = 66, .box_h = 61, .ofs_x = 3, .ofs_y = -4},
    {.bitmap_index = 2082, .adv_w = 1152, .box_w = 63, .box_h = 67, .ofs_x = 5, .ofs_y = -8},
    {.bitmap_index = 2543, .adv_w = 1152, .box_w = 63, .box_h = 62, .ofs_x = 5, .ofs_y = -6},
    {.bitmap_index = 3106, .adv_w = 1152, .box_w = 67, .box_h = 68, .ofs_x = 3, .ofs_y = -8},
    {.bitmap_index = 3506, .adv_w = 1152, .box_w = 56, .box_h = 66, .ofs_x = 8, .ofs_y = -7},
    {.bitmap_index = 3874, .adv_w = 1152, .box_w = 66, .box_h = 64, .ofs_x = 3, .ofs_y = -6},
    {.bitmap_index = 4329, .adv_w = 1152, .box_w = 63, .box_h = 66, .ofs_x = 3, .ofs_y = -7},
    {.bitmap_index = 4699, .adv_w = 1152, .box_w = 65, .box_h = 67, .ofs_x = 4, .ofs_y = -8},
    {.bitmap_index = 5184, .adv_w = 1152, .box_w = 61, .box_h = 66, .ofs_x = 5, .ofs_y = -7},
    {.bitmap_index = 5658, .adv_w = 1152, .box_w = 53, .box_h = 63, .ofs_x = 10, .ofs_y = -8},
    {.bitmap_index = 5925, .adv_w = 1152, .box_w = 65, .box_h = 48, .ofs_x = 3, .ofs_y = 0},
    {.bitmap_index = 6065, .adv_w = 1152, .box_w = 64, .box_h = 59, .ofs_x = 4, .ofs_y = -5},
    {.bitmap_index = 6388, .adv_w = 1152, .box_w = 64, .box_h = 55, .ofs_x = 4, .ofs_y = -3},
    {.bitmap_index = 6717, .adv_w = 1152, .box_w = 66, .box_h = 66, .ofs_x = 3, .ofs_y = -7},
    {.bitmap_index = 7097, .adv_w = 1152, .box_w = 66, .box_h = 69, .ofs_x = 3, .ofs_y = -9},
    {.bitmap_index = 7521, .adv_w = 1152, .box_w = 67, .box_h = 66, .ofs_x = 2, .ofs_y = -8},
    {.bitmap_index = 8109, .adv_w = 1152, .box_w = 66, .box_h = 66, .ofs_x = 3, .ofs_y = -7},
    {.bitmap_index = 8787, .adv_w = 1152, .box_w = 64, .box_h = 68, .ofs_x = 2, .ofs_y = -8},
    {.bitmap_index = 9426, .adv_w = 1152, .box_w = 65, .box_h = 66, .ofs_x = 4, .ofs_y = -8},
    {.bitmap_index = 9973, .adv_w = 1152, .box_w = 67, .box_h = 67, .ofs_x = 2, .ofs_y = -8},
    {.bitmap_index = 10416, .adv_w = 1152, .box_w = 67, .box_h = 68, .ofs_x = 2, .ofs_y = -8},
    {.bitmap_index = 10993, .adv_w = 1152, .box_w = 67, .box_h = 67, .ofs_x = 2, .ofs_y = -8},
    {.bitmap_index = 11661, .adv_w = 1152, .box_w = 68, .box_h = 63, .ofs_x = 2, .ofs_y = -6},
    {.bitmap_index = 12171, .adv_w = 1152, .box_w = 66, .box_h = 66, .ofs_x = 3, .ofs_y = -8},
    {.bitmap_index = 12664, .adv_w = 1152, .box_w = 67, .box_h = 62, .ofs_x = 2, .ofs_y = -6},
    {.bitmap_index = 13121, .adv_w = 1152, .box_w = 64, .box_h = 64, .ofs_x = 4, .ofs_y = -6},
    {.bitmap_index = 13470, .adv_w = 1152, .box_w = 63, .box_h = 65, .ofs_x = 5, .ofs_y = -7},
    {.bitmap_index = 13875, .adv_w = 1152, .box_w = 59, .box_h = 66, .ofs_x = 7, .ofs_y = -7},
    {.bitmap_index = 14357, .adv_w = 1152, .box_w = 61, .box_h = 61, .ofs_x = 6, .ofs_y = -7},
    {.bitmap_index = 14662, .adv_w = 1152, .box_w = 67, .box_h = 67, .ofs_x = 3, .ofs_y = -7},
    {.bitmap_index = 15127, .adv_w = 1152, .box_w = 67, .box_h = 67, .ofs_x = 2, .ofs_y = -8},
    {.bitmap_index = 15752, .adv_w = 1152, .box_w = 68, .box_h = 63, .ofs_x = 2, .ofs_y = -8},
    {.bitmap_index = 16252, .adv_w = 1152, .box_w = 63, .box_h = 59, .ofs_x = 2, .ofs_y = -7},
    {.bitmap_index = 16708, .adv_w = 1152, .box_w = 62, .box_h = 67, .ofs_x = 4, .ofs_y = -8},
    {.bitmap_index = 17157, .adv_w = 1152, .box_w = 62, .box_h = 64, .ofs_x = 3, .ofs_y = -7},
    {.bitmap_index = 17810, .adv_w = 1152, .box_w = 68, .box_h = 66, .ofs_x = 2, .ofs_y = -6},
    {.bitmap_index = 18333, .adv_w = 1152, .box_w = 67, .box_h = 63, .ofs_x = 3, .ofs_y = -6},
    {.bitmap_index = 18860, .adv_w = 1152, .box_w = 64, .box_h = 64, .ofs_x = 5, .ofs_y = -6},
    {.bitmap_index = 19335, .adv_w = 1152, .box_w = 66, .box_h = 64, .ofs_x = 3, .ofs_y = -6},
    {.bitmap_index = 19591, .adv_w = 1152, .box_w = 68, .box_h = 64, .ofs_x = 2, .ofs_y = -6},
    {.bitmap_index = 20105, .adv_w = 1152, .box_w = 64, .box_h = 66, .ofs_x = 4, .ofs_y = -7},
    {.bitmap_index = 20432, .adv_w = 1152, .box_w = 64, .box_h = 67, .ofs_x = 4, .ofs_y = -7},
    {.bitmap_index = 20965, .adv_w = 1152, .box_w = 67, .box_h = 59, .ofs_x = 2, .ofs_y = -5},
    {.bitmap_index = 21336, .adv_w = 1152, .box_w = 66, .box_h = 62, .ofs_x = 2, .ofs_y = -8},
    {.bitmap_index = 21590, .adv_w = 1152, .box_w = 64, .box_h = 64, .ofs_x = 3, .ofs_y = -8},
    {.bitmap_index = 22168, .adv_w = 1152, .box_w = 68, .box_h = 66, .ofs_x = 2, .ofs_y = -7},
    {.bitmap_index = 22552, .adv_w = 1152, .box_w = 68, .box_h = 66, .ofs_x = 2, .ofs_y = -7},
    {.bitmap_index = 23077, .adv_w = 1152, .box_w = 67, .box_h = 62, .ofs_x = 3, .ofs_y = -8},
    {.bitmap_index = 23721, .adv_w = 1152, .box_w = 64, .box_h = 65, .ofs_x = 3, .ofs_y = -8},
    {.bitmap_index = 24241, .adv_w = 1152, .box_w = 50, .box_h = 54, .ofs_x = 11, .ofs_y = -5},
    {.bitmap_index = 24500, .adv_w = 1152, .box_w = 64, .box_h = 68, .ofs_x = 2, .ofs_y = -8},
    {.bitmap_index = 25015, .adv_w = 1152, .box_w = 65, .box_h = 62, .ofs_x = 3, .ofs_y = -8},
    {.bitmap_index = 25452, .adv_w = 1152, .box_w = 67, .box_h = 65, .ofs_x = 3, .ofs_y = -7},
    {.bitmap_index = 26000, .adv_w = 1152, .box_w = 59, .box_h = 68, .ofs_x = 3, .ofs_y = -8},
    {.bitmap_index = 26457, .adv_w = 1152, .box_w = 66, .box_h = 65, .ofs_x = 2, .ofs_y = -7},
    {.bitmap_index = 26906, .adv_w = 1152, .box_w = 58, .box_h = 65, .ofs_x = 8, .ofs_y = -6},
    {.bitmap_index = 27331, .adv_w = 1152, .box_w = 64, .box_h = 64, .ofs_x = 4, .ofs_y = -8},
    {.bitmap_index = 27760, .adv_w = 1152, .box_w = 58, .box_h = 60, .ofs_x = 7, .ofs_y = -6},
    {.bitmap_index = 28254, .adv_w = 1152, .box_w = 59, .box_h = 64, .ofs_x = 7, .ofs_y = -8},
    {.bitmap_index = 28722, .adv_w = 1152, .box_w = 68, .box_h = 61, .ofs_x = 2, .ofs_y = -4},
    {.bitmap_index = 28987, .adv_w = 1152, .box_w = 66, .box_h = 67, .ofs_x = 2, .ofs_y = -8},
    {.bitmap_index = 29463, .adv_w = 1152, .box_w = 68, .box_h = 64, .ofs_x = 2, .ofs_y = -5},
    {.bitmap_index = 30142, .adv_w = 1152, .box_w = 64, .box_h = 63, .ofs_x = 4, .ofs_y = -5},
    {.bitmap_index = 30626, .adv_w = 1152, .box_w = 65, .box_h = 67, .ofs_x = 2, .ofs_y = -8},
    {.bitmap_index = 31022, .adv_w = 1152, .box_w = 66, .box_h = 66, .ofs_x = 4, .ofs_y = -8},
    {.bitmap_index = 31478, .adv_w = 1152, .box_w = 67, .box_h = 64, .ofs_x = 2, .ofs_y = -6},
    {.bitmap_index = 32074, .adv_w = 1152, .box_w = 61, .box_h = 67, .ofs_x = 6, .ofs_y = -8},
    {.bitmap_index = 32561, .adv_w = 1152, .box_w = 68, .box_h = 68, .ofs_x = 2, .ofs_y = -8},
    {.bitmap_index = 33168, .adv_w = 1152, .box_w = 66, .box_h = 65, .ofs_x = 2, .ofs_y = -7},
    {.bitmap_index = 33549, .adv_w = 1152, .box_w = 68, .box_h = 63, .ofs_x = 2, .ofs_y = -7},
    {.bitmap_index = 33928, .adv_w = 1152, .box_w = 65, .box_h = 68, .ofs_x = 4, .ofs_y = -9},
    {.bitmap_index = 34378, .adv_w = 1152, .box_w = 62, .box_h = 67, .ofs_x = 5, .ofs_y = -8},
    {.bitmap_index = 34805, .adv_w = 1152, .box_w = 66, .box_h = 66, .ofs_x = 2, .ofs_y = -8},
    {.bitmap_index = 35434, .adv_w = 1152, .box_w = 68, .box_h = 68, .ofs_x = 2, .ofs_y = -8},
    {.bitmap_index = 36050, .adv_w = 1152, .box_w = 66, .box_h = 62, .ofs_x = 3, .ofs_y = -7},
    {.bitmap_index = 36322, .adv_w = 1152, .box_w = 64, .box_h = 68, .ofs_x = 5, .ofs_y = -8},
    {.bitmap_index = 36640, .adv_w = 1152, .box_w = 62, .box_h = 68, .ofs_x = 5, .ofs_y = -8},
    {.bitmap_index = 37044, .adv_w = 1152, .box_w = 64, .box_h = 65, .ofs_x = 4, .ofs_y = -5},
    {.bitmap_index = 37381, .adv_w = 1152, .box_w = 67, .box_h = 68, .ofs_x = 3, .ofs_y = -8},
    {.bitmap_index = 37962, .adv_w = 1152, .box_w = 68, .box_h = 66, .ofs_x = 2, .ofs_y = -8},
    {.bitmap_index = 38557, .adv_w = 1152, .box_w = 62, .box_h = 65, .ofs_x = 5, .ofs_y = -7},
    {.bitmap_index = 39030, .adv_w = 1152, .box_w = 65, .box_h = 65, .ofs_x = 3, .ofs_y = -7},
    {.bitmap_index = 39501, .adv_w = 1152, .box_w = 67, .box_h = 68, .ofs_x = 3, .ofs_y = -8},
    {.bitmap_index = 39996, .adv_w = 1152, .box_w = 67, .box_h = 65, .ofs_x = 2, .ofs_y = -6},
    {.bitmap_index = 40412, .adv_w = 1152, .box_w = 68, .box_h = 68, .ofs_x = 2, .ofs_y = -8},
    {.bitmap_index = 41111, .adv_w = 1152, .box_w = 67, .box_h = 64, .ofs_x = 2, .ofs_y = -8},
    {.bitmap_index = 41604, .adv_w = 1152, .box_w = 58, .box_h = 64, .ofs_x = 7, .ofs_y = -6},
    {.bitmap_index = 42056, .adv_w = 1152, .box_w = 59, .box_h = 64, .ofs_x = 4, .ofs_y = -7},
    {.bitmap_index = 42710, .adv_w = 1152, .box_w = 67, .box_h = 56, .ofs_x = 3, .ofs_y = -3},
    {.bitmap_index = 42948, .adv_w = 1152, .box_w = 67, .box_h = 66, .ofs_x = 2, .ofs_y = -8},
    {.bitmap_index = 43635, .adv_w = 1152, .box_w = 66, .box_h = 68, .ofs_x = 3, .ofs_y = -8},
    {.bitmap_index = 44029, .adv_w = 1152, .box_w = 65, .box_h = 63, .ofs_x = 4, .ofs_y = -7},
    {.bitmap_index = 44492, .adv_w = 1152, .box_w = 64, .box_h = 68, .ofs_x = 3, .ofs_y = -8},
    {.bitmap_index = 45023, .adv_w = 1152, .box_w = 68, .box_h = 67, .ofs_x = 2, .ofs_y = -8},
    {.bitmap_index = 45450, .adv_w = 1152, .box_w = 67, .box_h = 65, .ofs_x = 3, .ofs_y = -5},
    {.bitmap_index = 45903, .adv_w = 1152, .box_w = 68, .box_h = 67, .ofs_x = 2, .ofs_y = -8},
    {.bitmap_index = 46566, .adv_w = 1152, .box_w = 67, .box_h = 66, .ofs_x = 3, .ofs_y = -8},
    {.bitmap_index = 47215, .adv_w = 1152, .box_w = 65, .box_h = 64, .ofs_x = 4, .ofs_y = -7},
    {.bitmap_index = 47510, .adv_w = 1152, .box_w = 66, .box_h = 67, .ofs_x = 3, .ofs_y = -8},
    {.bitmap_index = 48080, .adv_w = 1152, .box_w = 65, .box_h = 66, .ofs_x = 3, .ofs_y = -8},
    {.bitmap_index = 48779, .adv_w = 1152, .box_w = 66, .box_h = 68, .ofs_x = 3, .ofs_y = -8},
    {.bitmap_index = 49205, .adv_w = 1152, .box_w = 67, .box_h = 68, .ofs_x = 2, .ofs_y = -8},
    {.bitmap_index = 49899, .adv_w = 1152, .box_w = 47, .box_h = 64, .ofs_x = 14, .ofs_y = -7},
    {.bitmap_index = 50208, .adv_w = 1152, .box_w = 64, .box_h = 65, .ofs_x = 4, .ofs_y = -8},
    {.bitmap_index = 50541, .adv_w = 1152, .box_w = 59, .box_h = 64, .ofs_x = 6, .ofs_y = -8},
    {.bitmap_index = 51144, .adv_w = 1152, .box_w = 66, .box_h = 64, .ofs_x = 2, .ofs_y = -8},
    {.bitmap_index = 51539, .adv_w = 1152, .box_w = 66, .box_h = 66, .ofs_x = 3, .ofs_y = -7},
    {.bitmap_index = 51959, .adv_w = 1152, .box_w = 61, .box_h = 66, .ofs_x = 5, .ofs_y = -7},
    {.bitmap_index = 52516, .adv_w = 1152, .box_w = 66, .box_h = 65, .ofs_x = 4, .ofs_y = -8},
    {.bitmap_index = 52944, .adv_w = 1152, .box_w = 65, .box_h = 68, .ofs_x = 5, .ofs_y = -8},
    {.bitmap_index = 53616, .adv_w = 1152, .box_w = 55, .box_h = 62, .ofs_x = 4, .ofs_y = -7},
    {.bitmap_index = 54012, .adv_w = 1152, .box_w = 65, .box_h = 65, .ofs_x = 2, .ofs_y = -7},
    {.bitmap_index = 54726, .adv_w = 1152, .box_w = 68, .box_h = 66, .ofs_x = 2, .ofs_y = -7},
    {.bitmap_index = 55200, .adv_w = 1152, .box_w = 66, .box_h = 66, .ofs_x = 3, .ofs_y = -7},
    {.bitmap_index = 55649, .adv_w = 1152, .box_w = 67, .box_h = 68, .ofs_x = 3, .ofs_y = -8},
    {.bitmap_index = 56185, .adv_w = 1152, .box_w = 66, .box_h = 64, .ofs_x = 3, .ofs_y = -6},
    {.bitmap_index = 56677, .adv_w = 1152, .box_w = 68, .box_h = 65, .ofs_x = 2, .ofs_y = -6},
    {.bitmap_index = 57319, .adv_w = 1152, .box_w = 64, .box_h = 63, .ofs_x = 4, .ofs_y = -6},
    {.bitmap_index = 57845, .adv_w = 1152, .box_w = 66, .box_h = 66, .ofs_x = 2, .ofs_y = -7},
    {.bitmap_index = 58605, .adv_w = 1152, .box_w = 67, .box_h = 66, .ofs_x = 2, .ofs_y = -8},
    {.bitmap_index = 59338, .adv_w = 1152, .box_w = 69, .box_h = 68, .ofs_x = 2, .ofs_y = -8},
    {.bitmap_index = 60027, .adv_w = 1152, .box_w = 67, .box_h = 64, .ofs_x = 2, .ofs_y = -6},
    {.bitmap_index = 60799, .adv_w = 1152, .box_w = 65, .box_h = 66, .ofs_x = 4, .ofs_y = -7},
    {.bitmap_index = 61240, .adv_w = 1152, .box_w = 68, .box_h = 66, .ofs_x = 2, .ofs_y = -7},
    {.bitmap_index = 61932, .adv_w = 1152, .box_w = 67, .box_h = 66, .ofs_x = 2, .ofs_y = -7},
    {.bitmap_index = 62648, .adv_w = 1152, .box_w = 66, .box_h = 64, .ofs_x = 3, .ofs_y = -6},
    {.bitmap_index = 63243, .adv_w = 1152, .box_w = 67, .box_h = 66, .ofs_x = 3, .ofs_y = -7},
    {.bitmap_index = 63894, .adv_w = 1152, .box_w = 63, .box_h = 57, .ofs_x = 4, .ofs_y = -4},
    {.bitmap_index = 64258, .adv_w = 1152, .box_w = 64, .box_h = 66, .ofs_x = 5, .ofs_y = -8},
    {.bitmap_index = 64730, .adv_w = 1152, .box_w = 65, .box_h = 68, .ofs_x = 4, .ofs_y = -8},
    {.bitmap_index = 65063, .adv_w = 1152, .box_w = 68, .box_h = 67, .ofs_x = 2, .ofs_y = -8},
    {.bitmap_index = 65595, .adv_w = 1152, .box_w = 67, .box_h = 65, .ofs_x = 2, .ofs_y = -8},
    {.bitmap_index = 66024, .adv_w = 1152, .box_w = 65, .box_h = 65, .ofs_x = 4, .ofs_y = -7},
    {.bitmap_index = 66635, .adv_w = 1152, .box_w = 67, .box_h = 68, .ofs_x = 3, .ofs_y = -8},
    {.bitmap_index = 67286, .adv_w = 1152, .box_w = 65, .box_h = 67, .ofs_x = 3, .ofs_y = -8},
    {.bitmap_index = 67823, .adv_w = 1152, .box_w = 67, .box_h = 68, .ofs_x = 3, .ofs_y = -8},
    {.bitmap_index = 68355, .adv_w = 1152, .box_w = 68, .box_h = 65, .ofs_x = 2, .ofs_y = -7},
    {.bitmap_index = 68907, .adv_w = 1152, .box_w = 63, .box_h = 66, .ofs_x = 3, .ofs_y = -7},
    {.bitmap_index = 69353, .adv_w = 1152, .box_w = 64, .box_h = 63, .ofs_x = 4, .ofs_y = -7},
    {.bitmap_index = 69785, .adv_w = 1152, .box_w = 64, .box_h = 57, .ofs_x = 4, .ofs_y = -4},
    {.bitmap_index = 70026, .adv_w = 1152, .box_w = 67, .box_h = 64, .ofs_x = 2, .ofs_y = -7},
    {.bitmap_index = 70678, .adv_w = 1152, .box_w = 68, .box_h = 66, .ofs_x = 2, .ofs_y = -8},
    {.bitmap_index = 71332, .adv_w = 1152, .box_w = 65, .box_h = 63, .ofs_x = 2, .ofs_y = -4},
    {.bitmap_index = 71695, .adv_w = 1152, .box_w = 59, .box_h = 62, .ofs_x = 3, .ofs_y = -6},
    {.bitmap_index = 72241, .adv_w = 1152, .box_w = 56, .box_h = 61, .ofs_x = 8, .ofs_y = -7},
    {.bitmap_index = 72670, .adv_w = 1152, .box_w = 62, .box_h = 64, .ofs_x = 3, .ofs_y = -8},
    {.bitmap_index = 73147, .adv_w = 1152, .box_w = 61, .box_h = 62, .ofs_x = 6, .ofs_y = -7},
    {.bitmap_index = 73587, .adv_w = 1152, .box_w = 53, .box_h = 67, .ofs_x = 10, .ofs_y = -7},
    {.bitmap_index = 73886, .adv_w = 1152, .box_w = 60, .box_h = 66, .ofs_x = 6, .ofs_y = -7},
    {.bitmap_index = 74515, .adv_w = 1152, .box_w = 66, .box_h = 69, .ofs_x = 2, .ofs_y = -9},
    {.bitmap_index = 75105, .adv_w = 1152, .box_w = 50, .box_h = 63, .ofs_x = 11, .ofs_y = -7},
    {.bitmap_index = 75409, .adv_w = 1152, .box_w = 66, .box_h = 67, .ofs_x = 3, .ofs_y = -8},
    {.bitmap_index = 75838, .adv_w = 1152, .box_w = 68, .box_h = 66, .ofs_x = 2, .ofs_y = -8},
    {.bitmap_index = 76297, .adv_w = 1152, .box_w = 68, .box_h = 68, .ofs_x = 2, .ofs_y = -8},
    {.bitmap_index = 77036, .adv_w = 1152, .box_w = 69, .box_h = 66, .ofs_x = 2, .ofs_y = -8},
    {.bitmap_index = 77716, .adv_w = 1152, .box_w = 65, .box_h = 63, .ofs_x = 4, .ofs_y = -4},
    {.bitmap_index = 78086, .adv_w = 1152, .box_w = 65, .box_h = 66, .ofs_x = 3, .ofs_y = -7},
    {.bitmap_index = 78665, .adv_w = 1152, .box_w = 67, .box_h = 67, .ofs_x = 2, .ofs_y = -8},
    {.bitmap_index = 79271, .adv_w = 1152, .box_w = 67, .box_h = 66, .ofs_x = 3, .ofs_y = -6},
    {.bitmap_index = 79779, .adv_w = 1152, .box_w = 65, .box_h = 63, .ofs_x = 3, .ofs_y = -5},
    {.bitmap_index = 80294, .adv_w = 1152, .box_w = 67, .box_h = 66, .ofs_x = 3, .ofs_y = -8},
    {.bitmap_index = 81014, .adv_w = 1152, .box_w = 66, .box_h = 65, .ofs_x = 4, .ofs_y = -7},
    {.bitmap_index = 81681, .adv_w = 1152, .box_w = 67, .box_h = 67, .ofs_x = 2, .ofs_y = -8},
    {.bitmap_index = 82300, .adv_w = 1152, .box_w = 63, .box_h = 68, .ofs_x = 5, .ofs_y = -8},
    {.bitmap_index = 82705, .adv_w = 1152, .box_w = 66, .box_h = 65, .ofs_x = 2, .ofs_y = -7},
    {.bitmap_index = 83188, .adv_w = 1152, .box_w = 64, .box_h = 62, .ofs_x = 4, .ofs_y = -8},
    {.bitmap_index = 83582, .adv_w = 1152, .box_w = 50, .box_h = 65, .ofs_x = 11, .ofs_y = -6},
    {.bitmap_index = 83884, .adv_w = 1152, .box_w = 68, .box_h = 67, .ofs_x = 2, .ofs_y = -7},
    {.bitmap_index = 84629, .adv_w = 1152, .box_w = 64, .box_h = 65, .ofs_x = 3, .ofs_y = -6},
    {.bitmap_index = 85081, .adv_w = 1152, .box_w = 66, .box_h = 66, .ofs_x = 3, .ofs_y = -7},
    {.bitmap_index = 85668, .adv_w = 1152, .box_w = 67, .box_h = 66, .ofs_x = 3, .ofs_y = -8},
    {.bitmap_index = 86066, .adv_w = 1152, .box_w = 65, .box_h = 64, .ofs_x = 4, .ofs_y = -6},
    {.bitmap_index = 86585, .adv_w = 1152, .box_w = 67, .box_h = 66, .ofs_x = 3, .ofs_y = -7},
    {.bitmap_index = 87122, .adv_w = 1152, .box_w = 68, .box_h = 66, .ofs_x = 2, .ofs_y = -6},
    {.bitmap_index = 87685, .adv_w = 1152, .box_w = 67, .box_h = 66, .ofs_x = 3, .ofs_y = -7},
    {.bitmap_index = 88189, .adv_w = 1152, .box_w = 68, .box_h = 66, .ofs_x = 2, .ofs_y = -6},
    {.bitmap_index = 88814, .adv_w = 1152, .box_w = 68, .box_h = 68, .ofs_x = 2, .ofs_y = -8},
    {.bitmap_index = 89311, .adv_w = 1152, .box_w = 62, .box_h = 61, .ofs_x = 5, .ofs_y = -7},
    {.bitmap_index = 89819, .adv_w = 1152, .box_w = 65, .box_h = 67, .ofs_x = 3, .ofs_y = -7},
    {.bitmap_index = 90396, .adv_w = 1152, .box_w = 68, .box_h = 67, .ofs_x = 2, .ofs_y = -8},
    {.bitmap_index = 90975, .adv_w = 1152, .box_w = 66, .box_h = 67, .ofs_x = 4, .ofs_y = -8},
    {.bitmap_index = 91635, .adv_w = 1152, .box_w = 66, .box_h = 67, .ofs_x = 3, .ofs_y = -8},
    {.bitmap_index = 92230, .adv_w = 1152, .box_w = 68, .box_h = 66, .ofs_x = 2, .ofs_y = -8},
    {.bitmap_index = 92867, .adv_w = 1152, .box_w = 63, .box_h = 64, .ofs_x = 5, .ofs_y = -8},
    {.bitmap_index = 93451, .adv_w = 1152, .box_w = 68, .box_h = 66, .ofs_x = 2, .ofs_y = -7},
    {.bitmap_index = 94025, .adv_w = 1152, .box_w = 65, .box_h = 65, .ofs_x = 4, .ofs_y = -8},
    {.bitmap_index = 94490, .adv_w = 1152, .box_w = 67, .box_h = 65, .ofs_x = 3, .ofs_y = -6},
    {.bitmap_index = 95181, .adv_w = 1152, .box_w = 66, .box_h = 67, .ofs_x = 3, .ofs_y = -7},
    {.bitmap_index = 95516, .adv_w = 1152, .box_w = 65, .box_h = 65, .ofs_x = 3, .ofs_y = -6},
    {.bitmap_index = 96072, .adv_w = 1152, .box_w = 67, .box_h = 66, .ofs_x = 2, .ofs_y = -8},
    {.bitmap_index = 96619, .adv_w = 1152, .box_w = 67, .box_h = 66, .ofs_x = 3, .ofs_y = -6},
    {.bitmap_index = 97089, .adv_w = 1152, .box_w = 60, .box_h = 66, .ofs_x = 6, .ofs_y = -6},
    {.bitmap_index = 97464, .adv_w = 1152, .box_w = 60, .box_h = 68, .ofs_x = 6, .ofs_y = -8},
    {.bitmap_index = 98011, .adv_w = 1152, .box_w = 65, .box_h = 68, .ofs_x = 5, .ofs_y = -8},
    {.bitmap_index = 98639, .adv_w = 1152, .box_w = 63, .box_h = 62, .ofs_x = 5, .ofs_y = -6},
    {.bitmap_index = 99187, .adv_w = 1152, .box_w = 62, .box_h = 64, .ofs_x = 5, .ofs_y = -7},
    {.bitmap_index = 99542, .adv_w = 1152, .box_w = 64, .box_h = 67, .ofs_x = 4, .ofs_y = -8},
    {.bitmap_index = 99929, .adv_w = 1152, .box_w = 67, .box_h = 64, .ofs_x = 3, .ofs_y = -8},
    {.bitmap_index = 100557, .adv_w = 1152, .box_w = 64, .box_h = 61, .ofs_x = 5, .ofs_y = -6},
    {.bitmap_index = 100918, .adv_w = 1152, .box_w = 60, .box_h = 62, .ofs_x = 5, .ofs_y = -7},
    {.bitmap_index = 101278, .adv_w = 1152, .box_w = 66, .box_h = 64, .ofs_x = 3, .ofs_y = -5},
    {.bitmap_index = 101727, .adv_w = 1152, .box_w = 65, .box_h = 68, .ofs_x = 3, .ofs_y = -8},
    {.bitmap_index = 102144, .adv_w = 1152, .box_w = 67, .box_h = 68, .ofs_x = 2, .ofs_y = -8},
    {.bitmap_index = 102715, .adv_w = 1152, .box_w = 66, .box_h = 68, .ofs_x = 3, .ofs_y = -8},
    {.bitmap_index = 103368, .adv_w = 1152, .box_w = 67, .box_h = 68, .ofs_x = 3, .ofs_y = -8},
    {.bitmap_index = 104045, .adv_w = 1152, .box_w = 68, .box_h = 67, .ofs_x = 2, .ofs_y = -8}
};

/*---------------------
 *  CHARACTER MAPPING
 *--------------------*/

static const uint16_t unicode_list_0[] = {
    0x0, 0x3, 0x9, 0xa, 0xb, 0xd, 0x1a, 0x1c,
    0x24, 0x2a, 0x2d, 0x48, 0x4c, 0x5d, 0x66, 0x86,
    0x8c, 0x91, 0x94, 0xba, 0xca, 0xce, 0xd6, 0xec,
    0x117, 0x11a, 0x15c, 0x160, 0x33f, 0x348, 0x36b, 0x36d,
    0x373, 0x385, 0x399, 0x3ac, 0x3b0, 0x3e0, 0x400, 0x49b,
    0x4a0, 0x505, 0x517, 0x53b, 0x541, 0x547, 0x548, 0x557,
    0x56b, 0x582, 0x59f, 0x5bb, 0x5c2, 0x5cc, 0x5cd, 0x5e3,
    0x5e5, 0x5ef, 0x5f6, 0x60d, 0x60e, 0x611, 0x6e5, 0x8db,
    0x8fd, 0x91f, 0x928, 0x930, 0x950, 0xaf0, 0xb0f, 0xb16,
    0xb1a, 0xb1c, 0xb27, 0xb29, 0xb34, 0xb73, 0xb88, 0xbd3,
    0xd50, 0xd57, 0xd66, 0xd9d, 0xdb6, 0xdf9, 0xe0f, 0xe11,
    0xe16, 0xe18, 0xe31, 0xe3a, 0xe71, 0xfdd, 0xfe5, 0x1008,
    0x1074, 0x1100, 0x111f, 0x112f, 0x11c3, 0x140f, 0x1411, 0x144b,
    0x1453, 0x1770, 0x1787, 0x17d7, 0x17e5, 0x17e9, 0x180e, 0x181f,
    0x1825, 0x1828, 0x182f, 0x185a, 0x1908, 0x191f, 0x1928, 0x192c,
    0x1961, 0x1965, 0x1997, 0x199c, 0x19f3, 0x1a11, 0x1a21, 0x1a43,
    0x1a4c, 0x1a65, 0x1acb, 0x1aee, 0x1d4c, 0x1d63, 0x1d65, 0x1e14,
    0x1e34, 0x1e5f, 0x1ea1, 0x1f41, 0x2005, 0x226b, 0x2438, 0x2447,
    0x2459, 0x258b, 0x25ed, 0x26dc, 0x271f, 0x2728, 0x2730, 0x2737,
    0x273b, 0x287d, 0x2884, 0x28ae, 0x28ee, 0x2940, 0x2bbe, 0x2bcb,
    0x2bef, 0x2ccb, 0x2cd9, 0x2cf9, 0x2d14, 0x30a2, 0x30a7, 0x30b8,
    0x30ff, 0x318e, 0x3201, 0x3233, 0x33ea, 0x3439, 0x3472, 0x34b1,
    0x3549, 0x35b2, 0x35dc, 0x36dd, 0x386b, 0x38d9, 0x3a4c, 0x3b7f,
    0x3dcd, 0x3ded, 0x3df4, 0x3dfb, 0x3dfe, 0x3f1d, 0x3f77, 0x3fb3,
    0x3fef, 0x4166, 0x41d9, 0x43c7, 0x43d1, 0x47e8, 0x47f4, 0x4862,
    0x48e8, 0x48ea, 0x4952, 0x4ace, 0x4ade, 0x4c6c, 0x4e7c, 0x501f,
    0x5021, 0x5026, 0x502d, 0x50c4
};

/*Collect the unicode lists and glyph_id offsets*/
static const lv_font_fmt_txt_cmap_t cmaps[] =
{
    {
        .range_start = 19968, .range_length = 20677, .glyph_id_start = 1,
        .unicode_list = unicode_list_0, .glyph_id_ofs_list = NULL, .list_length = 212, .type = LV_FONT_FMT_TXT_CMAP_SPARSE_TINY
    }
};



/*--------------------
 *  ALL CUSTOM DATA
 *--------------------*/

#if LVGL_VERSION_MAJOR == 8
/*Store all the custom data of the font*/
static  lv_font_fmt_txt_glyph_cache_t cache;
#endif

#if LVGL_VERSION_MAJOR >= 8
static const lv_font_fmt_txt_dsc_t font_dsc = {
#else
static lv_font_fmt_txt_dsc_t font_dsc = {
#endif
    .glyph_bitmap = glyph_bitmap,
    .glyph_dsc = glyph_dsc,
    .cmaps = cmaps,
    .kern_dsc = NULL,
    .kern_scale = 0,
    .cmap_num = 1,
    .bpp = 2,
    .kern_classes = 0,
    .bitmap_format = 2,
#if LVGL_VERSION_MAJOR == 8
    .cache = &cache
#endif
};



/*-----------------
 *  PUBLIC FONT
 *----------------*/

/*Initialize a public general font descriptor*/
#if LVGL_VERSION_MAJOR >= 8
const lv_font_t sz_big = {
#else
lv_font_t sz_big = {
#endif
    .get_glyph_dsc = lv_font_get_glyph_dsc_fmt_txt,    /*Function pointer to get glyph's data*/
    .get_glyph_bitmap = lv_font_get_bitmap_fmt_txt,    /*Function pointer to get glyph's bitmap*/
    .line_height = 69,          /*The maximum line height required by the font*/
    .base_line = 9,             /*Baseline measured from the bottom of the line*/
#if !(LVGL_VERSION_MAJOR == 6 && LVGL_VERSION_MINOR == 0)
    .subpx = LV_FONT_SUBPX_NONE,
#endif
#if LV_VERSION_CHECK(7, 4, 0) || LVGL_VERSION_MAJOR >= 8
    .underline_position = -6,
    .underline_thickness = 3,
#endif
    .dsc = &font_dsc,          /*The custom font data. Will be accessed by `get_glyph_bitmap/dsc` */
#if LV_VERSION_CHECK(8, 2, 0) || LVGL_VERSION_MAJOR >= 9
    .fallback = NULL,
#endif
    .user_data = NULL,
};



#endif /*#if SZ_BIG*/

